{
  "image_filename": "CLEVR_new_000455.png",
  "relationships": {
    "front": [
      [
        1,
        2,
        3,
        4,
        5,
        6,
        7
      ],
      [
        2,
        3,
        4,
        6,
        7
      ],
      [],
      [
        2,
        4,
        6,
        7
      ],
      [
        2,
        6
      ],
      [
        1,
        2,
        3,
        4,
        6,
        7
      ],
      [
        2
      ],
      [
        2,
        4,
        6
      ]
    ],
    "left": [
      [
        1,
        2,
        3,
        5,
        6
      ],
      [
        2,
        3,
        5,
        6
      ],
      [
        3,
        5,
        6
      ],
      [],
      [
        0,
        1,
        2,
        3,
        5,
        6
      ],
      [
        3
      ],
      [
        3,
        5
      ],
      [
        0,
        1,
        2,
        3,
        4,
        5,
        6
      ]
    ],
    "right": [
      [
        4,
        7
      ],
      [
        0,
        4,
        7
      ],
      [
        0,
        1,
        4,
        7
      ],
      [
        0,
        1,
        2,
        4,
        5,
        6,
        7
      ],
      [
        7
      ],
      [
        0,
        1,
        2,
        4,
        6,
        7
      ],
      [
        0,
        1,
        2,
        4,
        7
      ],
      []
    ],
    "behind": [
      [],
      [
        0,
        5
      ],
      [
        0,
        1,
        3,
        4,
        5,
        6,
        7
      ],
      [
        0,
        1,
        5
      ],
      [
        0,
        1,
        3,
        5,
        7
      ],
      [
        0
      ],
      [
        0,
        1,
        3,
        4,
        5,
        7
      ],
      [
        0,
        1,
        3,
        5
      ]
    ]
  },
  "image_index": 455,
  "directions": {
    "above": [
      0.0,
      0.0,
      1.0
    ],
    "front": [
      0.754490315914154,
      -0.6563112735748291,
      -0.0
    ],
    "behind": [
      -0.754490315914154,
      0.6563112735748291,
      0.0
    ],
    "right": [
      0.6563112735748291,
      0.7544902563095093,
      -0.0
    ],
    "below": [
      -0.0,
      -0.0,
      -1.0
    ],
    "left": [
      -0.6563112735748291,
      -0.7544902563095093,
      0.0
    ]
  },
  "split": "new",
  "objects": [
    {
      "shape": "cube",
      "material": "metal",
      "pixel_coords": [
        197,
        83,
        12.81165885925293
      ],
      "rotation": 3.7743760104560353,
      "3d_coords": [
        -0.9167360067367554,
        2.5451340675354004,
        0.3499999940395355
      ],
      "color": "yellow",
      "size": "small"
    },
    {
      "shape": "cylinder",
      "material": "rubber",
      "pixel_coords": [
        167,
        90,
        11.231705665588379
      ],
      "rotation": 27.168261926897497,
      "3d_coords": [
        -0.4257332980632782,
        0.6422386169433594,
        0.699999988079071
      ],
      "color": "blue",
      "size": "large"
    },
    {
      "shape": "sphere",
      "material": "rubber",
      "pixel_coords": [
        137,
        176,
        7.099759101867676
      ],
      "rotation": 349.5163296879746,
      "3d_coords": [
        2.6937029361724854,
        -2.8519132137298584,
        0.699999988079071
      ],
      "color": "red",
      "size": "large"
    },
    {
      "shape": "cube",
      "material": "rubber",
      "pixel_coords": [
        44,
        98,
        10.642045021057129
      ],
      "rotation": 134.39319796286293,
      "3d_coords": [
        -2.3133530616760254,
        -2.663116216659546,
        0.699999988079071
      ],
      "color": "gray",
      "size": "large"
    },
    {
      "shape": "sphere",
      "material": "metal",
      "pixel_coords": [
        224,
        117,
        9.522777557373047
      ],
      "rotation": 230.70461795813506,
      "3d_coords": [
        2.017524480819702,
        0.584447979927063,
        0.699999988079071
      ],
      "color": "gray",
      "size": "large"
    },
    {
      "shape": "cylinder",
      "material": "metal",
      "pixel_coords": [
        92,
        90,
        12.179329872131348
      ],
      "rotation": 120.17848834588467,
      "3d_coords": [
        -2.7700753211975098,
        -0.7938150763511658,
        0.3499999940395355
      ],
      "color": "blue",
      "size": "small"
    },
    {
      "shape": "sphere",
      "material": "rubber",
      "pixel_coords": [
        111,
        134,
        8.642589569091797
      ],
      "rotation": 168.86087871330523,
      "3d_coords": [
        0.8863619565963745,
        -2.3203465938568115,
        0.699999988079071
      ],
      "color": "brown",
      "size": "large"
    },
    {
      "shape": "cylinder",
      "material": "metal",
      "pixel_coords": [
        295,
        107,
        10.070856094360352
      ],
      "rotation": 25.822791509742288,
      "3d_coords": [
        2.924821138381958,
        2.637385845184326,
        0.699999988079071
      ],
      "color": "purple",
      "size": "large"
    }
  ]
}