{
  "split": "new",
  "directions": {
    "below": [
      -0.0,
      -0.0,
      -1.0
    ],
    "right": [
      0.6563112735748291,
      0.7544902563095093,
      -0.0
    ],
    "left": [
      -0.6563112735748291,
      -0.7544902563095093,
      0.0
    ],
    "behind": [
      -0.754490315914154,
      0.6563112735748291,
      0.0
    ],
    "front": [
      0.754490315914154,
      -0.6563112735748291,
      -0.0
    ],
    "above": [
      0.0,
      0.0,
      1.0
    ]
  },
  "relationships": {
    "left": [
      [
        2,
        4,
        5,
        6,
        7
      ],
      [
        0,
        2,
        3,
        4,
        5,
        6,
        7
      ],
      [
        5,
        6
      ],
      [
        0,
        2,
        4,
        5,
        6,
        7
      ],
      [
        2,
        5,
        6,
        7
      ],
      [],
      [
        5
      ],
      [
        2,
        5,
        6
      ]
    ],
    "behind": [
      [
        7
      ],
      [
        0,
        5,
        7
      ],
      [
        0,
        1,
        5,
        7
      ],
      [
        0,
        1,
        2,
        5,
        7
      ],
      [
        0,
        1,
        2,
        3,
        5,
        6,
        7
      ],
      [
        0,
        7
      ],
      [
        0,
        1,
        2,
        3,
        5,
        7
      ],
      []
    ],
    "front": [
      [
        1,
        2,
        3,
        4,
        5,
        6
      ],
      [
        2,
        3,
        4,
        6
      ],
      [
        3,
        4,
        6
      ],
      [
        4,
        6
      ],
      [],
      [
        1,
        2,
        3,
        4,
        6
      ],
      [
        4
      ],
      [
        0,
        1,
        2,
        3,
        4,
        5,
        6
      ]
    ],
    "right": [
      [
        1,
        3
      ],
      [],
      [
        0,
        1,
        3,
        4,
        7
      ],
      [
        1
      ],
      [
        0,
        1,
        3
      ],
      [
        0,
        1,
        2,
        3,
        4,
        6,
        7
      ],
      [
        0,
        1,
        2,
        3,
        4,
        7
      ],
      [
        0,
        1,
        3,
        4
      ]
    ]
  },
  "objects": [
    {
      "pixel_coords": [
        203,
        70,
        13.012045860290527
      ],
      "color": "red",
      "material": "metal",
      "size": "large",
      "shape": "sphere",
      "3d_coords": [
        -0.9671497941017151,
        2.890629768371582,
        0.699999988079071
      ],
      "rotation": 172.77730209389594
    },
    {
      "pixel_coords": [
        251,
        96,
        10.980114936828613
      ],
      "color": "red",
      "material": "metal",
      "size": "large",
      "shape": "cylinder",
      "3d_coords": [
        1.616391658782959,
        2.3682079315185547,
        0.699999988079071
      ],
      "rotation": 107.10396609107208
    },
    {
      "pixel_coords": [
        147,
        115,
        9.886211395263672
      ],
      "color": "green",
      "material": "rubber",
      "size": "large",
      "shape": "sphere",
      "3d_coords": [
        0.5158743262290955,
        -0.8992217183113098,
        0.699999988079071
      ],
      "rotation": 330.45382259540804
    },
    {
      "pixel_coords": [
        244,
        123,
        9.449892044067383
      ],
      "color": "blue",
      "material": "rubber",
      "size": "large",
      "shape": "cylinder",
      "3d_coords": [
        2.576335906982422,
        0.7933279871940613,
        0.699999988079071
      ],
      "rotation": 167.80426735884635
    },
    {
      "pixel_coords": [
        185,
        163,
        7.869298458099365
      ],
      "color": "yellow",
      "material": "metal",
      "size": "large",
      "shape": "sphere",
      "3d_coords": [
        2.8704354763031006,
        -1.6693509817123413,
        0.699999988079071
      ],
      "rotation": 120.40799614961452
    },
    {
      "pixel_coords": [
        106,
        87,
        11.61950397491455
      ],
      "color": "blue",
      "material": "rubber",
      "size": "large",
      "shape": "sphere",
      "3d_coords": [
        -1.918030023574829,
        -0.7293463349342346,
        0.699999988079071
      ],
      "rotation": 119.0164583898735
    },
    {
      "pixel_coords": [
        113,
        148,
        8.399627685546875
      ],
      "color": "gray",
      "material": "metal",
      "size": "large",
      "shape": "cube",
      "3d_coords": [
        1.3199236392974854,
        -2.5832316875457764,
        0.699999988079071
      ],
      "rotation": 343.6567725643467
    },
    {
      "pixel_coords": [
        165,
        60,
        13.971451759338379
      ],
      "color": "green",
      "material": "metal",
      "size": "large",
      "shape": "sphere",
      "3d_coords": [
        -2.713893175125122,
        2.5057716369628906,
        0.699999988079071
      ],
      "rotation": 132.57934636845036
    }
  ],
  "image_filename": "CLEVR_new_000877.png",
  "image_index": 877
}