{
  "split": "new",
  "directions": {
    "below": [
      -0.0,
      -0.0,
      -1.0
    ],
    "right": [
      0.6563112735748291,
      0.7544902563095093,
      -0.0
    ],
    "left": [
      -0.6563112735748291,
      -0.7544902563095093,
      0.0
    ],
    "behind": [
      -0.754490315914154,
      0.6563112735748291,
      0.0
    ],
    "front": [
      0.754490315914154,
      -0.6563112735748291,
      -0.0
    ],
    "above": [
      0.0,
      0.0,
      1.0
    ]
  },
  "relationships": {
    "left": [
      [],
      [
        0,
        2,
        3,
        4,
        5,
        6,
        7
      ],
      [
        0,
        3
      ],
      [
        0
      ],
      [
        0,
        2,
        3,
        5
      ],
      [
        0,
        2,
        3
      ],
      [
        0,
        2,
        3,
        4,
        5,
        7
      ],
      [
        0,
        2,
        3,
        4,
        5
      ]
    ],
    "behind": [
      [
        3,
        4,
        7
      ],
      [
        0,
        3,
        4,
        5,
        7
      ],
      [
        0,
        1,
        3,
        4,
        5,
        6,
        7
      ],
      [
        4
      ],
      [],
      [
        0,
        3,
        4,
        7
      ],
      [
        0,
        1,
        3,
        4,
        5,
        7
      ],
      [
        3,
        4
      ]
    ],
    "front": [
      [
        1,
        2,
        5,
        6
      ],
      [
        2,
        6
      ],
      [],
      [
        0,
        1,
        2,
        5,
        6,
        7
      ],
      [
        0,
        1,
        2,
        3,
        5,
        6,
        7
      ],
      [
        1,
        2,
        6
      ],
      [
        2
      ],
      [
        0,
        1,
        2,
        5,
        6
      ]
    ],
    "right": [
      [
        1,
        2,
        3,
        4,
        5,
        6,
        7
      ],
      [],
      [
        1,
        4,
        5,
        6,
        7
      ],
      [
        1,
        2,
        4,
        5,
        6,
        7
      ],
      [
        1,
        6,
        7
      ],
      [
        1,
        4,
        6,
        7
      ],
      [
        1
      ],
      [
        1,
        6
      ]
    ]
  },
  "objects": [
    {
      "pixel_coords": [
        57,
        103,
        11.907552719116211
      ],
      "color": "blue",
      "material": "rubber",
      "size": "small",
      "shape": "cube",
      "3d_coords": [
        -2.64855694770813,
        -2.381324052810669,
        0.3499999940395355
      ],
      "rotation": 39.49989709982176
    },
    {
      "pixel_coords": [
        261,
        129,
        10.358872413635254
      ],
      "color": "purple",
      "material": "metal",
      "size": "small",
      "shape": "cylinder",
      "3d_coords": [
        2.8013317584991455,
        1.5634315013885498,
        0.3499999940395355
      ],
      "rotation": 103.91498241621768
    },
    {
      "pixel_coords": [
        120,
        151,
        9.352937698364258
      ],
      "color": "brown",
      "material": "rubber",
      "size": "small",
      "shape": "cylinder",
      "3d_coords": [
        1.1580183506011963,
        -2.3005378246307373,
        0.3499999940395355
      ],
      "rotation": 160.33519247430263
    },
    {
      "pixel_coords": [
        97,
        78,
        12.957127571105957
      ],
      "color": "blue",
      "material": "metal",
      "size": "large",
      "shape": "cube",
      "3d_coords": [
        -2.974184513092041,
        -0.5741137266159058,
        0.699999988079071
      ],
      "rotation": 164.94839049259306
    },
    {
      "pixel_coords": [
        186,
        73,
        13.43725872039795
      ],
      "color": "red",
      "material": "rubber",
      "size": "large",
      "shape": "sphere",
      "3d_coords": [
        -1.3224173784255981,
        2.3455870151519775,
        0.699999988079071
      ],
      "rotation": 261.4576400913677
    },
    {
      "pixel_coords": [
        152,
        110,
        10.664290428161621
      ],
      "color": "gray",
      "material": "metal",
      "size": "large",
      "shape": "cylinder",
      "3d_coords": [
        0.357362300157547,
        -0.6069393157958984,
        0.699999988079071
      ],
      "rotation": 22.52128419582785
    },
    {
      "pixel_coords": [
        228,
        137,
        9.954599380493164
      ],
      "color": "red",
      "material": "metal",
      "size": "small",
      "shape": "cylinder",
      "3d_coords": [
        2.5117905139923096,
        0.4703787565231323,
        0.3499999940395355
      ],
      "rotation": 109.45331267073668
    },
    {
      "pixel_coords": [
        202,
        91,
        11.940349578857422
      ],
      "color": "yellow",
      "material": "metal",
      "size": "large",
      "shape": "cylinder",
      "3d_coords": [
        0.2886989116668701,
        1.6249916553497314,
        0.699999988079071
      ],
      "rotation": 57.59046106141391
    }
  ],
  "image_filename": "CLEVR_new_000881.png",
  "image_index": 881
}