{
  "split": "new",
  "directions": {
    "below": [
      -0.0,
      -0.0,
      -1.0
    ],
    "right": [
      0.6563112735748291,
      0.7544902563095093,
      -0.0
    ],
    "left": [
      -0.6563112735748291,
      -0.7544902563095093,
      0.0
    ],
    "behind": [
      -0.754490315914154,
      0.6563112735748291,
      0.0
    ],
    "front": [
      0.754490315914154,
      -0.6563112735748291,
      -0.0
    ],
    "above": [
      0.0,
      0.0,
      1.0
    ]
  },
  "relationships": {
    "left": [
      [
        1,
        3,
        6,
        7
      ],
      [
        3,
        6,
        7
      ],
      [
        0,
        1,
        3,
        4,
        5,
        6,
        7
      ],
      [],
      [
        0,
        1,
        3,
        6,
        7
      ],
      [
        0,
        1,
        3,
        4,
        6,
        7
      ],
      [
        3
      ],
      [
        3,
        6
      ]
    ],
    "behind": [
      [
        1,
        2,
        3,
        4,
        5,
        6,
        7
      ],
      [
        2,
        3,
        5,
        7
      ],
      [
        3,
        5,
        7
      ],
      [
        7
      ],
      [
        1,
        2,
        3,
        5,
        6,
        7
      ],
      [
        3,
        7
      ],
      [
        1,
        2,
        3,
        5,
        7
      ],
      []
    ],
    "front": [
      [],
      [
        0,
        4,
        6
      ],
      [
        0,
        1,
        4,
        6
      ],
      [
        0,
        1,
        2,
        4,
        5,
        6
      ],
      [
        0
      ],
      [
        0,
        1,
        2,
        4,
        6
      ],
      [
        0,
        4
      ],
      [
        0,
        1,
        2,
        3,
        4,
        5,
        6
      ]
    ],
    "right": [
      [
        2,
        4,
        5
      ],
      [
        0,
        2,
        4,
        5
      ],
      [],
      [
        0,
        1,
        2,
        4,
        5,
        6,
        7
      ],
      [
        2,
        5
      ],
      [
        2
      ],
      [
        0,
        1,
        2,
        4,
        5,
        7
      ],
      [
        0,
        1,
        2,
        4,
        5
      ]
    ]
  },
  "objects": [
    {
      "pixel_coords": [
        188,
        181,
        8.126260757446289
      ],
      "color": "blue",
      "material": "metal",
      "size": "small",
      "shape": "cylinder",
      "3d_coords": [
        2.89365291595459,
        -1.8556562662124634,
        0.3499999940395355
      ],
      "rotation": 100.6994120224133
    },
    {
      "pixel_coords": [
        165,
        134,
        9.85255241394043
      ],
      "color": "green",
      "material": "rubber",
      "size": "small",
      "shape": "cylinder",
      "3d_coords": [
        1.0943163633346558,
        -0.8413207530975342,
        0.3499999940395355
      ],
      "rotation": 92.70943835319854
    },
    {
      "pixel_coords": [
        289,
        105,
        10.577381134033203
      ],
      "color": "brown",
      "material": "rubber",
      "size": "large",
      "shape": "cube",
      "3d_coords": [
        2.9212422370910645,
        2.590599775314331,
        0.699999988079071
      ],
      "rotation": 204.81928667448747
    },
    {
      "pixel_coords": [
        85,
        88,
        11.643522262573242
      ],
      "color": "blue",
      "material": "metal",
      "size": "large",
      "shape": "cylinder",
      "3d_coords": [
        -2.376577377319336,
        -1.173201322555542,
        0.699999988079071
      ],
      "rotation": 118.67439973754962
    },
    {
      "pixel_coords": [
        215,
        153,
        9.061023712158203
      ],
      "color": "red",
      "material": "metal",
      "size": "small",
      "shape": "cylinder",
      "3d_coords": [
        2.640371561050415,
        -0.550295352935791,
        0.3499999940395355
      ],
      "rotation": 68.95719342357991
    },
    {
      "pixel_coords": [
        228,
        98,
        10.995387077331543
      ],
      "color": "blue",
      "material": "metal",
      "size": "large",
      "shape": "sphere",
      "3d_coords": [
        1.3519333600997925,
        1.6474449634552002,
        0.699999988079071
      ],
      "rotation": 93.15316833904666
    },
    {
      "pixel_coords": [
        108,
        144,
        9.419498443603516
      ],
      "color": "purple",
      "material": "metal",
      "size": "small",
      "shape": "cube",
      "3d_coords": [
        0.3908446431159973,
        -2.3068087100982666,
        0.3499999940395355
      ],
      "rotation": 34.36308609069979
    },
    {
      "pixel_coords": [
        129,
        66,
        13.28945255279541
      ],
      "color": "purple",
      "material": "metal",
      "size": "large",
      "shape": "cube",
      "3d_coords": [
        -2.8587188720703125,
        1.087354302406311,
        0.699999988079071
      ],
      "rotation": 243.0985858297896
    }
  ],
  "image_filename": "CLEVR_new_000599.png",
  "image_index": 599
}