{
  "image_filename": "CLEVR_new_000413.png",
  "relationships": {
    "front": [
      [
        1
      ],
      [],
      [
        0,
        1,
        3,
        4,
        5,
        6,
        7
      ],
      [
        0,
        1
      ],
      [
        0,
        1,
        3,
        6
      ],
      [
        0,
        1,
        3,
        4,
        6
      ],
      [
        0,
        1,
        3
      ],
      [
        0,
        1,
        3,
        4,
        5,
        6
      ]
    ],
    "left": [
      [
        1,
        2,
        6,
        7
      ],
      [
        6,
        7
      ],
      [
        1,
        6,
        7
      ],
      [
        0,
        1,
        2,
        6,
        7
      ],
      [
        0,
        1,
        2,
        3,
        5,
        6,
        7
      ],
      [
        0,
        1,
        2,
        3,
        6,
        7
      ],
      [],
      [
        6
      ]
    ],
    "right": [
      [
        3,
        4,
        5
      ],
      [
        0,
        2,
        3,
        4,
        5
      ],
      [
        0,
        3,
        4,
        5
      ],
      [
        4,
        5
      ],
      [],
      [
        4
      ],
      [
        0,
        1,
        2,
        3,
        4,
        5,
        7
      ],
      [
        0,
        1,
        2,
        3,
        4,
        5
      ]
    ],
    "behind": [
      [
        2,
        3,
        4,
        5,
        6,
        7
      ],
      [
        0,
        2,
        3,
        4,
        5,
        6,
        7
      ],
      [],
      [
        2,
        4,
        5,
        6,
        7
      ],
      [
        2,
        5,
        7
      ],
      [
        2,
        7
      ],
      [
        2,
        4,
        5,
        7
      ],
      [
        2
      ]
    ]
  },
  "image_index": 413,
  "directions": {
    "above": [
      0.0,
      0.0,
      1.0
    ],
    "front": [
      0.754490315914154,
      -0.6563112735748291,
      -0.0
    ],
    "behind": [
      -0.754490315914154,
      0.6563112735748291,
      0.0
    ],
    "right": [
      0.6563112735748291,
      0.7544902563095093,
      -0.0
    ],
    "below": [
      -0.0,
      -0.0,
      -1.0
    ],
    "left": [
      -0.6563112735748291,
      -0.7544902563095093,
      0.0
    ]
  },
  "split": "new",
  "objects": [
    {
      "shape": "cube",
      "material": "rubber",
      "pixel_coords": [
        161,
        155,
        8.870990753173828
      ],
      "rotation": 318.52083475987996,
      "3d_coords": [
        1.9902713298797607,
        -1.5344904661178589,
        0.3499999940395355
      ],
      "color": "green",
      "size": "small"
    },
    {
      "shape": "cube",
      "material": "metal",
      "pixel_coords": [
        111,
        176,
        8.098785400390625
      ],
      "rotation": 103.80764023768184,
      "3d_coords": [
        1.9752005338668823,
        -2.974425792694092,
        0.3499999940395355
      ],
      "color": "green",
      "size": "small"
    },
    {
      "shape": "cylinder",
      "material": "rubber",
      "pixel_coords": [
        153,
        88,
        12.655071258544922
      ],
      "rotation": 150.144636164305,
      "3d_coords": [
        -1.5614204406738281,
        0.8943731784820557,
        0.3499999940395355
      ],
      "color": "red",
      "size": "small"
    },
    {
      "shape": "cube",
      "material": "metal",
      "pixel_coords": [
        211,
        131,
        9.903931617736816
      ],
      "rotation": 103.5141138998002,
      "3d_coords": [
        1.9393023252487183,
        0.3008582592010498,
        0.3499999940395355
      ],
      "color": "gray",
      "size": "small"
    },
    {
      "shape": "cube",
      "material": "rubber",
      "pixel_coords": [
        290,
        105,
        10.639585494995117
      ],
      "rotation": 189.76309819579538,
      "3d_coords": [
        2.694596529006958,
        2.922595739364624,
        0.699999988079071
      ],
      "color": "blue",
      "size": "large"
    },
    {
      "shape": "cube",
      "material": "metal",
      "pixel_coords": [
        240,
        107,
        11.303315162658691
      ],
      "rotation": 282.7562619430572,
      "3d_coords": [
        1.3943287134170532,
        2.1798813343048096,
        0.3499999940395355
      ],
      "color": "blue",
      "size": "small"
    },
    {
      "shape": "sphere",
      "material": "rubber",
      "pixel_coords": [
        62,
        110,
        10.33116626739502
      ],
      "rotation": 59.415648605471084,
      "3d_coords": [
        -1.2587409019470215,
        -2.6905293464660645,
        0.699999988079071
      ],
      "color": "green",
      "size": "large"
    },
    {
      "shape": "sphere",
      "material": "metal",
      "pixel_coords": [
        109,
        88,
        11.770760536193848
      ],
      "rotation": 270.36794777029684,
      "3d_coords": [
        -1.8236104249954224,
        -0.7629205584526062,
        0.699999988079071
      ],
      "color": "brown",
      "size": "large"
    }
  ]
}