{
  "split": "new",
  "directions": {
    "below": [
      -0.0,
      -0.0,
      -1.0
    ],
    "right": [
      0.6563112735748291,
      0.7544902563095093,
      -0.0
    ],
    "left": [
      -0.6563112735748291,
      -0.7544902563095093,
      0.0
    ],
    "behind": [
      -0.754490315914154,
      0.6563112735748291,
      0.0
    ],
    "front": [
      0.754490315914154,
      -0.6563112735748291,
      -0.0
    ],
    "above": [
      0.0,
      0.0,
      1.0
    ]
  },
  "relationships": {
    "left": [
      [
        2,
        3,
        5,
        6
      ],
      [
        0,
        2,
        3,
        4,
        5,
        6,
        7
      ],
      [
        3,
        5
      ],
      [
        5
      ],
      [
        0,
        2,
        3,
        5,
        6
      ],
      [],
      [
        2,
        3,
        5
      ],
      [
        0,
        2,
        3,
        4,
        5,
        6
      ]
    ],
    "behind": [
      [
        1,
        3,
        4
      ],
      [
        3,
        4
      ],
      [
        0,
        1,
        3,
        4,
        5,
        7
      ],
      [
        4
      ],
      [],
      [
        0,
        1,
        3,
        4
      ],
      [
        0,
        1,
        2,
        3,
        4,
        5,
        7
      ],
      [
        0,
        1,
        3,
        4,
        5
      ]
    ],
    "front": [
      [
        2,
        5,
        6,
        7
      ],
      [
        0,
        2,
        5,
        6,
        7
      ],
      [
        6
      ],
      [
        0,
        1,
        2,
        5,
        6,
        7
      ],
      [
        0,
        1,
        2,
        3,
        5,
        6,
        7
      ],
      [
        2,
        6,
        7
      ],
      [],
      [
        2,
        6
      ]
    ],
    "right": [
      [
        1,
        4,
        7
      ],
      [],
      [
        0,
        1,
        4,
        6,
        7
      ],
      [
        0,
        1,
        2,
        4,
        6,
        7
      ],
      [
        1,
        7
      ],
      [
        0,
        1,
        2,
        3,
        4,
        6,
        7
      ],
      [
        0,
        1,
        4,
        7
      ],
      [
        1
      ]
    ]
  },
  "objects": [
    {
      "pixel_coords": [
        188,
        102,
        11.905561447143555
      ],
      "color": "gray",
      "material": "metal",
      "size": "small",
      "shape": "cube",
      "3d_coords": [
        0.10606404393911362,
        1.1344871520996094,
        0.3499999940395355
      ],
      "rotation": 85.29654788313123
    },
    {
      "pixel_coords": [
        245,
        97,
        12.272981643676758
      ],
      "color": "green",
      "material": "metal",
      "size": "small",
      "shape": "cylinder",
      "3d_coords": [
        1.0483744144439697,
        2.9803597927093506,
        0.3499999940395355
      ],
      "rotation": 148.99188799804622
    },
    {
      "pixel_coords": [
        152,
        127,
        9.733004570007324
      ],
      "color": "red",
      "material": "rubber",
      "size": "large",
      "shape": "sphere",
      "3d_coords": [
        1.1619406938552856,
        -1.2052706480026245,
        0.699999988079071
      ],
      "rotation": 44.95480608667763
    },
    {
      "pixel_coords": [
        124,
        78,
        12.890202522277832
      ],
      "color": "yellow",
      "material": "metal",
      "size": "large",
      "shape": "sphere",
      "3d_coords": [
        -2.3392698764801025,
        0.18939490616321564,
        0.699999988079071
      ],
      "rotation": 285.33115368749674
    },
    {
      "pixel_coords": [
        197,
        72,
        13.455110549926758
      ],
      "color": "green",
      "material": "rubber",
      "size": "large",
      "shape": "cylinder",
      "3d_coords": [
        -1.1227293014526367,
        2.7377216815948486,
        0.699999988079071
      ],
      "rotation": 172.4341846002861
    },
    {
      "pixel_coords": [
        51,
        96,
        11.529802322387695
      ],
      "color": "red",
      "material": "rubber",
      "size": "large",
      "shape": "cylinder",
      "3d_coords": [
        -2.5478203296661377,
        -2.5533974170684814,
        0.699999988079071
      ],
      "rotation": 0.23727900534737945
    },
    {
      "pixel_coords": [
        172,
        173,
        8.463035583496094
      ],
      "color": "gray",
      "material": "rubber",
      "size": "small",
      "shape": "cylinder",
      "3d_coords": [
        2.7524919509887695,
        -1.8470609188079834,
        0.3499999940395355
      ],
      "rotation": 148.72799143154288
    },
    {
      "pixel_coords": [
        235,
        120,
        10.78591251373291
      ],
      "color": "yellow",
      "material": "rubber",
      "size": "small",
      "shape": "sphere",
      "3d_coords": [
        1.9562963247299194,
        1.398982048034668,
        0.3499999940395355
      ],
      "rotation": 282.42194901040324
    }
  ],
  "image_filename": "CLEVR_new_000717.png",
  "image_index": 717
}