{
  "image_filename": "CLEVR_new_000210.png",
  "relationships": {
    "front": [
      [
        7
      ],
      [
        0,
        2,
        3,
        6,
        7
      ],
      [
        0,
        7
      ],
      [
        0,
        2,
        7
      ],
      [
        0,
        1,
        2,
        3,
        5,
        6,
        7
      ],
      [
        0,
        1,
        2,
        3,
        6,
        7
      ],
      [
        0,
        2,
        3,
        7
      ],
      []
    ],
    "left": [
      [
        1,
        2,
        3,
        4,
        7
      ],
      [
        2,
        3
      ],
      [
        3
      ],
      [],
      [
        1,
        2,
        3,
        7
      ],
      [
        0,
        1,
        2,
        3,
        4,
        7
      ],
      [
        0,
        1,
        2,
        3,
        4,
        5,
        7
      ],
      [
        1,
        2,
        3
      ]
    ],
    "right": [
      [
        5,
        6
      ],
      [
        0,
        4,
        5,
        6,
        7
      ],
      [
        0,
        1,
        4,
        5,
        6,
        7
      ],
      [
        0,
        1,
        2,
        4,
        5,
        6,
        7
      ],
      [
        0,
        5,
        6
      ],
      [
        6
      ],
      [],
      [
        0,
        4,
        5,
        6
      ]
    ],
    "behind": [
      [
        1,
        2,
        3,
        4,
        5,
        6
      ],
      [
        4,
        5
      ],
      [
        1,
        3,
        4,
        5,
        6
      ],
      [
        1,
        4,
        5,
        6
      ],
      [],
      [
        4
      ],
      [
        1,
        4,
        5
      ],
      [
        0,
        1,
        2,
        3,
        4,
        5,
        6
      ]
    ]
  },
  "image_index": 210,
  "directions": {
    "above": [
      0.0,
      0.0,
      1.0
    ],
    "front": [
      0.754490315914154,
      -0.6563112735748291,
      -0.0
    ],
    "behind": [
      -0.754490315914154,
      0.6563112735748291,
      0.0
    ],
    "right": [
      0.6563112735748291,
      0.7544902563095093,
      -0.0
    ],
    "below": [
      -0.0,
      -0.0,
      -1.0
    ],
    "left": [
      -0.6563112735748291,
      -0.7544902563095093,
      0.0
    ]
  },
  "split": "new",
  "objects": [
    {
      "shape": "sphere",
      "material": "metal",
      "pixel_coords": [
        200,
        130,
        10.029879570007324
      ],
      "rotation": 109.34572979216533,
      "3d_coords": [
        1.6218781471252441,
        0.1819320172071457,
        0.3499999940395355
      ],
      "color": "purple",
      "size": "small"
    },
    {
      "shape": "sphere",
      "material": "rubber",
      "pixel_coords": [
        142,
        81,
        12.15510082244873
      ],
      "rotation": 242.2526431502451,
      "3d_coords": [
        -1.5805782079696655,
        0.45039501786231995,
        0.699999988079071
      ],
      "color": "gray",
      "size": "large"
    },
    {
      "shape": "cube",
      "material": "rubber",
      "pixel_coords": [
        109,
        109,
        10.371251106262207
      ],
      "rotation": 76.32190416570961,
      "3d_coords": [
        -0.5131338834762573,
        -1.5239243507385254,
        0.699999988079071
      ],
      "color": "yellow",
      "size": "large"
    },
    {
      "shape": "cube",
      "material": "rubber",
      "pixel_coords": [
        57,
        108,
        11.17243480682373
      ],
      "rotation": 167.67734493906477,
      "3d_coords": [
        -2.181307554244995,
        -2.4499642848968506,
        0.3499999940395355
      ],
      "color": "blue",
      "size": "small"
    },
    {
      "shape": "cylinder",
      "material": "metal",
      "pixel_coords": [
        176,
        59,
        13.994935035705566
      ],
      "rotation": 256.80848693083186,
      "3d_coords": [
        -2.438693046569824,
        2.789990186691284,
        0.699999988079071
      ],
      "color": "green",
      "size": "large"
    },
    {
      "shape": "cylinder",
      "material": "rubber",
      "pixel_coords": [
        216,
        77,
        12.426314353942871
      ],
      "rotation": 221.71024744698624,
      "3d_coords": [
        -0.19062386453151703,
        2.6894280910491943,
        0.699999988079071
      ],
      "color": "brown",
      "size": "large"
    },
    {
      "shape": "sphere",
      "material": "metal",
      "pixel_coords": [
        259,
        105,
        11.310709953308105
      ],
      "rotation": 295.6765310244187,
      "3d_coords": [
        1.7320963144302368,
        2.694528579711914,
        0.3499999940395355
      ],
      "color": "red",
      "size": "small"
    },
    {
      "shape": "cylinder",
      "material": "rubber",
      "pixel_coords": [
        146,
        147,
        8.657941818237305
      ],
      "rotation": 346.09008827715525,
      "3d_coords": [
        1.7656269073486328,
        -1.8544349670410156,
        0.699999988079071
      ],
      "color": "yellow",
      "size": "large"
    }
  ]
}