{
  "split": "new",
  "directions": {
    "below": [
      -0.0,
      -0.0,
      -1.0
    ],
    "right": [
      0.6563112735748291,
      0.7544902563095093,
      -0.0
    ],
    "left": [
      -0.6563112735748291,
      -0.7544902563095093,
      0.0
    ],
    "behind": [
      -0.754490315914154,
      0.6563112735748291,
      0.0
    ],
    "front": [
      0.754490315914154,
      -0.6563112735748291,
      -0.0
    ],
    "above": [
      0.0,
      0.0,
      1.0
    ]
  },
  "relationships": {
    "left": [
      [
        3,
        4
      ],
      [
        0,
        3,
        4
      ],
      [
        0,
        1,
        3,
        4,
        5,
        6,
        7
      ],
      [],
      [
        3
      ],
      [
        0,
        1,
        3,
        4,
        7
      ],
      [
        0,
        1,
        3,
        4,
        5,
        7
      ],
      [
        0,
        1,
        3,
        4
      ]
    ],
    "behind": [
      [
        1,
        6
      ],
      [],
      [
        0,
        1,
        3,
        6,
        7
      ],
      [
        0,
        1,
        6
      ],
      [
        0,
        1,
        2,
        3,
        6,
        7
      ],
      [
        0,
        1,
        2,
        3,
        4,
        6,
        7
      ],
      [
        1
      ],
      [
        0,
        1,
        3,
        6
      ]
    ],
    "front": [
      [
        2,
        3,
        4,
        5,
        7
      ],
      [
        0,
        2,
        3,
        4,
        5,
        6,
        7
      ],
      [
        4,
        5
      ],
      [
        2,
        4,
        5,
        7
      ],
      [
        5
      ],
      [],
      [
        0,
        2,
        3,
        4,
        5,
        7
      ],
      [
        2,
        4,
        5
      ]
    ],
    "right": [
      [
        1,
        2,
        5,
        6,
        7
      ],
      [
        2,
        5,
        6,
        7
      ],
      [],
      [
        0,
        1,
        2,
        4,
        5,
        6,
        7
      ],
      [
        0,
        1,
        2,
        5,
        6,
        7
      ],
      [
        2,
        6
      ],
      [
        2
      ],
      [
        2,
        5,
        6
      ]
    ]
  },
  "objects": [
    {
      "pixel_coords": [
        135,
        100,
        12.016596794128418
      ],
      "color": "purple",
      "material": "metal",
      "size": "small",
      "shape": "cube",
      "3d_coords": [
        -1.1736356019973755,
        -0.07348113507032394,
        0.3499999940395355
      ],
      "rotation": 208.31186476121343
    },
    {
      "pixel_coords": [
        158,
        75,
        13.266005516052246
      ],
      "color": "blue",
      "material": "rubber",
      "size": "large",
      "shape": "sphere",
      "3d_coords": [
        -1.79898202419281,
        1.5813653469085693,
        0.699999988079071
      ],
      "rotation": 248.52249326483678
    },
    {
      "pixel_coords": [
        247,
        115,
        10.225667953491211
      ],
      "color": "blue",
      "material": "metal",
      "size": "large",
      "shape": "sphere",
      "3d_coords": [
        2.4835264682769775,
        1.1767796277999878,
        0.699999988079071
      ],
      "rotation": 19.807893032481946
    },
    {
      "pixel_coords": [
        70,
        97,
        11.373786926269531
      ],
      "color": "yellow",
      "material": "rubber",
      "size": "large",
      "shape": "sphere",
      "3d_coords": [
        -2.1934895515441895,
        -1.9731916189193726,
        0.699999988079071
      ],
      "rotation": 251.34407576187732
    },
    {
      "pixel_coords": [
        82,
        134,
        9.194704055786133
      ],
      "color": "yellow",
      "material": "metal",
      "size": "large",
      "shape": "sphere",
      "3d_coords": [
        0.2024877369403839,
        -2.99003267288208,
        0.699999988079071
      ],
      "rotation": 295.2484930708458
    },
    {
      "pixel_coords": [
        218,
        151,
        9.096166610717773
      ],
      "color": "blue",
      "material": "metal",
      "size": "small",
      "shape": "sphere",
      "3d_coords": [
        2.8350088596343994,
        -0.5754111409187317,
        0.3499999940395355
      ],
      "rotation": 89.1276094380296
    },
    {
      "pixel_coords": [
        210,
        82,
        12.56151008605957
      ],
      "color": "purple",
      "material": "rubber",
      "size": "large",
      "shape": "cylinder",
      "3d_coords": [
        0.05034470558166504,
        2.4126574993133545,
        0.699999988079071
      ],
      "rotation": 38.16052597154767
    },
    {
      "pixel_coords": [
        176,
        116,
        10.900221824645996
      ],
      "color": "red",
      "material": "metal",
      "size": "small",
      "shape": "cylinder",
      "3d_coords": [
        0.6694966554641724,
        0.07009534537792206,
        0.3499999940395355
      ],
      "rotation": 252.7341263156669
    }
  ],
  "image_filename": "CLEVR_new_000857.png",
  "image_index": 857
}