{
  "split": "new",
  "directions": {
    "below": [
      -0.0,
      -0.0,
      -1.0
    ],
    "right": [
      0.6563112735748291,
      0.7544902563095093,
      -0.0
    ],
    "left": [
      -0.6563112735748291,
      -0.7544902563095093,
      0.0
    ],
    "behind": [
      -0.754490315914154,
      0.6563112735748291,
      0.0
    ],
    "front": [
      0.754490315914154,
      -0.6563112735748291,
      -0.0
    ],
    "above": [
      0.0,
      0.0,
      1.0
    ]
  },
  "relationships": {
    "left": [
      [
        2,
        6,
        7
      ],
      [
        0,
        2,
        6,
        7
      ],
      [
        7
      ],
      [
        0,
        1,
        2,
        5,
        6,
        7
      ],
      [
        0,
        1,
        2,
        3,
        5,
        6,
        7
      ],
      [
        0,
        1,
        2,
        6,
        7
      ],
      [
        2,
        7
      ],
      []
    ],
    "behind": [
      [
        3
      ],
      [
        0,
        3,
        7
      ],
      [
        0,
        1,
        3,
        4,
        7
      ],
      [],
      [
        0,
        1,
        3,
        7
      ],
      [
        0,
        1,
        2,
        3,
        4,
        7
      ],
      [
        0,
        1,
        2,
        3,
        4,
        5,
        7
      ],
      [
        0,
        3
      ]
    ],
    "front": [
      [
        1,
        2,
        4,
        5,
        6,
        7
      ],
      [
        2,
        4,
        5,
        6
      ],
      [
        5,
        6
      ],
      [
        0,
        1,
        2,
        4,
        5,
        6,
        7
      ],
      [
        2,
        5,
        6
      ],
      [
        6
      ],
      [],
      [
        1,
        2,
        4,
        5,
        6
      ]
    ],
    "right": [
      [
        1,
        3,
        4,
        5
      ],
      [
        3,
        4,
        5
      ],
      [
        0,
        1,
        3,
        4,
        5,
        6
      ],
      [
        4
      ],
      [],
      [
        3,
        4
      ],
      [
        0,
        1,
        3,
        4,
        5
      ],
      [
        0,
        1,
        2,
        3,
        4,
        5,
        6
      ]
    ]
  },
  "objects": [
    {
      "pixel_coords": [
        147,
        82,
        12.186140060424805
      ],
      "color": "green",
      "material": "metal",
      "size": "large",
      "shape": "sphere",
      "3d_coords": [
        -1.4292172193527222,
        0.5341926217079163,
        0.699999988079071
      ],
      "rotation": 217.94558553605043
    },
    {
      "pixel_coords": [
        167,
        111,
        11.023416519165039
      ],
      "color": "purple",
      "material": "metal",
      "size": "small",
      "shape": "sphere",
      "3d_coords": [
        0.1953756958246231,
        0.14187680184841156,
        0.3499999940395355
      ],
      "rotation": 256.5775161053832
    },
    {
      "pixel_coords": [
        79,
        116,
        10.01024055480957
      ],
      "color": "yellow",
      "material": "rubber",
      "size": "large",
      "shape": "cylinder",
      "3d_coords": [
        -0.6230470538139343,
        -2.4468765258789062,
        0.699999988079071
      ],
      "rotation": 47.96522958736332
    },
    {
      "pixel_coords": [
        202,
        70,
        13.202789306640625
      ],
      "color": "red",
      "material": "metal",
      "size": "large",
      "shape": "sphere",
      "3d_coords": [
        -1.0699756145477295,
        2.857835292816162,
        0.699999988079071
      ],
      "rotation": 133.07678422516562
    },
    {
      "pixel_coords": [
        224,
        110,
        10.324258804321289
      ],
      "color": "gray",
      "material": "metal",
      "size": "large",
      "shape": "cylinder",
      "3d_coords": [
        1.6946098804473877,
        1.061915636062622,
        0.699999988079071
      ],
      "rotation": 264.27744184853367
    },
    {
      "pixel_coords": [
        194,
        140,
        8.8858642578125
      ],
      "color": "purple",
      "material": "metal",
      "size": "large",
      "shape": "cube",
      "3d_coords": [
        2.353010654449463,
        -0.7500364780426025,
        0.699999988079071
      ],
      "rotation": 355.3871965253575
    },
    {
      "pixel_coords": [
        100,
        154,
        8.32028579711914
      ],
      "color": "red",
      "material": "metal",
      "size": "large",
      "shape": "sphere",
      "3d_coords": [
        1.439368486404419,
        -2.945533037185669,
        0.699999988079071
      ],
      "rotation": 350.03616497179405
    },
    {
      "pixel_coords": [
        48,
        101,
        11.701186180114746
      ],
      "color": "brown",
      "material": "rubber",
      "size": "small",
      "shape": "cylinder",
      "3d_coords": [
        -2.8679161071777344,
        -2.48645281791687,
        0.3499999940395355
      ],
      "rotation": 187.14384871483787
    }
  ],
  "image_filename": "CLEVR_new_000797.png",
  "image_index": 797
}