{
  "split": "new",
  "directions": {
    "below": [
      -0.0,
      -0.0,
      -1.0
    ],
    "right": [
      0.6563112735748291,
      0.7544902563095093,
      -0.0
    ],
    "left": [
      -0.6563112735748291,
      -0.7544902563095093,
      0.0
    ],
    "behind": [
      -0.754490315914154,
      0.6563112735748291,
      0.0
    ],
    "front": [
      0.754490315914154,
      -0.6563112735748291,
      -0.0
    ],
    "above": [
      0.0,
      0.0,
      1.0
    ]
  },
  "relationships": {
    "left": [
      [],
      [
        0,
        3
      ],
      [
        0,
        1,
        3,
        7
      ],
      [
        0
      ],
      [
        0,
        1,
        2,
        3,
        5,
        6,
        7
      ],
      [
        0,
        1,
        2,
        3,
        7
      ],
      [
        0,
        1,
        2,
        3,
        5,
        7
      ],
      [
        0,
        1,
        3
      ]
    ],
    "behind": [
      [
        2,
        3,
        4,
        6,
        7
      ],
      [
        0,
        2,
        3,
        4,
        6,
        7
      ],
      [
        3,
        4,
        6,
        7
      ],
      [
        6
      ],
      [
        3,
        6,
        7
      ],
      [
        0,
        1,
        2,
        3,
        4,
        6,
        7
      ],
      [],
      [
        3,
        6
      ]
    ],
    "front": [
      [
        1,
        5
      ],
      [
        5
      ],
      [
        0,
        1,
        5
      ],
      [
        0,
        1,
        2,
        4,
        5,
        7
      ],
      [
        0,
        1,
        2,
        5
      ],
      [],
      [
        0,
        1,
        2,
        3,
        4,
        5,
        7
      ],
      [
        0,
        1,
        2,
        4,
        5
      ]
    ],
    "right": [
      [
        1,
        2,
        3,
        4,
        5,
        6,
        7
      ],
      [
        2,
        4,
        5,
        6,
        7
      ],
      [
        4,
        5,
        6
      ],
      [
        1,
        2,
        4,
        5,
        6,
        7
      ],
      [],
      [
        4,
        6
      ],
      [
        4
      ],
      [
        2,
        4,
        5,
        6
      ]
    ]
  },
  "objects": [
    {
      "pixel_coords": [
        58,
        120,
        9.689291954040527
      ],
      "color": "gray",
      "material": "metal",
      "size": "large",
      "shape": "cylinder",
      "3d_coords": [
        -0.9684855937957764,
        -2.8889894485473633,
        0.699999988079071
      ],
      "rotation": 175.11993782123983
    },
    {
      "pixel_coords": [
        129,
        147,
        9.221978187561035
      ],
      "color": "green",
      "material": "rubber",
      "size": "small",
      "shape": "cube",
      "3d_coords": [
        0.9244840741157532,
        -1.8427631855010986,
        0.3499999940395355
      ],
      "rotation": 326.7747608154374
    },
    {
      "pixel_coords": [
        184,
        110,
        10.137022018432617
      ],
      "color": "red",
      "material": "rubber",
      "size": "large",
      "shape": "sphere",
      "3d_coords": [
        0.9011391401290894,
        0.13601543009281158,
        0.699999988079071
      ],
      "rotation": 152.28982321546576
    },
    {
      "pixel_coords": [
        108,
        76,
        12.145212173461914
      ],
      "color": "brown",
      "material": "rubber",
      "size": "large",
      "shape": "cylinder",
      "3d_coords": [
        -2.5151054859161377,
        -0.23712213337421417,
        0.699999988079071
      ],
      "rotation": 286.70222315904846
    },
    {
      "pixel_coords": [
        234,
        94,
        10.999833106994629
      ],
      "color": "red",
      "material": "rubber",
      "size": "large",
      "shape": "cylinder",
      "3d_coords": [
        1.1905763149261475,
        2.0514020919799805,
        0.699999988079071
      ],
      "rotation": 328.8073901295874
    },
    {
      "pixel_coords": [
        208,
        157,
        8.288145065307617
      ],
      "color": "yellow",
      "material": "rubber",
      "size": "large",
      "shape": "cube",
      "3d_coords": [
        2.8537535667419434,
        -0.9292197227478027,
        0.699999988079071
      ],
      "rotation": 199.05265113265807
    },
    {
      "pixel_coords": [
        210,
        79,
        12.746600151062012
      ],
      "color": "red",
      "material": "metal",
      "size": "small",
      "shape": "sphere",
      "3d_coords": [
        -0.55366051197052,
        2.8389573097229004,
        0.3499999940395355
      ],
      "rotation": 129.80598845716563
    },
    {
      "pixel_coords": [
        156,
        85,
        11.51633071899414
      ],
      "color": "brown",
      "material": "rubber",
      "size": "large",
      "shape": "sphere",
      "3d_coords": [
        -0.8727571368217468,
        0.55601966381073,
        0.699999988079071
      ],
      "rotation": 86.34452576657402
    }
  ],
  "image_filename": "CLEVR_new_000974.png",
  "image_index": 974
}