{
  "image_filename": "CLEVR_new_000195.png",
  "relationships": {
    "front": [
      [
        2,
        3,
        4,
        5,
        6
      ],
      [
        0,
        2,
        3,
        4,
        5,
        6,
        7
      ],
      [
        3,
        4,
        5,
        6
      ],
      [
        4,
        5
      ],
      [],
      [
        4
      ],
      [
        3,
        4,
        5
      ],
      [
        0,
        2,
        3,
        4,
        5,
        6
      ]
    ],
    "left": [
      [
        6
      ],
      [
        0,
        3,
        4,
        5,
        6
      ],
      [
        0,
        1,
        3,
        4,
        5,
        6
      ],
      [
        0,
        4,
        6
      ],
      [
        0,
        6
      ],
      [
        0,
        3,
        4,
        6
      ],
      [],
      [
        0,
        1,
        2,
        3,
        4,
        5,
        6
      ]
    ],
    "right": [
      [
        1,
        2,
        3,
        4,
        5,
        7
      ],
      [
        2,
        7
      ],
      [
        7
      ],
      [
        1,
        2,
        5,
        7
      ],
      [
        1,
        2,
        3,
        5,
        7
      ],
      [
        1,
        2,
        7
      ],
      [
        0,
        1,
        2,
        3,
        4,
        5,
        7
      ],
      []
    ],
    "behind": [
      [
        1,
        7
      ],
      [],
      [
        0,
        1,
        7
      ],
      [
        0,
        1,
        2,
        6,
        7
      ],
      [
        0,
        1,
        2,
        3,
        5,
        6,
        7
      ],
      [
        0,
        1,
        2,
        3,
        6,
        7
      ],
      [
        0,
        1,
        2,
        7
      ],
      [
        1
      ]
    ]
  },
  "image_index": 195,
  "directions": {
    "above": [
      0.0,
      0.0,
      1.0
    ],
    "front": [
      0.754490315914154,
      -0.6563112735748291,
      -0.0
    ],
    "behind": [
      -0.754490315914154,
      0.6563112735748291,
      0.0
    ],
    "right": [
      0.6563112735748291,
      0.7544902563095093,
      -0.0
    ],
    "below": [
      -0.0,
      -0.0,
      -1.0
    ],
    "left": [
      -0.6563112735748291,
      -0.7544902563095093,
      0.0
    ]
  },
  "split": "new",
  "objects": [
    {
      "shape": "cylinder",
      "material": "rubber",
      "pixel_coords": [
        97,
        107,
        11.353128433227539
      ],
      "rotation": 336.7439831066602,
      "3d_coords": [
        -1.6251468658447266,
        -1.285408616065979,
        0.3499999940395355
      ],
      "color": "gray",
      "size": "small"
    },
    {
      "shape": "cube",
      "material": "rubber",
      "pixel_coords": [
        191,
        82,
        13.298008918762207
      ],
      "rotation": 242.41632161951924,
      "3d_coords": [
        -0.9391949772834778,
        2.5622177124023438,
        0.3499999940395355
      ],
      "color": "gray",
      "size": "small"
    },
    {
      "shape": "sphere",
      "material": "rubber",
      "pixel_coords": [
        229,
        110,
        11.103645324707031
      ],
      "rotation": 333.24400222266706,
      "3d_coords": [
        1.5281941890716553,
        1.5720491409301758,
        0.3499999940395355
      ],
      "color": "red",
      "size": "small"
    },
    {
      "shape": "cylinder",
      "material": "rubber",
      "pixel_coords": [
        159,
        117,
        9.885560989379883
      ],
      "rotation": 88.77548318031305,
      "3d_coords": [
        0.841637909412384,
        -0.8473135828971863,
        0.699999988079071
      ],
      "color": "green",
      "size": "large"
    },
    {
      "shape": "cylinder",
      "material": "rubber",
      "pixel_coords": [
        136,
        161,
        8.526466369628906
      ],
      "rotation": 85.7523735973331,
      "3d_coords": [
        1.674105167388916,
        -2.435908794403076,
        0.3499999940395355
      ],
      "color": "purple",
      "size": "small"
    },
    {
      "shape": "cube",
      "material": "rubber",
      "pixel_coords": [
        192,
        146,
        9.175058364868164
      ],
      "rotation": 322.4771586154079,
      "3d_coords": [
        2.145402669906616,
        -0.9020267128944397,
        0.3499999940395355
      ],
      "color": "green",
      "size": "small"
    },
    {
      "shape": "cube",
      "material": "rubber",
      "pixel_coords": [
        45,
        110,
        10.320427894592285
      ],
      "rotation": 25.86831527473808,
      "3d_coords": [
        -1.8496335744857788,
        -2.9279112815856934,
        0.699999988079071
      ],
      "color": "purple",
      "size": "large"
    },
    {
      "shape": "sphere",
      "material": "rubber",
      "pixel_coords": [
        251,
        88,
        11.847455024719238
      ],
      "rotation": 253.43855949590395,
      "3d_coords": [
        1.4286179542541504,
        2.9254467487335205,
        0.699999988079071
      ],
      "color": "blue",
      "size": "large"
    }
  ]
}