{
  "image_filename": "CLEVR_new_000388.png",
  "relationships": {
    "front": [
      [
        1,
        3,
        4,
        5,
        6
      ],
      [
        4,
        5,
        6
      ],
      [
        0,
        1,
        3,
        4,
        5,
        6
      ],
      [
        1,
        4,
        5,
        6
      ],
      [
        6
      ],
      [
        4,
        6
      ],
      [],
      [
        0,
        1,
        2,
        3,
        4,
        5,
        6
      ]
    ],
    "left": [
      [
        1,
        2,
        3,
        4,
        6,
        7
      ],
      [
        2,
        3,
        4,
        6,
        7
      ],
      [
        3
      ],
      [],
      [
        2,
        3
      ],
      [
        0,
        1,
        2,
        3,
        4,
        6,
        7
      ],
      [
        2,
        3,
        4
      ],
      [
        2,
        3,
        4,
        6
      ]
    ],
    "right": [
      [
        5
      ],
      [
        0,
        5
      ],
      [
        0,
        1,
        4,
        5,
        6,
        7
      ],
      [
        0,
        1,
        2,
        4,
        5,
        6,
        7
      ],
      [
        0,
        1,
        5,
        6,
        7
      ],
      [],
      [
        0,
        1,
        5,
        7
      ],
      [
        0,
        1,
        5
      ]
    ],
    "behind": [
      [
        2,
        7
      ],
      [
        0,
        2,
        3,
        7
      ],
      [
        7
      ],
      [
        0,
        2,
        7
      ],
      [
        0,
        1,
        2,
        3,
        5,
        7
      ],
      [
        0,
        1,
        2,
        3,
        7
      ],
      [
        0,
        1,
        2,
        3,
        4,
        5,
        7
      ],
      []
    ]
  },
  "image_index": 388,
  "directions": {
    "above": [
      0.0,
      0.0,
      1.0
    ],
    "front": [
      0.754490315914154,
      -0.6563112735748291,
      -0.0
    ],
    "behind": [
      -0.754490315914154,
      0.6563112735748291,
      0.0
    ],
    "right": [
      0.6563112735748291,
      0.7544902563095093,
      -0.0
    ],
    "below": [
      -0.0,
      -0.0,
      -1.0
    ],
    "left": [
      -0.6563112735748291,
      -0.7544902563095093,
      0.0
    ]
  },
  "split": "new",
  "objects": [
    {
      "shape": "cube",
      "material": "rubber",
      "pixel_coords": [
        203,
        77,
        13.099882125854492
      ],
      "rotation": 286.4079848338999,
      "3d_coords": [
        -0.4769818186759949,
        2.6108815670013428,
        0.699999988079071
      ],
      "color": "gray",
      "size": "large"
    },
    {
      "shape": "sphere",
      "material": "metal",
      "pixel_coords": [
        187,
        106,
        10.869779586791992
      ],
      "rotation": 68.32915034240584,
      "3d_coords": [
        0.8557177186012268,
        0.3401133120059967,
        0.699999988079071
      ],
      "color": "blue",
      "size": "large"
    },
    {
      "shape": "sphere",
      "material": "metal",
      "pixel_coords": [
        126,
        72,
        13.605298042297363
      ],
      "rotation": 261.53708598451425,
      "3d_coords": [
        -2.8824174404144287,
        0.8380183577537537,
        0.699999988079071
      ],
      "color": "red",
      "size": "large"
    },
    {
      "shape": "sphere",
      "material": "rubber",
      "pixel_coords": [
        92,
        101,
        11.169891357421875
      ],
      "rotation": 161.11453045641613,
      "3d_coords": [
        -1.4294047355651855,
        -1.6443809270858765,
        0.699999988079071
      ],
      "color": "green",
      "size": "large"
    },
    {
      "shape": "cube",
      "material": "metal",
      "pixel_coords": [
        133,
        145,
        9.487357139587402
      ],
      "rotation": 338.39722781593844,
      "3d_coords": [
        1.0894160270690918,
        -1.9829013347625732,
        0.3499999940395355
      ],
      "color": "blue",
      "size": "small"
    },
    {
      "shape": "sphere",
      "material": "metal",
      "pixel_coords": [
        241,
        122,
        9.920473098754883
      ],
      "rotation": 213.9971002562623,
      "3d_coords": [
        2.644552707672119,
        0.7019398808479309,
        0.699999988079071
      ],
      "color": "red",
      "size": "large"
    },
    {
      "shape": "cube",
      "material": "metal",
      "pixel_coords": [
        157,
        188,
        7.890669345855713
      ],
      "rotation": 357.838800547613,
      "3d_coords": [
        2.8591232299804688,
        -2.7217936515808105,
        0.3499999940395355
      ],
      "color": "gray",
      "size": "small"
    },
    {
      "shape": "sphere",
      "material": "metal",
      "pixel_coords": [
        164,
        61,
        14.833683967590332
      ],
      "rotation": 298.947342591004,
      "3d_coords": [
        -2.892302989959717,
        2.8763785362243652,
        0.699999988079071
      ],
      "color": "brown",
      "size": "large"
    }
  ]
}