{
  "image_filename": "CLEVR_new_000310.png",
  "relationships": {
    "front": [
      [
        3,
        5,
        6,
        7
      ],
      [
        0,
        3,
        5,
        6,
        7
      ],
      [
        0,
        1,
        3,
        5,
        6,
        7
      ],
      [],
      [
        0,
        1,
        2,
        3,
        5,
        6,
        7
      ],
      [
        3,
        6,
        7
      ],
      [
        3,
        7
      ],
      [
        3
      ]
    ],
    "left": [
      [
        1,
        2,
        3,
        4,
        5,
        6,
        7
      ],
      [],
      [
        1,
        3,
        4,
        6
      ],
      [
        1,
        4,
        6
      ],
      [
        1,
        6
      ],
      [
        1,
        2,
        3,
        4,
        6
      ],
      [
        1
      ],
      [
        1,
        2,
        3,
        4,
        5,
        6
      ]
    ],
    "right": [
      [],
      [
        0,
        2,
        3,
        4,
        5,
        6,
        7
      ],
      [
        0,
        5,
        7
      ],
      [
        0,
        2,
        5,
        7
      ],
      [
        0,
        2,
        3,
        5,
        7
      ],
      [
        0,
        7
      ],
      [
        0,
        2,
        3,
        4,
        5,
        7
      ],
      [
        0
      ]
    ],
    "behind": [
      [
        1,
        2,
        4
      ],
      [
        2,
        4
      ],
      [
        4
      ],
      [
        0,
        1,
        2,
        4,
        5,
        6,
        7
      ],
      [],
      [
        0,
        1,
        2,
        4
      ],
      [
        0,
        1,
        2,
        4,
        5
      ],
      [
        0,
        1,
        2,
        4,
        5,
        6
      ]
    ]
  },
  "image_index": 310,
  "directions": {
    "above": [
      0.0,
      0.0,
      1.0
    ],
    "front": [
      0.754490315914154,
      -0.6563112735748291,
      -0.0
    ],
    "behind": [
      -0.754490315914154,
      0.6563112735748291,
      0.0
    ],
    "right": [
      0.6563112735748291,
      0.7544902563095093,
      -0.0
    ],
    "below": [
      -0.0,
      -0.0,
      -1.0
    ],
    "left": [
      -0.6563112735748291,
      -0.7544902563095093,
      0.0
    ]
  },
  "split": "new",
  "objects": [
    {
      "shape": "cylinder",
      "material": "metal",
      "pixel_coords": [
        235,
        121,
        10.199039459228516
      ],
      "rotation": 20.274106880428874,
      "3d_coords": [
        1.9598326683044434,
        1.1885513067245483,
        0.3499999940395355
      ],
      "color": "purple",
      "size": "small"
    },
    {
      "shape": "cylinder",
      "material": "rubber",
      "pixel_coords": [
        74,
        93,
        11.032547950744629
      ],
      "rotation": 213.2062704442048,
      "3d_coords": [
        -2.148707628250122,
        -1.7194241285324097,
        0.699999988079071
      ],
      "color": "gray",
      "size": "large"
    },
    {
      "shape": "cylinder",
      "material": "metal",
      "pixel_coords": [
        165,
        86,
        11.510759353637695
      ],
      "rotation": 343.9376895612784,
      "3d_coords": [
        -0.6735434532165527,
        0.7942320704460144,
        0.699999988079071
      ],
      "color": "purple",
      "size": "large"
    },
    {
      "shape": "cylinder",
      "material": "metal",
      "pixel_coords": [
        135,
        161,
        7.969382286071777
      ],
      "rotation": 233.5112260174604,
      "3d_coords": [
        1.9215196371078491,
        -2.447976589202881,
        0.699999988079071
      ],
      "color": "purple",
      "size": "large"
    },
    {
      "shape": "cube",
      "material": "metal",
      "pixel_coords": [
        128,
        68,
        12.925407409667969
      ],
      "rotation": 259.5404744950872,
      "3d_coords": [
        -2.7791383266448975,
        0.8738746643066406,
        0.699999988079071
      ],
      "color": "gray",
      "size": "large"
    },
    {
      "shape": "cylinder",
      "material": "metal",
      "pixel_coords": [
        184,
        123,
        9.424015045166016
      ],
      "rotation": 23.12141678920654,
      "3d_coords": [
        1.4590721130371094,
        -0.4300185739994049,
        0.699999988079071
      ],
      "color": "red",
      "size": "large"
    },
    {
      "shape": "cylinder",
      "material": "metal",
      "pixel_coords": [
        72,
        133,
        8.9712495803833
      ],
      "rotation": 153.4233651429673,
      "3d_coords": [
        -0.05499941110610962,
        -2.9434173107147217,
        0.699999988079071
      ],
      "color": "red",
      "size": "large"
    },
    {
      "shape": "sphere",
      "material": "metal",
      "pixel_coords": [
        220,
        161,
        8.53940200805664
      ],
      "rotation": 10.028289742105416,
      "3d_coords": [
        2.9257619380950928,
        -0.6154107451438904,
        0.3499999940395355
      ],
      "color": "red",
      "size": "small"
    }
  ]
}