{
  "split": "new",
  "directions": {
    "below": [
      -0.0,
      -0.0,
      -1.0
    ],
    "right": [
      0.6563112735748291,
      0.7544902563095093,
      -0.0
    ],
    "left": [
      -0.6563112735748291,
      -0.7544902563095093,
      0.0
    ],
    "behind": [
      -0.754490315914154,
      0.6563112735748291,
      0.0
    ],
    "front": [
      0.754490315914154,
      -0.6563112735748291,
      -0.0
    ],
    "above": [
      0.0,
      0.0,
      1.0
    ]
  },
  "relationships": {
    "left": [
      [
        1,
        2,
        3,
        4,
        5,
        6,
        7
      ],
      [
        2,
        3,
        4,
        5,
        6,
        7
      ],
      [],
      [
        2,
        4,
        5,
        7
      ],
      [
        2
      ],
      [
        2,
        4,
        7
      ],
      [
        2,
        3,
        4,
        5,
        7
      ],
      [
        2,
        4
      ]
    ],
    "behind": [
      [
        4,
        6
      ],
      [
        0,
        2,
        3,
        4,
        6
      ],
      [
        0,
        3,
        4,
        6
      ],
      [
        0,
        4,
        6
      ],
      [
        6
      ],
      [
        0,
        1,
        2,
        3,
        4,
        6
      ],
      [],
      [
        0,
        1,
        2,
        3,
        4,
        5,
        6
      ]
    ],
    "front": [
      [
        1,
        2,
        3,
        5,
        7
      ],
      [
        5,
        7
      ],
      [
        1,
        5,
        7
      ],
      [
        1,
        2,
        5,
        7
      ],
      [
        0,
        1,
        2,
        3,
        5,
        7
      ],
      [
        7
      ],
      [
        0,
        1,
        2,
        3,
        4,
        5,
        7
      ],
      []
    ],
    "right": [
      [],
      [
        0
      ],
      [
        0,
        1,
        3,
        4,
        5,
        6,
        7
      ],
      [
        0,
        1,
        6
      ],
      [
        0,
        1,
        3,
        5,
        6,
        7
      ],
      [
        0,
        1,
        3,
        6
      ],
      [
        0,
        1
      ],
      [
        0,
        1,
        3,
        5,
        6
      ]
    ]
  },
  "objects": [
    {
      "pixel_coords": [
        227,
        93,
        12.787623405456543
      ],
      "color": "gray",
      "material": "rubber",
      "size": "small",
      "shape": "cube",
      "3d_coords": [
        0.5867248177528381,
        2.782258987426758,
        0.3499999940395355
      ],
      "rotation": 133.14880073411302
    },
    {
      "pixel_coords": [
        224,
        126,
        10.684593200683594
      ],
      "color": "green",
      "material": "rubber",
      "size": "small",
      "shape": "cube",
      "3d_coords": [
        2.0411276817321777,
        0.7918511629104614,
        0.3499999940395355
      ],
      "rotation": 302.882329165862
    },
    {
      "pixel_coords": [
        101,
        115,
        11.27450180053711
      ],
      "color": "yellow",
      "material": "metal",
      "size": "small",
      "shape": "sphere",
      "3d_coords": [
        -1.0414851903915405,
        -1.6272093057632446,
        0.3499999940395355
      ],
      "rotation": 339.3734624772455
    },
    {
      "pixel_coords": [
        174,
        99,
        11.489208221435547
      ],
      "color": "brown",
      "material": "rubber",
      "size": "large",
      "shape": "cylinder",
      "3d_coords": [
        0.2025669813156128,
        0.4203391373157501,
        0.699999988079071
      ],
      "rotation": 283.5195683223108
    },
    {
      "pixel_coords": [
        127,
        77,
        13.145875930786133
      ],
      "color": "gray",
      "material": "rubber",
      "size": "large",
      "shape": "sphere",
      "3d_coords": [
        -2.3293068408966064,
        0.44523149728775024,
        0.699999988079071
      ],
      "rotation": 269.5861069609268
    },
    {
      "pixel_coords": [
        157,
        149,
        9.5683012008667
      ],
      "color": "brown",
      "material": "rubber",
      "size": "small",
      "shape": "sphere",
      "3d_coords": [
        1.641418695449829,
        -1.5689891576766968,
        0.3499999940395355
      ],
      "rotation": 4.731952905289454
    },
    {
      "pixel_coords": [
        196,
        71,
        13.676477432250977
      ],
      "color": "red",
      "material": "metal",
      "size": "large",
      "shape": "cylinder",
      "3d_coords": [
        -1.014491319656372,
        2.819535970687866,
        0.699999988079071
      ],
      "rotation": 55.34214202906691
    },
    {
      "pixel_coords": [
        134,
        174,
        8.649721145629883
      ],
      "color": "yellow",
      "material": "metal",
      "size": "small",
      "shape": "cube",
      "3d_coords": [
        2.039722204208374,
        -2.7021615505218506,
        0.3499999940395355
      ],
      "rotation": 165.71046660259083
    }
  ],
  "image_filename": "CLEVR_new_000751.png",
  "image_index": 751
}