{
  "image_filename": "CLEVR_new_000475.png",
  "relationships": {
    "front": [
      [
        1,
        3,
        4,
        5,
        6,
        7
      ],
      [
        7
      ],
      [
        0,
        1,
        3,
        4,
        5,
        6,
        7
      ],
      [
        1,
        5,
        6,
        7
      ],
      [
        1,
        3,
        5,
        6,
        7
      ],
      [
        1,
        7
      ],
      [
        1,
        5,
        7
      ],
      []
    ],
    "left": [
      [
        1,
        2,
        3,
        5,
        6,
        7
      ],
      [
        3,
        6
      ],
      [
        1,
        3,
        6
      ],
      [],
      [
        0,
        1,
        2,
        3,
        5,
        6,
        7
      ],
      [
        1,
        2,
        3,
        6,
        7
      ],
      [
        3
      ],
      [
        1,
        2,
        3,
        6
      ]
    ],
    "right": [
      [
        4
      ],
      [
        0,
        2,
        4,
        5,
        7
      ],
      [
        0,
        4,
        5,
        7
      ],
      [
        0,
        1,
        2,
        4,
        5,
        6,
        7
      ],
      [],
      [
        0,
        4
      ],
      [
        0,
        1,
        2,
        4,
        5,
        7
      ],
      [
        0,
        4,
        5
      ]
    ],
    "behind": [
      [
        2
      ],
      [
        0,
        2,
        3,
        4,
        5,
        6
      ],
      [],
      [
        0,
        2,
        4
      ],
      [
        0,
        2
      ],
      [
        0,
        2,
        3,
        4,
        6
      ],
      [
        0,
        2,
        3,
        4
      ],
      [
        0,
        1,
        2,
        3,
        4,
        5,
        6
      ]
    ]
  },
  "image_index": 475,
  "directions": {
    "above": [
      0.0,
      0.0,
      1.0
    ],
    "front": [
      0.754490315914154,
      -0.6563112735748291,
      -0.0
    ],
    "behind": [
      -0.754490315914154,
      0.6563112735748291,
      0.0
    ],
    "right": [
      0.6563112735748291,
      0.7544902563095093,
      -0.0
    ],
    "below": [
      -0.0,
      -0.0,
      -1.0
    ],
    "left": [
      -0.6563112735748291,
      -0.7544902563095093,
      0.0
    ]
  },
  "split": "new",
  "objects": [
    {
      "shape": "cube",
      "material": "rubber",
      "pixel_coords": [
        218,
        92,
        11.670222282409668
      ],
      "rotation": 164.2040969353797,
      "3d_coords": [
        0.7893335223197937,
        1.8973643779754639,
        0.699999988079071
      ],
      "color": "gray",
      "size": "large"
    },
    {
      "shape": "cube",
      "material": "rubber",
      "pixel_coords": [
        119,
        157,
        8.71084213256836
      ],
      "rotation": 40.5180782915214,
      "3d_coords": [
        1.434942603111267,
        -2.6200945377349854,
        0.3499999940395355
      ],
      "color": "gray",
      "size": "small"
    },
    {
      "shape": "cylinder",
      "material": "rubber",
      "pixel_coords": [
        154,
        76,
        13.173482894897461
      ],
      "rotation": 323.36470837124364,
      "3d_coords": [
        -1.9064793586730957,
        1.3674659729003906,
        0.699999988079071
      ],
      "color": "purple",
      "size": "large"
    },
    {
      "shape": "cylinder",
      "material": "metal",
      "pixel_coords": [
        70,
        121,
        10.529025077819824
      ],
      "rotation": 40.97830662187492,
      "3d_coords": [
        -1.1910510063171387,
        -2.5394227504730225,
        0.3499999940395355
      ],
      "color": "gray",
      "size": "small"
    },
    {
      "shape": "cylinder",
      "material": "metal",
      "pixel_coords": [
        260,
        115,
        10.926321983337402
      ],
      "rotation": 307.4467234302578,
      "3d_coords": [
        2.3129384517669678,
        2.1151211261749268,
        0.3499999940395355
      ],
      "color": "red",
      "size": "small"
    },
    {
      "shape": "cylinder",
      "material": "metal",
      "pixel_coords": [
        217,
        146,
        9.184633255004883
      ],
      "rotation": 288.2750198282365,
      "3d_coords": [
        2.6920619010925293,
        -0.39147040247917175,
        0.3499999940395355
      ],
      "color": "gray",
      "size": "small"
    },
    {
      "shape": "sphere",
      "material": "rubber",
      "pixel_coords": [
        105,
        138,
        9.583816528320312
      ],
      "rotation": 180.63308628499385,
      "3d_coords": [
        0.39272594451904297,
        -2.3327713012695312,
        0.3499999940395355
      ],
      "color": "green",
      "size": "small"
    },
    {
      "shape": "cylinder",
      "material": "metal",
      "pixel_coords": [
        178,
        158,
        8.020672798156738
      ],
      "rotation": 222.34606800769643,
      "3d_coords": [
        2.826887607574463,
        -1.9413843154907227,
        0.699999988079071
      ],
      "color": "yellow",
      "size": "large"
    }
  ]
}