{
  "split": "new",
  "directions": {
    "below": [
      -0.0,
      -0.0,
      -1.0
    ],
    "right": [
      0.6563112735748291,
      0.7544902563095093,
      -0.0
    ],
    "left": [
      -0.6563112735748291,
      -0.7544902563095093,
      0.0
    ],
    "behind": [
      -0.754490315914154,
      0.6563112735748291,
      0.0
    ],
    "front": [
      0.754490315914154,
      -0.6563112735748291,
      -0.0
    ],
    "above": [
      0.0,
      0.0,
      1.0
    ]
  },
  "relationships": {
    "left": [
      [
        1,
        3,
        6,
        7
      ],
      [
        6,
        7
      ],
      [
        0,
        1,
        3,
        5,
        6,
        7
      ],
      [
        1,
        6,
        7
      ],
      [
        0,
        1,
        2,
        3,
        5,
        6,
        7
      ],
      [
        0,
        1,
        3,
        6,
        7
      ],
      [
        7
      ],
      []
    ],
    "behind": [
      [
        1,
        4
      ],
      [],
      [
        0,
        1,
        4,
        5,
        7
      ],
      [
        0,
        1,
        2,
        4,
        5,
        6,
        7
      ],
      [
        1
      ],
      [
        0,
        1,
        4,
        7
      ],
      [
        0,
        1,
        2,
        4,
        5,
        7
      ],
      [
        0,
        1,
        4
      ]
    ],
    "front": [
      [
        2,
        3,
        5,
        6,
        7
      ],
      [
        0,
        2,
        3,
        4,
        5,
        6,
        7
      ],
      [
        3,
        6
      ],
      [],
      [
        0,
        2,
        3,
        5,
        6,
        7
      ],
      [
        2,
        3,
        6
      ],
      [
        3
      ],
      [
        2,
        3,
        5,
        6
      ]
    ],
    "right": [
      [
        2,
        4,
        5
      ],
      [
        0,
        2,
        3,
        4,
        5
      ],
      [
        4
      ],
      [
        0,
        2,
        4,
        5
      ],
      [],
      [
        2,
        4
      ],
      [
        0,
        1,
        2,
        3,
        4,
        5
      ],
      [
        0,
        1,
        2,
        3,
        4,
        5,
        6
      ]
    ]
  },
  "objects": [
    {
      "pixel_coords": [
        156,
        89,
        11.541902542114258
      ],
      "color": "blue",
      "material": "metal",
      "size": "large",
      "shape": "cylinder",
      "3d_coords": [
        -0.7178419828414917,
        0.5177549123764038,
        0.699999988079071
      ],
      "rotation": 224.09005745649424
    },
    {
      "pixel_coords": [
        112,
        72,
        12.877732276916504
      ],
      "color": "green",
      "material": "rubber",
      "size": "large",
      "shape": "sphere",
      "3d_coords": [
        -2.962562084197998,
        0.38462957739830017,
        0.699999988079071
      ],
      "rotation": 83.9722394739177
    },
    {
      "pixel_coords": [
        223,
        126,
        10.084415435791016
      ],
      "color": "blue",
      "material": "metal",
      "size": "small",
      "shape": "cube",
      "3d_coords": [
        1.9656298160552979,
        0.6283136606216431,
        0.3499999940395355
      ],
      "rotation": 297.44386686964873
    },
    {
      "pixel_coords": [
        144,
        152,
        8.892569541931152
      ],
      "color": "yellow",
      "material": "metal",
      "size": "small",
      "shape": "cylinder",
      "3d_coords": [
        1.4113703966140747,
        -1.9105979204177856,
        0.3499999940395355
      ],
      "rotation": 105.17679461277504
    },
    {
      "pixel_coords": [
        220,
        88,
        12.486637115478516
      ],
      "color": "red",
      "material": "metal",
      "size": "small",
      "shape": "cylinder",
      "3d_coords": [
        0.20281195640563965,
        2.7522876262664795,
        0.3499999940395355
      ],
      "rotation": 227.77611057973758
    },
    {
      "pixel_coords": [
        194,
        116,
        10.604636192321777
      ],
      "color": "purple",
      "material": "rubber",
      "size": "small",
      "shape": "cube",
      "3d_coords": [
        0.9996578693389893,
        0.4810594916343689,
        0.3499999940395355
      ],
      "rotation": 13.06941711771997
    },
    {
      "pixel_coords": [
        84,
        143,
        9.299297332763672
      ],
      "color": "green",
      "material": "metal",
      "size": "small",
      "shape": "cube",
      "3d_coords": [
        -0.04188137874007225,
        -2.7512245178222656,
        0.3499999940395355
      ],
      "rotation": 343.2818680445787
    },
    {
      "pixel_coords": [
        40,
        109,
        11.01424789428711
      ],
      "color": "yellow",
      "material": "metal",
      "size": "small",
      "shape": "sphere",
      "3d_coords": [
        -2.669832468032837,
        -2.658296823501587,
        0.3499999940395355
      ],
      "rotation": 245.81763852425195
    }
  ],
  "image_filename": "CLEVR_new_000805.png",
  "image_index": 805
}