{
  "split": "new",
  "directions": {
    "below": [
      -0.0,
      -0.0,
      -1.0
    ],
    "right": [
      0.6563112735748291,
      0.7544902563095093,
      -0.0
    ],
    "left": [
      -0.6563112735748291,
      -0.7544902563095093,
      0.0
    ],
    "behind": [
      -0.754490315914154,
      0.6563112735748291,
      0.0
    ],
    "front": [
      0.754490315914154,
      -0.6563112735748291,
      -0.0
    ],
    "above": [
      0.0,
      0.0,
      1.0
    ]
  },
  "relationships": {
    "left": [
      [
        5,
        6,
        7
      ],
      [
        0,
        3,
        5,
        6,
        7
      ],
      [
        0,
        1,
        3,
        4,
        5,
        6,
        7
      ],
      [
        0,
        5,
        6,
        7
      ],
      [
        0,
        1,
        3,
        5,
        6,
        7
      ],
      [
        6
      ],
      [],
      [
        5,
        6
      ]
    ],
    "behind": [
      [],
      [
        0,
        4,
        6,
        7
      ],
      [
        0,
        1,
        4,
        6,
        7
      ],
      [
        0,
        1,
        2,
        4,
        6,
        7
      ],
      [
        0
      ],
      [
        0,
        1,
        2,
        3,
        4,
        6,
        7
      ],
      [
        0,
        4
      ],
      [
        0,
        4,
        6
      ]
    ],
    "front": [
      [
        1,
        2,
        3,
        4,
        5,
        6,
        7
      ],
      [
        2,
        3,
        5
      ],
      [
        3,
        5
      ],
      [
        5
      ],
      [
        1,
        2,
        3,
        5,
        6,
        7
      ],
      [],
      [
        1,
        2,
        3,
        5,
        7
      ],
      [
        1,
        2,
        3,
        5
      ]
    ],
    "right": [
      [
        1,
        2,
        3,
        4
      ],
      [
        2,
        4
      ],
      [],
      [
        1,
        2,
        4
      ],
      [
        2
      ],
      [
        0,
        1,
        2,
        3,
        4,
        7
      ],
      [
        0,
        1,
        2,
        3,
        4,
        5,
        7
      ],
      [
        0,
        1,
        2,
        3,
        4
      ]
    ]
  },
  "objects": [
    {
      "pixel_coords": [
        161,
        89,
        12.862061500549316
      ],
      "color": "blue",
      "material": "metal",
      "size": "small",
      "shape": "cube",
      "3d_coords": [
        -1.347952961921692,
        1.1614423990249634,
        0.3499999940395355
      ],
      "rotation": 147.06127075822215
    },
    {
      "pixel_coords": [
        201,
        120,
        10.695440292358398
      ],
      "color": "green",
      "material": "rubber",
      "size": "small",
      "shape": "sphere",
      "3d_coords": [
        1.301344633102417,
        0.5299414992332458,
        0.3499999940395355
      ],
      "rotation": 112.67054077080685
    },
    {
      "pixel_coords": [
        258,
        117,
        10.06102180480957
      ],
      "color": "red",
      "material": "metal",
      "size": "large",
      "shape": "cylinder",
      "3d_coords": [
        2.721869707107544,
        1.403078317642212,
        0.699999988079071
      ],
      "rotation": 175.40202345785198
    },
    {
      "pixel_coords": [
        182,
        139,
        9.682755470275879
      ],
      "color": "yellow",
      "material": "rubber",
      "size": "small",
      "shape": "cylinder",
      "3d_coords": [
        1.768129587173462,
        -0.6920589208602905,
        0.3499999940395355
      ],
      "rotation": 228.41456641559694
    },
    {
      "pixel_coords": [
        228,
        86,
        12.207425117492676
      ],
      "color": "yellow",
      "material": "metal",
      "size": "large",
      "shape": "cube",
      "3d_coords": [
        0.58579421043396,
        2.615539073944092,
        0.699999988079071
      ],
      "rotation": 169.85655425122104
    },
    {
      "pixel_coords": [
        110,
        167,
        8.468260765075684
      ],
      "color": "gray",
      "material": "rubber",
      "size": "small",
      "shape": "cube",
      "3d_coords": [
        1.6683518886566162,
        -2.9499635696411133,
        0.3499999940395355
      ],
      "rotation": 10.014270339135813
    },
    {
      "pixel_coords": [
        109,
        90,
        11.850625991821289
      ],
      "color": "brown",
      "material": "rubber",
      "size": "large",
      "shape": "cylinder",
      "3d_coords": [
        -1.734309196472168,
        -0.7998037934303284,
        0.699999988079071
      ],
      "rotation": 14.507260308293755
    },
    {
      "pixel_coords": [
        146,
        106,
        11.601841926574707
      ],
      "color": "brown",
      "material": "metal",
      "size": "small",
      "shape": "cube",
      "3d_coords": [
        -0.5821287631988525,
        -0.1370796412229538,
        0.3499999940395355
      ],
      "rotation": 140.1008551990184
    }
  ],
  "image_filename": "CLEVR_new_000898.png",
  "image_index": 898
}