{
  "image_filename": "CLEVR_new_000463.png",
  "relationships": {
    "front": [
      [
        1,
        4,
        5
      ],
      [
        4,
        5
      ],
      [
        0,
        1,
        3,
        4,
        5,
        7
      ],
      [
        0,
        1,
        4,
        5
      ],
      [
        5
      ],
      [],
      [
        0,
        1,
        2,
        3,
        4,
        5,
        7
      ],
      [
        0,
        1,
        3,
        4,
        5
      ]
    ],
    "left": [
      [
        1,
        2,
        3,
        4,
        5,
        6,
        7
      ],
      [
        7
      ],
      [
        1,
        3,
        4,
        5,
        6,
        7
      ],
      [
        1,
        5,
        7
      ],
      [
        1,
        3,
        5,
        6,
        7
      ],
      [
        1,
        7
      ],
      [
        1,
        3,
        5,
        7
      ],
      []
    ],
    "right": [
      [],
      [
        0,
        2,
        3,
        4,
        5,
        6
      ],
      [
        0
      ],
      [
        0,
        2,
        4,
        6
      ],
      [
        0,
        2
      ],
      [
        0,
        2,
        3,
        4,
        6
      ],
      [
        0,
        2,
        4
      ],
      [
        0,
        1,
        2,
        3,
        4,
        5,
        6
      ]
    ],
    "behind": [
      [
        2,
        3,
        6,
        7
      ],
      [
        0,
        2,
        3,
        6,
        7
      ],
      [
        6
      ],
      [
        2,
        6,
        7
      ],
      [
        0,
        1,
        2,
        3,
        6,
        7
      ],
      [
        0,
        1,
        2,
        3,
        4,
        6,
        7
      ],
      [],
      [
        2,
        6
      ]
    ]
  },
  "image_index": 463,
  "directions": {
    "above": [
      0.0,
      0.0,
      1.0
    ],
    "front": [
      0.754490315914154,
      -0.6563112735748291,
      -0.0
    ],
    "behind": [
      -0.754490315914154,
      0.6563112735748291,
      0.0
    ],
    "right": [
      0.6563112735748291,
      0.7544902563095093,
      -0.0
    ],
    "below": [
      -0.0,
      -0.0,
      -1.0
    ],
    "left": [
      -0.6563112735748291,
      -0.7544902563095093,
      0.0
    ]
  },
  "split": "new",
  "objects": [
    {
      "shape": "sphere",
      "material": "metal",
      "pixel_coords": [
        260,
        130,
        9.834758758544922
      ],
      "rotation": 260.709241609446,
      "3d_coords": [
        2.6932013034820557,
        1.3741928339004517,
        0.3499999940395355
      ],
      "color": "red",
      "size": "small"
    },
    {
      "shape": "cube",
      "material": "metal",
      "pixel_coords": [
        75,
        131,
        9.158943176269531
      ],
      "rotation": 130.38203933039,
      "3d_coords": [
        -0.17851580679416656,
        -2.8065624237060547,
        0.699999988079071
      ],
      "color": "blue",
      "size": "large"
    },
    {
      "shape": "cube",
      "material": "metal",
      "pixel_coords": [
        211,
        85,
        12.331219673156738
      ],
      "rotation": 168.59341885139838,
      "3d_coords": [
        -0.16464464366436005,
        2.5297300815582275,
        0.3499999940395355
      ],
      "color": "gray",
      "size": "small"
    },
    {
      "shape": "cube",
      "material": "rubber",
      "pixel_coords": [
        144,
        103,
        10.484362602233887
      ],
      "rotation": 80.0428384020963,
      "3d_coords": [
        -0.19089743494987488,
        -0.46368446946144104,
        0.699999988079071
      ],
      "color": "purple",
      "size": "large"
    },
    {
      "shape": "cylinder",
      "material": "rubber",
      "pixel_coords": [
        189,
        145,
        8.603776931762695
      ],
      "rotation": 247.6336876931868,
      "3d_coords": [
        2.2515482902526855,
        -1.0013211965560913,
        0.699999988079071
      ],
      "color": "gray",
      "size": "large"
    },
    {
      "shape": "cylinder",
      "material": "metal",
      "pixel_coords": [
        119,
        173,
        8.249139785766602
      ],
      "rotation": 107.38793921196691,
      "3d_coords": [
        1.6156631708145142,
        -2.68391489982605,
        0.3499999940395355
      ],
      "color": "purple",
      "size": "small"
    },
    {
      "shape": "sphere",
      "material": "rubber",
      "pixel_coords": [
        163,
        66,
        13.863534927368164
      ],
      "rotation": 317.365836713581,
      "3d_coords": [
        -2.621257781982422,
        2.4317288398742676,
        0.3499999940395355
      ],
      "color": "purple",
      "size": "small"
    },
    {
      "shape": "cube",
      "material": "rubber",
      "pixel_coords": [
        52,
        103,
        11.194459915161133
      ],
      "rotation": 31.130370059339036,
      "3d_coords": [
        -2.617493152618408,
        -2.3105883598327637,
        0.3499999940395355
      ],
      "color": "brown",
      "size": "small"
    }
  ]
}