{
  "image_filename": "CLEVR_new_000118.png",
  "relationships": {
    "front": [
      [
        1,
        2,
        3,
        5,
        6,
        7
      ],
      [],
      [
        1
      ],
      [
        1,
        2,
        5,
        6
      ],
      [
        0,
        1,
        2,
        3,
        5,
        6,
        7
      ],
      [
        1,
        2
      ],
      [
        1,
        2,
        5
      ],
      [
        1,
        2,
        3,
        5,
        6
      ]
    ],
    "left": [
      [
        3,
        6
      ],
      [
        0,
        3,
        4,
        5,
        6
      ],
      [
        0,
        1,
        3,
        4,
        5,
        6,
        7
      ],
      [],
      [
        0,
        3,
        6
      ],
      [
        0,
        3,
        4,
        6
      ],
      [
        3
      ],
      [
        0,
        1,
        3,
        4,
        5,
        6
      ]
    ],
    "right": [
      [
        1,
        2,
        4,
        5,
        7
      ],
      [
        2,
        7
      ],
      [],
      [
        0,
        1,
        2,
        4,
        5,
        6,
        7
      ],
      [
        1,
        2,
        5,
        7
      ],
      [
        1,
        2,
        7
      ],
      [
        0,
        1,
        2,
        4,
        5,
        7
      ],
      [
        2
      ]
    ],
    "behind": [
      [
        4
      ],
      [
        0,
        2,
        3,
        4,
        5,
        6,
        7
      ],
      [
        0,
        3,
        4,
        5,
        6,
        7
      ],
      [
        0,
        4,
        7
      ],
      [],
      [
        0,
        3,
        4,
        6,
        7
      ],
      [
        0,
        3,
        4,
        7
      ],
      [
        0,
        4
      ]
    ]
  },
  "image_index": 118,
  "directions": {
    "above": [
      0.0,
      0.0,
      1.0
    ],
    "front": [
      0.754490315914154,
      -0.6563112735748291,
      -0.0
    ],
    "behind": [
      -0.754490315914154,
      0.6563112735748291,
      0.0
    ],
    "right": [
      0.6563112735748291,
      0.7544902563095093,
      -0.0
    ],
    "below": [
      -0.0,
      -0.0,
      -1.0
    ],
    "left": [
      -0.6563112735748291,
      -0.7544902563095093,
      0.0
    ]
  },
  "split": "new",
  "objects": [
    {
      "shape": "sphere",
      "material": "rubber",
      "pixel_coords": [
        145,
        84,
        13.533639907836914
      ],
      "rotation": 113.1858902180337,
      "3d_coords": [
        -2.2272589206695557,
        1.1758886575698853,
        0.3499999940395355
      ],
      "color": "brown",
      "size": "small"
    },
    {
      "shape": "cube",
      "material": "rubber",
      "pixel_coords": [
        216,
        128,
        9.448210716247559
      ],
      "rotation": 280.53341007601307,
      "3d_coords": [
        2.448103904724121,
        -0.11485543102025986,
        0.699999988079071
      ],
      "color": "purple",
      "size": "large"
    },
    {
      "shape": "cube",
      "material": "rubber",
      "pixel_coords": [
        264,
        109,
        10.551539421081543
      ],
      "rotation": 41.771531040044245,
      "3d_coords": [
        2.59179425239563,
        1.919983148574829,
        0.699999988079071
      ],
      "color": "green",
      "size": "large"
    },
    {
      "shape": "sphere",
      "material": "rubber",
      "pixel_coords": [
        98,
        94,
        12.568467140197754
      ],
      "rotation": 348.22539297967865,
      "3d_coords": [
        -2.5058083534240723,
        -0.7798004746437073,
        0.3499999940395355
      ],
      "color": "yellow",
      "size": "small"
    },
    {
      "shape": "cylinder",
      "material": "metal",
      "pixel_coords": [
        164,
        78,
        14.138132095336914
      ],
      "rotation": 114.84496530161609,
      "3d_coords": [
        -2.2447590827941895,
        2.1801607608795166,
        0.3499999940395355
      ],
      "color": "green",
      "size": "small"
    },
    {
      "shape": "cylinder",
      "material": "rubber",
      "pixel_coords": [
        178,
        109,
        11.446526527404785
      ],
      "rotation": 258.01301265798156,
      "3d_coords": [
        0.27997535467147827,
        0.5201914310455322,
        0.3499999940395355
      ],
      "color": "blue",
      "size": "small"
    },
    {
      "shape": "sphere",
      "material": "metal",
      "pixel_coords": [
        124,
        101,
        12.022082328796387
      ],
      "rotation": 335.4073658431359,
      "3d_coords": [
        -1.395917296409607,
        -0.4302936792373657,
        0.3499999940395355
      ],
      "color": "yellow",
      "size": "small"
    },
    {
      "shape": "cylinder",
      "material": "metal",
      "pixel_coords": [
        213,
        89,
        13.076729774475098
      ],
      "rotation": 202.90731092142187,
      "3d_coords": [
        -0.154769167304039,
        2.783179521560669,
        0.3499999940395355
      ],
      "color": "red",
      "size": "small"
    }
  ]
}