{
  "image_filename": "CLEVR_new_000338.png",
  "relationships": {
    "front": [
      [
        2,
        3,
        4,
        6
      ],
      [
        0,
        2,
        3,
        4,
        5,
        6
      ],
      [
        3,
        6
      ],
      [],
      [
        2,
        3,
        6
      ],
      [
        0,
        2,
        3,
        4,
        6
      ],
      [
        3
      ],
      [
        0,
        1,
        2,
        3,
        4,
        5,
        6
      ]
    ],
    "left": [
      [
        2,
        4,
        5
      ],
      [
        0,
        2,
        4,
        5,
        7
      ],
      [
        4
      ],
      [
        0,
        1,
        2,
        4,
        5,
        7
      ],
      [],
      [
        2,
        4
      ],
      [
        0,
        1,
        2,
        3,
        4,
        5,
        7
      ],
      [
        0,
        2,
        4,
        5
      ]
    ],
    "right": [
      [
        1,
        3,
        6,
        7
      ],
      [
        3,
        6
      ],
      [
        0,
        1,
        3,
        5,
        6,
        7
      ],
      [
        6
      ],
      [
        0,
        1,
        2,
        3,
        5,
        6,
        7
      ],
      [
        0,
        1,
        3,
        6,
        7
      ],
      [],
      [
        1,
        3,
        6
      ]
    ],
    "behind": [
      [
        1,
        5,
        7
      ],
      [
        7
      ],
      [
        0,
        1,
        4,
        5,
        7
      ],
      [
        0,
        1,
        2,
        4,
        5,
        6,
        7
      ],
      [
        0,
        1,
        5,
        7
      ],
      [
        1,
        7
      ],
      [
        0,
        1,
        2,
        4,
        5,
        7
      ],
      []
    ]
  },
  "image_index": 338,
  "directions": {
    "above": [
      0.0,
      0.0,
      1.0
    ],
    "front": [
      0.754490315914154,
      -0.6563112735748291,
      -0.0
    ],
    "behind": [
      -0.754490315914154,
      0.6563112735748291,
      0.0
    ],
    "right": [
      0.6563112735748291,
      0.7544902563095093,
      -0.0
    ],
    "below": [
      -0.0,
      -0.0,
      -1.0
    ],
    "left": [
      -0.6563112735748291,
      -0.7544902563095093,
      0.0
    ]
  },
  "split": "new",
  "objects": [
    {
      "shape": "cube",
      "material": "metal",
      "pixel_coords": [
        151,
        95,
        12.055763244628906
      ],
      "rotation": 56.86104059968462,
      "3d_coords": [
        -1.1410688161849976,
        0.5529152154922485,
        0.3499999940395355
      ],
      "color": "yellow",
      "size": "small"
    },
    {
      "shape": "cube",
      "material": "metal",
      "pixel_coords": [
        179,
        85,
        12.931559562683105
      ],
      "rotation": 330.50620979422337,
      "3d_coords": [
        -1.2523974180221558,
        1.9494543075561523,
        0.3499999940395355
      ],
      "color": "blue",
      "size": "small"
    },
    {
      "shape": "sphere",
      "material": "rubber",
      "pixel_coords": [
        96,
        112,
        10.81348991394043
      ],
      "rotation": 127.100858918625,
      "3d_coords": [
        -1.1432288885116577,
        -1.6212717294692993,
        0.3499999940395355
      ],
      "color": "blue",
      "size": "small"
    },
    {
      "shape": "sphere",
      "material": "rubber",
      "pixel_coords": [
        205,
        126,
        9.226214408874512
      ],
      "rotation": 222.67437260479406,
      "3d_coords": [
        2.1011998653411865,
        -0.20809927582740784,
        0.699999988079071
      ],
      "color": "purple",
      "size": "large"
    },
    {
      "shape": "cube",
      "material": "metal",
      "pixel_coords": [
        46,
        95,
        11.141081809997559
      ],
      "rotation": 276.60987116781325,
      "3d_coords": [
        -2.606048107147217,
        -2.5440948009490967,
        0.699999988079071
      ],
      "color": "blue",
      "size": "large"
    },
    {
      "shape": "cube",
      "material": "rubber",
      "pixel_coords": [
        127,
        90,
        12.508392333984375
      ],
      "rotation": 287.45530393520625,
      "3d_coords": [
        -2.081465482711792,
        0.2087499052286148,
        0.3499999940395355
      ],
      "color": "brown",
      "size": "small"
    },
    {
      "shape": "cylinder",
      "material": "rubber",
      "pixel_coords": [
        262,
        113,
        9.913944244384766
      ],
      "rotation": 103.8391231548369,
      "3d_coords": [
        2.6034648418426514,
        1.600512981414795,
        0.699999988079071
      ],
      "color": "red",
      "size": "large"
    },
    {
      "shape": "cube",
      "material": "metal",
      "pixel_coords": [
        165,
        71,
        14.450838088989258
      ],
      "rotation": 166.84488679549514,
      "3d_coords": [
        -2.8747501373291016,
        2.646505355834961,
        0.3499999940395355
      ],
      "color": "brown",
      "size": "small"
    }
  ]
}