{
  "image_filename": "CLEVR_new_000347.png",
  "relationships": {
    "front": [
      [
        1,
        2,
        4,
        5,
        6
      ],
      [
        2,
        4,
        5
      ],
      [
        4,
        5
      ],
      [
        0,
        1,
        2,
        4,
        5,
        6
      ],
      [
        5
      ],
      [],
      [
        1,
        2,
        4,
        5
      ],
      [
        0,
        1,
        2,
        3,
        4,
        5,
        6
      ]
    ],
    "left": [
      [
        1,
        2,
        3,
        4,
        5,
        6,
        7
      ],
      [
        2,
        4,
        5,
        6,
        7
      ],
      [],
      [
        1,
        2,
        4,
        5,
        6,
        7
      ],
      [
        2,
        5,
        6,
        7
      ],
      [
        2,
        6,
        7
      ],
      [
        2
      ],
      [
        2,
        6
      ]
    ],
    "right": [
      [],
      [
        0,
        3
      ],
      [
        0,
        1,
        3,
        4,
        5,
        6,
        7
      ],
      [
        0
      ],
      [
        0,
        1,
        3
      ],
      [
        0,
        1,
        3,
        4
      ],
      [
        0,
        1,
        3,
        4,
        5,
        7
      ],
      [
        0,
        1,
        3,
        4,
        5
      ]
    ],
    "behind": [
      [
        3,
        7
      ],
      [
        0,
        3,
        6,
        7
      ],
      [
        0,
        1,
        3,
        6,
        7
      ],
      [
        7
      ],
      [
        0,
        1,
        2,
        3,
        6,
        7
      ],
      [
        0,
        1,
        2,
        3,
        4,
        6,
        7
      ],
      [
        0,
        3,
        7
      ],
      []
    ]
  },
  "image_index": 347,
  "directions": {
    "above": [
      0.0,
      0.0,
      1.0
    ],
    "front": [
      0.754490315914154,
      -0.6563112735748291,
      -0.0
    ],
    "behind": [
      -0.754490315914154,
      0.6563112735748291,
      0.0
    ],
    "right": [
      0.6563112735748291,
      0.7544902563095093,
      -0.0
    ],
    "below": [
      -0.0,
      -0.0,
      -1.0
    ],
    "left": [
      -0.6563112735748291,
      -0.7544902563095093,
      0.0
    ]
  },
  "split": "new",
  "objects": [
    {
      "shape": "cylinder",
      "material": "rubber",
      "pixel_coords": [
        227,
        97,
        12.187263488769531
      ],
      "rotation": 348.95992284951404,
      "3d_coords": [
        0.6454276442527771,
        2.5170979499816895,
        0.3499999940395355
      ],
      "color": "blue",
      "size": "small"
    },
    {
      "shape": "cube",
      "material": "metal",
      "pixel_coords": [
        189,
        121,
        10.465800285339355
      ],
      "rotation": 124.81032854938705,
      "3d_coords": [
        1.154850959777832,
        0.15229962766170502,
        0.3499999940395355
      ],
      "color": "purple",
      "size": "small"
    },
    {
      "shape": "sphere",
      "material": "metal",
      "pixel_coords": [
        71,
        129,
        9.987692832946777
      ],
      "rotation": 89.06840006545254,
      "3d_coords": [
        -0.6373967528343201,
        -2.784285068511963,
        0.3499999940395355
      ],
      "color": "purple",
      "size": "small"
    },
    {
      "shape": "sphere",
      "material": "metal",
      "pixel_coords": [
        199,
        89,
        12.843391418457031
      ],
      "rotation": 235.18816470696132,
      "3d_coords": [
        -0.5097213387489319,
        2.285461664199829,
        0.3499999940395355
      ],
      "color": "red",
      "size": "small"
    },
    {
      "shape": "cube",
      "material": "rubber",
      "pixel_coords": [
        160,
        135,
        8.933880805969238
      ],
      "rotation": 44.48508191881815,
      "3d_coords": [
        1.7617303133010864,
        -1.5051411390304565,
        0.699999988079071
      ],
      "color": "purple",
      "size": "large"
    },
    {
      "shape": "sphere",
      "material": "metal",
      "pixel_coords": [
        140,
        174,
        7.419204235076904
      ],
      "rotation": 298.1290860838066,
      "3d_coords": [
        2.7738802433013916,
        -2.921031951904297,
        0.699999988079071
      ],
      "color": "gray",
      "size": "large"
    },
    {
      "shape": "cylinder",
      "material": "rubber",
      "pixel_coords": [
        96,
        99,
        11.069025993347168
      ],
      "rotation": 42.88319327902619,
      "3d_coords": [
        -1.3655471801757812,
        -1.5140951871871948,
        0.699999988079071
      ],
      "color": "gray",
      "size": "large"
    },
    {
      "shape": "cube",
      "material": "rubber",
      "pixel_coords": [
        124,
        73,
        13.363059997558594
      ],
      "rotation": 239.59925065331373,
      "3d_coords": [
        -2.8887739181518555,
        0.641772985458374,
        0.699999988079071
      ],
      "color": "purple",
      "size": "large"
    }
  ]
}