{
  "image_filename": "CLEVR_new_000150.png",
  "relationships": {
    "front": [
      [
        1,
        2,
        3,
        7
      ],
      [],
      [
        1,
        3,
        7
      ],
      [
        1,
        7
      ],
      [
        0,
        1,
        2,
        3,
        6,
        7
      ],
      [
        0,
        1,
        2,
        3,
        4,
        6,
        7
      ],
      [
        0,
        1,
        2,
        3,
        7
      ],
      [
        1
      ]
    ],
    "left": [
      [],
      [
        0,
        4,
        6,
        7
      ],
      [
        0,
        1,
        3,
        4,
        5,
        6,
        7
      ],
      [
        0,
        1,
        4,
        5,
        6,
        7
      ],
      [
        0,
        7
      ],
      [
        0,
        1,
        4,
        6,
        7
      ],
      [
        0,
        4,
        7
      ],
      [
        0
      ]
    ],
    "right": [
      [
        1,
        2,
        3,
        4,
        5,
        6,
        7
      ],
      [
        2,
        3,
        5
      ],
      [],
      [
        2
      ],
      [
        1,
        2,
        3,
        5,
        6
      ],
      [
        2,
        3
      ],
      [
        1,
        2,
        3,
        5
      ],
      [
        1,
        2,
        3,
        4,
        5,
        6
      ]
    ],
    "behind": [
      [
        4,
        5,
        6
      ],
      [
        0,
        2,
        3,
        4,
        5,
        6,
        7
      ],
      [
        0,
        4,
        5,
        6
      ],
      [
        0,
        2,
        4,
        5,
        6
      ],
      [
        5
      ],
      [],
      [
        4,
        5
      ],
      [
        0,
        2,
        3,
        4,
        5,
        6
      ]
    ]
  },
  "image_index": 150,
  "directions": {
    "above": [
      0.0,
      0.0,
      1.0
    ],
    "front": [
      0.754490315914154,
      -0.6563112735748291,
      -0.0
    ],
    "behind": [
      -0.754490315914154,
      0.6563112735748291,
      0.0
    ],
    "right": [
      0.6563112735748291,
      0.7544902563095093,
      -0.0
    ],
    "below": [
      -0.0,
      -0.0,
      -1.0
    ],
    "left": [
      -0.6563112735748291,
      -0.7544902563095093,
      0.0
    ]
  },
  "split": "new",
  "objects": [
    {
      "shape": "sphere",
      "material": "rubber",
      "pixel_coords": [
        75,
        104,
        11.086102485656738
      ],
      "rotation": 326.2413962567149,
      "3d_coords": [
        -2.0510406494140625,
        -1.7674899101257324,
        0.3499999940395355
      ],
      "color": "red",
      "size": "small"
    },
    {
      "shape": "cube",
      "material": "rubber",
      "pixel_coords": [
        180,
        159,
        7.9800214767456055
      ],
      "rotation": 93.1403581216131,
      "3d_coords": [
        2.5558509826660156,
        -1.6203538179397583,
        0.699999988079071
      ],
      "color": "green",
      "size": "large"
    },
    {
      "shape": "cube",
      "material": "rubber",
      "pixel_coords": [
        275,
        105,
        10.287046432495117
      ],
      "rotation": 79.58425972770141,
      "3d_coords": [
        2.4683620929718018,
        2.333909034729004,
        0.699999988079071
      ],
      "color": "blue",
      "size": "large"
    },
    {
      "shape": "sphere",
      "material": "rubber",
      "pixel_coords": [
        224,
        118,
        9.612452507019043
      ],
      "rotation": 147.34939422730417,
      "3d_coords": [
        1.9994621276855469,
        0.6087436676025391,
        0.699999988079071
      ],
      "color": "red",
      "size": "large"
    },
    {
      "shape": "cube",
      "material": "rubber",
      "pixel_coords": [
        140,
        70,
        12.700854301452637
      ],
      "rotation": 269.04695770436535,
      "3d_coords": [
        -2.323028564453125,
        1.0639889240264893,
        0.699999988079071
      ],
      "color": "brown",
      "size": "large"
    },
    {
      "shape": "cylinder",
      "material": "metal",
      "pixel_coords": [
        184,
        63,
        13.28715991973877
      ],
      "rotation": 279.4142580617375,
      "3d_coords": [
        -1.7687853574752808,
        2.732163429260254,
        0.699999988079071
      ],
      "color": "brown",
      "size": "large"
    },
    {
      "shape": "sphere",
      "material": "metal",
      "pixel_coords": [
        154,
        99,
        11.442946434020996
      ],
      "rotation": 320.6481638393609,
      "3d_coords": [
        -0.7310266494750977,
        0.3783967196941376,
        0.3499999940395355
      ],
      "color": "red",
      "size": "small"
    },
    {
      "shape": "cube",
      "material": "rubber",
      "pixel_coords": [
        113,
        149,
        8.935057640075684
      ],
      "rotation": 191.3119234663003,
      "3d_coords": [
        0.7864246964454651,
        -2.283731460571289,
        0.3499999940395355
      ],
      "color": "brown",
      "size": "small"
    }
  ]
}