{
  "image_filename": "CLEVR_new_000029.png",
  "relationships": {
    "front": [
      [],
      [
        0
      ],
      [
        0,
        1,
        4,
        6,
        7
      ],
      [
        0,
        1,
        2,
        4,
        6,
        7
      ],
      [
        0,
        1,
        6
      ],
      [
        0,
        1,
        2,
        3,
        4,
        6,
        7
      ],
      [
        0,
        1
      ],
      [
        0,
        1,
        4,
        6
      ]
    ],
    "left": [
      [
        2,
        4
      ],
      [
        0,
        2,
        3,
        4,
        5
      ],
      [],
      [
        0,
        2,
        4
      ],
      [
        2
      ],
      [
        0,
        2,
        3,
        4
      ],
      [
        0,
        1,
        2,
        3,
        4,
        5
      ],
      [
        0,
        1,
        2,
        3,
        4,
        5,
        6
      ]
    ],
    "right": [
      [
        1,
        3,
        5,
        6,
        7
      ],
      [
        6,
        7
      ],
      [
        0,
        1,
        3,
        4,
        5,
        6,
        7
      ],
      [
        1,
        5,
        6,
        7
      ],
      [
        0,
        1,
        3,
        5,
        6,
        7
      ],
      [
        1,
        6,
        7
      ],
      [
        7
      ],
      []
    ],
    "behind": [
      [
        1,
        2,
        3,
        4,
        5,
        6,
        7
      ],
      [
        2,
        3,
        4,
        5,
        6,
        7
      ],
      [
        3,
        5
      ],
      [
        5
      ],
      [
        2,
        3,
        5,
        7
      ],
      [],
      [
        2,
        3,
        4,
        5,
        7
      ],
      [
        2,
        3,
        5
      ]
    ]
  },
  "image_index": 29,
  "directions": {
    "above": [
      0.0,
      0.0,
      1.0
    ],
    "front": [
      0.754490315914154,
      -0.6563112735748291,
      -0.0
    ],
    "behind": [
      -0.754490315914154,
      0.6563112735748291,
      0.0
    ],
    "right": [
      0.6563112735748291,
      0.7544902563095093,
      -0.0
    ],
    "below": [
      -0.0,
      -0.0,
      -1.0
    ],
    "left": [
      -0.6563112735748291,
      -0.7544902563095093,
      0.0
    ]
  },
  "split": "new",
  "objects": [
    {
      "shape": "sphere",
      "material": "metal",
      "pixel_coords": [
        138,
        174,
        8.321507453918457
      ],
      "rotation": 327.89051010842235,
      "3d_coords": [
        2.1649272441864014,
        -2.7103235721588135,
        0.3499999940395355
      ],
      "color": "green",
      "size": "small"
    },
    {
      "shape": "cube",
      "material": "metal",
      "pixel_coords": [
        204,
        148,
        9.326026916503906
      ],
      "rotation": 318.29077393338633,
      "3d_coords": [
        2.4727578163146973,
        -0.7096396684646606,
        0.3499999940395355
      ],
      "color": "gray",
      "size": "small"
    },
    {
      "shape": "cube",
      "material": "metal",
      "pixel_coords": [
        55,
        95,
        11.612992286682129
      ],
      "rotation": 320.45936187001473,
      "3d_coords": [
        -2.710986375808716,
        -2.2296180725097656,
        0.699999988079071
      ],
      "color": "purple",
      "size": "large"
    },
    {
      "shape": "cube",
      "material": "metal",
      "pixel_coords": [
        154,
        90,
        12.864293098449707
      ],
      "rotation": 323.2931213577438,
      "3d_coords": [
        -1.4061235189437866,
        0.9856966137886047,
        0.3499999940395355
      ],
      "color": "brown",
      "size": "small"
    },
    {
      "shape": "cube",
      "material": "metal",
      "pixel_coords": [
        73,
        115,
        10.321283340454102
      ],
      "rotation": 100.82486100240146,
      "3d_coords": [
        -1.0277595520019531,
        -2.560441493988037,
        0.699999988079071
      ],
      "color": "gray",
      "size": "large"
    },
    {
      "shape": "cylinder",
      "material": "rubber",
      "pixel_coords": [
        172,
        80,
        13.783787727355957
      ],
      "rotation": 355.5826350717426,
      "3d_coords": [
        -1.6795583963394165,
        2.2183563709259033,
        0.3499999940395355
      ],
      "color": "red",
      "size": "small"
    },
    {
      "shape": "cube",
      "material": "rubber",
      "pixel_coords": [
        234,
        140,
        9.718290328979492
      ],
      "rotation": 313.5083679812468,
      "3d_coords": [
        2.7618072032928467,
        0.253686785697937,
        0.3499999940395355
      ],
      "color": "brown",
      "size": "small"
    },
    {
      "shape": "sphere",
      "material": "metal",
      "pixel_coords": [
        276,
        114,
        11.118032455444336
      ],
      "rotation": 9.07432324748691,
      "3d_coords": [
        2.712540864944458,
        2.525874376296997,
        0.3499999940395355
      ],
      "color": "gray",
      "size": "small"
    }
  ]
}