{
  "split": "new",
  "directions": {
    "below": [
      -0.0,
      -0.0,
      -1.0
    ],
    "right": [
      0.6563112735748291,
      0.7544902563095093,
      -0.0
    ],
    "left": [
      -0.6563112735748291,
      -0.7544902563095093,
      0.0
    ],
    "behind": [
      -0.754490315914154,
      0.6563112735748291,
      0.0
    ],
    "front": [
      0.754490315914154,
      -0.6563112735748291,
      -0.0
    ],
    "above": [
      0.0,
      0.0,
      1.0
    ]
  },
  "relationships": {
    "left": [
      [
        1,
        2,
        4,
        6
      ],
      [
        4,
        6
      ],
      [
        1,
        4,
        6
      ],
      [
        0,
        1,
        2,
        4,
        5,
        6,
        7
      ],
      [
        6
      ],
      [
        0,
        1,
        2,
        4,
        6
      ],
      [],
      [
        0,
        1,
        2,
        4,
        5,
        6
      ]
    ],
    "behind": [
      [
        1,
        3,
        6,
        7
      ],
      [],
      [
        0,
        1,
        3,
        4,
        5,
        6,
        7
      ],
      [
        1,
        7
      ],
      [
        0,
        1,
        3,
        6,
        7
      ],
      [
        0,
        1,
        3,
        4,
        6,
        7
      ],
      [
        1,
        3,
        7
      ],
      [
        1
      ]
    ],
    "front": [
      [
        2,
        4,
        5
      ],
      [
        0,
        2,
        3,
        4,
        5,
        6,
        7
      ],
      [],
      [
        0,
        2,
        4,
        5,
        6
      ],
      [
        2,
        5
      ],
      [
        2
      ],
      [
        0,
        2,
        4,
        5
      ],
      [
        0,
        2,
        3,
        4,
        5,
        6
      ]
    ],
    "right": [
      [
        3,
        5,
        7
      ],
      [
        0,
        2,
        3,
        5,
        7
      ],
      [
        0,
        3,
        5,
        7
      ],
      [],
      [
        0,
        1,
        2,
        3,
        5,
        7
      ],
      [
        3,
        7
      ],
      [
        0,
        1,
        2,
        3,
        4,
        5,
        7
      ],
      [
        3
      ]
    ]
  },
  "objects": [
    {
      "pixel_coords": [
        176,
        107,
        10.73001766204834
      ],
      "color": "purple",
      "material": "metal",
      "size": "large",
      "shape": "cylinder",
      "3d_coords": [
        0.7252953052520752,
        0.023531392216682434,
        0.699999988079071
      ],
      "rotation": 259.74715605653495
    },
    {
      "pixel_coords": [
        138,
        75,
        13.492443084716797
      ],
      "color": "gray",
      "material": "rubber",
      "size": "large",
      "shape": "sphere",
      "3d_coords": [
        -2.4716956615448,
        1.052145004272461,
        0.699999988079071
      ],
      "rotation": 274.09272203259604
    },
    {
      "pixel_coords": [
        153,
        152,
        9.054760932922363
      ],
      "color": "green",
      "material": "metal",
      "size": "small",
      "shape": "cylinder",
      "3d_coords": [
        1.7952126264572144,
        -1.8433595895767212,
        0.3499999940395355
      ],
      "rotation": 188.13365902180752
    },
    {
      "pixel_coords": [
        234,
        102,
        11.995479583740234
      ],
      "color": "yellow",
      "material": "rubber",
      "size": "small",
      "shape": "cube",
      "3d_coords": [
        1.1473467350006104,
        2.3711628913879395,
        0.3499999940395355
      ],
      "rotation": 224.17531622838504
    },
    {
      "pixel_coords": [
        116,
        124,
        10.458024978637695
      ],
      "color": "red",
      "material": "metal",
      "size": "small",
      "shape": "sphere",
      "3d_coords": [
        -0.12821845710277557,
        -1.659816026687622,
        0.3499999940395355
      ],
      "rotation": 281.67761630487513
    },
    {
      "pixel_coords": [
        202,
        139,
        9.627420425415039
      ],
      "color": "red",
      "material": "rubber",
      "size": "small",
      "shape": "sphere",
      "3d_coords": [
        2.201387405395508,
        -0.4199776351451874,
        0.3499999940395355
      ],
      "rotation": 53.661840646351315
    },
    {
      "pixel_coords": [
        89,
        101,
        11.187793731689453
      ],
      "color": "purple",
      "material": "metal",
      "size": "large",
      "shape": "cube",
      "3d_coords": [
        -1.499322772026062,
        -1.7247610092163086,
        0.699999988079071
      ],
      "rotation": 312.3115710830699
    },
    {
      "pixel_coords": [
        206,
        92,
        12.783395767211914
      ],
      "color": "red",
      "material": "metal",
      "size": "small",
      "shape": "sphere",
      "3d_coords": [
        -0.08832588791847229,
        2.2979624271392822,
        0.3499999940395355
      ],
      "rotation": 31.408775043260814
    }
  ],
  "image_filename": "CLEVR_new_000864.png",
  "image_index": 864
}