{
  "split": "new",
  "directions": {
    "below": [
      -0.0,
      -0.0,
      -1.0
    ],
    "right": [
      0.6563112735748291,
      0.7544902563095093,
      -0.0
    ],
    "left": [
      -0.6563112735748291,
      -0.7544902563095093,
      0.0
    ],
    "behind": [
      -0.754490315914154,
      0.6563112735748291,
      0.0
    ],
    "front": [
      0.754490315914154,
      -0.6563112735748291,
      -0.0
    ],
    "above": [
      0.0,
      0.0,
      1.0
    ]
  },
  "relationships": {
    "left": [
      [
        1,
        2,
        3,
        4,
        5,
        6,
        7
      ],
      [
        6
      ],
      [
        1,
        3,
        5,
        6
      ],
      [
        1,
        6
      ],
      [
        1,
        2,
        3,
        5,
        6,
        7
      ],
      [
        1,
        3,
        6
      ],
      [],
      [
        1,
        2,
        3,
        5,
        6
      ]
    ],
    "behind": [
      [
        3,
        4,
        5,
        6
      ],
      [
        0,
        3,
        4,
        5,
        6
      ],
      [
        0,
        1,
        3,
        4,
        5,
        6,
        7
      ],
      [],
      [
        3
      ],
      [
        3,
        4,
        6
      ],
      [
        3,
        4
      ],
      [
        0,
        1,
        3,
        4,
        5,
        6
      ]
    ],
    "front": [
      [
        1,
        2,
        7
      ],
      [
        2,
        7
      ],
      [],
      [
        0,
        1,
        2,
        4,
        5,
        6,
        7
      ],
      [
        0,
        1,
        2,
        5,
        6,
        7
      ],
      [
        0,
        1,
        2,
        7
      ],
      [
        0,
        1,
        2,
        5,
        7
      ],
      [
        2
      ]
    ],
    "right": [
      [],
      [
        0,
        2,
        3,
        4,
        5,
        7
      ],
      [
        0,
        4,
        7
      ],
      [
        0,
        2,
        4,
        5,
        7
      ],
      [
        0
      ],
      [
        0,
        2,
        4,
        7
      ],
      [
        0,
        1,
        2,
        3,
        4,
        5,
        7
      ],
      [
        0,
        4
      ]
    ]
  },
  "objects": [
    {
      "pixel_coords": [
        244,
        106,
        10.00056266784668
      ],
      "color": "yellow",
      "material": "metal",
      "size": "large",
      "shape": "cube",
      "3d_coords": [
        1.8858650922775269,
        1.547912359237671,
        0.699999988079071
      ],
      "rotation": 133.8968349061881
    },
    {
      "pixel_coords": [
        99,
        115,
        9.494462966918945
      ],
      "color": "purple",
      "material": "metal",
      "size": "large",
      "shape": "sphere",
      "3d_coords": [
        -0.2946237623691559,
        -1.9097251892089844,
        0.699999988079071
      ],
      "rotation": 247.6554041123695
    },
    {
      "pixel_coords": [
        162,
        171,
        7.832724571228027
      ],
      "color": "purple",
      "material": "metal",
      "size": "small",
      "shape": "cylinder",
      "3d_coords": [
        2.378605842590332,
        -1.9587045907974243,
        0.3499999940395355
      ],
      "rotation": 205.45366565256504
    },
    {
      "pixel_coords": [
        130,
        66,
        12.968599319458008
      ],
      "color": "yellow",
      "material": "metal",
      "size": "large",
      "shape": "cylinder",
      "3d_coords": [
        -2.9474332332611084,
        1.0505083799362183,
        0.699999988079071
      ],
      "rotation": 65.11806840756863
    },
    {
      "pixel_coords": [
        211,
        77,
        12.02241039276123
      ],
      "color": "red",
      "material": "rubber",
      "size": "large",
      "shape": "sphere",
      "3d_coords": [
        -0.2729608714580536,
        2.5456418991088867,
        0.699999988079071
      ],
      "rotation": 120.53073650643061
    },
    {
      "pixel_coords": [
        142,
        109,
        10.603344917297363
      ],
      "color": "purple",
      "material": "metal",
      "size": "small",
      "shape": "sphere",
      "3d_coords": [
        -0.392925888299942,
        -0.3712444305419922,
        0.3499999940395355
      ],
      "rotation": 111.98535898908892
    },
    {
      "pixel_coords": [
        82,
        89,
        11.066872596740723
      ],
      "color": "brown",
      "material": "metal",
      "size": "large",
      "shape": "cylinder",
      "3d_coords": [
        -2.1922035217285156,
        -1.3915566205978394,
        0.699999988079071
      ],
      "rotation": 295.58940119083695
    },
    {
      "pixel_coords": [
        210,
        130,
        8.7516450881958
      ],
      "color": "green",
      "material": "metal",
      "size": "large",
      "shape": "cylinder",
      "3d_coords": [
        2.215862274169922,
        -0.25155434012413025,
        0.699999988079071
      ],
      "rotation": 61.9322658027244
    }
  ],
  "image_filename": "CLEVR_new_000645.png",
  "image_index": 645
}