{
  "split": "new",
  "directions": {
    "below": [
      -0.0,
      -0.0,
      -1.0
    ],
    "right": [
      0.6563112735748291,
      0.7544902563095093,
      -0.0
    ],
    "left": [
      -0.6563112735748291,
      -0.7544902563095093,
      0.0
    ],
    "behind": [
      -0.754490315914154,
      0.6563112735748291,
      0.0
    ],
    "front": [
      0.754490315914154,
      -0.6563112735748291,
      -0.0
    ],
    "above": [
      0.0,
      0.0,
      1.0
    ]
  },
  "relationships": {
    "left": [
      [
        3,
        5,
        6
      ],
      [
        0,
        3,
        5,
        6
      ],
      [
        0,
        1,
        3,
        5,
        6,
        7
      ],
      [],
      [
        0,
        1,
        2,
        3,
        5,
        6,
        7
      ],
      [
        3,
        6
      ],
      [
        3
      ],
      [
        0,
        1,
        3,
        5,
        6
      ]
    ],
    "behind": [
      [
        1,
        5,
        7
      ],
      [],
      [
        0,
        1,
        3,
        4,
        5,
        6,
        7
      ],
      [
        0,
        1,
        4,
        5,
        6,
        7
      ],
      [
        0,
        1,
        5,
        6,
        7
      ],
      [
        1,
        7
      ],
      [
        0,
        1,
        5,
        7
      ],
      [
        1
      ]
    ],
    "front": [
      [
        2,
        3,
        4,
        6
      ],
      [
        0,
        2,
        3,
        4,
        5,
        6,
        7
      ],
      [],
      [
        2
      ],
      [
        2,
        3
      ],
      [
        0,
        2,
        3,
        4,
        6
      ],
      [
        2,
        3,
        4
      ],
      [
        0,
        2,
        3,
        4,
        5,
        6
      ]
    ],
    "right": [
      [
        1,
        2,
        4,
        7
      ],
      [
        2,
        4,
        7
      ],
      [
        4
      ],
      [
        0,
        1,
        2,
        4,
        5,
        6,
        7
      ],
      [],
      [
        0,
        1,
        2,
        4,
        7
      ],
      [
        0,
        1,
        2,
        4,
        5,
        7
      ],
      [
        2,
        4
      ]
    ]
  },
  "objects": [
    {
      "pixel_coords": [
        144,
        98,
        12.211976051330566
      ],
      "color": "yellow",
      "material": "metal",
      "size": "small",
      "shape": "cube",
      "3d_coords": [
        -1.05069899559021,
        0.22011558711528778,
        0.3499999940395355
      ],
      "rotation": 139.5487941520029
    },
    {
      "pixel_coords": [
        162,
        59,
        14.591818809509277
      ],
      "color": "purple",
      "material": "metal",
      "size": "large",
      "shape": "cube",
      "3d_coords": [
        -2.7963712215423584,
        2.690387010574341,
        0.699999988079071
      ],
      "rotation": 289.2905886505369
    },
    {
      "pixel_coords": [
        220,
        127,
        10.53890609741211
      ],
      "color": "gray",
      "material": "rubber",
      "size": "small",
      "shape": "cube",
      "3d_coords": [
        1.9645920991897583,
        0.6425896883010864,
        0.3499999940395355
      ],
      "rotation": 199.42488622865247
    },
    {
      "pixel_coords": [
        58,
        122,
        10.7923002243042
      ],
      "color": "purple",
      "material": "metal",
      "size": "small",
      "shape": "sphere",
      "3d_coords": [
        -1.6016641855239868,
        -2.8083255290985107,
        0.3499999940395355
      ],
      "rotation": 305.1765810215836
    },
    {
      "pixel_coords": [
        248,
        102,
        11.212109565734863
      ],
      "color": "red",
      "material": "metal",
      "size": "large",
      "shape": "sphere",
      "3d_coords": [
        1.9355453252792358,
        2.06341814994812,
        0.699999988079071
      ],
      "rotation": 110.40554941307822
    },
    {
      "pixel_coords": [
        118,
        73,
        13.264726638793945
      ],
      "color": "purple",
      "material": "rubber",
      "size": "large",
      "shape": "cube",
      "3d_coords": [
        -2.80513596534729,
        0.4108707308769226,
        0.699999988079071
      ],
      "rotation": 43.13271002039599
    },
    {
      "pixel_coords": [
        91,
        105,
        11.77945327758789
      ],
      "color": "green",
      "material": "metal",
      "size": "small",
      "shape": "cylinder",
      "3d_coords": [
        -1.8854520320892334,
        -1.4289162158966064,
        0.3499999940395355
      ],
      "rotation": 129.53810431612825
    },
    {
      "pixel_coords": [
        192,
        76,
        13.886350631713867
      ],
      "color": "yellow",
      "material": "metal",
      "size": "small",
      "shape": "cylinder",
      "3d_coords": [
        -1.2507339715957642,
        2.866229772567749,
        0.3499999940395355
      ],
      "rotation": 259.0066614473872
    }
  ],
  "image_filename": "CLEVR_new_000608.png",
  "image_index": 608
}