{
  "split": "new",
  "directions": {
    "below": [
      -0.0,
      -0.0,
      -1.0
    ],
    "right": [
      0.6563112735748291,
      0.7544902563095093,
      -0.0
    ],
    "left": [
      -0.6563112735748291,
      -0.7544902563095093,
      0.0
    ],
    "behind": [
      -0.754490315914154,
      0.6563112735748291,
      0.0
    ],
    "front": [
      0.754490315914154,
      -0.6563112735748291,
      -0.0
    ],
    "above": [
      0.0,
      0.0,
      1.0
    ]
  },
  "relationships": {
    "left": [
      [
        1,
        2,
        6,
        7
      ],
      [],
      [
        1
      ],
      [
        0,
        1,
        2,
        6,
        7
      ],
      [
        0,
        1,
        2,
        3,
        5,
        6,
        7
      ],
      [
        0,
        1,
        2,
        3,
        6,
        7
      ],
      [
        1,
        2
      ],
      [
        1,
        2,
        6
      ]
    ],
    "behind": [
      [
        1,
        2,
        3,
        4,
        5,
        6,
        7
      ],
      [
        2,
        3,
        4,
        7
      ],
      [
        3,
        4,
        7
      ],
      [
        7
      ],
      [
        3,
        7
      ],
      [
        1,
        2,
        3,
        4,
        6,
        7
      ],
      [
        1,
        2,
        3,
        4,
        7
      ],
      []
    ],
    "front": [
      [],
      [
        0,
        5,
        6
      ],
      [
        0,
        1,
        5,
        6
      ],
      [
        0,
        1,
        2,
        4,
        5,
        6
      ],
      [
        0,
        1,
        2,
        5,
        6
      ],
      [
        0
      ],
      [
        0,
        5
      ],
      [
        0,
        1,
        2,
        3,
        4,
        5,
        6
      ]
    ],
    "right": [
      [
        3,
        4,
        5
      ],
      [
        0,
        2,
        3,
        4,
        5,
        6,
        7
      ],
      [
        0,
        3,
        4,
        5,
        6,
        7
      ],
      [
        4,
        5
      ],
      [],
      [
        4
      ],
      [
        0,
        3,
        4,
        5,
        7
      ],
      [
        0,
        3,
        4,
        5
      ]
    ]
  },
  "objects": [
    {
      "pixel_coords": [
        193,
        146,
        8.357539176940918
      ],
      "color": "blue",
      "material": "rubber",
      "size": "large",
      "shape": "cube",
      "3d_coords": [
        2.418219566345215,
        -1.002931833267212,
        0.699999988079071
      ],
      "rotation": 252.40473235526505
    },
    {
      "pixel_coords": [
        74,
        118,
        10.24350357055664
      ],
      "color": "green",
      "material": "metal",
      "size": "small",
      "shape": "sphere",
      "3d_coords": [
        -1.2057816982269287,
        -2.2744228839874268,
        0.3499999940395355
      ],
      "rotation": 84.94740156235923
    },
    {
      "pixel_coords": [
        119,
        112,
        10.605656623840332
      ],
      "color": "brown",
      "material": "rubber",
      "size": "small",
      "shape": "cube",
      "3d_coords": [
        -0.7080889344215393,
        -1.0307389497756958,
        0.3499999940395355
      ],
      "rotation": 336.2615015536387
    },
    {
      "pixel_coords": [
        217,
        95,
        11.62275218963623
      ],
      "color": "blue",
      "material": "metal",
      "size": "small",
      "shape": "cylinder",
      "3d_coords": [
        0.40027305483818054,
        2.1156415939331055,
        0.3499999940395355
      ],
      "rotation": 2.0170981647704167
    },
    {
      "pixel_coords": [
        257,
        94,
        10.865103721618652
      ],
      "color": "green",
      "material": "rubber",
      "size": "large",
      "shape": "cylinder",
      "3d_coords": [
        1.6348789930343628,
        2.5448734760284424,
        0.699999988079071
      ],
      "rotation": 125.86756613370336
    },
    {
      "pixel_coords": [
        251,
        128,
        9.089103698730469
      ],
      "color": "red",
      "material": "metal",
      "size": "large",
      "shape": "cylinder",
      "3d_coords": [
        2.782900810241699,
        0.7423277497291565,
        0.699999988079071
      ],
      "rotation": 226.78924240747375
    },
    {
      "pixel_coords": [
        143,
        130,
        9.660909652709961
      ],
      "color": "gray",
      "material": "metal",
      "size": "small",
      "shape": "sphere",
      "3d_coords": [
        0.6152626872062683,
        -1.136396050453186,
        0.3499999940395355
      ],
      "rotation": 209.03643439214915
    },
    {
      "pixel_coords": [
        161,
        66,
        13.99661636352539
      ],
      "color": "gray",
      "material": "rubber",
      "size": "small",
      "shape": "cylinder",
      "3d_coords": [
        -2.8651976585388184,
        2.4526147842407227,
        0.3499999940395355
      ],
      "rotation": 348.2593041419165
    }
  ],
  "image_filename": "CLEVR_new_000764.png",
  "image_index": 764
}