{
  "split": "new",
  "directions": {
    "below": [
      -0.0,
      -0.0,
      -1.0
    ],
    "right": [
      0.6563112735748291,
      0.7544902563095093,
      -0.0
    ],
    "left": [
      -0.6563112735748291,
      -0.7544902563095093,
      0.0
    ],
    "behind": [
      -0.754490315914154,
      0.6563112735748291,
      0.0
    ],
    "front": [
      0.754490315914154,
      -0.6563112735748291,
      -0.0
    ],
    "above": [
      0.0,
      0.0,
      1.0
    ]
  },
  "relationships": {
    "left": [
      [
        6
      ],
      [
        0,
        2,
        3,
        4,
        6
      ],
      [
        0,
        3,
        6
      ],
      [
        0,
        6
      ],
      [
        0,
        2,
        3,
        6
      ],
      [
        0,
        1,
        2,
        3,
        4,
        6,
        7
      ],
      [],
      [
        0,
        1,
        2,
        3,
        4,
        6
      ]
    ],
    "behind": [
      [
        1,
        4
      ],
      [],
      [
        0,
        1,
        4,
        5,
        6
      ],
      [
        0,
        1,
        2,
        4,
        5,
        6
      ],
      [
        1
      ],
      [
        0,
        1,
        4,
        6
      ],
      [
        0,
        1,
        4
      ],
      [
        0,
        1,
        2,
        3,
        4,
        5,
        6
      ]
    ],
    "front": [
      [
        2,
        3,
        5,
        6,
        7
      ],
      [
        0,
        2,
        3,
        4,
        5,
        6,
        7
      ],
      [
        3,
        7
      ],
      [
        7
      ],
      [
        0,
        2,
        3,
        5,
        6,
        7
      ],
      [
        2,
        3,
        7
      ],
      [
        2,
        3,
        5,
        7
      ],
      []
    ],
    "right": [
      [
        1,
        2,
        3,
        4,
        5,
        7
      ],
      [
        5,
        7
      ],
      [
        1,
        4,
        5,
        7
      ],
      [
        1,
        2,
        4,
        5,
        7
      ],
      [
        1,
        5,
        7
      ],
      [],
      [
        0,
        1,
        2,
        3,
        4,
        5,
        7
      ],
      [
        5
      ]
    ]
  },
  "objects": [
    {
      "pixel_coords": [
        90,
        98,
        11.430643081665039
      ],
      "color": "brown",
      "material": "metal",
      "size": "small",
      "shape": "sphere",
      "3d_coords": [
        -2.110478162765503,
        -1.214494228363037,
        0.3499999940395355
      ],
      "rotation": 41.686336840278464
    },
    {
      "pixel_coords": [
        170,
        56,
        13.91761589050293
      ],
      "color": "blue",
      "material": "metal",
      "size": "large",
      "shape": "cube",
      "3d_coords": [
        -2.765126943588257,
        2.8075342178344727,
        0.699999988079071
      ],
      "rotation": 243.0843441615586
    },
    {
      "pixel_coords": [
        124,
        137,
        9.358145713806152
      ],
      "color": "yellow",
      "material": "metal",
      "size": "small",
      "shape": "cylinder",
      "3d_coords": [
        0.5683245658874512,
        -1.7295384407043457,
        0.3499999940395355
      ],
      "rotation": 125.07574121514631
    },
    {
      "pixel_coords": [
        86,
        148,
        8.943766593933105
      ],
      "color": "red",
      "material": "metal",
      "size": "small",
      "shape": "sphere",
      "3d_coords": [
        0.3450639247894287,
        -2.748056173324585,
        0.3499999940395355
      ],
      "rotation": 184.4605362205766
    },
    {
      "pixel_coords": [
        155,
        78,
        11.9437255859375
      ],
      "color": "purple",
      "material": "rubber",
      "size": "large",
      "shape": "cube",
      "3d_coords": [
        -1.3700889348983765,
        0.9219551086425781,
        0.699999988079071
      ],
      "rotation": 101.47506776000836
    },
    {
      "pixel_coords": [
        222,
        112,
        9.87541389465332
      ],
      "color": "green",
      "material": "rubber",
      "size": "large",
      "shape": "cube",
      "3d_coords": [
        1.6873067617416382,
        0.87123703956604,
        0.699999988079071
      ],
      "rotation": 0.6497224379868083
    },
    {
      "pixel_coords": [
        38,
        95,
        10.801301002502441
      ],
      "color": "purple",
      "material": "metal",
      "size": "large",
      "shape": "cylinder",
      "3d_coords": [
        -2.659454107284546,
        -2.6990232467651367,
        0.699999988079071
      ],
      "rotation": 147.47732449761574
    },
    {
      "pixel_coords": [
        212,
        157,
        7.989011287689209
      ],
      "color": "red",
      "material": "rubber",
      "size": "large",
      "shape": "cylinder",
      "3d_coords": [
        2.9988958835601807,
        -0.9568497538566589,
        0.699999988079071
      ],
      "rotation": 119.46809616913833
    }
  ],
  "image_filename": "CLEVR_new_000912.png",
  "image_index": 912
}