{
  "split": "new",
  "directions": {
    "below": [
      -0.0,
      -0.0,
      -1.0
    ],
    "right": [
      0.6563112735748291,
      0.7544902563095093,
      -0.0
    ],
    "left": [
      -0.6563112735748291,
      -0.7544902563095093,
      0.0
    ],
    "behind": [
      -0.754490315914154,
      0.6563112735748291,
      0.0
    ],
    "front": [
      0.754490315914154,
      -0.6563112735748291,
      -0.0
    ],
    "above": [
      0.0,
      0.0,
      1.0
    ]
  },
  "relationships": {
    "left": [
      [
        1,
        2,
        4,
        6,
        7
      ],
      [
        6,
        7
      ],
      [
        1,
        6,
        7
      ],
      [
        0,
        1,
        2,
        4,
        5,
        6,
        7
      ],
      [
        1,
        2,
        6,
        7
      ],
      [
        0,
        1,
        2,
        4,
        6,
        7
      ],
      [
        7
      ],
      []
    ],
    "behind": [
      [
        2,
        3,
        6,
        7
      ],
      [
        0,
        2,
        3,
        5,
        6,
        7
      ],
      [],
      [
        2
      ],
      [
        0,
        1,
        2,
        3,
        5,
        6,
        7
      ],
      [
        0,
        2,
        3,
        6,
        7
      ],
      [
        2,
        3
      ],
      [
        2,
        3,
        6
      ]
    ],
    "front": [
      [
        1,
        4,
        5
      ],
      [
        4
      ],
      [
        0,
        1,
        3,
        4,
        5,
        6,
        7
      ],
      [
        0,
        1,
        4,
        5,
        6,
        7
      ],
      [],
      [
        1,
        4
      ],
      [
        0,
        1,
        4,
        5,
        7
      ],
      [
        0,
        1,
        4,
        5
      ]
    ],
    "right": [
      [
        3,
        5
      ],
      [
        0,
        2,
        3,
        4,
        5
      ],
      [
        0,
        3,
        4,
        5
      ],
      [],
      [
        0,
        3,
        5
      ],
      [
        3
      ],
      [
        0,
        1,
        2,
        3,
        4,
        5
      ],
      [
        0,
        1,
        2,
        3,
        4,
        5,
        6
      ]
    ]
  },
  "objects": [
    {
      "pixel_coords": [
        183,
        121,
        10.489688873291016
      ],
      "color": "yellow",
      "material": "rubber",
      "size": "small",
      "shape": "sphere",
      "3d_coords": [
        0.9752927422523499,
        0.05163750797510147,
        0.3499999940395355
      ],
      "rotation": 109.5925372704427
    },
    {
      "pixel_coords": [
        107,
        152,
        9.08171272277832
      ],
      "color": "gray",
      "material": "rubber",
      "size": "small",
      "shape": "cube",
      "3d_coords": [
        0.7573704719543457,
        -2.56919527053833,
        0.3499999940395355
      ],
      "rotation": 245.3233383286776
    },
    {
      "pixel_coords": [
        142,
        76,
        13.51305866241455
      ],
      "color": "yellow",
      "material": "metal",
      "size": "small",
      "shape": "cylinder",
      "3d_coords": [
        -2.521466016769409,
        1.3941943645477295,
        0.3499999940395355
      ],
      "rotation": 172.99520058442312
    },
    {
      "pixel_coords": [
        224,
        93,
        12.186161041259766
      ],
      "color": "blue",
      "material": "metal",
      "size": "small",
      "shape": "cube",
      "3d_coords": [
        0.5796390175819397,
        2.4980454444885254,
        0.3499999940395355
      ],
      "rotation": 96.74274063289826
    },
    {
      "pixel_coords": [
        163,
        158,
        8.25783634185791
      ],
      "color": "red",
      "material": "rubber",
      "size": "large",
      "shape": "cylinder",
      "3d_coords": [
        2.280383586883545,
        -2.0255982875823975,
        0.699999988079071
      ],
      "rotation": 254.70009672497454
    },
    {
      "pixel_coords": [
        211,
        141,
        9.519946098327637
      ],
      "color": "yellow",
      "material": "metal",
      "size": "small",
      "shape": "cube",
      "3d_coords": [
        2.2617111206054688,
        -0.2008247822523117,
        0.3499999940395355
      ],
      "rotation": 50.04284869172116
    },
    {
      "pixel_coords": [
        100,
        94,
        11.306878089904785
      ],
      "color": "yellow",
      "material": "metal",
      "size": "large",
      "shape": "sphere",
      "3d_coords": [
        -1.6602588891983032,
        -1.1193169355392456,
        0.699999988079071
      ],
      "rotation": 147.68097242619825
    },
    {
      "pixel_coords": [
        44,
        101,
        10.890871047973633
      ],
      "color": "yellow",
      "material": "rubber",
      "size": "large",
      "shape": "cube",
      "3d_coords": [
        -2.4282844066619873,
        -2.6541969776153564,
        0.699999988079071
      ],
      "rotation": 309.3642073462768
    }
  ],
  "image_filename": "CLEVR_new_000561.png",
  "image_index": 561
}