{
  "split": "new",
  "directions": {
    "below": [
      -0.0,
      -0.0,
      -1.0
    ],
    "right": [
      0.6563112735748291,
      0.7544902563095093,
      -0.0
    ],
    "left": [
      -0.6563112735748291,
      -0.7544902563095093,
      0.0
    ],
    "behind": [
      -0.754490315914154,
      0.6563112735748291,
      0.0
    ],
    "front": [
      0.754490315914154,
      -0.6563112735748291,
      -0.0
    ],
    "above": [
      0.0,
      0.0,
      1.0
    ]
  },
  "relationships": {
    "left": [
      [],
      [
        0,
        5,
        7
      ],
      [
        0,
        1,
        4,
        5,
        7
      ],
      [
        0,
        1,
        2,
        4,
        5,
        7
      ],
      [
        0,
        1,
        5,
        7
      ],
      [
        0,
        7
      ],
      [
        0,
        1,
        2,
        3,
        4,
        5,
        7
      ],
      [
        0
      ]
    ],
    "behind": [
      [
        3,
        4,
        5,
        6
      ],
      [
        0,
        3,
        4,
        5,
        6
      ],
      [
        0,
        1,
        3,
        4,
        5,
        6,
        7
      ],
      [
        4
      ],
      [],
      [
        3,
        4
      ],
      [
        3,
        4,
        5
      ],
      [
        0,
        1,
        3,
        4,
        5,
        6
      ]
    ],
    "front": [
      [
        1,
        2,
        7
      ],
      [
        2,
        7
      ],
      [],
      [
        0,
        1,
        2,
        5,
        6,
        7
      ],
      [
        0,
        1,
        2,
        3,
        5,
        6,
        7
      ],
      [
        0,
        1,
        2,
        6,
        7
      ],
      [
        0,
        1,
        2,
        7
      ],
      [
        2
      ]
    ],
    "right": [
      [
        1,
        2,
        3,
        4,
        5,
        6,
        7
      ],
      [
        2,
        3,
        4,
        6
      ],
      [
        3,
        6
      ],
      [
        6
      ],
      [
        2,
        3,
        6
      ],
      [
        1,
        2,
        3,
        4,
        6
      ],
      [],
      [
        1,
        2,
        3,
        4,
        5,
        6
      ]
    ]
  },
  "objects": [
    {
      "pixel_coords": [
        58,
        108,
        10.361271858215332
      ],
      "color": "brown",
      "material": "rubber",
      "size": "large",
      "shape": "sphere",
      "3d_coords": [
        -1.571243166923523,
        -2.625553846359253,
        0.699999988079071
      ],
      "rotation": 240.964794790739
    },
    {
      "pixel_coords": [
        146,
        116,
        9.907265663146973
      ],
      "color": "purple",
      "material": "rubber",
      "size": "large",
      "shape": "cylinder",
      "3d_coords": [
        0.5398364663124084,
        -0.9853650331497192,
        0.699999988079071
      ],
      "rotation": 10.49576579602756
    },
    {
      "pixel_coords": [
        188,
        171,
        8.253337860107422
      ],
      "color": "yellow",
      "material": "rubber",
      "size": "small",
      "shape": "sphere",
      "3d_coords": [
        2.804885149002075,
        -1.548828125,
        0.3499999940395355
      ],
      "rotation": 236.22855608644372
    },
    {
      "pixel_coords": [
        210,
        74,
        12.726937294006348
      ],
      "color": "yellow",
      "material": "rubber",
      "size": "large",
      "shape": "cube",
      "3d_coords": [
        -0.4347958564758301,
        2.7984602451324463,
        0.699999988079071
      ],
      "rotation": 158.85106198212313
    },
    {
      "pixel_coords": [
        161,
        76,
        13.536201477050781
      ],
      "color": "green",
      "material": "rubber",
      "size": "small",
      "shape": "sphere",
      "3d_coords": [
        -2.1656064987182617,
        1.9208526611328125,
        0.3499999940395355
      ],
      "rotation": 247.189388437261
    },
    {
      "pixel_coords": [
        122,
        94,
        12.086323738098145
      ],
      "color": "green",
      "material": "rubber",
      "size": "small",
      "shape": "cube",
      "3d_coords": [
        -1.7949817180633545,
        -0.1750519722700119,
        0.3499999940395355
      ],
      "rotation": 5.113287235267734
    },
    {
      "pixel_coords": [
        236,
        105,
        11.320320129394531
      ],
      "color": "red",
      "material": "rubber",
      "size": "small",
      "shape": "sphere",
      "3d_coords": [
        1.3361200094223022,
        2.0964736938476562,
        0.3499999940395355
      ],
      "rotation": 251.4680550238921
    },
    {
      "pixel_coords": [
        76,
        139,
        9.503945350646973
      ],
      "color": "purple",
      "material": "metal",
      "size": "small",
      "shape": "cube",
      "3d_coords": [
        -0.21656520664691925,
        -2.8510076999664307,
        0.3499999940395355
      ],
      "rotation": 172.94457190928554
    }
  ],
  "image_filename": "CLEVR_new_000565.png",
  "image_index": 565
}