{
  "image_filename": "CLEVR_new_000068.png",
  "relationships": {
    "front": [
      [
        1,
        2,
        3,
        4,
        5,
        6,
        7
      ],
      [
        2,
        4,
        6
      ],
      [],
      [
        1,
        2,
        4,
        6
      ],
      [
        2
      ],
      [
        1,
        2,
        3,
        4,
        6
      ],
      [
        2,
        4
      ],
      [
        1,
        2,
        3,
        4,
        5,
        6
      ]
    ],
    "left": [
      [
        1,
        2,
        5
      ],
      [],
      [
        1,
        5
      ],
      [
        0,
        1,
        2,
        4,
        5,
        7
      ],
      [
        0,
        1,
        2,
        5
      ],
      [
        1
      ],
      [
        0,
        1,
        2,
        3,
        4,
        5,
        7
      ],
      [
        0,
        1,
        2,
        4,
        5
      ]
    ],
    "right": [
      [
        3,
        4,
        6,
        7
      ],
      [
        0,
        2,
        3,
        4,
        5,
        6,
        7
      ],
      [
        0,
        3,
        4,
        6,
        7
      ],
      [
        6
      ],
      [
        3,
        6,
        7
      ],
      [
        0,
        2,
        3,
        4,
        6,
        7
      ],
      [],
      [
        3,
        6
      ]
    ],
    "behind": [
      [],
      [
        0,
        3,
        5,
        7
      ],
      [
        0,
        1,
        3,
        4,
        5,
        6,
        7
      ],
      [
        0,
        5,
        7
      ],
      [
        0,
        1,
        3,
        5,
        6,
        7
      ],
      [
        0,
        7
      ],
      [
        0,
        1,
        3,
        5,
        7
      ],
      [
        0
      ]
    ]
  },
  "image_index": 68,
  "directions": {
    "above": [
      0.0,
      0.0,
      1.0
    ],
    "front": [
      0.754490315914154,
      -0.6563112735748291,
      -0.0
    ],
    "behind": [
      -0.754490315914154,
      0.6563112735748291,
      0.0
    ],
    "right": [
      0.6563112735748291,
      0.7544902563095093,
      -0.0
    ],
    "below": [
      -0.0,
      -0.0,
      -1.0
    ],
    "left": [
      -0.6563112735748291,
      -0.7544902563095093,
      0.0
    ]
  },
  "split": "new",
  "objects": [
    {
      "shape": "cylinder",
      "material": "metal",
      "pixel_coords": [
        152,
        59,
        13.54753303527832
      ],
      "rotation": 310.40168423602694,
      "3d_coords": [
        -2.9996581077575684,
        2.12680983543396,
        0.699999988079071
      ],
      "color": "red",
      "size": "large"
    },
    {
      "shape": "cube",
      "material": "rubber",
      "pixel_coords": [
        70,
        97,
        10.42051887512207
      ],
      "rotation": 293.8886457298383,
      "3d_coords": [
        -1.8244317770004272,
        -1.9692645072937012,
        0.699999988079071
      ],
      "color": "blue",
      "size": "large"
    },
    {
      "shape": "sphere",
      "material": "metal",
      "pixel_coords": [
        103,
        134,
        8.511999130249023
      ],
      "rotation": 115.60622675947968,
      "3d_coords": [
        0.6638286709785461,
        -2.38126277923584,
        0.699999988079071
      ],
      "color": "purple",
      "size": "large"
    },
    {
      "shape": "cylinder",
      "material": "rubber",
      "pixel_coords": [
        251,
        89,
        10.979162216186523
      ],
      "rotation": 317.6868450498009,
      "3d_coords": [
        1.2837804555892944,
        2.6745917797088623,
        0.699999988079071
      ],
      "color": "blue",
      "size": "large"
    },
    {
      "shape": "cylinder",
      "material": "rubber",
      "pixel_coords": [
        201,
        133,
        9.281328201293945
      ],
      "rotation": 156.94608467261804,
      "3d_coords": [
        1.7427672147750854,
        -0.049821510910987854,
        0.3499999940395355
      ],
      "color": "red",
      "size": "small"
    },
    {
      "shape": "cube",
      "material": "rubber",
      "pixel_coords": [
        102,
        89,
        11.885550498962402
      ],
      "rotation": 284.8827439328347,
      "3d_coords": [
        -2.495882511138916,
        -0.4819498062133789,
        0.3499999940395355
      ],
      "color": "brown",
      "size": "small"
    },
    {
      "shape": "cylinder",
      "material": "rubber",
      "pixel_coords": [
        280,
        119,
        9.963738441467285
      ],
      "rotation": 291.69578248257636,
      "3d_coords": [
        2.6564512252807617,
        2.223670244216919,
        0.3499999940395355
      ],
      "color": "red",
      "size": "small"
    },
    {
      "shape": "sphere",
      "material": "rubber",
      "pixel_coords": [
        211,
        79,
        12.655509948730469
      ],
      "rotation": 214.59141131974073,
      "3d_coords": [
        -0.6906266808509827,
        2.996170997619629,
        0.3499999940395355
      ],
      "color": "purple",
      "size": "small"
    }
  ]
}