{
  "split": "new",
  "directions": {
    "below": [
      -0.0,
      -0.0,
      -1.0
    ],
    "right": [
      0.6563112735748291,
      0.7544902563095093,
      -0.0
    ],
    "left": [
      -0.6563112735748291,
      -0.7544902563095093,
      0.0
    ],
    "behind": [
      -0.754490315914154,
      0.6563112735748291,
      0.0
    ],
    "front": [
      0.754490315914154,
      -0.6563112735748291,
      -0.0
    ],
    "above": [
      0.0,
      0.0,
      1.0
    ]
  },
  "relationships": {
    "left": [
      [
        2,
        3,
        6
      ],
      [
        0,
        2,
        3,
        6
      ],
      [],
      [
        2,
        6
      ],
      [
        0,
        1,
        2,
        3,
        5,
        6,
        7
      ],
      [
        0,
        1,
        2,
        3,
        6
      ],
      [
        2
      ],
      [
        0,
        1,
        2,
        3,
        5,
        6
      ]
    ],
    "behind": [
      [],
      [
        0,
        2,
        5,
        6
      ],
      [
        0,
        5,
        6
      ],
      [
        0,
        1,
        2,
        4,
        5,
        6,
        7
      ],
      [
        0,
        1,
        2,
        5,
        6
      ],
      [
        0
      ],
      [
        0,
        5
      ],
      [
        0,
        1,
        2,
        4,
        5,
        6
      ]
    ],
    "front": [
      [
        1,
        2,
        3,
        4,
        5,
        6,
        7
      ],
      [
        3,
        4,
        7
      ],
      [
        1,
        3,
        4,
        7
      ],
      [],
      [
        3,
        7
      ],
      [
        1,
        2,
        3,
        4,
        6,
        7
      ],
      [
        1,
        2,
        3,
        4,
        7
      ],
      [
        3
      ]
    ],
    "right": [
      [
        1,
        4,
        5,
        7
      ],
      [
        4,
        5,
        7
      ],
      [
        0,
        1,
        3,
        4,
        5,
        6,
        7
      ],
      [
        0,
        1,
        4,
        5,
        7
      ],
      [],
      [
        4,
        7
      ],
      [
        0,
        1,
        3,
        4,
        5,
        7
      ],
      [
        4
      ]
    ]
  },
  "objects": [
    {
      "pixel_coords": [
        157,
        68,
        13.605061531066895
      ],
      "color": "gray",
      "material": "rubber",
      "size": "small",
      "shape": "cylinder",
      "3d_coords": [
        -2.6076977252960205,
        2.1138575077056885,
        0.3499999940395355
      ],
      "rotation": 193.24127740052165
    },
    {
      "pixel_coords": [
        200,
        93,
        10.96394157409668
      ],
      "color": "red",
      "material": "metal",
      "size": "large",
      "shape": "cylinder",
      "3d_coords": [
        0.43963512778282166,
        1.2658717632293701,
        0.699999988079071
      ],
      "rotation": 25.15255761503881
    },
    {
      "pixel_coords": [
        61,
        96,
        11.564409255981445
      ],
      "color": "brown",
      "material": "metal",
      "size": "small",
      "shape": "cube",
      "3d_coords": [
        -2.890873908996582,
        -1.8471643924713135,
        0.3499999940395355
      ],
      "rotation": 335.24328422389056
    },
    {
      "pixel_coords": [
        138,
        138,
        9.37315559387207
      ],
      "color": "brown",
      "material": "rubber",
      "size": "small",
      "shape": "cube",
      "3d_coords": [
        0.8048040866851807,
        -1.4594167470932007,
        0.3499999940395355
      ],
      "rotation": 113.67327119802238
    },
    {
      "pixel_coords": [
        300,
        105,
        10.291693687438965
      ],
      "color": "red",
      "material": "rubber",
      "size": "large",
      "shape": "sphere",
      "3d_coords": [
        2.8967771530151367,
        2.920379161834717,
        0.699999988079071
      ],
      "rotation": 76.40844194513133
    },
    {
      "pixel_coords": [
        215,
        71,
        12.464862823486328
      ],
      "color": "green",
      "material": "metal",
      "size": "large",
      "shape": "cylinder",
      "3d_coords": [
        -0.4224850833415985,
        2.937213659286499,
        0.699999988079071
      ],
      "rotation": 206.1104797477803
    },
    {
      "pixel_coords": [
        115,
        81,
        11.756738662719727
      ],
      "color": "red",
      "material": "rubber",
      "size": "large",
      "shape": "cylinder",
      "3d_coords": [
        -2.063399314880371,
        -0.22730280458927155,
        0.699999988079071
      ],
      "rotation": 280.4148467188081
    },
    {
      "pixel_coords": [
        260,
        127,
        9.859627723693848
      ],
      "color": "red",
      "material": "rubber",
      "size": "small",
      "shape": "cylinder",
      "3d_coords": [
        2.5872011184692383,
        1.4747194051742554,
        0.3499999940395355
      ],
      "rotation": 45.90224610821388
    }
  ],
  "image_filename": "CLEVR_new_000875.png",
  "image_index": 875
}