{
  "split": "new",
  "directions": {
    "below": [
      -0.0,
      -0.0,
      -1.0
    ],
    "right": [
      0.6563112735748291,
      0.7544902563095093,
      -0.0
    ],
    "left": [
      -0.6563112735748291,
      -0.7544902563095093,
      0.0
    ],
    "behind": [
      -0.754490315914154,
      0.6563112735748291,
      0.0
    ],
    "front": [
      0.754490315914154,
      -0.6563112735748291,
      -0.0
    ],
    "above": [
      0.0,
      0.0,
      1.0
    ]
  },
  "relationships": {
    "left": [
      [
        1,
        2,
        3,
        4,
        5,
        6,
        7
      ],
      [
        2,
        3,
        4,
        5,
        6,
        7
      ],
      [
        4,
        5,
        7
      ],
      [
        2,
        4,
        5,
        6,
        7
      ],
      [
        5
      ],
      [],
      [
        2,
        4,
        5,
        7
      ],
      [
        4,
        5
      ]
    ],
    "behind": [
      [
        1,
        2,
        4,
        5,
        6,
        7
      ],
      [
        2,
        5,
        6
      ],
      [
        6
      ],
      [
        0,
        1,
        2,
        4,
        5,
        6,
        7
      ],
      [
        1,
        2,
        5,
        6
      ],
      [
        2,
        6
      ],
      [],
      [
        1,
        2,
        4,
        5,
        6
      ]
    ],
    "front": [
      [
        3
      ],
      [
        0,
        3,
        4,
        7
      ],
      [
        0,
        1,
        3,
        4,
        5,
        7
      ],
      [],
      [
        0,
        3,
        7
      ],
      [
        0,
        1,
        3,
        4,
        7
      ],
      [
        0,
        1,
        2,
        3,
        4,
        5,
        7
      ],
      [
        0,
        3
      ]
    ],
    "right": [
      [],
      [
        0
      ],
      [
        0,
        1,
        3,
        6
      ],
      [
        0,
        1
      ],
      [
        0,
        1,
        2,
        3,
        6,
        7
      ],
      [
        0,
        1,
        2,
        3,
        4,
        6,
        7
      ],
      [
        0,
        1,
        3
      ],
      [
        0,
        1,
        2,
        3,
        6
      ]
    ]
  },
  "objects": [
    {
      "pixel_coords": [
        254,
        127,
        8.737915992736816
      ],
      "color": "red",
      "material": "rubber",
      "size": "large",
      "shape": "sphere",
      "3d_coords": [
        2.8252506256103516,
        0.6705596446990967,
        0.699999988079071
      ],
      "rotation": 91.46570339823862
    },
    {
      "pixel_coords": [
        208,
        100,
        10.215781211853027
      ],
      "color": "brown",
      "material": "metal",
      "size": "large",
      "shape": "sphere",
      "3d_coords": [
        0.9550840854644775,
        1.0353156328201294,
        0.699999988079071
      ],
      "rotation": 145.4512772418388
    },
    {
      "pixel_coords": [
        147,
        91,
        11.72138786315918
      ],
      "color": "red",
      "material": "metal",
      "size": "small",
      "shape": "sphere",
      "3d_coords": [
        -1.3916534185409546,
        0.6063526272773743,
        0.3499999940395355
      ],
      "rotation": 97.31330304490736
    },
    {
      "pixel_coords": [
        192,
        141,
        8.124092102050781
      ],
      "color": "green",
      "material": "rubber",
      "size": "large",
      "shape": "sphere",
      "3d_coords": [
        2.319791793823242,
        -0.9949092864990234,
        0.699999988079071
      ],
      "rotation": 336.3211151670137
    },
    {
      "pixel_coords": [
        92,
        116,
        10.044896125793457
      ],
      "color": "brown",
      "material": "rubber",
      "size": "small",
      "shape": "cube",
      "3d_coords": [
        -0.9380843639373779,
        -1.776839256286621,
        0.3499999940395355
      ],
      "rotation": 263.7635349330119
    },
    {
      "pixel_coords": [
        53,
        86,
        11.173521041870117
      ],
      "color": "purple",
      "material": "metal",
      "size": "large",
      "shape": "cube",
      "3d_coords": [
        -2.9881985187530518,
        -1.9532579183578491,
        0.699999988079071
      ],
      "rotation": 187.17987584689809
    },
    {
      "pixel_coords": [
        171,
        73,
        13.30186939239502
      ],
      "color": "green",
      "material": "metal",
      "size": "small",
      "shape": "sphere",
      "3d_coords": [
        -2.208251476287842,
        2.393749475479126,
        0.3499999940395355
      ],
      "rotation": 150.7334323901319
    },
    {
      "pixel_coords": [
        124,
        126,
        9.509340286254883
      ],
      "color": "red",
      "material": "metal",
      "size": "small",
      "shape": "cylinder",
      "3d_coords": [
        0.15612973272800446,
        -1.4172515869140625,
        0.3499999940395355
      ],
      "rotation": 161.86049369342433
    }
  ],
  "image_filename": "CLEVR_new_000766.png",
  "image_index": 766
}