{
  "split": "new",
  "directions": {
    "below": [
      -0.0,
      -0.0,
      -1.0
    ],
    "right": [
      0.6563112735748291,
      0.7544902563095093,
      -0.0
    ],
    "left": [
      -0.6563112735748291,
      -0.7544902563095093,
      0.0
    ],
    "behind": [
      -0.754490315914154,
      0.6563112735748291,
      0.0
    ],
    "front": [
      0.754490315914154,
      -0.6563112735748291,
      -0.0
    ],
    "above": [
      0.0,
      0.0,
      1.0
    ]
  },
  "relationships": {
    "left": [
      [
        6
      ],
      [
        0,
        2,
        3,
        4,
        5,
        6,
        7
      ],
      [
        0,
        3,
        4,
        5,
        6,
        7
      ],
      [
        0,
        6
      ],
      [
        0,
        3,
        5,
        6,
        7
      ],
      [
        0,
        3,
        6,
        7
      ],
      [],
      [
        0,
        3,
        6
      ]
    ],
    "behind": [
      [
        4
      ],
      [
        0,
        2,
        4,
        7
      ],
      [
        0,
        4
      ],
      [
        0,
        1,
        2,
        4,
        6,
        7
      ],
      [],
      [
        0,
        1,
        2,
        3,
        4,
        6,
        7
      ],
      [
        0,
        1,
        2,
        4,
        7
      ],
      [
        0,
        2,
        4
      ]
    ],
    "front": [
      [
        1,
        2,
        3,
        5,
        6,
        7
      ],
      [
        3,
        5,
        6
      ],
      [
        1,
        3,
        5,
        6,
        7
      ],
      [
        5
      ],
      [
        0,
        1,
        2,
        3,
        5,
        6,
        7
      ],
      [],
      [
        3,
        5
      ],
      [
        1,
        3,
        5,
        6
      ]
    ],
    "right": [
      [
        1,
        2,
        3,
        4,
        5,
        7
      ],
      [],
      [
        1
      ],
      [
        1,
        2,
        4,
        5,
        7
      ],
      [
        1,
        2
      ],
      [
        1,
        2,
        4
      ],
      [
        0,
        1,
        2,
        3,
        4,
        5,
        7
      ],
      [
        1,
        2,
        4,
        5
      ]
    ]
  },
  "objects": [
    {
      "pixel_coords": [
        111,
        79,
        13.188127517700195
      ],
      "color": "red",
      "material": "metal",
      "size": "large",
      "shape": "sphere",
      "3d_coords": [
        -2.756401300430298,
        0.009943022392690182,
        0.699999988079071
      ],
      "rotation": 139.20555407705012
    },
    {
      "pixel_coords": [
        237,
        107,
        11.752034187316895
      ],
      "color": "blue",
      "material": "rubber",
      "size": "small",
      "shape": "cube",
      "3d_coords": [
        1.5340690612792969,
        2.1142561435699463,
        0.3499999940395355
      ],
      "rotation": 312.4987725172666
    },
    {
      "pixel_coords": [
        218,
        95,
        12.692713737487793
      ],
      "color": "green",
      "material": "metal",
      "size": "small",
      "shape": "cube",
      "3d_coords": [
        0.40812399983406067,
        2.438565254211426,
        0.3499999940395355
      ],
      "rotation": 300.5561577522899
    },
    {
      "pixel_coords": [
        111,
        144,
        9.609213829040527
      ],
      "color": "purple",
      "material": "metal",
      "size": "small",
      "shape": "cube",
      "3d_coords": [
        0.6818624138832092,
        -2.4313809871673584,
        0.3499999940395355
      ],
      "rotation": 290.4892001729862
    },
    {
      "pixel_coords": [
        175,
        70,
        14.059534072875977
      ],
      "color": "red",
      "material": "rubber",
      "size": "large",
      "shape": "sphere",
      "3d_coords": [
        -1.8688490390777588,
        2.461196184158325,
        0.699999988079071
      ],
      "rotation": 192.46187630511406
    },
    {
      "pixel_coords": [
        158,
        162,
        8.800766944885254
      ],
      "color": "green",
      "material": "metal",
      "size": "small",
      "shape": "sphere",
      "3d_coords": [
        2.2236475944519043,
        -2.0704891681671143,
        0.3499999940395355
      ],
      "rotation": 208.70752830584976
    },
    {
      "pixel_coords": [
        85,
        107,
        10.927425384521484
      ],
      "color": "purple",
      "material": "metal",
      "size": "large",
      "shape": "sphere",
      "3d_coords": [
        -1.2052420377731323,
        -2.0559823513031006,
        0.699999988079071
      ],
      "rotation": 111.18915336179866
    },
    {
      "pixel_coords": [
        136,
        101,
        12.231311798095703
      ],
      "color": "red",
      "material": "rubber",
      "size": "small",
      "shape": "cylinder",
      "3d_coords": [
        -1.166284441947937,
        -0.08980811387300491,
        0.3499999940395355
      ],
      "rotation": 131.00175934445474
    }
  ],
  "image_filename": "CLEVR_new_000595.png",
  "image_index": 595
}