{
  "split": "new",
  "directions": {
    "below": [
      -0.0,
      -0.0,
      -1.0
    ],
    "right": [
      0.6563112735748291,
      0.7544902563095093,
      -0.0
    ],
    "left": [
      -0.6563112735748291,
      -0.7544902563095093,
      0.0
    ],
    "behind": [
      -0.754490315914154,
      0.6563112735748291,
      0.0
    ],
    "front": [
      0.754490315914154,
      -0.6563112735748291,
      -0.0
    ],
    "above": [
      0.0,
      0.0,
      1.0
    ]
  },
  "relationships": {
    "left": [
      [
        1,
        2,
        3,
        4,
        5,
        7
      ],
      [
        3,
        4,
        7
      ],
      [
        1,
        3,
        4,
        7
      ],
      [
        7
      ],
      [
        3,
        7
      ],
      [
        1,
        2,
        3,
        4,
        7
      ],
      [
        0,
        1,
        2,
        3,
        4,
        5,
        7
      ],
      []
    ],
    "behind": [
      [
        2,
        4
      ],
      [
        0,
        2,
        4
      ],
      [],
      [
        0,
        1,
        2,
        4,
        6
      ],
      [
        2
      ],
      [
        0,
        1,
        2,
        3,
        4,
        6
      ],
      [
        0,
        1,
        2,
        4
      ],
      [
        0,
        1,
        2,
        3,
        4,
        5,
        6
      ]
    ],
    "front": [
      [
        1,
        3,
        5,
        6,
        7
      ],
      [
        3,
        5,
        6,
        7
      ],
      [
        0,
        1,
        3,
        4,
        5,
        6,
        7
      ],
      [
        5,
        7
      ],
      [
        0,
        1,
        3,
        5,
        6,
        7
      ],
      [
        7
      ],
      [
        3,
        5,
        7
      ],
      []
    ],
    "right": [
      [
        6
      ],
      [
        0,
        2,
        5,
        6
      ],
      [
        0,
        5,
        6
      ],
      [
        0,
        1,
        2,
        4,
        5,
        6
      ],
      [
        0,
        1,
        2,
        5,
        6
      ],
      [
        0,
        6
      ],
      [],
      [
        0,
        1,
        2,
        3,
        4,
        5,
        6
      ]
    ]
  },
  "objects": [
    {
      "pixel_coords": [
        239,
        93,
        12.312389373779297
      ],
      "color": "gray",
      "material": "rubber",
      "size": "small",
      "shape": "cube",
      "3d_coords": [
        0.7078952789306641,
        2.9921977519989014,
        0.3499999940395355
      ],
      "rotation": 70.86252524850278
    },
    {
      "pixel_coords": [
        166,
        98,
        11.979244232177734
      ],
      "color": "yellow",
      "material": "metal",
      "size": "small",
      "shape": "cylinder",
      "3d_coords": [
        -0.5854615569114685,
        0.7443153858184814,
        0.3499999940395355
      ],
      "rotation": 334.1146502065188
    },
    {
      "pixel_coords": [
        181,
        61,
        14.114022254943848
      ],
      "color": "blue",
      "material": "metal",
      "size": "large",
      "shape": "sphere",
      "3d_coords": [
        -2.275053024291992,
        2.9038970470428467,
        0.699999988079071
      ],
      "rotation": 133.51193503947636
    },
    {
      "pixel_coords": [
        120,
        105,
        10.740458488464355
      ],
      "color": "red",
      "material": "rubber",
      "size": "large",
      "shape": "cylinder",
      "3d_coords": [
        -0.5309336185455322,
        -1.1623855829238892,
        0.699999988079071
      ],
      "rotation": 0.9536343807817538
    },
    {
      "pixel_coords": [
        147,
        75,
        12.793696403503418
      ],
      "color": "green",
      "material": "metal",
      "size": "large",
      "shape": "cylinder",
      "3d_coords": [
        -1.9207361936569214,
        0.8988894820213318,
        0.699999988079071
      ],
      "rotation": 198.96812402691958
    },
    {
      "pixel_coords": [
        239,
        135,
        9.918225288391113
      ],
      "color": "red",
      "material": "rubber",
      "size": "small",
      "shape": "cylinder",
      "3d_coords": [
        2.5345301628112793,
        0.8482614159584045,
        0.3499999940395355
      ],
      "rotation": 219.23523660176187
    },
    {
      "pixel_coords": [
        270,
        99,
        11.134344100952148
      ],
      "color": "green",
      "material": "metal",
      "size": "large",
      "shape": "cylinder",
      "3d_coords": [
        2.0538530349731445,
        2.825195550918579,
        0.699999988079071
      ],
      "rotation": 227.27863880338697
    },
    {
      "pixel_coords": [
        82,
        147,
        9.377802848815918
      ],
      "color": "green",
      "material": "metal",
      "size": "small",
      "shape": "cube",
      "3d_coords": [
        0.323525071144104,
        -2.940502166748047,
        0.3499999940395355
      ],
      "rotation": 351.6855882973273
    }
  ],
  "image_filename": "CLEVR_new_000931.png",
  "image_index": 931
}