{
  "image_filename": "CLEVR_new_000215.png",
  "relationships": {
    "front": [
      [
        2,
        3,
        5,
        6,
        7
      ],
      [
        0,
        2,
        3,
        4,
        5,
        6,
        7
      ],
      [
        6
      ],
      [
        2,
        5,
        6,
        7
      ],
      [
        0,
        2,
        3,
        5,
        6,
        7
      ],
      [
        2,
        6
      ],
      [],
      [
        2,
        5,
        6
      ]
    ],
    "left": [
      [
        5
      ],
      [
        0,
        2,
        5
      ],
      [
        0,
        5
      ],
      [
        0,
        1,
        2,
        4,
        5,
        6,
        7
      ],
      [
        0,
        1,
        2,
        5,
        6,
        7
      ],
      [],
      [
        0,
        1,
        2,
        5,
        7
      ],
      [
        0,
        1,
        2,
        5
      ]
    ],
    "right": [
      [
        1,
        2,
        3,
        4,
        6,
        7
      ],
      [
        3,
        4,
        6,
        7
      ],
      [
        1,
        3,
        4,
        6,
        7
      ],
      [],
      [
        3
      ],
      [
        0,
        1,
        2,
        3,
        4,
        6,
        7
      ],
      [
        3,
        4
      ],
      [
        3,
        4,
        6
      ]
    ],
    "behind": [
      [
        1,
        4
      ],
      [],
      [
        0,
        1,
        3,
        4,
        5,
        7
      ],
      [
        0,
        1,
        4
      ],
      [
        1
      ],
      [
        0,
        1,
        3,
        4,
        7
      ],
      [
        0,
        1,
        2,
        3,
        4,
        5,
        7
      ],
      [
        0,
        1,
        3,
        4
      ]
    ]
  },
  "image_index": 215,
  "directions": {
    "above": [
      0.0,
      0.0,
      1.0
    ],
    "front": [
      0.754490315914154,
      -0.6563112735748291,
      -0.0
    ],
    "behind": [
      -0.754490315914154,
      0.6563112735748291,
      0.0
    ],
    "right": [
      0.6563112735748291,
      0.7544902563095093,
      -0.0
    ],
    "below": [
      -0.0,
      -0.0,
      -1.0
    ],
    "left": [
      -0.6563112735748291,
      -0.7544902563095093,
      0.0
    ]
  },
  "split": "new",
  "objects": [
    {
      "shape": "cylinder",
      "material": "metal",
      "pixel_coords": [
        82,
        86,
        11.470816612243652
      ],
      "rotation": 185.6049112013241,
      "3d_coords": [
        -2.521287202835083,
        -1.1454633474349976,
        0.699999988079071
      ],
      "color": "green",
      "size": "large"
    },
    {
      "shape": "cylinder",
      "material": "rubber",
      "pixel_coords": [
        130,
        71,
        12.809267044067383
      ],
      "rotation": 152.09748091162638,
      "3d_coords": [
        -2.6191565990448,
        0.9556342363357544,
        0.699999988079071
      ],
      "color": "gray",
      "size": "large"
    },
    {
      "shape": "cube",
      "material": "metal",
      "pixel_coords": [
        108,
        139,
        9.156401634216309
      ],
      "rotation": 135.9830074523699,
      "3d_coords": [
        0.33448418974876404,
        -2.1762070655822754,
        0.3499999940395355
      ],
      "color": "gray",
      "size": "small"
    },
    {
      "shape": "sphere",
      "material": "rubber",
      "pixel_coords": [
        242,
        99,
        11.441144943237305
      ],
      "rotation": 8.253485857269247,
      "3d_coords": [
        1.2116810083389282,
        2.525174856185913,
        0.3499999940395355
      ],
      "color": "red",
      "size": "small"
    },
    {
      "shape": "cube",
      "material": "metal",
      "pixel_coords": [
        194,
        74,
        12.506165504455566
      ],
      "rotation": 246.76307633521589,
      "3d_coords": [
        -0.7879813313484192,
        2.4110281467437744,
        0.699999988079071
      ],
      "color": "gray",
      "size": "large"
    },
    {
      "shape": "cube",
      "material": "metal",
      "pixel_coords": [
        50,
        128,
        9.693693161010742
      ],
      "rotation": 11.266960394770216,
      "3d_coords": [
        -1.2590426206588745,
        -2.9919891357421875,
        0.3499999940395355
      ],
      "color": "brown",
      "size": "small"
    },
    {
      "shape": "cube",
      "material": "rubber",
      "pixel_coords": [
        172,
        137,
        8.532334327697754
      ],
      "rotation": 29.09387785574492,
      "3d_coords": [
        1.844007968902588,
        -1.3275139331817627,
        0.699999988079071
      ],
      "color": "yellow",
      "size": "large"
    },
    {
      "shape": "cube",
      "material": "rubber",
      "pixel_coords": [
        148,
        102,
        10.350468635559082
      ],
      "rotation": 238.42770902318912,
      "3d_coords": [
        -0.08499614894390106,
        -0.3907856345176697,
        0.699999988079071
      ],
      "color": "purple",
      "size": "large"
    }
  ]
}