{
  "image_filename": "CLEVR_new_000430.png",
  "relationships": {
    "front": [
      [
        1,
        3,
        4,
        5,
        6,
        7
      ],
      [
        3,
        4,
        5,
        6,
        7
      ],
      [
        0,
        1,
        3,
        4,
        5,
        6,
        7
      ],
      [
        5
      ],
      [
        3,
        5,
        6
      ],
      [],
      [
        3,
        5
      ],
      [
        3,
        4,
        5,
        6
      ]
    ],
    "left": [
      [
        1,
        3
      ],
      [],
      [
        0,
        1,
        3,
        4,
        5
      ],
      [
        1
      ],
      [
        0,
        1,
        3,
        5
      ],
      [
        0,
        1,
        3
      ],
      [
        0,
        1,
        2,
        3,
        4,
        5,
        7
      ],
      [
        0,
        1,
        2,
        3,
        4,
        5
      ]
    ],
    "right": [
      [
        2,
        4,
        5,
        6,
        7
      ],
      [
        0,
        2,
        3,
        4,
        5,
        6,
        7
      ],
      [
        6,
        7
      ],
      [
        0,
        2,
        4,
        5,
        6,
        7
      ],
      [
        2,
        6,
        7
      ],
      [
        2,
        4,
        6,
        7
      ],
      [],
      [
        6
      ]
    ],
    "behind": [
      [
        2
      ],
      [
        0,
        2
      ],
      [],
      [
        0,
        1,
        2,
        4,
        6,
        7
      ],
      [
        0,
        1,
        2,
        7
      ],
      [
        0,
        1,
        2,
        3,
        4,
        6,
        7
      ],
      [
        0,
        1,
        2,
        4,
        7
      ],
      [
        0,
        1,
        2
      ]
    ]
  },
  "image_index": 430,
  "directions": {
    "above": [
      0.0,
      0.0,
      1.0
    ],
    "front": [
      0.754490315914154,
      -0.6563112735748291,
      -0.0
    ],
    "behind": [
      -0.754490315914154,
      0.6563112735748291,
      0.0
    ],
    "right": [
      0.6563112735748291,
      0.7544902563095093,
      -0.0
    ],
    "below": [
      -0.0,
      -0.0,
      -1.0
    ],
    "left": [
      -0.6563112735748291,
      -0.7544902563095093,
      0.0
    ]
  },
  "split": "new",
  "objects": [
    {
      "shape": "sphere",
      "material": "metal",
      "pixel_coords": [
        112,
        90,
        12.326663970947266
      ],
      "rotation": 29.41801466255193,
      "3d_coords": [
        -2.331576108932495,
        -0.2918669283390045,
        0.3499999940395355
      ],
      "color": "gray",
      "size": "small"
    },
    {
      "shape": "sphere",
      "material": "rubber",
      "pixel_coords": [
        73,
        95,
        11.956478118896484
      ],
      "rotation": 35.70657474938327,
      "3d_coords": [
        -2.805532693862915,
        -1.5489882230758667,
        0.3499999940395355
      ],
      "color": "green",
      "size": "small"
    },
    {
      "shape": "sphere",
      "material": "rubber",
      "pixel_coords": [
        185,
        75,
        12.661759376525879
      ],
      "rotation": 352.67429824570513,
      "3d_coords": [
        -1.1376763582229614,
        2.0886144638061523,
        0.699999988079071
      ],
      "color": "gray",
      "size": "large"
    },
    {
      "shape": "cylinder",
      "material": "metal",
      "pixel_coords": [
        66,
        135,
        9.487666130065918
      ],
      "rotation": 357.9734523642509,
      "3d_coords": [
        -0.3735651969909668,
        -2.9551517963409424,
        0.3499999940395355
      ],
      "color": "green",
      "size": "small"
    },
    {
      "shape": "cube",
      "material": "metal",
      "pixel_coords": [
        167,
        109,
        10.144782066345215
      ],
      "rotation": 353.25444625226936,
      "3d_coords": [
        0.6189349293708801,
        -0.246764674782753,
        0.699999988079071
      ],
      "color": "brown",
      "size": "large"
    },
    {
      "shape": "sphere",
      "material": "rubber",
      "pixel_coords": [
        115,
        162,
        7.710718154907227
      ],
      "rotation": 50.42857345334476,
      "3d_coords": [
        2.0084455013275146,
        -2.891019582748413,
        0.699999988079071
      ],
      "color": "gray",
      "size": "large"
    },
    {
      "shape": "sphere",
      "material": "metal",
      "pixel_coords": [
        252,
        118,
        9.605844497680664
      ],
      "rotation": 309.8932995939683,
      "3d_coords": [
        2.5555601119995117,
        1.200088620185852,
        0.699999988079071
      ],
      "color": "red",
      "size": "large"
    },
    {
      "shape": "cylinder",
      "material": "rubber",
      "pixel_coords": [
        202,
        109,
        10.944457054138184
      ],
      "rotation": 190.84478836335762,
      "3d_coords": [
        0.7489014267921448,
        1.0653996467590332,
        0.3499999940395355
      ],
      "color": "green",
      "size": "small"
    }
  ]
}