{
  "image_filename": "CLEVR_new_000148.png",
  "relationships": {
    "front": [
      [
        1,
        2,
        3,
        4,
        5,
        7
      ],
      [
        7
      ],
      [
        1,
        3,
        4,
        5,
        7
      ],
      [
        1,
        7
      ],
      [
        1,
        3,
        7
      ],
      [
        1,
        3,
        4,
        7
      ],
      [
        0,
        1,
        2,
        3,
        4,
        5,
        7
      ],
      []
    ],
    "left": [
      [
        1,
        2,
        3,
        5,
        6,
        7
      ],
      [
        2,
        3,
        7
      ],
      [],
      [
        2
      ],
      [
        0,
        1,
        2,
        3,
        5,
        6,
        7
      ],
      [
        1,
        2,
        3,
        6,
        7
      ],
      [
        1,
        2,
        3,
        7
      ],
      [
        2,
        3
      ]
    ],
    "right": [
      [
        4
      ],
      [
        0,
        4,
        5,
        6
      ],
      [
        0,
        1,
        3,
        4,
        5,
        6,
        7
      ],
      [
        0,
        1,
        4,
        5,
        6,
        7
      ],
      [],
      [
        0,
        4
      ],
      [
        0,
        4,
        5
      ],
      [
        0,
        1,
        4,
        5,
        6
      ]
    ],
    "behind": [
      [
        6
      ],
      [
        0,
        2,
        3,
        4,
        5,
        6
      ],
      [
        0,
        6
      ],
      [
        0,
        2,
        4,
        5,
        6
      ],
      [
        0,
        2,
        5,
        6
      ],
      [
        0,
        2,
        6
      ],
      [],
      [
        0,
        1,
        2,
        3,
        4,
        5,
        6
      ]
    ]
  },
  "image_index": 148,
  "directions": {
    "above": [
      0.0,
      0.0,
      1.0
    ],
    "front": [
      0.754490315914154,
      -0.6563112735748291,
      -0.0
    ],
    "behind": [
      -0.754490315914154,
      0.6563112735748291,
      0.0
    ],
    "right": [
      0.6563112735748291,
      0.7544902563095093,
      -0.0
    ],
    "below": [
      -0.0,
      -0.0,
      -1.0
    ],
    "left": [
      -0.6563112735748291,
      -0.7544902563095093,
      0.0
    ]
  },
  "split": "new",
  "objects": [
    {
      "shape": "cube",
      "material": "metal",
      "pixel_coords": [
        194,
        75,
        13.04190444946289
      ],
      "rotation": 1.6005437223398022,
      "3d_coords": [
        -0.891459047794342,
        2.5003535747528076,
        0.699999988079071
      ],
      "color": "blue",
      "size": "large"
    },
    {
      "shape": "cube",
      "material": "metal",
      "pixel_coords": [
        152,
        118,
        9.819649696350098
      ],
      "rotation": 32.17475910319729,
      "3d_coords": [
        0.7827437520027161,
        -1.024113655090332,
        0.699999988079071
      ],
      "color": "brown",
      "size": "large"
    },
    {
      "shape": "sphere",
      "material": "metal",
      "pixel_coords": [
        80,
        88,
        11.861261367797852
      ],
      "rotation": 257.2789827475053,
      "3d_coords": [
        -2.5816495418548584,
        -1.3359382152557373,
        0.699999988079071
      ],
      "color": "green",
      "size": "large"
    },
    {
      "shape": "sphere",
      "material": "rubber",
      "pixel_coords": [
        85,
        123,
        10.303712844848633
      ],
      "rotation": 52.02809525310544,
      "3d_coords": [
        -0.8188996315002441,
        -2.248368740081787,
        0.3499999940395355
      ],
      "color": "green",
      "size": "small"
    },
    {
      "shape": "cylinder",
      "material": "rubber",
      "pixel_coords": [
        280,
        109,
        11.209115028381348
      ],
      "rotation": 214.3512438734522,
      "3d_coords": [
        2.5011792182922363,
        2.9294912815093994,
        0.3499999940395355
      ],
      "color": "blue",
      "size": "small"
    },
    {
      "shape": "sphere",
      "material": "rubber",
      "pixel_coords": [
        185,
        104,
        11.544612884521484
      ],
      "rotation": 150.59307444281086,
      "3d_coords": [
        0.19276994466781616,
        0.9388248920440674,
        0.3499999940395355
      ],
      "color": "blue",
      "size": "small"
    },
    {
      "shape": "sphere",
      "material": "metal",
      "pixel_coords": [
        163,
        64,
        14.19726848602295
      ],
      "rotation": 293.55915344561845,
      "3d_coords": [
        -2.624211549758911,
        2.5130040645599365,
        0.699999988079071
      ],
      "color": "red",
      "size": "large"
    },
    {
      "shape": "cylinder",
      "material": "rubber",
      "pixel_coords": [
        130,
        161,
        7.865584373474121
      ],
      "rotation": 17.06235430412047,
      "3d_coords": [
        2.106318712234497,
        -2.820864677429199,
        0.699999988079071
      ],
      "color": "gray",
      "size": "large"
    }
  ]
}