{
  "split": "new",
  "directions": {
    "below": [
      -0.0,
      -0.0,
      -1.0
    ],
    "right": [
      0.6563112735748291,
      0.7544902563095093,
      -0.0
    ],
    "left": [
      -0.6563112735748291,
      -0.7544902563095093,
      0.0
    ],
    "behind": [
      -0.754490315914154,
      0.6563112735748291,
      0.0
    ],
    "front": [
      0.754490315914154,
      -0.6563112735748291,
      -0.0
    ],
    "above": [
      0.0,
      0.0,
      1.0
    ]
  },
  "relationships": {
    "left": [
      [
        2,
        3,
        4,
        6
      ],
      [
        0,
        2,
        3,
        4,
        5,
        6
      ],
      [
        3,
        4
      ],
      [],
      [
        3
      ],
      [
        0,
        2,
        3,
        4,
        6
      ],
      [
        2,
        3,
        4
      ],
      [
        0,
        1,
        2,
        3,
        4,
        5,
        6
      ]
    ],
    "behind": [
      [
        2,
        3,
        4,
        5,
        7
      ],
      [
        0,
        2,
        3,
        4,
        5,
        7
      ],
      [],
      [
        2,
        4,
        5,
        7
      ],
      [
        2,
        5
      ],
      [
        2
      ],
      [
        0,
        1,
        2,
        3,
        4,
        5,
        7
      ],
      [
        2,
        4,
        5
      ]
    ],
    "front": [
      [
        1,
        6
      ],
      [
        6
      ],
      [
        0,
        1,
        3,
        4,
        5,
        6,
        7
      ],
      [
        0,
        1,
        6
      ],
      [
        0,
        1,
        3,
        6,
        7
      ],
      [
        0,
        1,
        3,
        4,
        6,
        7
      ],
      [],
      [
        0,
        1,
        3,
        6
      ]
    ],
    "right": [
      [
        1,
        5,
        7
      ],
      [
        7
      ],
      [
        0,
        1,
        5,
        6,
        7
      ],
      [
        0,
        1,
        2,
        4,
        5,
        6,
        7
      ],
      [
        0,
        1,
        2,
        5,
        6,
        7
      ],
      [
        1,
        7
      ],
      [
        0,
        1,
        5,
        7
      ],
      []
    ]
  },
  "objects": [
    {
      "pixel_coords": [
        163,
        122,
        10.360760688781738
      ],
      "color": "gray",
      "material": "metal",
      "size": "small",
      "shape": "sphere",
      "3d_coords": [
        0.6388478875160217,
        -0.4266751706600189,
        0.3499999940395355
      ],
      "rotation": 178.99117474701393
    },
    {
      "pixel_coords": [
        211,
        135,
        9.671504020690918
      ],
      "color": "green",
      "material": "metal",
      "size": "small",
      "shape": "cube",
      "3d_coords": [
        2.09303879737854,
        0.10562492907047272,
        0.3499999940395355
      ],
      "rotation": 242.775014261845
    },
    {
      "pixel_coords": [
        128,
        78,
        13.492696762084961
      ],
      "color": "red",
      "material": "rubber",
      "size": "small",
      "shape": "cylinder",
      "3d_coords": [
        -2.9318010807037354,
        0.818558931350708,
        0.3499999940395355
      ],
      "rotation": 49.57857411782242
    },
    {
      "pixel_coords": [
        48,
        100,
        10.864601135253906
      ],
      "color": "green",
      "material": "rubber",
      "size": "large",
      "shape": "sphere",
      "3d_coords": [
        -2.2146949768066406,
        -2.685577630996704,
        0.699999988079071
      ],
      "rotation": 301.08561839842866
    },
    {
      "pixel_coords": [
        111,
        94,
        12.192102432250977
      ],
      "color": "blue",
      "material": "rubber",
      "size": "small",
      "shape": "sphere",
      "3d_coords": [
        -2.1036489009857178,
        -0.4882916212081909,
        0.3499999940395355
      ],
      "rotation": 60.90516808869253
    },
    {
      "pixel_coords": [
        175,
        75,
        12.857086181640625
      ],
      "color": "blue",
      "material": "rubber",
      "size": "large",
      "shape": "cylinder",
      "3d_coords": [
        -1.3754695653915405,
        1.8595225811004639,
        0.699999988079071
      ],
      "rotation": 86.77291789134881
    },
    {
      "pixel_coords": [
        122,
        148,
        8.436634063720703
      ],
      "color": "blue",
      "material": "rubber",
      "size": "large",
      "shape": "cube",
      "3d_coords": [
        1.5344719886779785,
        -2.467317819595337,
        0.699999988079071
      ],
      "rotation": 261.4799415415972
    },
    {
      "pixel_coords": [
        244,
        104,
        11.462655067443848
      ],
      "color": "yellow",
      "material": "metal",
      "size": "small",
      "shape": "cylinder",
      "3d_coords": [
        1.3744384050369263,
        2.4143917560577393,
        0.3499999940395355
      ],
      "rotation": 117.8120918168414
    }
  ],
  "image_filename": "CLEVR_new_000617.png",
  "image_index": 617
}