{
  "image_filename": "CLEVR_new_000179.png",
  "relationships": {
    "front": [
      [
        4
      ],
      [
        0,
        2,
        3,
        4,
        5,
        7
      ],
      [
        0,
        4
      ],
      [
        0,
        2,
        4
      ],
      [],
      [
        0,
        2,
        3,
        4,
        7
      ],
      [
        0,
        1,
        2,
        3,
        4,
        5,
        7
      ],
      [
        0,
        2,
        3,
        4
      ]
    ],
    "left": [
      [
        1,
        3,
        4,
        5,
        6
      ],
      [
        3,
        5
      ],
      [
        0,
        1,
        3,
        4,
        5,
        6,
        7
      ],
      [
        5
      ],
      [
        1,
        3,
        5
      ],
      [],
      [
        1,
        3,
        4,
        5
      ],
      [
        0,
        1,
        3,
        4,
        5,
        6
      ]
    ],
    "right": [
      [
        2,
        7
      ],
      [
        0,
        2,
        4,
        6,
        7
      ],
      [],
      [
        0,
        1,
        2,
        4,
        6,
        7
      ],
      [
        0,
        2,
        6,
        7
      ],
      [
        0,
        1,
        2,
        3,
        4,
        6,
        7
      ],
      [
        0,
        2,
        7
      ],
      [
        2
      ]
    ],
    "behind": [
      [
        1,
        2,
        3,
        5,
        6,
        7
      ],
      [
        6
      ],
      [
        1,
        3,
        5,
        6,
        7
      ],
      [
        1,
        5,
        6,
        7
      ],
      [
        0,
        1,
        2,
        3,
        5,
        6,
        7
      ],
      [
        1,
        6
      ],
      [],
      [
        1,
        5,
        6
      ]
    ]
  },
  "image_index": 179,
  "directions": {
    "above": [
      0.0,
      0.0,
      1.0
    ],
    "front": [
      0.754490315914154,
      -0.6563112735748291,
      -0.0
    ],
    "behind": [
      -0.754490315914154,
      0.6563112735748291,
      0.0
    ],
    "right": [
      0.6563112735748291,
      0.7544902563095093,
      -0.0
    ],
    "below": [
      -0.0,
      -0.0,
      -1.0
    ],
    "left": [
      -0.6563112735748291,
      -0.7544902563095093,
      0.0
    ]
  },
  "split": "new",
  "objects": [
    {
      "shape": "sphere",
      "material": "metal",
      "pixel_coords": [
        187,
        114,
        10.112154006958008
      ],
      "rotation": 103.53743872779297,
      "3d_coords": [
        1.221798062324524,
        -0.08785166591405869,
        0.699999988079071
      ],
      "color": "red",
      "size": "large"
    },
    {
      "shape": "sphere",
      "material": "rubber",
      "pixel_coords": [
        124,
        77,
        12.684946060180664
      ],
      "rotation": 63.84971589597616,
      "3d_coords": [
        -2.3519532680511475,
        0.45590975880622864,
        0.699999988079071
      ],
      "color": "blue",
      "size": "large"
    },
    {
      "shape": "sphere",
      "material": "metal",
      "pixel_coords": [
        261,
        116,
        10.775846481323242
      ],
      "rotation": 234.38713552175807,
      "3d_coords": [
        2.4437520503997803,
        1.9666333198547363,
        0.3499999940395355
      ],
      "color": "green",
      "size": "small"
    },
    {
      "shape": "sphere",
      "material": "rubber",
      "pixel_coords": [
        103,
        110,
        11.128843307495117
      ],
      "rotation": 69.2255910897899,
      "3d_coords": [
        -1.303277850151062,
        -1.2825758457183838,
        0.3499999940395355
      ],
      "color": "purple",
      "size": "small"
    },
    {
      "shape": "sphere",
      "material": "rubber",
      "pixel_coords": [
        138,
        130,
        9.322004318237305
      ],
      "rotation": 313.48602167503026,
      "3d_coords": [
        0.8949885368347168,
        -1.7085758447647095,
        0.699999988079071
      ],
      "color": "yellow",
      "size": "large"
    },
    {
      "shape": "sphere",
      "material": "rubber",
      "pixel_coords": [
        83,
        93,
        12.269769668579102
      ],
      "rotation": 296.07735846950493,
      "3d_coords": [
        -2.8342347145080566,
        -0.9864776730537415,
        0.3499999940395355
      ],
      "color": "purple",
      "size": "small"
    },
    {
      "shape": "cube",
      "material": "rubber",
      "pixel_coords": [
        156,
        65,
        13.770609855651855
      ],
      "rotation": 174.3100859131753,
      "3d_coords": [
        -2.408789873123169,
        2.1664845943450928,
        0.699999988079071
      ],
      "color": "yellow",
      "size": "large"
    },
    {
      "shape": "sphere",
      "material": "rubber",
      "pixel_coords": [
        223,
        87,
        11.835826873779297
      ],
      "rotation": 30.600464166234755,
      "3d_coords": [
        0.7572779059410095,
        2.2459769248962402,
        0.699999988079071
      ],
      "color": "yellow",
      "size": "large"
    }
  ]
}