{
  "image_filename": "CLEVR_new_000351.png",
  "relationships": {
    "front": [
      [
        1,
        2,
        5,
        6
      ],
      [
        2,
        5,
        6
      ],
      [
        6
      ],
      [
        0,
        1,
        2,
        4,
        5,
        6,
        7
      ],
      [
        0,
        1,
        2,
        5,
        6
      ],
      [
        2,
        6
      ],
      [],
      [
        0,
        1,
        2,
        4,
        5,
        6
      ]
    ],
    "left": [
      [],
      [
        0,
        2,
        7
      ],
      [
        0
      ],
      [
        0,
        1,
        2,
        7
      ],
      [
        0,
        1,
        2,
        3,
        6,
        7
      ],
      [
        0,
        1,
        2,
        3,
        4,
        6,
        7
      ],
      [
        0,
        1,
        2,
        3,
        7
      ],
      [
        0,
        2
      ]
    ],
    "right": [
      [
        1,
        2,
        3,
        4,
        5,
        6,
        7
      ],
      [
        3,
        4,
        5,
        6
      ],
      [
        1,
        3,
        4,
        5,
        6,
        7
      ],
      [
        4,
        5,
        6
      ],
      [
        5
      ],
      [],
      [
        4,
        5
      ],
      [
        1,
        3,
        4,
        5,
        6
      ]
    ],
    "behind": [
      [
        3,
        4,
        7
      ],
      [
        0,
        3,
        4,
        7
      ],
      [
        0,
        1,
        3,
        4,
        5,
        7
      ],
      [],
      [
        3,
        7
      ],
      [
        0,
        1,
        3,
        4,
        7
      ],
      [
        0,
        1,
        2,
        3,
        4,
        5,
        7
      ],
      [
        3
      ]
    ]
  },
  "image_index": 351,
  "directions": {
    "above": [
      0.0,
      0.0,
      1.0
    ],
    "front": [
      0.754490315914154,
      -0.6563112735748291,
      -0.0
    ],
    "behind": [
      -0.754490315914154,
      0.6563112735748291,
      0.0
    ],
    "right": [
      0.6563112735748291,
      0.7544902563095093,
      -0.0
    ],
    "below": [
      -0.0,
      -0.0,
      -1.0
    ],
    "left": [
      -0.6563112735748291,
      -0.7544902563095093,
      0.0
    ]
  },
  "split": "new",
  "objects": [
    {
      "shape": "cube",
      "material": "metal",
      "pixel_coords": [
        72,
        84,
        11.730988502502441
      ],
      "rotation": 193.8162924282592,
      "3d_coords": [
        -2.8255958557128906,
        -1.5006517171859741,
        0.699999988079071
      ],
      "color": "green",
      "size": "large"
    },
    {
      "shape": "sphere",
      "material": "metal",
      "pixel_coords": [
        153,
        102,
        10.579137802124023
      ],
      "rotation": 187.60160043142338,
      "3d_coords": [
        -0.02250847965478897,
        -0.23773100972175598,
        0.699999988079071
      ],
      "color": "brown",
      "size": "large"
    },
    {
      "shape": "cube",
      "material": "metal",
      "pixel_coords": [
        99,
        132,
        9.824623107910156
      ],
      "rotation": 260.7982004431216,
      "3d_coords": [
        -0.16346073150634766,
        -2.0995070934295654,
        0.3499999940395355
      ],
      "color": "brown",
      "size": "small"
    },
    {
      "shape": "cube",
      "material": "rubber",
      "pixel_coords": [
        185,
        62,
        13.448108673095703
      ],
      "rotation": 170.66769568185393,
      "3d_coords": [
        -1.8397436141967773,
        2.7930541038513184,
        0.699999988079071
      ],
      "color": "brown",
      "size": "large"
    },
    {
      "shape": "cylinder",
      "material": "metal",
      "pixel_coords": [
        216,
        79,
        12.075516700744629
      ],
      "rotation": 258.5223314482407,
      "3d_coords": [
        0.006070702336728573,
        2.51074481010437,
        0.699999988079071
      ],
      "color": "red",
      "size": "large"
    },
    {
      "shape": "sphere",
      "material": "rubber",
      "pixel_coords": [
        288,
        123,
        10.226507186889648
      ],
      "rotation": 330.34510261190144,
      "3d_coords": [
        2.9824752807617188,
        2.3917715549468994,
        0.3499999940395355
      ],
      "color": "yellow",
      "size": "small"
    },
    {
      "shape": "sphere",
      "material": "rubber",
      "pixel_coords": [
        211,
        145,
        9.255425453186035
      ],
      "rotation": 250.9135651708604,
      "3d_coords": [
        2.307955026626587,
        -0.17635834217071533,
        0.3499999940395355
      ],
      "color": "gray",
      "size": "small"
    },
    {
      "shape": "cylinder",
      "material": "metal",
      "pixel_coords": [
        141,
        72,
        12.554255485534668
      ],
      "rotation": 323.33805822371505,
      "3d_coords": [
        -2.0956521034240723,
        0.8656365871429443,
        0.699999988079071
      ],
      "color": "gray",
      "size": "large"
    }
  ]
}