{
  "split": "new",
  "directions": {
    "below": [
      -0.0,
      -0.0,
      -1.0
    ],
    "right": [
      0.6563112735748291,
      0.7544902563095093,
      -0.0
    ],
    "left": [
      -0.6563112735748291,
      -0.7544902563095093,
      0.0
    ],
    "behind": [
      -0.754490315914154,
      0.6563112735748291,
      0.0
    ],
    "front": [
      0.754490315914154,
      -0.6563112735748291,
      -0.0
    ],
    "above": [
      0.0,
      0.0,
      1.0
    ]
  },
  "relationships": {
    "left": [
      [
        1,
        2,
        3,
        6,
        7
      ],
      [
        2,
        3,
        6,
        7
      ],
      [
        7
      ],
      [
        2,
        7
      ],
      [
        0,
        1,
        2,
        3,
        5,
        6,
        7
      ],
      [
        0,
        1,
        2,
        3,
        6,
        7
      ],
      [
        2,
        3,
        7
      ],
      []
    ],
    "behind": [
      [],
      [
        0,
        2,
        4,
        5,
        6,
        7
      ],
      [
        0,
        4,
        6,
        7
      ],
      [
        0,
        1,
        2,
        4,
        5,
        6,
        7
      ],
      [
        0,
        6
      ],
      [
        0,
        2,
        4,
        6,
        7
      ],
      [
        0
      ],
      [
        0,
        4,
        6
      ]
    ],
    "front": [
      [
        1,
        2,
        3,
        4,
        5,
        6,
        7
      ],
      [
        3
      ],
      [
        1,
        3,
        5
      ],
      [],
      [
        1,
        2,
        3,
        5,
        7
      ],
      [
        1,
        3
      ],
      [
        1,
        2,
        3,
        4,
        5,
        7
      ],
      [
        1,
        2,
        3,
        5
      ]
    ],
    "right": [
      [
        4,
        5
      ],
      [
        0,
        4,
        5
      ],
      [
        0,
        1,
        3,
        4,
        5,
        6
      ],
      [
        0,
        1,
        4,
        5,
        6
      ],
      [],
      [
        4
      ],
      [
        0,
        1,
        4,
        5
      ],
      [
        0,
        1,
        2,
        3,
        4,
        5,
        6
      ]
    ]
  },
  "objects": [
    {
      "pixel_coords": [
        189,
        79,
        14.245725631713867
      ],
      "color": "purple",
      "material": "rubber",
      "size": "small",
      "shape": "cube",
      "3d_coords": [
        -1.572732925415039,
        2.8631463050842285,
        0.3499999940395355
      ],
      "rotation": 269.94965281279855
    },
    {
      "pixel_coords": [
        183,
        128,
        10.381416320800781
      ],
      "color": "green",
      "material": "metal",
      "size": "small",
      "shape": "cube",
      "3d_coords": [
        1.3962937593460083,
        -0.29669690132141113,
        0.3499999940395355
      ],
      "rotation": 295.7628852641764
    },
    {
      "pixel_coords": [
        91,
        107,
        11.72238540649414
      ],
      "color": "gray",
      "material": "rubber",
      "size": "small",
      "shape": "cylinder",
      "3d_coords": [
        -1.6682077646255493,
        -1.5972926616668701,
        0.3499999940395355
      ],
      "rotation": 103.65133910603028
    },
    {
      "pixel_coords": [
        88,
        148,
        9.376103401184082
      ],
      "color": "brown",
      "material": "rubber",
      "size": "small",
      "shape": "cube",
      "3d_coords": [
        0.5731961131095886,
        -2.998872756958008,
        0.3499999940395355
      ],
      "rotation": 138.12937080443598
    },
    {
      "pixel_coords": [
        220,
        83,
        12.859137535095215
      ],
      "color": "red",
      "material": "rubber",
      "size": "large",
      "shape": "sphere",
      "3d_coords": [
        0.15265901386737823,
        2.773777961730957,
        0.699999988079071
      ],
      "rotation": 262.0879863888367
    },
    {
      "pixel_coords": [
        216,
        119,
        10.909102439880371
      ],
      "color": "purple",
      "material": "metal",
      "size": "small",
      "shape": "cube",
      "3d_coords": [
        1.6423604488372803,
        0.902515709400177,
        0.3499999940395355
      ],
      "rotation": 223.50672996455174
    },
    {
      "pixel_coords": [
        164,
        87,
        13.430290222167969
      ],
      "color": "brown",
      "material": "metal",
      "size": "small",
      "shape": "cube",
      "3d_coords": [
        -1.5277222394943237,
        1.5111219882965088,
        0.3499999940395355
      ],
      "rotation": 253.65777727452146
    },
    {
      "pixel_coords": [
        61,
        101,
        12.194650650024414
      ],
      "color": "gray",
      "material": "metal",
      "size": "small",
      "shape": "cylinder",
      "3d_coords": [
        -2.8174684047698975,
        -2.1378252506256104,
        0.3499999940395355
      ],
      "rotation": 326.2899615861228
    }
  ],
  "image_filename": "CLEVR_new_000921.png",
  "image_index": 921
}