{
  "image_filename": "CLEVR_new_000452.png",
  "relationships": {
    "front": [
      [
        1
      ],
      [],
      [
        0,
        1
      ],
      [
        0,
        1,
        2,
        7
      ],
      [
        0,
        1,
        2,
        3,
        5,
        7
      ],
      [
        0,
        1,
        2,
        3,
        7
      ],
      [
        0,
        1,
        2,
        3,
        4,
        5,
        7
      ],
      [
        0,
        1,
        2
      ]
    ],
    "left": [
      [
        1,
        2,
        5,
        6,
        7
      ],
      [
        2,
        5,
        7
      ],
      [
        7
      ],
      [
        0,
        1,
        2,
        4,
        5,
        6,
        7
      ],
      [
        0,
        1,
        2,
        5,
        6,
        7
      ],
      [
        2,
        7
      ],
      [
        1,
        2,
        5,
        7
      ],
      []
    ],
    "right": [
      [
        3,
        4
      ],
      [
        0,
        3,
        4,
        6
      ],
      [
        0,
        1,
        3,
        4,
        5,
        6
      ],
      [],
      [
        3
      ],
      [
        0,
        1,
        3,
        4,
        6
      ],
      [
        0,
        3,
        4
      ],
      [
        0,
        1,
        2,
        3,
        4,
        5,
        6
      ]
    ],
    "behind": [
      [
        2,
        3,
        4,
        5,
        6,
        7
      ],
      [
        0,
        2,
        3,
        4,
        5,
        6,
        7
      ],
      [
        3,
        4,
        5,
        6,
        7
      ],
      [
        4,
        5,
        6
      ],
      [
        6
      ],
      [
        4,
        6
      ],
      [],
      [
        3,
        4,
        5,
        6
      ]
    ]
  },
  "image_index": 452,
  "directions": {
    "above": [
      0.0,
      0.0,
      1.0
    ],
    "front": [
      0.754490315914154,
      -0.6563112735748291,
      -0.0
    ],
    "behind": [
      -0.754490315914154,
      0.6563112735748291,
      0.0
    ],
    "right": [
      0.6563112735748291,
      0.7544902563095093,
      -0.0
    ],
    "below": [
      -0.0,
      -0.0,
      -1.0
    ],
    "left": [
      -0.6563112735748291,
      -0.7544902563095093,
      0.0
    ]
  },
  "split": "new",
  "objects": [
    {
      "shape": "cylinder",
      "material": "rubber",
      "pixel_coords": [
        206,
        135,
        9.369447708129883
      ],
      "rotation": 345.25174453202135,
      "3d_coords": [
        2.313490867614746,
        -0.5512861013412476,
        0.699999988079071
      ],
      "color": "gray",
      "size": "large"
    },
    {
      "shape": "cylinder",
      "material": "rubber",
      "pixel_coords": [
        153,
        179,
        7.760562896728516
      ],
      "rotation": 257.83530278711044,
      "3d_coords": [
        2.6702980995178223,
        -2.8324193954467773,
        0.699999988079071
      ],
      "color": "green",
      "size": "large"
    },
    {
      "shape": "cube",
      "material": "metal",
      "pixel_coords": [
        89,
        138,
        9.859823226928711
      ],
      "rotation": 113.30163804046639,
      "3d_coords": [
        -0.191578209400177,
        -2.594592332839966,
        0.3499999940395355
      ],
      "color": "gray",
      "size": "small"
    },
    {
      "shape": "cube",
      "material": "metal",
      "pixel_coords": [
        268,
        97,
        11.420184135437012
      ],
      "rotation": 183.3232588529366,
      "3d_coords": [
        2.2353034019470215,
        2.742150068283081,
        0.699999988079071
      ],
      "color": "yellow",
      "size": "large"
    },
    {
      "shape": "cube",
      "material": "rubber",
      "pixel_coords": [
        201,
        80,
        12.603922843933105
      ],
      "rotation": 239.23116702539915,
      "3d_coords": [
        -0.16465529799461365,
        2.230741024017334,
        0.699999988079071
      ],
      "color": "gray",
      "size": "large"
    },
    {
      "shape": "cylinder",
      "material": "metal",
      "pixel_coords": [
        117,
        89,
        11.925131797790527
      ],
      "rotation": 294.6218824554391,
      "3d_coords": [
        -1.6667802333831787,
        -0.42478716373443604,
        0.699999988079071
      ],
      "color": "green",
      "size": "large"
    },
    {
      "shape": "cylinder",
      "material": "rubber",
      "pixel_coords": [
        172,
        67,
        13.745699882507324
      ],
      "rotation": 256.7866274979382,
      "3d_coords": [
        -1.8085271120071411,
        2.424898386001587,
        0.699999988079071
      ],
      "color": "purple",
      "size": "large"
    },
    {
      "shape": "cylinder",
      "material": "rubber",
      "pixel_coords": [
        52,
        114,
        10.408215522766113
      ],
      "rotation": 280.6908558038753,
      "3d_coords": [
        -1.6382975578308105,
        -2.890991449356079,
        0.699999988079071
      ],
      "color": "red",
      "size": "large"
    }
  ]
}