{
  "split": "new",
  "directions": {
    "below": [
      -0.0,
      -0.0,
      -1.0
    ],
    "right": [
      0.6563112735748291,
      0.7544902563095093,
      -0.0
    ],
    "left": [
      -0.6563112735748291,
      -0.7544902563095093,
      0.0
    ],
    "behind": [
      -0.754490315914154,
      0.6563112735748291,
      0.0
    ],
    "front": [
      0.754490315914154,
      -0.6563112735748291,
      -0.0
    ],
    "above": [
      0.0,
      0.0,
      1.0
    ]
  },
  "relationships": {
    "left": [
      [
        1,
        2,
        3
      ],
      [
        2
      ],
      [],
      [
        1,
        2
      ],
      [
        0,
        1,
        2,
        3,
        5
      ],
      [
        0,
        1,
        2,
        3
      ],
      [
        0,
        1,
        2,
        3,
        4,
        5
      ],
      [
        0,
        1,
        2,
        3,
        4,
        5,
        6
      ]
    ],
    "behind": [
      [
        1,
        2,
        5,
        6,
        7
      ],
      [
        5,
        6
      ],
      [
        1,
        5,
        6
      ],
      [
        0,
        1,
        2,
        4,
        5,
        6,
        7
      ],
      [
        0,
        1,
        2,
        5,
        6,
        7
      ],
      [],
      [
        5
      ],
      [
        1,
        2,
        5,
        6
      ]
    ],
    "front": [
      [
        3,
        4
      ],
      [
        0,
        2,
        3,
        4,
        7
      ],
      [
        0,
        3,
        4,
        7
      ],
      [],
      [
        3
      ],
      [
        0,
        1,
        2,
        3,
        4,
        6,
        7
      ],
      [
        0,
        1,
        2,
        3,
        4,
        7
      ],
      [
        0,
        3,
        4
      ]
    ],
    "right": [
      [
        4,
        5,
        6,
        7
      ],
      [
        0,
        3,
        4,
        5,
        6,
        7
      ],
      [
        0,
        1,
        3,
        4,
        5,
        6,
        7
      ],
      [
        0,
        4,
        5,
        6,
        7
      ],
      [
        6,
        7
      ],
      [
        4,
        6,
        7
      ],
      [
        7
      ],
      []
    ]
  },
  "objects": [
    {
      "pixel_coords": [
        161,
        132,
        9.852023124694824
      ],
      "color": "blue",
      "material": "metal",
      "size": "small",
      "shape": "cube",
      "3d_coords": [
        0.9862644672393799,
        -0.8923753499984741,
        0.3499999940395355
      ],
      "rotation": 240.88729779491698
    },
    {
      "pixel_coords": [
        119,
        100,
        11.665266036987305
      ],
      "color": "blue",
      "material": "metal",
      "size": "small",
      "shape": "sphere",
      "3d_coords": [
        -1.4782928228378296,
        -0.4758940637111664,
        0.3499999940395355
      ],
      "rotation": 142.11386412992118
    },
    {
      "pixel_coords": [
        61,
        113,
        10.848782539367676
      ],
      "color": "blue",
      "material": "metal",
      "size": "small",
      "shape": "cube",
      "3d_coords": [
        -1.9886912107467651,
        -2.3484699726104736,
        0.3499999940395355
      ],
      "rotation": 89.5539120658018
    },
    {
      "pixel_coords": [
        135,
        165,
        8.459449768066406
      ],
      "color": "yellow",
      "material": "metal",
      "size": "small",
      "shape": "cube",
      "3d_coords": [
        1.6878890991210938,
        -2.4510912895202637,
        0.3499999940395355
      ],
      "rotation": 289.97900933415633
    },
    {
      "pixel_coords": [
        211,
        146,
        9.205633163452148
      ],
      "color": "green",
      "material": "metal",
      "size": "small",
      "shape": "cylinder",
      "3d_coords": [
        2.414461135864258,
        -0.4692103862762451,
        0.3499999940395355
      ],
      "rotation": 321.33893193544304
    },
    {
      "pixel_coords": [
        168,
        59,
        14.250646591186523
      ],
      "color": "red",
      "material": "rubber",
      "size": "large",
      "shape": "sphere",
      "3d_coords": [
        -2.551367998123169,
        2.9319751262664795,
        0.699999988079071
      ],
      "rotation": 184.45671755356162
    },
    {
      "pixel_coords": [
        206,
        75,
        12.684386253356934
      ],
      "color": "brown",
      "material": "rubber",
      "size": "large",
      "shape": "sphere",
      "3d_coords": [
        -0.3381706476211548,
        2.659938335418701,
        0.699999988079071
      ],
      "rotation": 252.38996906341288
    },
    {
      "pixel_coords": [
        283,
        109,
        10.31654167175293
      ],
      "color": "yellow",
      "material": "rubber",
      "size": "large",
      "shape": "cube",
      "3d_coords": [
        2.9455575942993164,
        2.1840462684631348,
        0.699999988079071
      ],
      "rotation": 155.0249791994475
    }
  ],
  "image_filename": "CLEVR_new_000607.png",
  "image_index": 607
}