{
  "image_filename": "CLEVR_new_000506.png",
  "relationships": {
    "front": [
      [
        1,
        2,
        3,
        5,
        7
      ],
      [
        2
      ],
      [],
      [
        1,
        2,
        5
      ],
      [
        0,
        1,
        2,
        3,
        5,
        6,
        7
      ],
      [
        1,
        2
      ],
      [
        0,
        1,
        2,
        3,
        5,
        7
      ],
      [
        1,
        2,
        3,
        5
      ]
    ],
    "left": [
      [],
      [
        0,
        2,
        5,
        6,
        7
      ],
      [
        0,
        5,
        6,
        7
      ],
      [
        0,
        1,
        2,
        4,
        5,
        6,
        7
      ],
      [
        0,
        1,
        2,
        5,
        6,
        7
      ],
      [
        0,
        6
      ],
      [
        0
      ],
      [
        0,
        5,
        6
      ]
    ],
    "right": [
      [
        1,
        2,
        3,
        4,
        5,
        6,
        7
      ],
      [
        3,
        4
      ],
      [
        1,
        3,
        4
      ],
      [],
      [
        3
      ],
      [
        1,
        2,
        3,
        4,
        7
      ],
      [
        1,
        2,
        3,
        4,
        5,
        7
      ],
      [
        1,
        2,
        3,
        4
      ]
    ],
    "behind": [
      [
        4,
        6
      ],
      [
        0,
        3,
        4,
        5,
        6,
        7
      ],
      [
        0,
        1,
        3,
        4,
        5,
        6,
        7
      ],
      [
        0,
        4,
        6,
        7
      ],
      [],
      [
        0,
        3,
        4,
        6,
        7
      ],
      [
        4
      ],
      [
        0,
        4,
        6
      ]
    ]
  },
  "image_index": 506,
  "directions": {
    "above": [
      0.0,
      0.0,
      1.0
    ],
    "front": [
      0.754490315914154,
      -0.6563112735748291,
      -0.0
    ],
    "behind": [
      -0.754490315914154,
      0.6563112735748291,
      0.0
    ],
    "right": [
      0.6563112735748291,
      0.7544902563095093,
      -0.0
    ],
    "below": [
      -0.0,
      -0.0,
      -1.0
    ],
    "left": [
      -0.6563112735748291,
      -0.7544902563095093,
      0.0
    ]
  },
  "split": "new",
  "objects": [
    {
      "shape": "sphere",
      "material": "rubber",
      "pixel_coords": [
        49,
        92,
        11.563627243041992
      ],
      "rotation": 69.1635781236501,
      "3d_coords": [
        -2.7805371284484863,
        -2.499234914779663,
        0.699999988079071
      ],
      "color": "green",
      "size": "large"
    },
    {
      "shape": "sphere",
      "material": "metal",
      "pixel_coords": [
        187,
        145,
        9.28972053527832
      ],
      "rotation": 122.67857324667047,
      "3d_coords": [
        2.0917599201202393,
        -0.7107589244842529,
        0.3499999940395355
      ],
      "color": "red",
      "size": "small"
    },
    {
      "shape": "sphere",
      "material": "rubber",
      "pixel_coords": [
        163,
        182,
        7.885811805725098
      ],
      "rotation": 178.19172737339872,
      "3d_coords": [
        2.941385507583618,
        -2.1968741416931152,
        0.3499999940395355
      ],
      "color": "gray",
      "size": "small"
    },
    {
      "shape": "cube",
      "material": "rubber",
      "pixel_coords": [
        269,
        113,
        10.18126106262207
      ],
      "rotation": 213.8616509393202,
      "3d_coords": [
        2.6557929515838623,
        1.9481812715530396,
        0.699999988079071
      ],
      "color": "brown",
      "size": "large"
    },
    {
      "shape": "cube",
      "material": "rubber",
      "pixel_coords": [
        213,
        88,
        12.771926879882812
      ],
      "rotation": 191.27858724975408,
      "3d_coords": [
        -0.26975491642951965,
        2.6487808227539062,
        0.3499999940395355
      ],
      "color": "gray",
      "size": "small"
    },
    {
      "shape": "cube",
      "material": "metal",
      "pixel_coords": [
        127,
        128,
        10.125378608703613
      ],
      "rotation": 197.4181279667276,
      "3d_coords": [
        0.3101692795753479,
        -1.4656684398651123,
        0.3499999940395355
      ],
      "color": "green",
      "size": "small"
    },
    {
      "shape": "cube",
      "material": "rubber",
      "pixel_coords": [
        118,
        94,
        12.265961647033691
      ],
      "rotation": 126.49521303839676,
      "3d_coords": [
        -1.9024994373321533,
        -0.3783818781375885,
        0.3499999940395355
      ],
      "color": "brown",
      "size": "small"
    },
    {
      "shape": "cylinder",
      "material": "rubber",
      "pixel_coords": [
        147,
        112,
        11.0003023147583
      ],
      "rotation": 159.97516218765594,
      "3d_coords": [
        -0.13430818915367126,
        -0.43027135729789734,
        0.3499999940395355
      ],
      "color": "yellow",
      "size": "small"
    }
  ]
}