{
  "image_filename": "CLEVR_new_000417.png",
  "relationships": {
    "front": [
      [
        2,
        3,
        4
      ],
      [
        0,
        2,
        3,
        4
      ],
      [],
      [
        2
      ],
      [
        2,
        3
      ],
      [
        0,
        1,
        2,
        3,
        4,
        6
      ],
      [
        0,
        1,
        2,
        3,
        4
      ],
      [
        0,
        1,
        2,
        3,
        4,
        5,
        6
      ]
    ],
    "left": [
      [
        6
      ],
      [
        0,
        2,
        3,
        4,
        5,
        6,
        7
      ],
      [
        0,
        6
      ],
      [
        0,
        2,
        6
      ],
      [
        0,
        2,
        3,
        5,
        6
      ],
      [
        0,
        2,
        3,
        6
      ],
      [],
      [
        0,
        2,
        3,
        4,
        5,
        6
      ]
    ],
    "right": [
      [
        1,
        2,
        3,
        4,
        5,
        7
      ],
      [],
      [
        1,
        3,
        4,
        5,
        7
      ],
      [
        1,
        4,
        5,
        7
      ],
      [
        1,
        7
      ],
      [
        1,
        4,
        7
      ],
      [
        0,
        1,
        2,
        3,
        4,
        5,
        7
      ],
      [
        1
      ]
    ],
    "behind": [
      [
        1,
        5,
        6,
        7
      ],
      [
        5,
        6,
        7
      ],
      [
        0,
        1,
        3,
        4,
        5,
        6,
        7
      ],
      [
        0,
        1,
        4,
        5,
        6,
        7
      ],
      [
        0,
        1,
        5,
        6,
        7
      ],
      [
        7
      ],
      [
        5,
        7
      ],
      []
    ]
  },
  "image_index": 417,
  "directions": {
    "above": [
      0.0,
      0.0,
      1.0
    ],
    "front": [
      0.754490315914154,
      -0.6563112735748291,
      -0.0
    ],
    "behind": [
      -0.754490315914154,
      0.6563112735748291,
      0.0
    ],
    "right": [
      0.6563112735748291,
      0.7544902563095093,
      -0.0
    ],
    "below": [
      -0.0,
      -0.0,
      -1.0
    ],
    "left": [
      -0.6563112735748291,
      -0.7544902563095093,
      0.0
    ]
  },
  "split": "new",
  "objects": [
    {
      "shape": "sphere",
      "material": "metal",
      "pixel_coords": [
        115,
        121,
        9.523359298706055
      ],
      "rotation": 129.72059134509485,
      "3d_coords": [
        0.2894366383552551,
        -1.8450876474380493,
        0.699999988079071
      ],
      "color": "brown",
      "size": "large"
    },
    {
      "shape": "sphere",
      "material": "rubber",
      "pixel_coords": [
        273,
        120,
        10.33026123046875
      ],
      "rotation": 181.700632841917,
      "3d_coords": [
        2.664325714111328,
        2.10593318939209,
        0.3499999940395355
      ],
      "color": "red",
      "size": "small"
    },
    {
      "shape": "cylinder",
      "material": "rubber",
      "pixel_coords": [
        134,
        188,
        7.505063533782959
      ],
      "rotation": 224.43548625668305,
      "3d_coords": [
        2.6011714935302734,
        -2.908856153488159,
        0.3499999940395355
      ],
      "color": "brown",
      "size": "small"
    },
    {
      "shape": "cylinder",
      "material": "rubber",
      "pixel_coords": [
        160,
        161,
        8.437654495239258
      ],
      "rotation": 150.29179988335537,
      "3d_coords": [
        2.1495230197906494,
        -1.8148224353790283,
        0.3499999940395355
      ],
      "color": "brown",
      "size": "small"
    },
    {
      "shape": "sphere",
      "material": "rubber",
      "pixel_coords": [
        232,
        133,
        8.917106628417969
      ],
      "rotation": 204.07654045222773,
      "3d_coords": [
        2.787001371383667,
        0.062072958797216415,
        0.699999988079071
      ],
      "color": "green",
      "size": "large"
    },
    {
      "shape": "cube",
      "material": "metal",
      "pixel_coords": [
        192,
        100,
        11.585247993469238
      ],
      "rotation": 200.86337743110096,
      "3d_coords": [
        0.1262790709733963,
        1.2849681377410889,
        0.3499999940395355
      ],
      "color": "purple",
      "size": "small"
    },
    {
      "shape": "cube",
      "material": "rubber",
      "pixel_coords": [
        59,
        96,
        11.042502403259277
      ],
      "rotation": 85.35726934336478,
      "3d_coords": [
        -2.280980348587036,
        -2.2426397800445557,
        0.699999988079071
      ],
      "color": "blue",
      "size": "large"
    },
    {
      "shape": "sphere",
      "material": "metal",
      "pixel_coords": [
        228,
        94,
        12.095162391662598
      ],
      "rotation": 321.26710477416736,
      "3d_coords": [
        0.5249560475349426,
        2.650174140930176,
        0.3499999940395355
      ],
      "color": "yellow",
      "size": "small"
    }
  ]
}