{
  "image_filename": "CLEVR_new_000432.png",
  "relationships": {
    "front": [
      [
        2,
        3,
        5,
        6,
        7
      ],
      [
        0,
        2,
        3,
        5,
        6,
        7
      ],
      [
        5
      ],
      [
        2,
        5,
        7
      ],
      [
        0,
        1,
        2,
        3,
        5,
        6,
        7
      ],
      [],
      [
        2,
        3,
        5,
        7
      ],
      [
        2,
        5
      ]
    ],
    "left": [
      [
        2,
        5
      ],
      [
        0,
        2,
        5
      ],
      [],
      [
        0,
        1,
        2,
        4,
        5,
        6,
        7
      ],
      [
        0,
        1,
        2,
        5
      ],
      [
        2
      ],
      [
        0,
        1,
        2,
        4,
        5
      ],
      [
        0,
        1,
        2,
        4,
        5,
        6
      ]
    ],
    "right": [
      [
        1,
        3,
        4,
        6,
        7
      ],
      [
        3,
        4,
        6,
        7
      ],
      [
        0,
        1,
        3,
        4,
        5,
        6,
        7
      ],
      [],
      [
        3,
        6,
        7
      ],
      [
        0,
        1,
        3,
        4,
        6,
        7
      ],
      [
        3,
        7
      ],
      [
        3
      ]
    ],
    "behind": [
      [
        1,
        4
      ],
      [
        4
      ],
      [
        0,
        1,
        3,
        4,
        6,
        7
      ],
      [
        0,
        1,
        4,
        6
      ],
      [],
      [
        0,
        1,
        2,
        3,
        4,
        6,
        7
      ],
      [
        0,
        1,
        4
      ],
      [
        0,
        1,
        3,
        4,
        6
      ]
    ]
  },
  "image_index": 432,
  "directions": {
    "above": [
      0.0,
      0.0,
      1.0
    ],
    "front": [
      0.754490315914154,
      -0.6563112735748291,
      -0.0
    ],
    "behind": [
      -0.754490315914154,
      0.6563112735748291,
      0.0
    ],
    "right": [
      0.6563112735748291,
      0.7544902563095093,
      -0.0
    ],
    "below": [
      -0.0,
      -0.0,
      -1.0
    ],
    "left": [
      -0.6563112735748291,
      -0.7544902563095093,
      0.0
    ]
  },
  "split": "new",
  "objects": [
    {
      "shape": "sphere",
      "material": "rubber",
      "pixel_coords": [
        144,
        98,
        11.953619956970215
      ],
      "rotation": 302.37780741144667,
      "3d_coords": [
        -1.0740195512771606,
        0.1489577293395996,
        0.3499999940395355
      ],
      "color": "purple",
      "size": "small"
    },
    {
      "shape": "cylinder",
      "material": "metal",
      "pixel_coords": [
        166,
        81,
        13.357973098754883
      ],
      "rotation": 255.56041910896437,
      "3d_coords": [
        -1.8571605682373047,
        1.731498122215271,
        0.3499999940395355
      ],
      "color": "red",
      "size": "small"
    },
    {
      "shape": "cylinder",
      "material": "rubber",
      "pixel_coords": [
        70,
        134,
        9.821928024291992
      ],
      "rotation": 64.1718980844391,
      "3d_coords": [
        -0.39042097330093384,
        -2.900117874145508,
        0.3499999940395355
      ],
      "color": "purple",
      "size": "small"
    },
    {
      "shape": "cube",
      "material": "rubber",
      "pixel_coords": [
        255,
        121,
        10.463475227355957
      ],
      "rotation": 167.43832838203517,
      "3d_coords": [
        2.335878610610962,
        1.7724084854125977,
        0.3499999940395355
      ],
      "color": "green",
      "size": "small"
    },
    {
      "shape": "sphere",
      "material": "rubber",
      "pixel_coords": [
        187,
        74,
        14.011750221252441
      ],
      "rotation": 86.06581315996293,
      "3d_coords": [
        -1.9233548641204834,
        2.8503541946411133,
        0.3499999940395355
      ],
      "color": "brown",
      "size": "small"
    },
    {
      "shape": "sphere",
      "material": "rubber",
      "pixel_coords": [
        111,
        138,
        8.929299354553223
      ],
      "rotation": 81.48477560994307,
      "3d_coords": [
        1.0514445304870605,
        -2.3939836025238037,
        0.699999988079071
      ],
      "color": "yellow",
      "size": "large"
    },
    {
      "shape": "cube",
      "material": "metal",
      "pixel_coords": [
        203,
        108,
        11.285063743591309
      ],
      "rotation": 56.42995758522437,
      "3d_coords": [
        0.7088789939880371,
        1.2013782262802124,
        0.3499999940395355
      ],
      "color": "yellow",
      "size": "small"
    },
    {
      "shape": "cube",
      "material": "metal",
      "pixel_coords": [
        224,
        130,
        9.997929573059082
      ],
      "rotation": 207.9100791363552,
      "3d_coords": [
        2.1298532485961914,
        0.651477575302124,
        0.3499999940395355
      ],
      "color": "gray",
      "size": "small"
    }
  ]
}