{
  "split": "new",
  "directions": {
    "below": [
      -0.0,
      -0.0,
      -1.0
    ],
    "right": [
      0.6563112735748291,
      0.7544902563095093,
      -0.0
    ],
    "left": [
      -0.6563112735748291,
      -0.7544902563095093,
      0.0
    ],
    "behind": [
      -0.754490315914154,
      0.6563112735748291,
      0.0
    ],
    "front": [
      0.754490315914154,
      -0.6563112735748291,
      -0.0
    ],
    "above": [
      0.0,
      0.0,
      1.0
    ]
  },
  "relationships": {
    "left": [
      [
        2,
        3,
        4,
        5,
        7
      ],
      [
        0,
        2,
        3,
        4,
        5,
        7
      ],
      [],
      [
        2,
        4,
        5,
        7
      ],
      [
        2,
        5,
        7
      ],
      [
        2,
        7
      ],
      [
        0,
        1,
        2,
        3,
        4,
        5,
        7
      ],
      [
        2
      ]
    ],
    "behind": [
      [
        1,
        5
      ],
      [
        5
      ],
      [
        0,
        1,
        5
      ],
      [
        0,
        1,
        2,
        4,
        5,
        6,
        7
      ],
      [
        0,
        1,
        2,
        5,
        6,
        7
      ],
      [],
      [
        0,
        1,
        2,
        5,
        7
      ],
      [
        0,
        1,
        2,
        5
      ]
    ],
    "front": [
      [
        2,
        3,
        4,
        6,
        7
      ],
      [
        0,
        2,
        3,
        4,
        6,
        7
      ],
      [
        3,
        4,
        6,
        7
      ],
      [],
      [
        3
      ],
      [
        0,
        1,
        2,
        3,
        4,
        6,
        7
      ],
      [
        3,
        4
      ],
      [
        3,
        4,
        6
      ]
    ],
    "right": [
      [
        1,
        6
      ],
      [
        6
      ],
      [
        0,
        1,
        3,
        4,
        5,
        6,
        7
      ],
      [
        0,
        1,
        6
      ],
      [
        0,
        1,
        3,
        6
      ],
      [
        0,
        1,
        3,
        4,
        6
      ],
      [],
      [
        0,
        1,
        3,
        4,
        5,
        6
      ]
    ]
  },
  "objects": [
    {
      "pixel_coords": [
        178,
        102,
        11.160490036010742
      ],
      "color": "brown",
      "material": "metal",
      "size": "small",
      "shape": "cylinder",
      "3d_coords": [
        -0.04878455400466919,
        0.8319751024246216,
        0.3499999940395355
      ],
      "rotation": 140.8082326895765
    },
    {
      "pixel_coords": [
        219,
        81,
        11.825499534606934
      ],
      "color": "brown",
      "material": "rubber",
      "size": "large",
      "shape": "cylinder",
      "3d_coords": [
        0.1988552361726761,
        2.5120906829833984,
        0.699999988079071
      ],
      "rotation": 348.5248391775233
    },
    {
      "pixel_coords": [
        54,
        98,
        10.572493553161621
      ],
      "color": "purple",
      "material": "metal",
      "size": "large",
      "shape": "cylinder",
      "3d_coords": [
        -2.2175180912017822,
        -2.3320813179016113,
        0.699999988079071
      ],
      "rotation": 220.84163359591702
    },
    {
      "pixel_coords": [
        169,
        166,
        7.9962849617004395
      ],
      "color": "blue",
      "material": "rubber",
      "size": "small",
      "shape": "cylinder",
      "3d_coords": [
        2.3641719818115234,
        -1.819847822189331,
        0.3499999940395355
      ],
      "rotation": 24.58754735143774
    },
    {
      "pixel_coords": [
        141,
        127,
        8.933899879455566
      ],
      "color": "green",
      "material": "rubber",
      "size": "large",
      "shape": "sphere",
      "3d_coords": [
        0.9753782749176025,
        -1.5186829566955566,
        0.699999988079071
      ],
      "rotation": 165.82446636283066
    },
    {
      "pixel_coords": [
        117,
        76,
        12.267253875732422
      ],
      "color": "blue",
      "material": "metal",
      "size": "large",
      "shape": "cylinder",
      "3d_coords": [
        -2.509727716445923,
        0.2136520892381668,
        0.699999988079071
      ],
      "rotation": 228.77656233989129
    },
    {
      "pixel_coords": [
        272,
        116,
        9.504997253417969
      ],
      "color": "purple",
      "material": "rubber",
      "size": "large",
      "shape": "cube",
      "3d_coords": [
        2.8368711471557617,
        1.5445327758789062,
        0.699999988079071
      ],
      "rotation": 31.157483269877034
    },
    {
      "pixel_coords": [
        92,
        117,
        10.192750930786133
      ],
      "color": "red",
      "material": "metal",
      "size": "small",
      "shape": "cylinder",
      "3d_coords": [
        -0.9347346425056458,
        -1.8063081502914429,
        0.3499999940395355
      ],
      "rotation": 195.02507151980618
    }
  ],
  "image_filename": "CLEVR_new_000575.png",
  "image_index": 575
}