{
  "image_filename": "CLEVR_new_000419.png",
  "relationships": {
    "front": [
      [
        5
      ],
      [
        0,
        2,
        3,
        5,
        7
      ],
      [
        0,
        5,
        7
      ],
      [
        0,
        2,
        5,
        7
      ],
      [
        0,
        1,
        2,
        3,
        5,
        6,
        7
      ],
      [],
      [
        0,
        1,
        2,
        3,
        5,
        7
      ],
      [
        0,
        5
      ]
    ],
    "left": [
      [
        1
      ],
      [],
      [
        0,
        1
      ],
      [
        0,
        1,
        2,
        4,
        5,
        6,
        7
      ],
      [
        0,
        1,
        2,
        5
      ],
      [
        0,
        1,
        2
      ],
      [
        0,
        1,
        2,
        4,
        5,
        7
      ],
      [
        0,
        1,
        2,
        4,
        5
      ]
    ],
    "right": [
      [
        2,
        3,
        4,
        5,
        6,
        7
      ],
      [
        0,
        2,
        3,
        4,
        5,
        6,
        7
      ],
      [
        3,
        4,
        5,
        6,
        7
      ],
      [],
      [
        3,
        6,
        7
      ],
      [
        3,
        4,
        6,
        7
      ],
      [
        3
      ],
      [
        3,
        6
      ]
    ],
    "behind": [
      [
        1,
        2,
        3,
        4,
        6,
        7
      ],
      [
        4,
        6
      ],
      [
        1,
        3,
        4,
        6
      ],
      [
        1,
        4,
        6
      ],
      [],
      [
        0,
        1,
        2,
        3,
        4,
        6,
        7
      ],
      [
        4
      ],
      [
        1,
        2,
        3,
        4,
        6
      ]
    ]
  },
  "image_index": 419,
  "directions": {
    "above": [
      0.0,
      0.0,
      1.0
    ],
    "front": [
      0.754490315914154,
      -0.6563112735748291,
      -0.0
    ],
    "behind": [
      -0.754490315914154,
      0.6563112735748291,
      0.0
    ],
    "right": [
      0.6563112735748291,
      0.7544902563095093,
      -0.0
    ],
    "below": [
      -0.0,
      -0.0,
      -1.0
    ],
    "left": [
      -0.6563112735748291,
      -0.7544902563095093,
      0.0
    ]
  },
  "split": "new",
  "objects": [
    {
      "shape": "cube",
      "material": "metal",
      "pixel_coords": [
        78,
        137,
        8.834535598754883
      ],
      "rotation": 93.54083591507613,
      "3d_coords": [
        0.11969860643148422,
        -2.8341212272644043,
        0.699999988079071
      ],
      "color": "green",
      "size": "large"
    },
    {
      "shape": "cube",
      "material": "metal",
      "pixel_coords": [
        61,
        103,
        11.073661804199219
      ],
      "rotation": 169.8283464607993,
      "3d_coords": [
        -2.4043195247650146,
        -2.064969539642334,
        0.3499999940395355
      ],
      "color": "purple",
      "size": "small"
    },
    {
      "shape": "cylinder",
      "material": "rubber",
      "pixel_coords": [
        132,
        113,
        9.8594331741333
      ],
      "rotation": 322.69832039096804,
      "3d_coords": [
        0.039414770901203156,
        -1.0915906429290771,
        0.699999988079071
      ],
      "color": "brown",
      "size": "large"
    },
    {
      "shape": "sphere",
      "material": "rubber",
      "pixel_coords": [
        280,
        115,
        10.411288261413574
      ],
      "rotation": 323.97761177265403,
      "3d_coords": [
        2.5675604343414307,
        2.487030029296875,
        0.3499999940395355
      ],
      "color": "red",
      "size": "small"
    },
    {
      "shape": "cube",
      "material": "rubber",
      "pixel_coords": [
        178,
        67,
        13.518537521362305
      ],
      "rotation": 85.52910670045891,
      "3d_coords": [
        -2.0660400390625,
        2.7032406330108643,
        0.3499999940395355
      ],
      "color": "purple",
      "size": "small"
    },
    {
      "shape": "cylinder",
      "material": "metal",
      "pixel_coords": [
        156,
        177,
        8.061347961425781
      ],
      "rotation": 7.056615829901816,
      "3d_coords": [
        2.264500617980957,
        -2.070542573928833,
        0.3499999940395355
      ],
      "color": "green",
      "size": "small"
    },
    {
      "shape": "sphere",
      "material": "metal",
      "pixel_coords": [
        241,
        90,
        11.835070610046387
      ],
      "rotation": 245.12787524215958,
      "3d_coords": [
        0.7667368054389954,
        2.958127975463867,
        0.3499999940395355
      ],
      "color": "green",
      "size": "small"
    },
    {
      "shape": "sphere",
      "material": "rubber",
      "pixel_coords": [
        226,
        138,
        9.404884338378906
      ],
      "rotation": 98.21404997251327,
      "3d_coords": [
        2.2950642108917236,
        0.3704722821712494,
        0.3499999940395355
      ],
      "color": "green",
      "size": "small"
    }
  ]
}