{
  "image_filename": "CLEVR_new_000446.png",
  "relationships": {
    "front": [
      [
        2,
        3,
        4,
        5,
        6,
        7
      ],
      [
        0,
        2,
        3,
        4,
        5,
        6,
        7
      ],
      [
        3
      ],
      [],
      [
        2,
        3,
        5,
        6,
        7
      ],
      [
        2,
        3
      ],
      [
        2,
        3,
        5,
        7
      ],
      [
        2,
        3,
        5
      ]
    ],
    "left": [
      [
        1,
        3,
        5,
        6
      ],
      [
        5,
        6
      ],
      [
        0,
        1,
        3,
        5,
        6
      ],
      [
        1,
        5,
        6
      ],
      [
        0,
        1,
        2,
        3,
        5,
        6
      ],
      [],
      [
        5
      ],
      [
        0,
        1,
        2,
        3,
        4,
        5,
        6
      ]
    ],
    "right": [
      [
        2,
        4,
        7
      ],
      [
        0,
        2,
        3,
        4,
        7
      ],
      [
        4,
        7
      ],
      [
        0,
        2,
        4,
        7
      ],
      [
        7
      ],
      [
        0,
        1,
        2,
        3,
        4,
        6,
        7
      ],
      [
        0,
        1,
        2,
        3,
        4,
        7
      ],
      []
    ],
    "behind": [
      [
        1
      ],
      [],
      [
        0,
        1,
        4,
        5,
        6,
        7
      ],
      [
        0,
        1,
        2,
        4,
        5,
        6,
        7
      ],
      [
        0,
        1
      ],
      [
        0,
        1,
        4,
        6,
        7
      ],
      [
        0,
        1,
        4
      ],
      [
        0,
        1,
        4,
        6
      ]
    ]
  },
  "image_index": 446,
  "directions": {
    "above": [
      0.0,
      0.0,
      1.0
    ],
    "front": [
      0.754490315914154,
      -0.6563112735748291,
      -0.0
    ],
    "behind": [
      -0.754490315914154,
      0.6563112735748291,
      0.0
    ],
    "right": [
      0.6563112735748291,
      0.7544902563095093,
      -0.0
    ],
    "below": [
      -0.0,
      -0.0,
      -1.0
    ],
    "left": [
      -0.6563112735748291,
      -0.7544902563095093,
      0.0
    ]
  },
  "split": "new",
  "objects": [
    {
      "shape": "cube",
      "material": "rubber",
      "pixel_coords": [
        165,
        94,
        11.768848419189453
      ],
      "rotation": 138.1445833728095,
      "3d_coords": [
        -0.7342318296432495,
        0.8490205407142639,
        0.3499999940395355
      ],
      "color": "blue",
      "size": "small"
    },
    {
      "shape": "sphere",
      "material": "rubber",
      "pixel_coords": [
        134,
        79,
        12.86965274810791
      ],
      "rotation": 117.29287952723323,
      "3d_coords": [
        -2.427110433578491,
        0.8605377674102783,
        0.3499999940395355
      ],
      "color": "red",
      "size": "small"
    },
    {
      "shape": "cylinder",
      "material": "rubber",
      "pixel_coords": [
        189,
        124,
        9.43289566040039
      ],
      "rotation": 149.34639931745403,
      "3d_coords": [
        1.557836890220642,
        -0.3431141972541809,
        0.699999988079071
      ],
      "color": "gray",
      "size": "large"
    },
    {
      "shape": "cylinder",
      "material": "metal",
      "pixel_coords": [
        138,
        198,
        7.49997615814209
      ],
      "rotation": 20.52073012287266,
      "3d_coords": [
        2.586048126220703,
        -2.896921396255493,
        0.3499999940395355
      ],
      "color": "blue",
      "size": "small"
    },
    {
      "shape": "cube",
      "material": "rubber",
      "pixel_coords": [
        232,
        100,
        11.427421569824219
      ],
      "rotation": 131.34650165701356,
      "3d_coords": [
        1.0177823305130005,
        2.24507999420166,
        0.3499999940395355
      ],
      "color": "purple",
      "size": "small"
    },
    {
      "shape": "sphere",
      "material": "metal",
      "pixel_coords": [
        51,
        125,
        10.082521438598633
      ],
      "rotation": 266.83433493682804,
      "3d_coords": [
        -1.4217429161071777,
        -2.911207675933838,
        0.3499999940395355
      ],
      "color": "purple",
      "size": "small"
    },
    {
      "shape": "cylinder",
      "material": "rubber",
      "pixel_coords": [
        97,
        96,
        10.869397163391113
      ],
      "rotation": 358.61691145812085,
      "3d_coords": [
        -1.5026251077651978,
        -1.2992315292358398,
        0.699999988079071
      ],
      "color": "brown",
      "size": "large"
    },
    {
      "shape": "cube",
      "material": "metal",
      "pixel_coords": [
        297,
        115,
        10.541075706481934
      ],
      "rotation": 214.3071516463701,
      "3d_coords": [
        2.961085081100464,
        2.8976993560791016,
        0.3499999940395355
      ],
      "color": "yellow",
      "size": "small"
    }
  ]
}