{
  "image_filename": "CLEVR_new_000131.png",
  "relationships": {
    "front": [
      [
        1,
        2,
        3,
        4,
        6,
        7
      ],
      [
        2,
        4,
        7
      ],
      [],
      [
        1,
        2,
        4,
        6,
        7
      ],
      [
        2,
        7
      ],
      [
        0,
        1,
        2,
        3,
        4,
        6,
        7
      ],
      [
        1,
        2,
        4,
        7
      ],
      [
        2
      ]
    ],
    "left": [
      [
        1,
        2,
        3,
        4,
        5,
        7
      ],
      [],
      [
        1,
        3,
        5,
        7
      ],
      [
        1
      ],
      [
        1,
        2,
        3,
        5,
        7
      ],
      [
        1,
        3,
        7
      ],
      [
        0,
        1,
        2,
        3,
        4,
        5,
        7
      ],
      [
        1,
        3
      ]
    ],
    "right": [
      [
        6
      ],
      [
        0,
        2,
        3,
        4,
        5,
        6,
        7
      ],
      [
        0,
        4,
        6
      ],
      [
        0,
        2,
        4,
        5,
        6,
        7
      ],
      [
        0,
        6
      ],
      [
        0,
        2,
        4,
        6
      ],
      [],
      [
        0,
        2,
        4,
        5,
        6
      ]
    ],
    "behind": [
      [
        5
      ],
      [
        0,
        3,
        5,
        6
      ],
      [
        0,
        1,
        3,
        4,
        5,
        6,
        7
      ],
      [
        0,
        5
      ],
      [
        0,
        1,
        3,
        5,
        6
      ],
      [],
      [
        0,
        3,
        5
      ],
      [
        0,
        1,
        3,
        4,
        5,
        6
      ]
    ]
  },
  "image_index": 131,
  "directions": {
    "above": [
      0.0,
      0.0,
      1.0
    ],
    "front": [
      0.754490315914154,
      -0.6563112735748291,
      -0.0
    ],
    "behind": [
      -0.754490315914154,
      0.6563112735748291,
      0.0
    ],
    "right": [
      0.6563112735748291,
      0.7544902563095093,
      -0.0
    ],
    "below": [
      -0.0,
      -0.0,
      -1.0
    ],
    "left": [
      -0.6563112735748291,
      -0.7544902563095093,
      0.0
    ]
  },
  "split": "new",
  "objects": [
    {
      "shape": "cylinder",
      "material": "rubber",
      "pixel_coords": [
        202,
        77,
        12.672300338745117
      ],
      "rotation": 112.65749331871966,
      "3d_coords": [
        -0.34130215644836426,
        2.367788553237915,
        0.699999988079071
      ],
      "color": "red",
      "size": "large"
    },
    {
      "shape": "cube",
      "material": "metal",
      "pixel_coords": [
        63,
        115,
        10.306888580322266
      ],
      "rotation": 48.14385458157863,
      "3d_coords": [
        -1.2464110851287842,
        -2.711796760559082,
        0.699999988079071
      ],
      "color": "blue",
      "size": "large"
    },
    {
      "shape": "sphere",
      "material": "metal",
      "pixel_coords": [
        150,
        172,
        8.599289894104004
      ],
      "rotation": 294.66903590376404,
      "3d_coords": [
        2.1201531887054443,
        -2.264662027359009,
        0.3499999940395355
      ],
      "color": "blue",
      "size": "small"
    },
    {
      "shape": "sphere",
      "material": "rubber",
      "pixel_coords": [
        106,
        85,
        12.09404182434082
      ],
      "rotation": 48.698951780331875,
      "3d_coords": [
        -2.133488178253174,
        -0.6018157601356506,
        0.699999988079071
      ],
      "color": "purple",
      "size": "large"
    },
    {
      "shape": "sphere",
      "material": "rubber",
      "pixel_coords": [
        189,
        137,
        9.934955596923828
      ],
      "rotation": 134.96782325241142,
      "3d_coords": [
        1.6868703365325928,
        -0.43508949875831604,
        0.3499999940395355
      ],
      "color": "yellow",
      "size": "small"
    },
    {
      "shape": "sphere",
      "material": "metal",
      "pixel_coords": [
        134,
        79,
        13.418388366699219
      ],
      "rotation": 356.8460916730285,
      "3d_coords": [
        -2.533750534057617,
        0.9371414184570312,
        0.3499999940395355
      ],
      "color": "blue",
      "size": "small"
    },
    {
      "shape": "sphere",
      "material": "rubber",
      "pixel_coords": [
        236,
        108,
        11.442606925964355
      ],
      "rotation": 215.51131595953012,
      "3d_coords": [
        1.5199699401855469,
        1.984419345855713,
        0.3499999940395355
      ],
      "color": "yellow",
      "size": "small"
    },
    {
      "shape": "cylinder",
      "material": "rubber",
      "pixel_coords": [
        108,
        150,
        9.388384819030762
      ],
      "rotation": 256.1035126417506,
      "3d_coords": [
        0.6707548499107361,
        -2.4963958263397217,
        0.3499999940395355
      ],
      "color": "red",
      "size": "small"
    }
  ]
}