{
  "split": "new",
  "directions": {
    "below": [
      -0.0,
      -0.0,
      -1.0
    ],
    "right": [
      0.6563112735748291,
      0.7544902563095093,
      -0.0
    ],
    "left": [
      -0.6563112735748291,
      -0.7544902563095093,
      0.0
    ],
    "behind": [
      -0.754490315914154,
      0.6563112735748291,
      0.0
    ],
    "front": [
      0.754490315914154,
      -0.6563112735748291,
      -0.0
    ],
    "above": [
      0.0,
      0.0,
      1.0
    ]
  },
  "relationships": {
    "left": [
      [
        2,
        4,
        6,
        7
      ],
      [
        0,
        2,
        4,
        5,
        6,
        7
      ],
      [],
      [
        0,
        1,
        2,
        4,
        5,
        6,
        7
      ],
      [
        2,
        6,
        7
      ],
      [
        0,
        2,
        4,
        6,
        7
      ],
      [
        2,
        7
      ],
      [
        2
      ]
    ],
    "behind": [
      [
        2,
        3,
        4,
        5,
        6,
        7
      ],
      [
        0,
        2,
        3,
        4,
        5,
        6,
        7
      ],
      [
        4,
        5,
        6
      ],
      [
        2,
        4,
        5,
        6
      ],
      [
        5
      ],
      [],
      [
        4,
        5
      ],
      [
        2,
        3,
        4,
        5,
        6
      ]
    ],
    "front": [
      [
        1
      ],
      [],
      [
        0,
        1,
        3,
        7
      ],
      [
        0,
        1,
        7
      ],
      [
        0,
        1,
        2,
        3,
        6,
        7
      ],
      [
        0,
        1,
        2,
        3,
        4,
        6,
        7
      ],
      [
        0,
        1,
        2,
        3,
        7
      ],
      [
        0,
        1
      ]
    ],
    "right": [
      [
        1,
        3,
        5
      ],
      [
        3
      ],
      [
        0,
        1,
        3,
        4,
        5,
        6,
        7
      ],
      [],
      [
        0,
        1,
        3,
        5
      ],
      [
        1,
        3
      ],
      [
        0,
        1,
        3,
        4,
        5
      ],
      [
        0,
        1,
        3,
        4,
        5,
        6
      ]
    ]
  },
  "objects": [
    {
      "pixel_coords": [
        150,
        133,
        10.296756744384766
      ],
      "color": "purple",
      "material": "metal",
      "size": "small",
      "shape": "cylinder",
      "3d_coords": [
        0.8978703618049622,
        -1.1806658506393433,
        0.3499999940395355
      ],
      "rotation": 64.06010139140204
    },
    {
      "pixel_coords": [
        199,
        139,
        9.377768516540527
      ],
      "color": "brown",
      "material": "rubber",
      "size": "large",
      "shape": "cube",
      "3d_coords": [
        2.4152884483337402,
        -0.7657801508903503,
        0.699999988079071
      ],
      "rotation": 83.47439498329057
    },
    {
      "pixel_coords": [
        80,
        91,
        12.132834434509277
      ],
      "color": "yellow",
      "material": "rubber",
      "size": "large",
      "shape": "cylinder",
      "3d_coords": [
        -2.4692840576171875,
        -1.5220975875854492,
        0.699999988079071
      ],
      "rotation": 25.02494379149878
    },
    {
      "pixel_coords": [
        254,
        101,
        11.398354530334473
      ],
      "color": "blue",
      "material": "metal",
      "size": "large",
      "shape": "cylinder",
      "3d_coords": [
        2.0491154193878174,
        2.284641742706299,
        0.699999988079071
      ],
      "rotation": 34.25334734142028
    },
    {
      "pixel_coords": [
        140,
        80,
        13.957966804504395
      ],
      "color": "blue",
      "material": "metal",
      "size": "small",
      "shape": "cylinder",
      "3d_coords": [
        -2.5700364112854004,
        1.2030328512191772,
        0.3499999940395355
      ],
      "rotation": 3.404806403039742
    },
    {
      "pixel_coords": [
        164,
        72,
        14.692575454711914
      ],
      "color": "red",
      "material": "rubber",
      "size": "small",
      "shape": "cylinder",
      "3d_coords": [
        -2.5344223976135254,
        2.5011963844299316,
        0.3499999940395355
      ],
      "rotation": 225.5520176320736
    },
    {
      "pixel_coords": [
        125,
        92,
        12.866948127746582
      ],
      "color": "red",
      "material": "rubber",
      "size": "small",
      "shape": "sphere",
      "3d_coords": [
        -1.9575603008270264,
        0.020865269005298615,
        0.3499999940395355
      ],
      "rotation": 25.6705123081096
    },
    {
      "pixel_coords": [
        93,
        127,
        10.636068344116211
      ],
      "color": "purple",
      "material": "rubber",
      "size": "small",
      "shape": "cylinder",
      "3d_coords": [
        -0.5620365142822266,
        -2.2359280586242676,
        0.3499999940395355
      ],
      "rotation": 166.2912764744248
    }
  ],
  "image_filename": "CLEVR_new_000533.png",
  "image_index": 533
}