{
  "split": "new",
  "directions": {
    "below": [
      -0.0,
      -0.0,
      -1.0
    ],
    "right": [
      0.6563112735748291,
      0.7544902563095093,
      -0.0
    ],
    "left": [
      -0.6563112735748291,
      -0.7544902563095093,
      0.0
    ],
    "behind": [
      -0.754490315914154,
      0.6563112735748291,
      0.0
    ],
    "front": [
      0.754490315914154,
      -0.6563112735748291,
      -0.0
    ],
    "above": [
      0.0,
      0.0,
      1.0
    ]
  },
  "relationships": {
    "left": [
      [
        2
      ],
      [
        0,
        2,
        3,
        4,
        6
      ],
      [],
      [
        0,
        2,
        4
      ],
      [
        0,
        2
      ],
      [
        0,
        1,
        2,
        3,
        4,
        6,
        7
      ],
      [
        0,
        2,
        3,
        4
      ],
      [
        0,
        1,
        2,
        3,
        4,
        6
      ]
    ],
    "behind": [
      [
        1,
        2,
        3,
        4,
        5,
        6,
        7
      ],
      [
        3,
        4
      ],
      [
        1,
        3,
        4,
        5
      ],
      [
        4
      ],
      [],
      [
        1,
        3,
        4
      ],
      [
        1,
        2,
        3,
        4,
        5,
        7
      ],
      [
        1,
        2,
        3,
        4,
        5
      ]
    ],
    "front": [
      [],
      [
        0,
        2,
        5,
        6,
        7
      ],
      [
        0,
        6,
        7
      ],
      [
        0,
        1,
        2,
        5,
        6,
        7
      ],
      [
        0,
        1,
        2,
        3,
        5,
        6,
        7
      ],
      [
        0,
        2,
        6,
        7
      ],
      [
        0
      ],
      [
        0,
        6
      ]
    ],
    "right": [
      [
        1,
        3,
        4,
        5,
        6,
        7
      ],
      [
        5,
        7
      ],
      [
        0,
        1,
        3,
        4,
        5,
        6,
        7
      ],
      [
        1,
        5,
        6,
        7
      ],
      [
        1,
        3,
        5,
        6,
        7
      ],
      [],
      [
        1,
        5,
        7
      ],
      [
        5
      ]
    ]
  },
  "objects": [
    {
      "pixel_coords": [
        101,
        155,
        8.832565307617188
      ],
      "color": "gray",
      "material": "rubber",
      "size": "small",
      "shape": "cube",
      "3d_coords": [
        1.0660359859466553,
        -2.77679705619812,
        0.3499999940395355
      ],
      "rotation": 161.66107399921623
    },
    {
      "pixel_coords": [
        208,
        92,
        11.536849021911621
      ],
      "color": "green",
      "material": "metal",
      "size": "large",
      "shape": "sphere",
      "3d_coords": [
        0.4851863384246826,
        1.6578750610351562,
        0.699999988079071
      ],
      "rotation": 272.3707346913783
    },
    {
      "pixel_coords": [
        70,
        104,
        10.665975570678711
      ],
      "color": "brown",
      "material": "metal",
      "size": "large",
      "shape": "cylinder",
      "3d_coords": [
        -1.4575175046920776,
        -2.327702045440674,
        0.699999988079071
      ],
      "rotation": 214.23356788186146
    },
    {
      "pixel_coords": [
        157,
        88,
        12.794649124145508
      ],
      "color": "red",
      "material": "metal",
      "size": "small",
      "shape": "cylinder",
      "3d_coords": [
        -1.556918978691101,
        1.0889919996261597,
        0.3499999940395355
      ],
      "rotation": 5.93417693250919
    },
    {
      "pixel_coords": [
        141,
        79,
        13.597419738769531
      ],
      "color": "blue",
      "material": "rubber",
      "size": "small",
      "shape": "cube",
      "3d_coords": [
        -2.6414265632629395,
        1.1838164329528809,
        0.3499999940395355
      ],
      "rotation": 27.898774756112257
    },
    {
      "pixel_coords": [
        255,
        108,
        11.262558937072754
      ],
      "color": "red",
      "material": "metal",
      "size": "small",
      "shape": "cylinder",
      "3d_coords": [
        1.7905901670455933,
        2.4984922409057617,
        0.3499999940395355
      ],
      "rotation": 267.27254674320005
    },
    {
      "pixel_coords": [
        176,
        130,
        9.26545238494873
      ],
      "color": "brown",
      "material": "metal",
      "size": "large",
      "shape": "cylinder",
      "3d_coords": [
        1.7509660720825195,
        -0.8544687628746033,
        0.699999988079071
      ],
      "rotation": 98.13016518903731
    },
    {
      "pixel_coords": [
        248,
        125,
        10.216086387634277
      ],
      "color": "brown",
      "material": "rubber",
      "size": "small",
      "shape": "cube",
      "3d_coords": [
        2.4033210277557373,
        1.3778107166290283,
        0.3499999940395355
      ],
      "rotation": 122.74810383455723
    }
  ],
  "image_filename": "CLEVR_new_000773.png",
  "image_index": 773
}