{
  "split": "new",
  "directions": {
    "below": [
      -0.0,
      -0.0,
      -1.0
    ],
    "right": [
      0.6563112735748291,
      0.7544902563095093,
      -0.0
    ],
    "left": [
      -0.6563112735748291,
      -0.7544902563095093,
      0.0
    ],
    "behind": [
      -0.754490315914154,
      0.6563112735748291,
      0.0
    ],
    "front": [
      0.754490315914154,
      -0.6563112735748291,
      -0.0
    ],
    "above": [
      0.0,
      0.0,
      1.0
    ]
  },
  "relationships": {
    "left": [
      [],
      [
        0,
        4
      ],
      [
        0,
        1,
        4
      ],
      [
        0,
        1,
        2,
        4,
        6
      ],
      [
        0
      ],
      [
        0,
        1,
        2,
        3,
        4,
        6
      ],
      [
        0,
        1,
        2,
        4
      ],
      [
        0,
        1,
        2,
        3,
        4,
        5,
        6
      ]
    ],
    "behind": [
      [
        5,
        6
      ],
      [
        0,
        3,
        4,
        5,
        6,
        7
      ],
      [
        0,
        1,
        3,
        4,
        5,
        6,
        7
      ],
      [
        0,
        4,
        5,
        6,
        7
      ],
      [
        0,
        5,
        6,
        7
      ],
      [
        6
      ],
      [],
      [
        0,
        5,
        6
      ]
    ],
    "front": [
      [
        1,
        2,
        3,
        4,
        7
      ],
      [
        2
      ],
      [],
      [
        1,
        2
      ],
      [
        1,
        2,
        3
      ],
      [
        0,
        1,
        2,
        3,
        4,
        7
      ],
      [
        0,
        1,
        2,
        3,
        4,
        5,
        7
      ],
      [
        1,
        2,
        3,
        4
      ]
    ],
    "right": [
      [
        1,
        2,
        3,
        4,
        5,
        6,
        7
      ],
      [
        2,
        3,
        5,
        6,
        7
      ],
      [
        3,
        5,
        6,
        7
      ],
      [
        5,
        7
      ],
      [
        1,
        2,
        3,
        5,
        6,
        7
      ],
      [
        7
      ],
      [
        3,
        5,
        7
      ],
      []
    ]
  },
  "objects": [
    {
      "pixel_coords": [
        60,
        100,
        11.577967643737793
      ],
      "color": "purple",
      "material": "metal",
      "size": "small",
      "shape": "cylinder",
      "3d_coords": [
        -2.66949462890625,
        -2.103640556335449,
        0.3499999940395355
      ],
      "rotation": 132.00466519551298
    },
    {
      "pixel_coords": [
        129,
        123,
        9.259723663330078
      ],
      "color": "red",
      "material": "rubber",
      "size": "large",
      "shape": "sphere",
      "3d_coords": [
        0.7673061490058899,
        -1.642999529838562,
        0.699999988079071
      ],
      "rotation": 181.30369813276099
    },
    {
      "pixel_coords": [
        145,
        169,
        7.988265514373779
      ],
      "color": "brown",
      "material": "rubber",
      "size": "small",
      "shape": "cube",
      "3d_coords": [
        2.314765453338623,
        -2.251826763153076,
        0.3499999940395355
      ],
      "rotation": 14.234405363685344
    },
    {
      "pixel_coords": [
        222,
        127,
        9.838623046875
      ],
      "color": "red",
      "material": "metal",
      "size": "small",
      "shape": "sphere",
      "3d_coords": [
        1.9805933237075806,
        0.6591978669166565,
        0.3499999940395355
      ],
      "rotation": 278.34824381264895
    },
    {
      "pixel_coords": [
        90,
        117,
        10.413467407226562
      ],
      "color": "gray",
      "material": "rubber",
      "size": "small",
      "shape": "cube",
      "3d_coords": [
        -0.9014009237289429,
        -1.9599508047103882,
        0.3499999940395355
      ],
      "rotation": 2.570655301589322
    },
    {
      "pixel_coords": [
        230,
        93,
        12.162858009338379
      ],
      "color": "brown",
      "material": "rubber",
      "size": "small",
      "shape": "cube",
      "3d_coords": [
        0.37653061747550964,
        2.8137030601501465,
        0.3499999940395355
      ],
      "rotation": 96.43858726549013
    },
    {
      "pixel_coords": [
        173,
        63,
        14.031818389892578
      ],
      "color": "green",
      "material": "metal",
      "size": "large",
      "shape": "cylinder",
      "3d_coords": [
        -2.595912218093872,
        2.6921143531799316,
        0.699999988079071
      ],
      "rotation": 271.09106257960474
    },
    {
      "pixel_coords": [
        273,
        99,
        10.745733261108398
      ],
      "color": "purple",
      "material": "metal",
      "size": "large",
      "shape": "sphere",
      "3d_coords": [
        2.117506504058838,
        2.7476274967193604,
        0.699999988079071
      ],
      "rotation": 206.2568345185146
    }
  ],
  "image_filename": "CLEVR_new_000678.png",
  "image_index": 678
}