{
  "image_filename": "CLEVR_new_000394.png",
  "relationships": {
    "front": [
      [
        1,
        2,
        3,
        4,
        5,
        6,
        7
      ],
      [
        2,
        3,
        4,
        5,
        6
      ],
      [
        3,
        6
      ],
      [],
      [
        2,
        3,
        6
      ],
      [
        2,
        3,
        4,
        6
      ],
      [
        3
      ],
      [
        1,
        2,
        3,
        4,
        5,
        6
      ]
    ],
    "left": [
      [
        1,
        2,
        3,
        4
      ],
      [
        2,
        4
      ],
      [
        4
      ],
      [
        1,
        2,
        4
      ],
      [],
      [
        0,
        1,
        2,
        3,
        4,
        6,
        7
      ],
      [
        0,
        1,
        2,
        3,
        4
      ],
      [
        0,
        1,
        2,
        3,
        4,
        6
      ]
    ],
    "right": [
      [
        5,
        6,
        7
      ],
      [
        0,
        3,
        5,
        6,
        7
      ],
      [
        0,
        1,
        3,
        5,
        6,
        7
      ],
      [
        0,
        5,
        6,
        7
      ],
      [
        0,
        1,
        2,
        3,
        5,
        6,
        7
      ],
      [],
      [
        5,
        7
      ],
      [
        5
      ]
    ],
    "behind": [
      [],
      [
        0,
        7
      ],
      [
        0,
        1,
        4,
        5,
        7
      ],
      [
        0,
        1,
        2,
        4,
        5,
        6,
        7
      ],
      [
        0,
        1,
        5,
        7
      ],
      [
        0,
        1,
        7
      ],
      [
        0,
        1,
        2,
        4,
        5,
        7
      ],
      [
        0
      ]
    ]
  },
  "image_index": 394,
  "directions": {
    "above": [
      0.0,
      0.0,
      1.0
    ],
    "front": [
      0.754490315914154,
      -0.6563112735748291,
      -0.0
    ],
    "behind": [
      -0.754490315914154,
      0.6563112735748291,
      0.0
    ],
    "right": [
      0.6563112735748291,
      0.7544902563095093,
      -0.0
    ],
    "below": [
      -0.0,
      -0.0,
      -1.0
    ],
    "left": [
      -0.6563112735748291,
      -0.7544902563095093,
      0.0
    ]
  },
  "split": "new",
  "objects": [
    {
      "shape": "cylinder",
      "material": "metal",
      "pixel_coords": [
        192,
        68,
        13.040762901306152
      ],
      "rotation": 187.41932015819012,
      "3d_coords": [
        -1.2184897661209106,
        2.646555185317993,
        0.699999988079071
      ],
      "color": "green",
      "size": "large"
    },
    {
      "shape": "cylinder",
      "material": "metal",
      "pixel_coords": [
        129,
        88,
        11.527344703674316
      ],
      "rotation": 328.2494346169123,
      "3d_coords": [
        -1.3576041460037231,
        -0.18498513102531433,
        0.699999988079071
      ],
      "color": "yellow",
      "size": "large"
    },
    {
      "shape": "sphere",
      "material": "rubber",
      "pixel_coords": [
        106,
        141,
        9.422074317932129
      ],
      "rotation": 290.30384020350897,
      "3d_coords": [
        0.3664383292198181,
        -2.226651668548584,
        0.3499999940395355
      ],
      "color": "gray",
      "size": "small"
    },
    {
      "shape": "sphere",
      "material": "rubber",
      "pixel_coords": [
        163,
        181,
        8.007739067077637
      ],
      "rotation": 69.09372772021521,
      "3d_coords": [
        2.597442865371704,
        -2.153961658477783,
        0.3499999940395355
      ],
      "color": "purple",
      "size": "small"
    },
    {
      "shape": "cube",
      "material": "metal",
      "pixel_coords": [
        65,
        119,
        9.752609252929688
      ],
      "rotation": 170.93244374666753,
      "3d_coords": [
        -0.858517587184906,
        -2.7428479194641113,
        0.699999988079071
      ],
      "color": "yellow",
      "size": "large"
    },
    {
      "shape": "sphere",
      "material": "rubber",
      "pixel_coords": [
        268,
        100,
        10.788369178771973
      ],
      "rotation": 280.45178713871894,
      "3d_coords": [
        2.1364376544952393,
        2.534252166748047,
        0.699999988079071
      ],
      "color": "red",
      "size": "large"
    },
    {
      "shape": "sphere",
      "material": "metal",
      "pixel_coords": [
        232,
        141,
        8.81701946258545
      ],
      "rotation": 35.084487904014615,
      "3d_coords": [
        2.8776745796203613,
        -0.09180528670549393,
        0.699999988079071
      ],
      "color": "yellow",
      "size": "large"
    },
    {
      "shape": "cube",
      "material": "rubber",
      "pixel_coords": [
        230,
        81,
        11.974038124084473
      ],
      "rotation": 89.38467284508013,
      "3d_coords": [
        0.4954434037208557,
        2.737375020980835,
        0.699999988079071
      ],
      "color": "brown",
      "size": "large"
    }
  ]
}