{
  "split": "new",
  "directions": {
    "below": [
      -0.0,
      -0.0,
      -1.0
    ],
    "right": [
      0.6563112735748291,
      0.7544902563095093,
      -0.0
    ],
    "left": [
      -0.6563112735748291,
      -0.7544902563095093,
      0.0
    ],
    "behind": [
      -0.754490315914154,
      0.6563112735748291,
      0.0
    ],
    "front": [
      0.754490315914154,
      -0.6563112735748291,
      -0.0
    ],
    "above": [
      0.0,
      0.0,
      1.0
    ]
  },
  "relationships": {
    "left": [
      [
        6
      ],
      [
        0,
        2,
        4,
        6,
        7
      ],
      [
        0,
        6
      ],
      [
        0,
        1,
        2,
        4,
        6,
        7
      ],
      [
        0,
        2,
        6
      ],
      [
        0,
        1,
        2,
        3,
        4,
        6,
        7
      ],
      [],
      [
        0,
        2,
        4,
        6
      ]
    ],
    "behind": [
      [
        1,
        2,
        3,
        5,
        6
      ],
      [],
      [
        1
      ],
      [
        1,
        2,
        5,
        6
      ],
      [
        0,
        1,
        2,
        3,
        5,
        6
      ],
      [
        1,
        2
      ],
      [
        1,
        2,
        5
      ],
      [
        0,
        1,
        2,
        3,
        4,
        5,
        6
      ]
    ],
    "front": [
      [
        4,
        7
      ],
      [
        0,
        2,
        3,
        4,
        5,
        6,
        7
      ],
      [
        0,
        3,
        4,
        5,
        6,
        7
      ],
      [
        0,
        4,
        7
      ],
      [
        7
      ],
      [
        0,
        3,
        4,
        6,
        7
      ],
      [
        0,
        3,
        4,
        7
      ],
      []
    ],
    "right": [
      [
        1,
        2,
        3,
        4,
        5,
        7
      ],
      [
        3,
        5
      ],
      [
        1,
        3,
        4,
        5,
        7
      ],
      [
        5
      ],
      [
        1,
        3,
        5,
        7
      ],
      [],
      [
        0,
        1,
        2,
        3,
        4,
        5,
        7
      ],
      [
        1,
        3,
        5
      ]
    ]
  },
  "objects": [
    {
      "pixel_coords": [
        79,
        136,
        9.404341697692871
      ],
      "color": "green",
      "material": "metal",
      "size": "small",
      "shape": "cylinder",
      "3d_coords": [
        -0.29009002447128296,
        -2.645481824874878,
        0.3499999940395355
      ],
      "rotation": 2.7527407452829955
    },
    {
      "pixel_coords": [
        193,
        72,
        12.572473526000977
      ],
      "color": "red",
      "material": "metal",
      "size": "large",
      "shape": "sphere",
      "3d_coords": [
        -0.9390897154808044,
        2.3990399837493896,
        0.699999988079071
      ],
      "rotation": 44.486941310000574
    },
    {
      "pixel_coords": [
        135,
        84,
        11.638700485229492
      ],
      "color": "yellow",
      "material": "rubber",
      "size": "large",
      "shape": "cube",
      "3d_coords": [
        -1.467570185661316,
        0.17328640818595886,
        0.699999988079071
      ],
      "rotation": 163.33584453783183
    },
    {
      "pixel_coords": [
        244,
        127,
        9.812943458557129
      ],
      "color": "purple",
      "material": "metal",
      "size": "small",
      "shape": "cylinder",
      "3d_coords": [
        2.349998950958252,
        1.0894951820373535,
        0.3499999940395355
      ],
      "rotation": 139.42658013843953
    },
    {
      "pixel_coords": [
        147,
        135,
        8.760637283325195
      ],
      "color": "green",
      "material": "rubber",
      "size": "large",
      "shape": "sphere",
      "3d_coords": [
        1.3377455472946167,
        -1.6043950319290161,
        0.699999988079071
      ],
      "rotation": 16.75762491872675
    },
    {
      "pixel_coords": [
        256,
        97,
        10.728715896606445
      ],
      "color": "yellow",
      "material": "metal",
      "size": "large",
      "shape": "cylinder",
      "3d_coords": [
        1.7919776439666748,
        2.3306732177734375,
        0.699999988079071
      ],
      "rotation": 239.7153868278178
    },
    {
      "pixel_coords": [
        60,
        116,
        10.386343002319336
      ],
      "color": "yellow",
      "material": "metal",
      "size": "small",
      "shape": "cylinder",
      "3d_coords": [
        -1.646142601966858,
        -2.496124267578125,
        0.3499999940395355
      ],
      "rotation": 122.62259363601906
    },
    {
      "pixel_coords": [
        190,
        169,
        8.099431991577148
      ],
      "color": "green",
      "material": "rubber",
      "size": "small",
      "shape": "cylinder",
      "3d_coords": [
        2.7288825511932373,
        -1.4489996433258057,
        0.3499999940395355
      ],
      "rotation": 223.46558112306406
    }
  ],
  "image_filename": "CLEVR_new_000623.png",
  "image_index": 623
}