{
  "split": "new",
  "directions": {
    "below": [
      -0.0,
      -0.0,
      -1.0
    ],
    "right": [
      0.6563112735748291,
      0.7544902563095093,
      -0.0
    ],
    "left": [
      -0.6563112735748291,
      -0.7544902563095093,
      0.0
    ],
    "behind": [
      -0.754490315914154,
      0.6563112735748291,
      0.0
    ],
    "front": [
      0.754490315914154,
      -0.6563112735748291,
      -0.0
    ],
    "above": [
      0.0,
      0.0,
      1.0
    ]
  },
  "relationships": {
    "left": [
      [
        2,
        3,
        4,
        5,
        6
      ],
      [
        0,
        2,
        3,
        4,
        5,
        6,
        7
      ],
      [
        3,
        6
      ],
      [
        6
      ],
      [
        2,
        3,
        6
      ],
      [
        2,
        3,
        4,
        6
      ],
      [],
      [
        0,
        2,
        3,
        4,
        5,
        6
      ]
    ],
    "behind": [
      [
        2,
        5,
        6,
        7
      ],
      [
        0,
        2,
        3,
        5,
        6,
        7
      ],
      [
        5,
        7
      ],
      [
        0,
        2,
        5,
        6,
        7
      ],
      [
        0,
        1,
        2,
        3,
        5,
        6,
        7
      ],
      [
        7
      ],
      [
        2,
        5,
        7
      ],
      []
    ],
    "front": [
      [
        1,
        3,
        4
      ],
      [
        4
      ],
      [
        0,
        1,
        3,
        4,
        6
      ],
      [
        1,
        4
      ],
      [],
      [
        0,
        1,
        2,
        3,
        4,
        6
      ],
      [
        0,
        1,
        3,
        4
      ],
      [
        0,
        1,
        2,
        3,
        4,
        5,
        6
      ]
    ],
    "right": [
      [
        1,
        7
      ],
      [],
      [
        0,
        1,
        4,
        5,
        7
      ],
      [
        0,
        1,
        2,
        4,
        5,
        7
      ],
      [
        0,
        1,
        5,
        7
      ],
      [
        0,
        1,
        7
      ],
      [
        0,
        1,
        2,
        3,
        4,
        5,
        7
      ],
      [
        1
      ]
    ]
  },
  "objects": [
    {
      "pixel_coords": [
        171,
        114,
        11.133212089538574
      ],
      "color": "yellow",
      "material": "rubber",
      "size": "small",
      "shape": "cube",
      "3d_coords": [
        0.40267452597618103,
        0.1017676517367363,
        0.3499999940395355
      ],
      "rotation": 99.21319639933336
    },
    {
      "pixel_coords": [
        215,
        131,
        9.46438217163086
      ],
      "color": "yellow",
      "material": "metal",
      "size": "large",
      "shape": "cylinder",
      "3d_coords": [
        2.433072566986084,
        -0.19800031185150146,
        0.699999988079071
      ],
      "rotation": 224.13929655829787
    },
    {
      "pixel_coords": [
        105,
        91,
        12.73967456817627
      ],
      "color": "yellow",
      "material": "rubber",
      "size": "small",
      "shape": "cylinder",
      "3d_coords": [
        -2.5343923568725586,
        -0.4240584075450897,
        0.3499999940395355
      ],
      "rotation": 153.02389180352955
    },
    {
      "pixel_coords": [
        69,
        129,
        10.243326187133789
      ],
      "color": "purple",
      "material": "metal",
      "size": "small",
      "shape": "sphere",
      "3d_coords": [
        -0.8743431568145752,
        -2.800872564315796,
        0.3499999940395355
      ],
      "rotation": 113.22640797142333
    },
    {
      "pixel_coords": [
        131,
        158,
        8.94870662689209
      ],
      "color": "purple",
      "material": "rubber",
      "size": "small",
      "shape": "cube",
      "3d_coords": [
        1.5001976490020752,
        -2.368748426437378,
        0.3499999940395355
      ],
      "rotation": 167.40317868000224
    },
    {
      "pixel_coords": [
        150,
        74,
        13.249713897705078
      ],
      "color": "purple",
      "material": "rubber",
      "size": "large",
      "shape": "cube",
      "3d_coords": [
        -1.9910831451416016,
        1.3087397813796997,
        0.699999988079071
      ],
      "rotation": 35.61198193114515
    },
    {
      "pixel_coords": [
        59,
        96,
        11.465776443481445
      ],
      "color": "red",
      "material": "rubber",
      "size": "large",
      "shape": "sphere",
      "3d_coords": [
        -2.474260091781616,
        -2.2259366512298584,
        0.699999988079071
      ],
      "rotation": 340.0851280356116
    },
    {
      "pixel_coords": [
        184,
        78,
        13.893059730529785
      ],
      "color": "yellow",
      "material": "rubber",
      "size": "small",
      "shape": "cylinder",
      "3d_coords": [
        -1.4985432624816895,
        2.656935691833496,
        0.3499999940395355
      ],
      "rotation": 326.0817504035126
    }
  ],
  "image_filename": "CLEVR_new_000663.png",
  "image_index": 663
}