{
  "split": "new",
  "directions": {
    "below": [
      -0.0,
      -0.0,
      -1.0
    ],
    "right": [
      0.6563112735748291,
      0.7544902563095093,
      -0.0
    ],
    "left": [
      -0.6563112735748291,
      -0.7544902563095093,
      0.0
    ],
    "behind": [
      -0.754490315914154,
      0.6563112735748291,
      0.0
    ],
    "front": [
      0.754490315914154,
      -0.6563112735748291,
      -0.0
    ],
    "above": [
      0.0,
      0.0,
      1.0
    ]
  },
  "relationships": {
    "left": [
      [
        1,
        2,
        4,
        5,
        6,
        7
      ],
      [
        2,
        4,
        5,
        6,
        7
      ],
      [
        4
      ],
      [
        0,
        1,
        2,
        4,
        5,
        6,
        7
      ],
      [],
      [
        2,
        4
      ],
      [
        2,
        4,
        5,
        7
      ],
      [
        2,
        4,
        5
      ]
    ],
    "behind": [
      [
        7
      ],
      [
        0,
        2,
        3,
        4,
        5,
        7
      ],
      [
        0,
        5,
        7
      ],
      [
        0,
        2,
        4,
        5,
        7
      ],
      [
        0,
        2,
        5,
        7
      ],
      [
        0,
        7
      ],
      [
        0,
        1,
        2,
        3,
        4,
        5,
        7
      ],
      []
    ],
    "front": [
      [
        1,
        2,
        3,
        4,
        5,
        6
      ],
      [
        6
      ],
      [
        1,
        3,
        4,
        6
      ],
      [
        1,
        6
      ],
      [
        1,
        3,
        6
      ],
      [
        1,
        2,
        3,
        4,
        6
      ],
      [],
      [
        0,
        1,
        2,
        3,
        4,
        5,
        6
      ]
    ],
    "right": [
      [
        3
      ],
      [
        0,
        3
      ],
      [
        0,
        1,
        3,
        5,
        6,
        7
      ],
      [],
      [
        0,
        1,
        2,
        3,
        5,
        6,
        7
      ],
      [
        0,
        1,
        3,
        6,
        7
      ],
      [
        0,
        1,
        3
      ],
      [
        0,
        1,
        3,
        6
      ]
    ]
  },
  "objects": [
    {
      "pixel_coords": [
        202,
        83,
        13.405777931213379
      ],
      "color": "brown",
      "material": "rubber",
      "size": "small",
      "shape": "cylinder",
      "3d_coords": [
        -0.5371232032775879,
        2.7163424491882324,
        0.3499999940395355
      ],
      "rotation": 356.8649275068863
    },
    {
      "pixel_coords": [
        204,
        133,
        10.240209579467773
      ],
      "color": "blue",
      "material": "metal",
      "size": "small",
      "shape": "cube",
      "3d_coords": [
        1.902169942855835,
        -0.0187944695353508,
        0.3499999940395355
      ],
      "rotation": 305.4877921854233
    },
    {
      "pixel_coords": [
        105,
        100,
        12.12978458404541
      ],
      "color": "red",
      "material": "rubber",
      "size": "small",
      "shape": "cylinder",
      "3d_coords": [
        -1.870951533317566,
        -0.8422588109970093,
        0.3499999940395355
      ],
      "rotation": 75.61481191954927
    },
    {
      "pixel_coords": [
        254,
        105,
        11.068721771240234
      ],
      "color": "brown",
      "material": "rubber",
      "size": "large",
      "shape": "cube",
      "3d_coords": [
        2.2152490615844727,
        1.9988291263580322,
        0.699999988079071
      ],
      "rotation": 273.4381842524131
    },
    {
      "pixel_coords": [
        86,
        111,
        11.418258666992188
      ],
      "color": "gray",
      "material": "rubber",
      "size": "small",
      "shape": "cube",
      "3d_coords": [
        -1.6300768852233887,
        -1.7828896045684814,
        0.3499999940395355
      ],
      "rotation": 183.7068979188902
    },
    {
      "pixel_coords": [
        155,
        84,
        12.444754600524902
      ],
      "color": "blue",
      "material": "metal",
      "size": "large",
      "shape": "cylinder",
      "3d_coords": [
        -1.1139731407165527,
        0.7827203869819641,
        0.699999988079071
      ],
      "rotation": 250.16663656759727
    },
    {
      "pixel_coords": [
        196,
        161,
        9.063324928283691
      ],
      "color": "gray",
      "material": "rubber",
      "size": "small",
      "shape": "sphere",
      "3d_coords": [
        2.6486189365386963,
        -1.2057044506072998,
        0.3499999940395355
      ],
      "rotation": 14.641333505910602
    },
    {
      "pixel_coords": [
        166,
        62,
        14.383974075317383
      ],
      "color": "gray",
      "material": "metal",
      "size": "large",
      "shape": "cylinder",
      "3d_coords": [
        -2.4386913776397705,
        2.638021469116211,
        0.699999988079071
      ],
      "rotation": 325.27554556057436
    }
  ],
  "image_filename": "CLEVR_new_000583.png",
  "image_index": 583
}