{
  "image_filename": "CLEVR_new_000269.png",
  "relationships": {
    "front": [
      [
        2,
        4,
        5,
        6
      ],
      [
        0,
        2,
        4,
        5,
        6
      ],
      [
        4,
        5,
        6
      ],
      [
        0,
        1,
        2,
        4,
        5,
        6
      ],
      [
        6
      ],
      [
        4,
        6
      ],
      [],
      [
        0,
        1,
        2,
        3,
        4,
        5,
        6
      ]
    ],
    "left": [
      [
        1,
        2,
        3,
        4,
        5,
        6,
        7
      ],
      [],
      [
        1,
        4,
        5,
        6,
        7
      ],
      [
        1,
        2,
        4,
        5,
        6,
        7
      ],
      [
        1,
        5,
        6,
        7
      ],
      [
        1
      ],
      [
        1,
        5
      ],
      [
        1,
        5,
        6
      ]
    ],
    "right": [
      [],
      [
        0,
        2,
        3,
        4,
        5,
        6,
        7
      ],
      [
        0,
        3
      ],
      [
        0
      ],
      [
        0,
        2,
        3
      ],
      [
        0,
        2,
        3,
        4,
        6,
        7
      ],
      [
        0,
        2,
        3,
        4,
        7
      ],
      [
        0,
        2,
        3,
        4
      ]
    ],
    "behind": [
      [
        1,
        3,
        7
      ],
      [
        3,
        7
      ],
      [
        0,
        1,
        3,
        7
      ],
      [
        7
      ],
      [
        0,
        1,
        2,
        3,
        5,
        7
      ],
      [
        0,
        1,
        2,
        3,
        7
      ],
      [
        0,
        1,
        2,
        3,
        4,
        5,
        7
      ],
      []
    ]
  },
  "image_index": 269,
  "directions": {
    "above": [
      0.0,
      0.0,
      1.0
    ],
    "front": [
      0.754490315914154,
      -0.6563112735748291,
      -0.0
    ],
    "behind": [
      -0.754490315914154,
      0.6563112735748291,
      0.0
    ],
    "right": [
      0.6563112735748291,
      0.7544902563095093,
      -0.0
    ],
    "below": [
      -0.0,
      -0.0,
      -1.0
    ],
    "left": [
      -0.6563112735748291,
      -0.7544902563095093,
      0.0
    ]
  },
  "split": "new",
  "objects": [
    {
      "shape": "cube",
      "material": "rubber",
      "pixel_coords": [
        274,
        102,
        11.070344924926758
      ],
      "rotation": 311.9096616327817,
      "3d_coords": [
        2.3826990127563477,
        2.7185847759246826,
        0.699999988079071
      ],
      "color": "gray",
      "size": "large"
    },
    {
      "shape": "cube",
      "material": "metal",
      "pixel_coords": [
        89,
        100,
        11.983450889587402
      ],
      "rotation": 175.9811066559408,
      "3d_coords": [
        -2.1620900630950928,
        -1.3328098058700562,
        0.3499999940395355
      ],
      "color": "blue",
      "size": "small"
    },
    {
      "shape": "cylinder",
      "material": "metal",
      "pixel_coords": [
        190,
        120,
        10.113858222961426
      ],
      "rotation": 359.12346695047256,
      "3d_coords": [
        1.4602724313735962,
        -0.08832870423793793,
        0.699999988079071
      ],
      "color": "red",
      "size": "large"
    },
    {
      "shape": "cube",
      "material": "rubber",
      "pixel_coords": [
        212,
        78,
        12.726473808288574
      ],
      "rotation": 202.65194087518316,
      "3d_coords": [
        -0.19723737239837646,
        2.6408395767211914,
        0.699999988079071
      ],
      "color": "purple",
      "size": "large"
    },
    {
      "shape": "cylinder",
      "material": "rubber",
      "pixel_coords": [
        164,
        159,
        9.06821346282959
      ],
      "rotation": 199.68765423085048,
      "3d_coords": [
        2.0402047634124756,
        -1.5968095064163208,
        0.3499999940395355
      ],
      "color": "gray",
      "size": "small"
    },
    {
      "shape": "sphere",
      "material": "rubber",
      "pixel_coords": [
        111,
        126,
        9.789206504821777
      ],
      "rotation": 172.93420468059574,
      "3d_coords": [
        0.29708826541900635,
        -2.045969247817993,
        0.699999988079071
      ],
      "color": "blue",
      "size": "large"
    },
    {
      "shape": "cube",
      "material": "metal",
      "pixel_coords": [
        124,
        182,
        8.293819427490234
      ],
      "rotation": 75.55991578344064,
      "3d_coords": [
        2.1045944690704346,
        -2.9104044437408447,
        0.3499999940395355
      ],
      "color": "gray",
      "size": "small"
    },
    {
      "shape": "cube",
      "material": "rubber",
      "pixel_coords": [
        151,
        71,
        13.249695777893066
      ],
      "rotation": 352.44546525712536,
      "3d_coords": [
        -2.1089415550231934,
        1.3199349641799927,
        0.699999988079071
      ],
      "color": "green",
      "size": "large"
    }
  ]
}