{
  "split": "new",
  "directions": {
    "below": [
      -0.0,
      -0.0,
      -1.0
    ],
    "right": [
      0.6563112735748291,
      0.7544902563095093,
      -0.0
    ],
    "left": [
      -0.6563112735748291,
      -0.7544902563095093,
      0.0
    ],
    "behind": [
      -0.754490315914154,
      0.6563112735748291,
      0.0
    ],
    "front": [
      0.754490315914154,
      -0.6563112735748291,
      -0.0
    ],
    "above": [
      0.0,
      0.0,
      1.0
    ]
  },
  "relationships": {
    "left": [
      [
        2,
        5,
        7
      ],
      [
        0,
        2,
        3,
        4,
        5,
        7
      ],
      [
        7
      ],
      [
        0,
        2,
        4,
        5,
        7
      ],
      [
        0,
        2,
        5,
        7
      ],
      [
        2,
        7
      ],
      [
        0,
        1,
        2,
        3,
        4,
        5,
        7
      ],
      []
    ],
    "behind": [
      [
        1,
        2,
        3,
        4,
        5,
        6,
        7
      ],
      [
        2,
        3,
        4,
        5,
        6,
        7
      ],
      [
        3,
        5,
        6,
        7
      ],
      [
        5,
        7
      ],
      [
        2,
        3,
        5,
        6,
        7
      ],
      [],
      [
        3,
        5,
        7
      ],
      [
        5
      ]
    ],
    "front": [
      [],
      [
        0
      ],
      [
        0,
        1,
        4
      ],
      [
        0,
        1,
        2,
        4,
        6
      ],
      [
        0,
        1
      ],
      [
        0,
        1,
        2,
        3,
        4,
        6,
        7
      ],
      [
        0,
        1,
        2,
        4
      ],
      [
        0,
        1,
        2,
        3,
        4,
        6
      ]
    ],
    "right": [
      [
        1,
        3,
        4,
        6
      ],
      [
        6
      ],
      [
        0,
        1,
        3,
        4,
        5,
        6
      ],
      [
        1,
        6
      ],
      [
        1,
        3,
        6
      ],
      [
        0,
        1,
        3,
        4,
        6
      ],
      [],
      [
        0,
        1,
        2,
        3,
        4,
        5,
        6
      ]
    ]
  },
  "objects": [
    {
      "pixel_coords": [
        126,
        154,
        8.285839080810547
      ],
      "color": "yellow",
      "material": "rubber",
      "size": "large",
      "shape": "sphere",
      "3d_coords": [
        1.8753634691238403,
        -2.597670078277588,
        0.699999988079071
      ],
      "rotation": 137.95980730722616
    },
    {
      "pixel_coords": [
        233,
        131,
        9.258638381958008
      ],
      "color": "yellow",
      "material": "rubber",
      "size": "large",
      "shape": "cylinder",
      "3d_coords": [
        2.784642457962036,
        0.20595376193523407,
        0.699999988079071
      ],
      "rotation": 243.39945186456316
    },
    {
      "pixel_coords": [
        86,
        104,
        10.808460235595703
      ],
      "color": "gray",
      "material": "metal",
      "size": "large",
      "shape": "cube",
      "3d_coords": [
        -1.2629759311676025,
        -1.9285856485366821,
        0.699999988079071
      ],
      "rotation": 204.70139467410294
    },
    {
      "pixel_coords": [
        191,
        91,
        11.680191040039062
      ],
      "color": "blue",
      "material": "rubber",
      "size": "large",
      "shape": "cylinder",
      "3d_coords": [
        0.10285447537899017,
        1.2455496788024902,
        0.699999988079071
      ],
      "rotation": 30.228520876605714
    },
    {
      "pixel_coords": [
        152,
        126,
        10.253175735473633
      ],
      "color": "brown",
      "material": "metal",
      "size": "small",
      "shape": "sphere",
      "3d_coords": [
        0.6711852550506592,
        -0.8654125928878784,
        0.3499999940395355
      ],
      "rotation": 19.054036369677995
    },
    {
      "pixel_coords": [
        118,
        83,
        13.372111320495605
      ],
      "color": "brown",
      "material": "rubber",
      "size": "small",
      "shape": "sphere",
      "3d_coords": [
        -2.9064202308654785,
        0.3252619802951813,
        0.3499999940395355
      ],
      "rotation": 95.38615941766638
    },
    {
      "pixel_coords": [
        243,
        97,
        11.291376113891602
      ],
      "color": "purple",
      "material": "metal",
      "size": "large",
      "shape": "cube",
      "3d_coords": [
        1.4973841905593872,
        2.2363364696502686,
        0.699999988079071
      ],
      "rotation": 322.0931069602585
    },
    {
      "pixel_coords": [
        72,
        85,
        12.212190628051758
      ],
      "color": "red",
      "material": "metal",
      "size": "large",
      "shape": "cylinder",
      "3d_coords": [
        -2.98540997505188,
        -1.5275425910949707,
        0.699999988079071
      ],
      "rotation": 82.78241430973479
    }
  ],
  "image_filename": "CLEVR_new_000979.png",
  "image_index": 979
}