{
  "image_filename": "CLEVR_new_000500.png",
  "relationships": {
    "front": [
      [
        1,
        3,
        6
      ],
      [
        3,
        6
      ],
      [
        0,
        1,
        3,
        6
      ],
      [
        6
      ],
      [
        0,
        1,
        2,
        3,
        5,
        6,
        7
      ],
      [
        0,
        1,
        2,
        3,
        6,
        7
      ],
      [],
      [
        0,
        1,
        2,
        3,
        6
      ]
    ],
    "left": [
      [
        1,
        2,
        3,
        4,
        5,
        6
      ],
      [
        2,
        3,
        4,
        5,
        6
      ],
      [],
      [
        2,
        5
      ],
      [
        2,
        3,
        5
      ],
      [
        2
      ],
      [
        2,
        3,
        4,
        5
      ],
      [
        0,
        1,
        2,
        3,
        4,
        5,
        6
      ]
    ],
    "right": [
      [
        7
      ],
      [
        0,
        7
      ],
      [
        0,
        1,
        3,
        4,
        5,
        6,
        7
      ],
      [
        0,
        1,
        4,
        6,
        7
      ],
      [
        0,
        1,
        6,
        7
      ],
      [
        0,
        1,
        3,
        4,
        6,
        7
      ],
      [
        0,
        1,
        7
      ],
      []
    ],
    "behind": [
      [
        2,
        4,
        5,
        7
      ],
      [
        0,
        2,
        4,
        5,
        7
      ],
      [
        4,
        5,
        7
      ],
      [
        0,
        1,
        2,
        4,
        5,
        7
      ],
      [],
      [
        4
      ],
      [
        0,
        1,
        2,
        3,
        4,
        5,
        7
      ],
      [
        4,
        5
      ]
    ]
  },
  "image_index": 500,
  "directions": {
    "above": [
      0.0,
      0.0,
      1.0
    ],
    "front": [
      0.754490315914154,
      -0.6563112735748291,
      -0.0
    ],
    "behind": [
      -0.754490315914154,
      0.6563112735748291,
      0.0
    ],
    "right": [
      0.6563112735748291,
      0.7544902563095093,
      -0.0
    ],
    "below": [
      -0.0,
      -0.0,
      -1.0
    ],
    "left": [
      -0.6563112735748291,
      -0.7544902563095093,
      0.0
    ]
  },
  "split": "new",
  "objects": [
    {
      "shape": "cube",
      "material": "metal",
      "pixel_coords": [
        241,
        119,
        10.396797180175781
      ],
      "rotation": 192.43032940627396,
      "3d_coords": [
        2.106024980545044,
        1.3152270317077637,
        0.3499999940395355
      ],
      "color": "purple",
      "size": "small"
    },
    {
      "shape": "sphere",
      "material": "rubber",
      "pixel_coords": [
        201,
        121,
        9.478255271911621
      ],
      "rotation": 220.82836687525955,
      "3d_coords": [
        1.8367586135864258,
        -0.21315927803516388,
        0.699999988079071
      ],
      "color": "gray",
      "size": "large"
    },
    {
      "shape": "cube",
      "material": "rubber",
      "pixel_coords": [
        39,
        114,
        10.718121528625488
      ],
      "rotation": 243.5174161221585,
      "3d_coords": [
        -2.3372607231140137,
        -2.884913682937622,
        0.3499999940395355
      ],
      "color": "gray",
      "size": "small"
    },
    {
      "shape": "cylinder",
      "material": "metal",
      "pixel_coords": [
        109,
        158,
        8.428741455078125
      ],
      "rotation": 79.79927356756237,
      "3d_coords": [
        1.2192362546920776,
        -2.8230764865875244,
        0.3499999940395355
      ],
      "color": "red",
      "size": "small"
    },
    {
      "shape": "cube",
      "material": "rubber",
      "pixel_coords": [
        152,
        83,
        13.16955280303955
      ],
      "rotation": 198.55504563656206,
      "3d_coords": [
        -1.9998595714569092,
        1.4544978141784668,
        0.3499999940395355
      ],
      "color": "purple",
      "size": "small"
    },
    {
      "shape": "cube",
      "material": "rubber",
      "pixel_coords": [
        82,
        93,
        12.241442680358887
      ],
      "rotation": 216.49456560605674,
      "3d_coords": [
        -2.896698474884033,
        -1.0057305097579956,
        0.3499999940395355
      ],
      "color": "gray",
      "size": "small"
    },
    {
      "shape": "cylinder",
      "material": "rubber",
      "pixel_coords": [
        176,
        176,
        7.761693000793457
      ],
      "rotation": 179.41317680374084,
      "3d_coords": [
        2.84639048576355,
        -2.177091598510742,
        0.3499999940395355
      ],
      "color": "green",
      "size": "small"
    },
    {
      "shape": "cube",
      "material": "rubber",
      "pixel_coords": [
        267,
        93,
        11.279458999633789
      ],
      "rotation": 90.34958010181919,
      "3d_coords": [
        1.9852912425994873,
        2.869641065597534,
        0.699999988079071
      ],
      "color": "yellow",
      "size": "large"
    }
  ]
}