{
  "split": "new",
  "directions": {
    "below": [
      -0.0,
      -0.0,
      -1.0
    ],
    "right": [
      0.6563112735748291,
      0.7544902563095093,
      -0.0
    ],
    "left": [
      -0.6563112735748291,
      -0.7544902563095093,
      0.0
    ],
    "behind": [
      -0.754490315914154,
      0.6563112735748291,
      0.0
    ],
    "front": [
      0.754490315914154,
      -0.6563112735748291,
      -0.0
    ],
    "above": [
      0.0,
      0.0,
      1.0
    ]
  },
  "relationships": {
    "left": [
      [
        4,
        7
      ],
      [
        0,
        3,
        4,
        6,
        7
      ],
      [
        0,
        1,
        3,
        4,
        6,
        7
      ],
      [
        0,
        4,
        7
      ],
      [],
      [
        0,
        1,
        2,
        3,
        4,
        6,
        7
      ],
      [
        0,
        3,
        4,
        7
      ],
      [
        4
      ]
    ],
    "behind": [
      [
        1,
        2,
        3,
        4,
        5,
        6,
        7
      ],
      [
        2,
        3,
        4,
        5,
        6,
        7
      ],
      [
        3,
        6
      ],
      [
        6
      ],
      [
        2,
        3,
        6
      ],
      [
        2,
        3,
        4,
        6
      ],
      [],
      [
        2,
        3,
        4,
        5,
        6
      ]
    ],
    "front": [
      [],
      [
        0
      ],
      [
        0,
        1,
        4,
        5,
        7
      ],
      [
        0,
        1,
        2,
        4,
        5,
        7
      ],
      [
        0,
        1,
        5,
        7
      ],
      [
        0,
        1,
        7
      ],
      [
        0,
        1,
        2,
        3,
        4,
        5,
        7
      ],
      [
        0,
        1
      ]
    ],
    "right": [
      [
        1,
        2,
        3,
        5,
        6
      ],
      [
        2,
        5
      ],
      [
        5
      ],
      [
        1,
        2,
        5,
        6
      ],
      [
        0,
        1,
        2,
        3,
        5,
        6,
        7
      ],
      [],
      [
        1,
        2,
        5
      ],
      [
        0,
        1,
        2,
        3,
        5,
        6
      ]
    ]
  },
  "objects": [
    {
      "pixel_coords": [
        120,
        141,
        9.025583267211914
      ],
      "color": "blue",
      "material": "rubber",
      "size": "large",
      "shape": "sphere",
      "3d_coords": [
        1.106405258178711,
        -2.3457741737365723,
        0.699999988079071
      ],
      "rotation": 153.8054440041743
    },
    {
      "pixel_coords": [
        191,
        129,
        9.540301322937012
      ],
      "color": "red",
      "material": "metal",
      "size": "large",
      "shape": "sphere",
      "3d_coords": [
        1.9039710760116577,
        -0.5487627387046814,
        0.699999988079071
      ],
      "rotation": 174.71660539754745
    },
    {
      "pixel_coords": [
        216,
        97,
        12.189072608947754
      ],
      "color": "yellow",
      "material": "rubber",
      "size": "small",
      "shape": "cylinder",
      "3d_coords": [
        0.5059626698493958,
        2.1527347564697266,
        0.3499999940395355
      ],
      "rotation": 161.52944720028353
    },
    {
      "pixel_coords": [
        143,
        69,
        13.554987907409668
      ],
      "color": "blue",
      "material": "rubber",
      "size": "large",
      "shape": "cube",
      "3d_coords": [
        -2.528895139694214,
        1.3612951040267944,
        0.699999988079071
      ],
      "rotation": 222.3880520819493
    },
    {
      "pixel_coords": [
        70,
        96,
        11.445198059082031
      ],
      "color": "brown",
      "material": "metal",
      "size": "large",
      "shape": "sphere",
      "3d_coords": [
        -2.2441625595092773,
        -1.96608304977417,
        0.699999988079071
      ],
      "rotation": 321.592136166571
    },
    {
      "pixel_coords": [
        243,
        112,
        10.409790992736816
      ],
      "color": "red",
      "material": "metal",
      "size": "large",
      "shape": "sphere",
      "3d_coords": [
        2.2342641353607178,
        1.331188440322876,
        0.699999988079071
      ],
      "rotation": 106.1819423094604
    },
    {
      "pixel_coords": [
        165,
        69,
        14.59748649597168
      ],
      "color": "brown",
      "material": "rubber",
      "size": "small",
      "shape": "cube",
      "3d_coords": [
        -2.7123115062713623,
        2.6633718013763428,
        0.3499999940395355
      ],
      "rotation": 118.36251069134045
    },
    {
      "pixel_coords": [
        81,
        131,
        10.125129699707031
      ],
      "color": "yellow",
      "material": "rubber",
      "size": "small",
      "shape": "cylinder",
      "3d_coords": [
        -0.5165491700172424,
        -2.580780506134033,
        0.3499999940395355
      ],
      "rotation": 336.6600369367447
    }
  ],
  "image_filename": "CLEVR_new_000589.png",
  "image_index": 589
}