{
  "image_filename": "CLEVR_new_000138.png",
  "relationships": {
    "front": [
      [
        1,
        2,
        3,
        4,
        5,
        6,
        7
      ],
      [
        3,
        5,
        7
      ],
      [
        1,
        3,
        5,
        7
      ],
      [],
      [
        1,
        2,
        3,
        5,
        7
      ],
      [
        3,
        7
      ],
      [
        1,
        2,
        3,
        4,
        5,
        7
      ],
      [
        3
      ]
    ],
    "left": [
      [
        1,
        2,
        4,
        7
      ],
      [
        2
      ],
      [],
      [
        0,
        1,
        2,
        4,
        5,
        7
      ],
      [
        1,
        2
      ],
      [
        0,
        1,
        2,
        4,
        7
      ],
      [
        0,
        1,
        2,
        3,
        4,
        5,
        7
      ],
      [
        1,
        2,
        4
      ]
    ],
    "right": [
      [
        3,
        5,
        6
      ],
      [
        0,
        3,
        4,
        5,
        6,
        7
      ],
      [
        0,
        1,
        3,
        4,
        5,
        6,
        7
      ],
      [
        6
      ],
      [
        0,
        3,
        5,
        6,
        7
      ],
      [
        3,
        6
      ],
      [],
      [
        0,
        3,
        5,
        6
      ]
    ],
    "behind": [
      [],
      [
        0,
        2,
        4,
        6
      ],
      [
        0,
        4,
        6
      ],
      [
        0,
        1,
        2,
        4,
        5,
        6,
        7
      ],
      [
        0,
        6
      ],
      [
        0,
        1,
        2,
        4,
        6
      ],
      [
        0
      ],
      [
        0,
        1,
        2,
        4,
        5,
        6
      ]
    ]
  },
  "image_index": 138,
  "directions": {
    "above": [
      0.0,
      0.0,
      1.0
    ],
    "front": [
      0.754490315914154,
      -0.6563112735748291,
      -0.0
    ],
    "behind": [
      -0.754490315914154,
      0.6563112735748291,
      0.0
    ],
    "right": [
      0.6563112735748291,
      0.7544902563095093,
      -0.0
    ],
    "below": [
      -0.0,
      -0.0,
      -1.0
    ],
    "left": [
      -0.6563112735748291,
      -0.7544902563095093,
      0.0
    ]
  },
  "split": "new",
  "objects": [
    {
      "shape": "sphere",
      "material": "rubber",
      "pixel_coords": [
        123,
        74,
        12.69140338897705
      ],
      "rotation": 27.674106855205448,
      "3d_coords": [
        -2.596804618835449,
        0.6773805618286133,
        0.699999988079071
      ],
      "color": "yellow",
      "size": "large"
    },
    {
      "shape": "sphere",
      "material": "metal",
      "pixel_coords": [
        45,
        118,
        10.243749618530273
      ],
      "rotation": 311.2528611620527,
      "3d_coords": [
        -1.935362696647644,
        -2.8115789890289307,
        0.3499999940395355
      ],
      "color": "blue",
      "size": "small"
    },
    {
      "shape": "cylinder",
      "material": "rubber",
      "pixel_coords": [
        39,
        105,
        11.08948802947998
      ],
      "rotation": 227.92231408172552,
      "3d_coords": [
        -2.934131622314453,
        -2.48474383354187,
        0.3499999940395355
      ],
      "color": "gray",
      "size": "small"
    },
    {
      "shape": "cylinder",
      "material": "metal",
      "pixel_coords": [
        191,
        161,
        8.179393768310547
      ],
      "rotation": 281.7744516884016,
      "3d_coords": [
        2.5640006065368652,
        -1.4878824949264526,
        0.3499999940395355
      ],
      "color": "blue",
      "size": "small"
    },
    {
      "shape": "cube",
      "material": "rubber",
      "pixel_coords": [
        88,
        87,
        11.543130874633789
      ],
      "rotation": 140.24695334906664,
      "3d_coords": [
        -2.402388572692871,
        -0.9617959260940552,
        0.699999988079071
      ],
      "color": "purple",
      "size": "large"
    },
    {
      "shape": "cylinder",
      "material": "rubber",
      "pixel_coords": [
        151,
        114,
        9.657607078552246
      ],
      "rotation": 331.89453676160923,
      "3d_coords": [
        0.5894216895103455,
        -0.9030748009681702,
        0.699999988079071
      ],
      "color": "green",
      "size": "large"
    },
    {
      "shape": "sphere",
      "material": "metal",
      "pixel_coords": [
        208,
        79,
        12.249200820922852
      ],
      "rotation": 198.56061914309166,
      "3d_coords": [
        -0.15780940651893616,
        2.479046106338501,
        0.699999988079071
      ],
      "color": "red",
      "size": "large"
    },
    {
      "shape": "cube",
      "material": "metal",
      "pixel_coords": [
        93,
        147,
        8.743258476257324
      ],
      "rotation": 203.83872957047768,
      "3d_coords": [
        0.438004732131958,
        -2.772568702697754,
        0.3499999940395355
      ],
      "color": "blue",
      "size": "small"
    }
  ]
}