{
  "split": "new",
  "directions": {
    "below": [
      -0.0,
      -0.0,
      -1.0
    ],
    "right": [
      0.6563112735748291,
      0.7544902563095093,
      -0.0
    ],
    "left": [
      -0.6563112735748291,
      -0.7544902563095093,
      0.0
    ],
    "behind": [
      -0.754490315914154,
      0.6563112735748291,
      0.0
    ],
    "front": [
      0.754490315914154,
      -0.6563112735748291,
      -0.0
    ],
    "above": [
      0.0,
      0.0,
      1.0
    ]
  },
  "relationships": {
    "left": [
      [],
      [
        0,
        3,
        5
      ],
      [
        0,
        1,
        3,
        5
      ],
      [
        0,
        5
      ],
      [
        0,
        1,
        2,
        3,
        5,
        7
      ],
      [
        0
      ],
      [
        0,
        1,
        2,
        3,
        4,
        5,
        7
      ],
      [
        0,
        1,
        2,
        3,
        5
      ]
    ],
    "behind": [
      [
        2,
        3,
        5,
        6,
        7
      ],
      [
        0,
        2,
        3,
        5,
        6,
        7
      ],
      [
        3,
        5,
        7
      ],
      [
        7
      ],
      [
        0,
        1,
        2,
        3,
        5,
        6,
        7
      ],
      [
        3,
        7
      ],
      [
        2,
        3,
        5,
        7
      ],
      []
    ],
    "front": [
      [
        1,
        4
      ],
      [
        4
      ],
      [
        0,
        1,
        4,
        6
      ],
      [
        0,
        1,
        2,
        4,
        5,
        6
      ],
      [],
      [
        0,
        1,
        2,
        4,
        6
      ],
      [
        0,
        1,
        4
      ],
      [
        0,
        1,
        2,
        3,
        4,
        5,
        6
      ]
    ],
    "right": [
      [
        1,
        2,
        3,
        4,
        5,
        6,
        7
      ],
      [
        2,
        4,
        6,
        7
      ],
      [
        4,
        6,
        7
      ],
      [
        1,
        2,
        4,
        6,
        7
      ],
      [
        6
      ],
      [
        1,
        2,
        3,
        4,
        6,
        7
      ],
      [],
      [
        4,
        6
      ]
    ]
  },
  "objects": [
    {
      "pixel_coords": [
        53,
        112,
        10.136921882629395
      ],
      "color": "blue",
      "material": "metal",
      "size": "large",
      "shape": "cube",
      "3d_coords": [
        -1.4481650590896606,
        -2.873103380203247,
        0.699999988079071
      ],
      "rotation": 245.85527908129168
    },
    {
      "pixel_coords": [
        127,
        133,
        9.683674812316895
      ],
      "color": "brown",
      "material": "rubber",
      "size": "small",
      "shape": "cube",
      "3d_coords": [
        0.5290242433547974,
        -1.7321256399154663,
        0.3499999940395355
      ],
      "rotation": 149.63568671826022
    },
    {
      "pixel_coords": [
        160,
        107,
        11.338769912719727
      ],
      "color": "red",
      "material": "rubber",
      "size": "small",
      "shape": "sphere",
      "3d_coords": [
        -0.20878788828849792,
        0.17607885599136353,
        0.3499999940395355
      ],
      "rotation": 157.76425954850106
    },
    {
      "pixel_coords": [
        109,
        91,
        12.621329307556152
      ],
      "color": "gray",
      "material": "metal",
      "size": "small",
      "shape": "sphere",
      "3d_coords": [
        -2.486564874649048,
        -0.1834079474210739,
        0.3499999940395355
      ],
      "rotation": 184.12555754314738
    },
    {
      "pixel_coords": [
        215,
        144,
        9.1441650390625
      ],
      "color": "purple",
      "material": "metal",
      "size": "small",
      "shape": "cube",
      "3d_coords": [
        2.563868284225464,
        -0.4208112359046936,
        0.3499999940395355
      ],
      "rotation": 311.92411118194553
    },
    {
      "pixel_coords": [
        85,
        100,
        11.84097671508789
      ],
      "color": "purple",
      "material": "rubber",
      "size": "small",
      "shape": "cube",
      "3d_coords": [
        -2.334556818008423,
        -1.2941280603408813,
        0.3499999940395355
      ],
      "rotation": 183.8272855957693
    },
    {
      "pixel_coords": [
        242,
        111,
        11.02896785736084
      ],
      "color": "green",
      "material": "metal",
      "size": "small",
      "shape": "cube",
      "3d_coords": [
        1.8174476623535156,
        1.8532856702804565,
        0.3499999940395355
      ],
      "rotation": 169.8268505290397
    },
    {
      "pixel_coords": [
        181,
        83,
        13.405620574951172
      ],
      "color": "yellow",
      "material": "rubber",
      "size": "small",
      "shape": "sphere",
      "3d_coords": [
        -1.3402820825576782,
        2.3326029777526855,
        0.3499999940395355
      ],
      "rotation": 87.16263304759514
    }
  ],
  "image_filename": "CLEVR_new_000775.png",
  "image_index": 775
}