{
  "image_filename": "CLEVR_new_000184.png",
  "relationships": {
    "front": [
      [
        2,
        4,
        7
      ],
      [
        0,
        2,
        4,
        7
      ],
      [],
      [
        0,
        1,
        2,
        4,
        7
      ],
      [
        2,
        7
      ],
      [
        0,
        1,
        2,
        3,
        4,
        6,
        7
      ],
      [
        0,
        1,
        2,
        3,
        4,
        7
      ],
      [
        2
      ]
    ],
    "left": [
      [
        4,
        7
      ],
      [
        0,
        4,
        6,
        7
      ],
      [
        0,
        1,
        4,
        6,
        7
      ],
      [
        0,
        1,
        2,
        4,
        5,
        6,
        7
      ],
      [],
      [
        0,
        1,
        2,
        4,
        6,
        7
      ],
      [
        0,
        4,
        7
      ],
      [
        4
      ]
    ],
    "right": [
      [
        1,
        2,
        3,
        5,
        6
      ],
      [
        2,
        3,
        5
      ],
      [
        3,
        5
      ],
      [],
      [
        0,
        1,
        2,
        3,
        5,
        6,
        7
      ],
      [
        3
      ],
      [
        1,
        2,
        3,
        5
      ],
      [
        0,
        1,
        2,
        3,
        5,
        6
      ]
    ],
    "behind": [
      [
        1,
        3,
        5,
        6
      ],
      [
        3,
        5,
        6
      ],
      [
        0,
        1,
        3,
        4,
        5,
        6,
        7
      ],
      [
        5,
        6
      ],
      [
        0,
        1,
        3,
        5,
        6
      ],
      [],
      [
        5
      ],
      [
        0,
        1,
        3,
        4,
        5,
        6
      ]
    ]
  },
  "image_index": 184,
  "directions": {
    "above": [
      0.0,
      0.0,
      1.0
    ],
    "front": [
      0.754490315914154,
      -0.6563112735748291,
      -0.0
    ],
    "behind": [
      -0.754490315914154,
      0.6563112735748291,
      0.0
    ],
    "right": [
      0.6563112735748291,
      0.7544902563095093,
      -0.0
    ],
    "below": [
      -0.0,
      -0.0,
      -1.0
    ],
    "left": [
      -0.6563112735748291,
      -0.7544902563095093,
      0.0
    ]
  },
  "split": "new",
  "objects": [
    {
      "shape": "sphere",
      "material": "rubber",
      "pixel_coords": [
        133,
        115,
        10.615240097045898
      ],
      "rotation": 306.64753768953784,
      "3d_coords": [
        -0.3247040808200836,
        -0.8422189354896545,
        0.3499999940395355
      ],
      "color": "red",
      "size": "small"
    },
    {
      "shape": "sphere",
      "material": "rubber",
      "pixel_coords": [
        175,
        105,
        11.311205863952637
      ],
      "rotation": 194.23738980968315,
      "3d_coords": [
        0.03737181797623634,
        0.625652015209198,
        0.3499999940395355
      ],
      "color": "red",
      "size": "small"
    },
    {
      "shape": "cylinder",
      "material": "metal",
      "pixel_coords": [
        209,
        139,
        8.579394340515137
      ],
      "rotation": 164.98277660999784,
      "3d_coords": [
        2.5894246101379395,
        -0.8870140910148621,
        0.699999988079071
      ],
      "color": "yellow",
      "size": "large"
    },
    {
      "shape": "cube",
      "material": "rubber",
      "pixel_coords": [
        231,
        93,
        12.239154815673828
      ],
      "rotation": 359.19191703161897,
      "3d_coords": [
        0.7318301200866699,
        2.7960262298583984,
        0.3499999940395355
      ],
      "color": "blue",
      "size": "small"
    },
    {
      "shape": "sphere",
      "material": "metal",
      "pixel_coords": [
        89,
        125,
        10.00451946258545
      ],
      "rotation": 161.77749804076203,
      "3d_coords": [
        -0.6963306069374084,
        -2.184587240219116,
        0.3499999940395355
      ],
      "color": "yellow",
      "size": "small"
    },
    {
      "shape": "sphere",
      "material": "metal",
      "pixel_coords": [
        193,
        71,
        13.267470359802246
      ],
      "rotation": 216.35635077300452,
      "3d_coords": [
        -1.0806586742401123,
        2.84738826751709,
        0.699999988079071
      ],
      "color": "purple",
      "size": "large"
    },
    {
      "shape": "sphere",
      "material": "metal",
      "pixel_coords": [
        150,
        80,
        12.339010238647461
      ],
      "rotation": 338.0273595093161,
      "3d_coords": [
        -1.4755686521530151,
        0.9779205322265625,
        0.699999988079071
      ],
      "color": "red",
      "size": "large"
    },
    {
      "shape": "cylinder",
      "material": "metal",
      "pixel_coords": [
        107,
        143,
        9.110346794128418
      ],
      "rotation": 248.09627508347498,
      "3d_coords": [
        0.4796501696109772,
        -2.4174439907073975,
        0.3499999940395355
      ],
      "color": "purple",
      "size": "small"
    }
  ]
}