{
  "split": "new",
  "directions": {
    "below": [
      -0.0,
      -0.0,
      -1.0
    ],
    "right": [
      0.6563112735748291,
      0.7544902563095093,
      -0.0
    ],
    "left": [
      -0.6563112735748291,
      -0.7544902563095093,
      0.0
    ],
    "behind": [
      -0.754490315914154,
      0.6563112735748291,
      0.0
    ],
    "front": [
      0.754490315914154,
      -0.6563112735748291,
      -0.0
    ],
    "above": [
      0.0,
      0.0,
      1.0
    ]
  },
  "relationships": {
    "left": [
      [
        3,
        6
      ],
      [
        0,
        3,
        6
      ],
      [
        0,
        1,
        3,
        5,
        6,
        7
      ],
      [
        6
      ],
      [
        0,
        1,
        2,
        3,
        5,
        6,
        7
      ],
      [
        0,
        1,
        3,
        6,
        7
      ],
      [],
      [
        0,
        1,
        3,
        6
      ]
    ],
    "behind": [
      [
        1,
        2,
        3,
        4,
        5,
        6
      ],
      [],
      [
        1
      ],
      [
        1,
        2
      ],
      [
        1,
        2,
        3
      ],
      [
        1,
        2,
        3,
        4
      ],
      [
        1,
        2,
        3,
        4,
        5
      ],
      [
        0,
        1,
        2,
        3,
        4,
        5,
        6
      ]
    ],
    "front": [
      [
        7
      ],
      [
        0,
        2,
        3,
        4,
        5,
        6,
        7
      ],
      [
        0,
        3,
        4,
        5,
        6,
        7
      ],
      [
        0,
        4,
        5,
        6,
        7
      ],
      [
        0,
        5,
        6,
        7
      ],
      [
        0,
        6,
        7
      ],
      [
        0,
        7
      ],
      []
    ],
    "right": [
      [
        1,
        2,
        4,
        5,
        7
      ],
      [
        2,
        4,
        5,
        7
      ],
      [
        4
      ],
      [
        0,
        1,
        2,
        4,
        5,
        7
      ],
      [],
      [
        2,
        4
      ],
      [
        0,
        1,
        2,
        3,
        4,
        5,
        7
      ],
      [
        2,
        4,
        5
      ]
    ]
  },
  "objects": [
    {
      "pixel_coords": [
        125,
        158,
        8.86043930053711
      ],
      "color": "gray",
      "material": "metal",
      "size": "small",
      "shape": "cylinder",
      "3d_coords": [
        1.3114652633666992,
        -2.352257490158081,
        0.3499999940395355
      ],
      "rotation": 118.48470818170027
    },
    {
      "pixel_coords": [
        148,
        69,
        14.10455322265625
      ],
      "color": "green",
      "material": "rubber",
      "size": "small",
      "shape": "cube",
      "3d_coords": [
        -2.9372994899749756,
        1.979526162147522,
        0.3499999940395355
      ],
      "rotation": 56.23938613000106
    },
    {
      "pixel_coords": [
        223,
        76,
        12.582976341247559
      ],
      "color": "red",
      "material": "rubber",
      "size": "large",
      "shape": "sphere",
      "3d_coords": [
        0.04734531417489052,
        2.989215850830078,
        0.699999988079071
      ],
      "rotation": 314.77206330502594
    },
    {
      "pixel_coords": [
        118,
        96,
        11.172743797302246
      ],
      "color": "red",
      "material": "rubber",
      "size": "large",
      "shape": "cylinder",
      "3d_coords": [
        -1.1444435119628906,
        -0.7917340397834778,
        0.699999988079071
      ],
      "rotation": 183.36702780204507
    },
    {
      "pixel_coords": [
        262,
        113,
        10.933355331420898
      ],
      "color": "yellow",
      "material": "rubber",
      "size": "small",
      "shape": "cylinder",
      "3d_coords": [
        2.2320566177368164,
        2.2738587856292725,
        0.3499999940395355
      ],
      "rotation": 140.80573370874737
    },
    {
      "pixel_coords": [
        188,
        120,
        10.524100303649902
      ],
      "color": "gray",
      "material": "metal",
      "size": "small",
      "shape": "cube",
      "3d_coords": [
        1.0164095163345337,
        0.20186372101306915,
        0.3499999940395355
      ],
      "rotation": 18.520949277846594
    },
    {
      "pixel_coords": [
        86,
        140,
        9.580571174621582
      ],
      "color": "green",
      "material": "rubber",
      "size": "small",
      "shape": "cube",
      "3d_coords": [
        -0.06849454343318939,
        -2.6500415802001953,
        0.3499999940395355
      ],
      "rotation": 138.18949298945748
    },
    {
      "pixel_coords": [
        177,
        169,
        8.492542266845703
      ],
      "color": "purple",
      "material": "metal",
      "size": "small",
      "shape": "sphere",
      "3d_coords": [
        2.4880123138427734,
        -1.67166006565094,
        0.3499999940395355
      ],
      "rotation": 80.08688311741747
    }
  ],
  "image_filename": "CLEVR_new_000819.png",
  "image_index": 819
}