{
  "split": "new",
  "directions": {
    "below": [
      -0.0,
      -0.0,
      -1.0
    ],
    "right": [
      0.6563112735748291,
      0.7544902563095093,
      -0.0
    ],
    "left": [
      -0.6563112735748291,
      -0.7544902563095093,
      0.0
    ],
    "behind": [
      -0.754490315914154,
      0.6563112735748291,
      0.0
    ],
    "front": [
      0.754490315914154,
      -0.6563112735748291,
      -0.0
    ],
    "above": [
      0.0,
      0.0,
      1.0
    ]
  },
  "relationships": {
    "left": [
      [
        4
      ],
      [
        0,
        3,
        4
      ],
      [
        0,
        1,
        3,
        4,
        5,
        7
      ],
      [
        0,
        4
      ],
      [],
      [
        0,
        1,
        3,
        4,
        7
      ],
      [
        0,
        1,
        2,
        3,
        4,
        5,
        7
      ],
      [
        0,
        1,
        3,
        4
      ]
    ],
    "behind": [
      [
        5,
        6,
        7
      ],
      [
        0,
        2,
        4,
        5,
        6,
        7
      ],
      [
        0,
        5,
        6,
        7
      ],
      [
        0,
        1,
        2,
        4,
        5,
        6,
        7
      ],
      [
        0,
        2,
        5,
        6,
        7
      ],
      [],
      [
        5,
        7
      ],
      [
        5
      ]
    ],
    "front": [
      [
        1,
        2,
        3,
        4
      ],
      [
        3
      ],
      [
        1,
        3,
        4
      ],
      [],
      [
        1,
        3
      ],
      [
        0,
        1,
        2,
        3,
        4,
        6,
        7
      ],
      [
        0,
        1,
        2,
        3,
        4
      ],
      [
        0,
        1,
        2,
        3,
        4,
        6
      ]
    ],
    "right": [
      [
        1,
        2,
        3,
        5,
        6,
        7
      ],
      [
        2,
        5,
        6,
        7
      ],
      [
        6
      ],
      [
        1,
        2,
        5,
        6,
        7
      ],
      [
        0,
        1,
        2,
        3,
        5,
        6,
        7
      ],
      [
        2,
        6
      ],
      [],
      [
        2,
        5,
        6
      ]
    ]
  },
  "objects": [
    {
      "pixel_coords": [
        126,
        104,
        10.758012771606445
      ],
      "color": "gray",
      "material": "metal",
      "size": "large",
      "shape": "cylinder",
      "3d_coords": [
        -0.5081880688667297,
        -0.9381574392318726,
        0.699999988079071
      ],
      "rotation": 270.4184962877971
    },
    {
      "pixel_coords": [
        169,
        152,
        9.198731422424316
      ],
      "color": "green",
      "material": "metal",
      "size": "small",
      "shape": "sphere",
      "3d_coords": [
        1.8618732690811157,
        -1.291435718536377,
        0.3499999940395355
      ],
      "rotation": 62.58716025932656
    },
    {
      "pixel_coords": [
        233,
        113,
        10.281288146972656
      ],
      "color": "red",
      "material": "rubber",
      "size": "large",
      "shape": "cylinder",
      "3d_coords": [
        1.9979008436203003,
        1.1055760383605957,
        0.699999988079071
      ],
      "rotation": 247.76109292736624
    },
    {
      "pixel_coords": [
        139,
        189,
        7.987042427062988
      ],
      "color": "green",
      "material": "rubber",
      "size": "small",
      "shape": "sphere",
      "3d_coords": [
        2.4532649517059326,
        -2.7611868381500244,
        0.3499999940395355
      ],
      "rotation": 16.67803624787549
    },
    {
      "pixel_coords": [
        84,
        141,
        9.648999214172363
      ],
      "color": "green",
      "material": "metal",
      "size": "small",
      "shape": "cube",
      "3d_coords": [
        -0.06475798040628433,
        -2.7138493061065674,
        0.3499999940395355
      ],
      "rotation": 46.396482335255925
    },
    {
      "pixel_coords": [
        198,
        68,
        13.225239753723145
      ],
      "color": "red",
      "material": "rubber",
      "size": "large",
      "shape": "cylinder",
      "3d_coords": [
        -1.044783115386963,
        2.8244822025299072,
        0.699999988079071
      ],
      "rotation": 247.13511295024747
    },
    {
      "pixel_coords": [
        268,
        106,
        11.373197555541992
      ],
      "color": "yellow",
      "material": "rubber",
      "size": "small",
      "shape": "cube",
      "3d_coords": [
        2.0934295654296875,
        2.8372228145599365,
        0.3499999940395355
      ],
      "rotation": 98.76864841517508
    },
    {
      "pixel_coords": [
        180,
        91,
        12.32281494140625
      ],
      "color": "yellow",
      "material": "metal",
      "size": "small",
      "shape": "cylinder",
      "3d_coords": [
        -0.5898013710975647,
        1.428990364074707,
        0.3499999940395355
      ],
      "rotation": 272.87491833666576
    }
  ],
  "image_filename": "CLEVR_new_000748.png",
  "image_index": 748
}