{
  "split": "new",
  "directions": {
    "below": [
      -0.0,
      -0.0,
      -1.0
    ],
    "right": [
      0.6563112735748291,
      0.7544902563095093,
      -0.0
    ],
    "left": [
      -0.6563112735748291,
      -0.7544902563095093,
      0.0
    ],
    "behind": [
      -0.754490315914154,
      0.6563112735748291,
      0.0
    ],
    "front": [
      0.754490315914154,
      -0.6563112735748291,
      -0.0
    ],
    "above": [
      0.0,
      0.0,
      1.0
    ]
  },
  "relationships": {
    "left": [
      [
        2,
        3,
        5
      ],
      [
        0,
        2,
        3,
        5,
        6
      ],
      [
        5
      ],
      [
        2,
        5
      ],
      [
        0,
        1,
        2,
        3,
        5,
        6,
        7
      ],
      [],
      [
        0,
        2,
        3,
        5
      ],
      [
        0,
        1,
        2,
        3,
        5,
        6
      ]
    ],
    "behind": [
      [
        1,
        2,
        3,
        4,
        5
      ],
      [
        3,
        4,
        5
      ],
      [
        1,
        3,
        4,
        5
      ],
      [],
      [
        3
      ],
      [
        3,
        4
      ],
      [
        0,
        1,
        2,
        3,
        4,
        5,
        7
      ],
      [
        0,
        1,
        2,
        3,
        4,
        5
      ]
    ],
    "front": [
      [
        6,
        7
      ],
      [
        0,
        2,
        6,
        7
      ],
      [
        0,
        6,
        7
      ],
      [
        0,
        1,
        2,
        4,
        5,
        6,
        7
      ],
      [
        0,
        1,
        2,
        5,
        6,
        7
      ],
      [
        0,
        1,
        2,
        6,
        7
      ],
      [],
      [
        6
      ]
    ],
    "right": [
      [
        1,
        4,
        6,
        7
      ],
      [
        4,
        7
      ],
      [
        0,
        1,
        3,
        4,
        6,
        7
      ],
      [
        0,
        1,
        4,
        6,
        7
      ],
      [],
      [
        0,
        1,
        2,
        3,
        4,
        6,
        7
      ],
      [
        1,
        4,
        7
      ],
      [
        4
      ]
    ]
  },
  "objects": [
    {
      "pixel_coords": [
        145,
        124,
        9.505454063415527
      ],
      "color": "blue",
      "material": "rubber",
      "size": "large",
      "shape": "cube",
      "3d_coords": [
        0.8137385845184326,
        -1.2395093441009521,
        0.699999988079071
      ],
      "rotation": 2.3652868350027756
    },
    {
      "pixel_coords": [
        179,
        97,
        10.921131134033203
      ],
      "color": "red",
      "material": "metal",
      "size": "large",
      "shape": "cylinder",
      "3d_coords": [
        0.23588715493679047,
        0.5848575830459595,
        0.699999988079071
      ],
      "rotation": 321.10493246656694
    },
    {
      "pixel_coords": [
        80,
        125,
        10.123039245605469
      ],
      "color": "purple",
      "material": "metal",
      "size": "small",
      "shape": "cylinder",
      "3d_coords": [
        -0.816961944103241,
        -2.349911689758301,
        0.3499999940395355
      ],
      "rotation": 145.11739038617984
    },
    {
      "pixel_coords": [
        135,
        73,
        12.707300186157227
      ],
      "color": "green",
      "material": "rubber",
      "size": "large",
      "shape": "cylinder",
      "3d_coords": [
        -2.3040597438812256,
        0.7830069065093994,
        0.699999988079071
      ],
      "rotation": 302.16264696676734
    },
    {
      "pixel_coords": [
        224,
        87,
        12.423833847045898
      ],
      "color": "purple",
      "material": "rubber",
      "size": "small",
      "shape": "sphere",
      "3d_coords": [
        0.17033454775810242,
        2.853013515472412,
        0.3499999940395355
      ],
      "rotation": 90.71124845134048
    },
    {
      "pixel_coords": [
        74,
        85,
        11.752631187438965
      ],
      "color": "red",
      "material": "rubber",
      "size": "large",
      "shape": "cylinder",
      "3d_coords": [
        -2.7636492252349854,
        -1.4338465929031372,
        0.699999988079071
      ],
      "rotation": 151.90556741769046
    },
    {
      "pixel_coords": [
        167,
        162,
        8.567798614501953
      ],
      "color": "blue",
      "material": "metal",
      "size": "small",
      "shape": "cylinder",
      "3d_coords": [
        2.1559622287750244,
        -1.6379814147949219,
        0.3499999940395355
      ],
      "rotation": 196.99042793954743
    },
    {
      "pixel_coords": [
        208,
        134,
        9.054773330688477
      ],
      "color": "blue",
      "material": "metal",
      "size": "large",
      "shape": "cube",
      "3d_coords": [
        2.279172658920288,
        -0.3316204845905304,
        0.699999988079071
      ],
      "rotation": 306.14968744022184
    }
  ],
  "image_filename": "CLEVR_new_000696.png",
  "image_index": 696
}