{
  "image_filename": "CLEVR_new_000085.png",
  "relationships": {
    "front": [
      [],
      [
        0,
        2,
        3,
        5,
        6,
        7
      ],
      [
        0,
        3,
        6,
        7
      ],
      [
        0,
        6,
        7
      ],
      [
        0,
        1,
        2,
        3,
        5,
        6,
        7
      ],
      [
        0,
        2,
        3,
        6,
        7
      ],
      [
        0
      ],
      [
        0,
        6
      ]
    ],
    "left": [
      [
        2,
        4,
        7
      ],
      [
        0,
        2,
        4,
        7
      ],
      [],
      [
        0,
        1,
        2,
        4,
        5,
        6,
        7
      ],
      [
        2,
        7
      ],
      [
        0,
        1,
        2,
        4,
        6,
        7
      ],
      [
        0,
        1,
        2,
        4,
        7
      ],
      [
        2
      ]
    ],
    "right": [
      [
        1,
        3,
        5,
        6
      ],
      [
        3,
        5,
        6
      ],
      [
        0,
        1,
        3,
        4,
        5,
        6,
        7
      ],
      [],
      [
        0,
        1,
        3,
        5,
        6
      ],
      [
        3
      ],
      [
        3,
        5
      ],
      [
        0,
        1,
        3,
        4,
        5,
        6
      ]
    ],
    "behind": [
      [
        1,
        2,
        3,
        4,
        5,
        6,
        7
      ],
      [
        4
      ],
      [
        1,
        4,
        5
      ],
      [
        1,
        2,
        4,
        5
      ],
      [],
      [
        1,
        4
      ],
      [
        1,
        2,
        3,
        4,
        5,
        7
      ],
      [
        1,
        2,
        3,
        4,
        5
      ]
    ]
  },
  "image_index": 85,
  "directions": {
    "above": [
      0.0,
      0.0,
      1.0
    ],
    "front": [
      0.754490315914154,
      -0.6563112735748291,
      -0.0
    ],
    "behind": [
      -0.754490315914154,
      0.6563112735748291,
      0.0
    ],
    "right": [
      0.6563112735748291,
      0.7544902563095093,
      -0.0
    ],
    "below": [
      -0.0,
      -0.0,
      -1.0
    ],
    "left": [
      -0.6563112735748291,
      -0.7544902563095093,
      0.0
    ]
  },
  "split": "new",
  "objects": [
    {
      "shape": "cube",
      "material": "metal",
      "pixel_coords": [
        130,
        182,
        7.957793712615967
      ],
      "rotation": 69.48987277187742,
      "3d_coords": [
        2.0505735874176025,
        -2.7999770641326904,
        0.3499999940395355
      ],
      "color": "brown",
      "size": "small"
    },
    {
      "shape": "sphere",
      "material": "rubber",
      "pixel_coords": [
        154,
        93,
        11.921995162963867
      ],
      "rotation": 155.7555020935917,
      "3d_coords": [
        -1.0270177125930786,
        0.6474471688270569,
        0.3499999940395355
      ],
      "color": "brown",
      "size": "small"
    },
    {
      "shape": "sphere",
      "material": "rubber",
      "pixel_coords": [
        39,
        100,
        10.708858489990234
      ],
      "rotation": 231.3749193742262,
      "3d_coords": [
        -2.4944849014282227,
        -2.7509067058563232,
        0.699999988079071
      ],
      "color": "blue",
      "size": "large"
    },
    {
      "shape": "cube",
      "material": "metal",
      "pixel_coords": [
        289,
        108,
        10.297529220581055
      ],
      "rotation": 3.621198590632839,
      "3d_coords": [
        2.911806106567383,
        2.4836299419403076,
        0.699999988079071
      ],
      "color": "green",
      "size": "large"
    },
    {
      "shape": "cube",
      "material": "rubber",
      "pixel_coords": [
        116,
        87,
        12.395113945007324
      ],
      "rotation": 44.84938011956567,
      "3d_coords": [
        -2.340284585952759,
        0.01896343007683754,
        0.3499999940395355
      ],
      "color": "blue",
      "size": "small"
    },
    {
      "shape": "sphere",
      "material": "metal",
      "pixel_coords": [
        250,
        99,
        11.584097862243652
      ],
      "rotation": 75.66821420926377,
      "3d_coords": [
        1.4079307317733765,
        2.7420272827148438,
        0.3499999940395355
      ],
      "color": "green",
      "size": "small"
    },
    {
      "shape": "cylinder",
      "material": "metal",
      "pixel_coords": [
        211,
        145,
        9.250772476196289
      ],
      "rotation": 308.769679180733,
      "3d_coords": [
        2.319793224334717,
        -0.2760857045650482,
        0.3499999940395355
      ],
      "color": "red",
      "size": "small"
    },
    {
      "shape": "cube",
      "material": "rubber",
      "pixel_coords": [
        79,
        121,
        9.615941047668457
      ],
      "rotation": 41.10951982395069,
      "3d_coords": [
        -0.5556476712226868,
        -2.502689838409424,
        0.699999988079071
      ],
      "color": "yellow",
      "size": "large"
    }
  ]
}