{
  "split": "new",
  "directions": {
    "below": [
      -0.0,
      -0.0,
      -1.0
    ],
    "right": [
      0.6563112735748291,
      0.7544902563095093,
      -0.0
    ],
    "left": [
      -0.6563112735748291,
      -0.7544902563095093,
      0.0
    ],
    "behind": [
      -0.754490315914154,
      0.6563112735748291,
      0.0
    ],
    "front": [
      0.754490315914154,
      -0.6563112735748291,
      -0.0
    ],
    "above": [
      0.0,
      0.0,
      1.0
    ]
  },
  "relationships": {
    "left": [
      [
        1,
        2,
        4,
        6
      ],
      [
        2,
        4
      ],
      [],
      [
        0,
        1,
        2,
        4,
        6,
        7
      ],
      [
        2
      ],
      [
        0,
        1,
        2,
        3,
        4,
        6,
        7
      ],
      [
        1,
        2,
        4
      ],
      [
        0,
        1,
        2,
        4,
        6
      ]
    ],
    "behind": [
      [],
      [
        0,
        2,
        4,
        6,
        7
      ],
      [
        0,
        4,
        7
      ],
      [
        0,
        1,
        2,
        4,
        5,
        6,
        7
      ],
      [
        0
      ],
      [
        0,
        1,
        2,
        4,
        6,
        7
      ],
      [
        0,
        2,
        4,
        7
      ],
      [
        0,
        4
      ]
    ],
    "front": [
      [
        1,
        2,
        3,
        4,
        5,
        6,
        7
      ],
      [
        3,
        5
      ],
      [
        1,
        3,
        5,
        6
      ],
      [],
      [
        1,
        2,
        3,
        5,
        6,
        7
      ],
      [
        3
      ],
      [
        1,
        3,
        5
      ],
      [
        1,
        2,
        3,
        5,
        6
      ]
    ],
    "right": [
      [
        3,
        5,
        7
      ],
      [
        0,
        3,
        5,
        6,
        7
      ],
      [
        0,
        1,
        3,
        4,
        5,
        6,
        7
      ],
      [
        5
      ],
      [
        0,
        1,
        3,
        5,
        6,
        7
      ],
      [],
      [
        0,
        3,
        5,
        7
      ],
      [
        3,
        5
      ]
    ]
  },
  "objects": [
    {
      "pixel_coords": [
        179,
        64,
        13.7302885055542
      ],
      "color": "brown",
      "material": "metal",
      "size": "large",
      "shape": "cylinder",
      "3d_coords": [
        -2.0100817680358887,
        2.7403223514556885,
        0.699999988079071
      ],
      "rotation": 309.71489001491494
    },
    {
      "pixel_coords": [
        131,
        111,
        10.92586898803711
      ],
      "color": "green",
      "material": "rubber",
      "size": "small",
      "shape": "sphere",
      "3d_coords": [
        -0.5474104881286621,
        -0.7382533550262451,
        0.3499999940395355
      ],
      "rotation": 141.00605373991067
    },
    {
      "pixel_coords": [
        75,
        82,
        12.062551498413086
      ],
      "color": "red",
      "material": "rubber",
      "size": "large",
      "shape": "cylinder",
      "3d_coords": [
        -2.990638494491577,
        -1.2685917615890503,
        0.699999988079071
      ],
      "rotation": 260.54105323956696
    },
    {
      "pixel_coords": [
        241,
        148,
        9.111467361450195
      ],
      "color": "brown",
      "material": "rubber",
      "size": "small",
      "shape": "sphere",
      "3d_coords": [
        2.9970269203186035,
        0.16801391541957855,
        0.3499999940395355
      ],
      "rotation": 262.7092011277639
    },
    {
      "pixel_coords": [
        119,
        79,
        13.269124984741211
      ],
      "color": "red",
      "material": "rubber",
      "size": "small",
      "shape": "sphere",
      "3d_coords": [
        -2.9762191772460938,
        0.545989990234375,
        0.3499999940395355
      ],
      "rotation": 330.2432590195996
    },
    {
      "pixel_coords": [
        260,
        112,
        10.11920166015625
      ],
      "color": "brown",
      "material": "metal",
      "size": "large",
      "shape": "cylinder",
      "3d_coords": [
        2.512080669403076,
        1.6514075994491577,
        0.699999988079071
      ],
      "rotation": 83.87932202592671
    },
    {
      "pixel_coords": [
        163,
        99,
        11.694063186645508
      ],
      "color": "green",
      "material": "metal",
      "size": "small",
      "shape": "cube",
      "3d_coords": [
        -0.5435220003128052,
        0.5968082547187805,
        0.3499999940395355
      ],
      "rotation": 184.74094827607277
    },
    {
      "pixel_coords": [
        206,
        83,
        12.898125648498535
      ],
      "color": "brown",
      "material": "metal",
      "size": "small",
      "shape": "sphere",
      "3d_coords": [
        -0.5277650952339172,
        2.7004125118255615,
        0.3499999940395355
      ],
      "rotation": 151.80007776577517
    }
  ],
  "image_filename": "CLEVR_new_000771.png",
  "image_index": 771
}