{
  "split": "new",
  "directions": {
    "below": [
      -0.0,
      -0.0,
      -1.0
    ],
    "right": [
      0.6563112735748291,
      0.7544902563095093,
      -0.0
    ],
    "left": [
      -0.6563112735748291,
      -0.7544902563095093,
      0.0
    ],
    "behind": [
      -0.754490315914154,
      0.6563112735748291,
      0.0
    ],
    "front": [
      0.754490315914154,
      -0.6563112735748291,
      -0.0
    ],
    "above": [
      0.0,
      0.0,
      1.0
    ]
  },
  "relationships": {
    "left": [
      [],
      [
        0,
        2
      ],
      [
        0
      ],
      [
        0,
        1,
        2,
        4,
        5,
        7
      ],
      [
        0,
        1,
        2,
        7
      ],
      [
        0,
        1,
        2,
        4,
        7
      ],
      [
        0,
        1,
        2,
        3,
        4,
        5,
        7
      ],
      [
        0,
        1,
        2
      ]
    ],
    "behind": [
      [
        1,
        5,
        6,
        7
      ],
      [
        5,
        7
      ],
      [
        0,
        1,
        5,
        6,
        7
      ],
      [
        0,
        1,
        2,
        5,
        6,
        7
      ],
      [
        0,
        1,
        2,
        3,
        5,
        6,
        7
      ],
      [],
      [
        1,
        5,
        7
      ],
      [
        5
      ]
    ],
    "front": [
      [
        2,
        3,
        4
      ],
      [
        0,
        2,
        3,
        4,
        6
      ],
      [
        3,
        4
      ],
      [
        4
      ],
      [],
      [
        0,
        1,
        2,
        3,
        4,
        6,
        7
      ],
      [
        0,
        2,
        3,
        4
      ],
      [
        0,
        1,
        2,
        3,
        4,
        6
      ]
    ],
    "right": [
      [
        1,
        2,
        3,
        4,
        5,
        6,
        7
      ],
      [
        3,
        4,
        5,
        6,
        7
      ],
      [
        1,
        3,
        4,
        5,
        6,
        7
      ],
      [
        6
      ],
      [
        3,
        5,
        6
      ],
      [
        3,
        6
      ],
      [],
      [
        3,
        4,
        5,
        6
      ]
    ]
  },
  "objects": [
    {
      "pixel_coords": [
        54,
        99,
        12.098856925964355
      ],
      "color": "purple",
      "material": "rubber",
      "size": "small",
      "shape": "cylinder",
      "3d_coords": [
        -2.9683620929718018,
        -2.3262827396392822,
        0.3499999940395355
      ],
      "rotation": 264.33777542392784
    },
    {
      "pixel_coords": [
        94,
        81,
        12.593645095825195
      ],
      "color": "yellow",
      "material": "metal",
      "size": "large",
      "shape": "sphere",
      "3d_coords": [
        -2.7478187084198,
        -0.8425544500350952,
        0.699999988079071
      ],
      "rotation": 335.2458140141177
    },
    {
      "pixel_coords": [
        60,
        112,
        11.256967544555664
      ],
      "color": "blue",
      "material": "metal",
      "size": "small",
      "shape": "cube",
      "3d_coords": [
        -1.9413905143737793,
        -2.5823910236358643,
        0.3499999940395355
      ],
      "rotation": 273.13086040761914
    },
    {
      "pixel_coords": [
        198,
        112,
        10.519577026367188
      ],
      "color": "yellow",
      "material": "metal",
      "size": "large",
      "shape": "sphere",
      "3d_coords": [
        1.3029166460037231,
        0.4191184639930725,
        0.699999988079071
      ],
      "rotation": 169.08995282711595
    },
    {
      "pixel_coords": [
        145,
        137,
        9.935046195983887
      ],
      "color": "yellow",
      "material": "metal",
      "size": "small",
      "shape": "sphere",
      "3d_coords": [
        0.9935988187789917,
        -1.33864164352417,
        0.3499999940395355
      ],
      "rotation": 157.35186078181366
    },
    {
      "pixel_coords": [
        173,
        63,
        14.313986778259277
      ],
      "color": "brown",
      "material": "metal",
      "size": "large",
      "shape": "cube",
      "3d_coords": [
        -2.4439449310302734,
        2.6707677841186523,
        0.699999988079071
      ],
      "rotation": 133.41222338780418
    },
    {
      "pixel_coords": [
        238,
        97,
        12.236391067504883
      ],
      "color": "red",
      "material": "metal",
      "size": "small",
      "shape": "sphere",
      "3d_coords": [
        0.9180249571800232,
        2.761242628097534,
        0.3499999940395355
      ],
      "rotation": 243.02921636725432
    },
    {
      "pixel_coords": [
        137,
        79,
        13.6732759475708
      ],
      "color": "brown",
      "material": "metal",
      "size": "small",
      "shape": "sphere",
      "3d_coords": [
        -2.6378908157348633,
        0.954214870929718,
        0.3499999940395355
      ],
      "rotation": 170.90468532902761
    }
  ],
  "image_filename": "CLEVR_new_000813.png",
  "image_index": 813
}