{
  "image_filename": "CLEVR_new_000476.png",
  "relationships": {
    "front": [
      [
        1,
        3,
        5,
        6,
        7
      ],
      [
        3,
        5,
        6,
        7
      ],
      [
        0,
        1,
        3,
        5,
        6,
        7
      ],
      [
        5,
        7
      ],
      [
        0,
        1,
        2,
        3,
        5,
        6,
        7
      ],
      [
        7
      ],
      [
        3,
        5,
        7
      ],
      []
    ],
    "left": [
      [
        2,
        3,
        4,
        6,
        7
      ],
      [
        0,
        2,
        3,
        4,
        5,
        6,
        7
      ],
      [
        3,
        6
      ],
      [],
      [
        2,
        3,
        6
      ],
      [
        0,
        2,
        3,
        4,
        6,
        7
      ],
      [
        3
      ],
      [
        2,
        3,
        4,
        6
      ]
    ],
    "right": [
      [
        1,
        5
      ],
      [],
      [
        0,
        1,
        4,
        5,
        7
      ],
      [
        0,
        1,
        2,
        4,
        5,
        6,
        7
      ],
      [
        0,
        1,
        5,
        7
      ],
      [
        1
      ],
      [
        0,
        1,
        2,
        4,
        5,
        7
      ],
      [
        0,
        1,
        5
      ]
    ],
    "behind": [
      [
        2,
        4
      ],
      [
        0,
        2,
        4
      ],
      [
        4
      ],
      [
        0,
        1,
        2,
        4,
        6
      ],
      [],
      [
        0,
        1,
        2,
        3,
        4,
        6
      ],
      [
        0,
        1,
        2,
        4
      ],
      [
        0,
        1,
        2,
        3,
        4,
        5,
        6
      ]
    ]
  },
  "image_index": 476,
  "directions": {
    "above": [
      0.0,
      0.0,
      1.0
    ],
    "front": [
      0.754490315914154,
      -0.6563112735748291,
      -0.0
    ],
    "behind": [
      -0.754490315914154,
      0.6563112735748291,
      0.0
    ],
    "right": [
      0.6563112735748291,
      0.7544902563095093,
      -0.0
    ],
    "below": [
      -0.0,
      -0.0,
      -1.0
    ],
    "left": [
      -0.6563112735748291,
      -0.7544902563095093,
      0.0
    ]
  },
  "split": "new",
  "objects": [
    {
      "shape": "cube",
      "material": "metal",
      "pixel_coords": [
        200,
        86,
        11.921120643615723
      ],
      "rotation": 129.97676449170643,
      "3d_coords": [
        -0.05145126208662987,
        1.833383560180664,
        0.699999988079071
      ],
      "color": "green",
      "size": "large"
    },
    {
      "shape": "cylinder",
      "material": "rubber",
      "pixel_coords": [
        251,
        91,
        11.49218463897705
      ],
      "rotation": 305.84530235159025,
      "3d_coords": [
        1.385898470878601,
        2.760768175125122,
        0.699999988079071
      ],
      "color": "green",
      "size": "large"
    },
    {
      "shape": "cube",
      "material": "metal",
      "pixel_coords": [
        137,
        86,
        12.91751480102539
      ],
      "rotation": 347.032053801278,
      "3d_coords": [
        -2.1978347301483154,
        0.7919139266014099,
        0.3499999940395355
      ],
      "color": "yellow",
      "size": "small"
    },
    {
      "shape": "cylinder",
      "material": "metal",
      "pixel_coords": [
        67,
        121,
        9.477007865905762
      ],
      "rotation": 282.77536752447725,
      "3d_coords": [
        -0.5387191772460938,
        -2.8764476776123047,
        0.699999988079071
      ],
      "color": "red",
      "size": "large"
    },
    {
      "shape": "cube",
      "material": "rubber",
      "pixel_coords": [
        165,
        63,
        14.318775177001953
      ],
      "rotation": 230.1616522512729,
      "3d_coords": [
        -2.812410593032837,
        2.7232308387756348,
        0.699999988079071
      ],
      "color": "gray",
      "size": "large"
    },
    {
      "shape": "cylinder",
      "material": "metal",
      "pixel_coords": [
        246,
        140,
        9.257316589355469
      ],
      "rotation": 101.99647003371864,
      "3d_coords": [
        2.9150137901306152,
        0.46780693531036377,
        0.3499999940395355
      ],
      "color": "gray",
      "size": "small"
    },
    {
      "shape": "cylinder",
      "material": "rubber",
      "pixel_coords": [
        102,
        106,
        11.261473655700684
      ],
      "rotation": 215.52219539493296,
      "3d_coords": [
        -1.4749799966812134,
        -1.1864969730377197,
        0.3499999940395355
      ],
      "color": "red",
      "size": "small"
    },
    {
      "shape": "cube",
      "material": "rubber",
      "pixel_coords": [
        186,
        137,
        8.675464630126953
      ],
      "rotation": 280.62050240728365,
      "3d_coords": [
        2.213135004043579,
        -1.0675512552261353,
        0.699999988079071
      ],
      "color": "green",
      "size": "large"
    }
  ]
}