{
  "split": "new",
  "directions": {
    "below": [
      -0.0,
      -0.0,
      -1.0
    ],
    "right": [
      0.6563112735748291,
      0.7544902563095093,
      -0.0
    ],
    "left": [
      -0.6563112735748291,
      -0.7544902563095093,
      0.0
    ],
    "behind": [
      -0.754490315914154,
      0.6563112735748291,
      0.0
    ],
    "front": [
      0.754490315914154,
      -0.6563112735748291,
      -0.0
    ],
    "above": [
      0.0,
      0.0,
      1.0
    ]
  },
  "relationships": {
    "left": [
      [
        1,
        2,
        3,
        4,
        5,
        6,
        7
      ],
      [
        2,
        4,
        5,
        7
      ],
      [
        5,
        7
      ],
      [
        1,
        2,
        4,
        5,
        6,
        7
      ],
      [
        2,
        5,
        7
      ],
      [
        7
      ],
      [
        1,
        2,
        4,
        5,
        7
      ],
      []
    ],
    "behind": [
      [
        1,
        2,
        3,
        5,
        7
      ],
      [
        3,
        5
      ],
      [
        1,
        3,
        5
      ],
      [
        5
      ],
      [
        0,
        1,
        2,
        3,
        5,
        7
      ],
      [],
      [
        0,
        1,
        2,
        3,
        4,
        5,
        7
      ],
      [
        1,
        2,
        3,
        5
      ]
    ],
    "front": [
      [
        4,
        6
      ],
      [
        0,
        2,
        4,
        6,
        7
      ],
      [
        0,
        4,
        6,
        7
      ],
      [
        0,
        1,
        2,
        4,
        6,
        7
      ],
      [
        6
      ],
      [
        0,
        1,
        2,
        3,
        4,
        6,
        7
      ],
      [],
      [
        0,
        4,
        6
      ]
    ],
    "right": [
      [],
      [
        0,
        3,
        6
      ],
      [
        0,
        1,
        3,
        4,
        6
      ],
      [
        0
      ],
      [
        0,
        1,
        3,
        6
      ],
      [
        0,
        1,
        2,
        3,
        4,
        6
      ],
      [
        0,
        3
      ],
      [
        0,
        1,
        2,
        3,
        4,
        5,
        6
      ]
    ]
  },
  "objects": [
    {
      "pixel_coords": [
        266,
        132,
        9.908149719238281
      ],
      "color": "blue",
      "material": "rubber",
      "size": "small",
      "shape": "cylinder",
      "3d_coords": [
        2.8790948390960693,
        1.5084480047225952,
        0.3499999940395355
      ],
      "rotation": 273.18935431583117
    },
    {
      "pixel_coords": [
        189,
        99,
        11.749849319458008
      ],
      "color": "blue",
      "material": "metal",
      "size": "small",
      "shape": "cube",
      "3d_coords": [
        -0.031227244064211845,
        1.2923182249069214,
        0.3499999940395355
      ],
      "rotation": 228.6520969369186
    },
    {
      "pixel_coords": [
        128,
        110,
        11.054423332214355
      ],
      "color": "red",
      "material": "rubber",
      "size": "small",
      "shape": "cylinder",
      "3d_coords": [
        -0.6611181497573853,
        -0.746209979057312,
        0.3499999940395355
      ],
      "rotation": 75.10632533835168
    },
    {
      "pixel_coords": [
        226,
        90,
        12.30765151977539
      ],
      "color": "brown",
      "material": "rubber",
      "size": "small",
      "shape": "sphere",
      "3d_coords": [
        0.30921047925949097,
        2.725325107574463,
        0.3499999940395355
      ],
      "rotation": 200.2517157839332
    },
    {
      "pixel_coords": [
        164,
        132,
        9.217308044433594
      ],
      "color": "brown",
      "material": "rubber",
      "size": "large",
      "shape": "cylinder",
      "3d_coords": [
        1.5126471519470215,
        -1.109904170036316,
        0.699999988079071
      ],
      "rotation": 113.00610376579439
    },
    {
      "pixel_coords": [
        121,
        75,
        12.648221969604492
      ],
      "color": "blue",
      "material": "rubber",
      "size": "large",
      "shape": "cube",
      "3d_coords": [
        -2.506143808364868,
        0.20786359906196594,
        0.699999988079071
      ],
      "rotation": 0.8352733944974755
    },
    {
      "pixel_coords": [
        218,
        157,
        8.852922439575195
      ],
      "color": "purple",
      "material": "rubber",
      "size": "small",
      "shape": "sphere",
      "3d_coords": [
        2.856762409210205,
        -0.4400445222854614,
        0.3499999940395355
      ],
      "rotation": 224.7796715388465
    },
    {
      "pixel_coords": [
        62,
        106,
        10.524361610412598
      ],
      "color": "gray",
      "material": "metal",
      "size": "large",
      "shape": "sphere",
      "3d_coords": [
        -1.575857400894165,
        -2.5179026126861572,
        0.699999988079071
      ],
      "rotation": 186.54577416230936
    }
  ],
  "image_filename": "CLEVR_new_000980.png",
  "image_index": 980
}