{
  "split": "new",
  "directions": {
    "below": [
      -0.0,
      -0.0,
      -1.0
    ],
    "right": [
      0.6563112735748291,
      0.7544902563095093,
      -0.0
    ],
    "left": [
      -0.6563112735748291,
      -0.7544902563095093,
      0.0
    ],
    "behind": [
      -0.754490315914154,
      0.6563112735748291,
      0.0
    ],
    "front": [
      0.754490315914154,
      -0.6563112735748291,
      -0.0
    ],
    "above": [
      0.0,
      0.0,
      1.0
    ]
  },
  "relationships": {
    "left": [
      [
        1,
        2,
        4,
        5,
        6,
        7
      ],
      [
        2
      ],
      [],
      [
        0,
        1,
        2,
        4,
        5,
        6,
        7
      ],
      [
        1,
        2,
        5,
        6
      ],
      [
        1,
        2
      ],
      [
        1,
        2,
        5
      ],
      [
        1,
        2,
        4,
        5,
        6
      ]
    ],
    "behind": [
      [
        6
      ],
      [
        0,
        6
      ],
      [
        0,
        1,
        3,
        6
      ],
      [
        0,
        1,
        6
      ],
      [
        0,
        1,
        2,
        3,
        6
      ],
      [
        0,
        1,
        2,
        3,
        4,
        6
      ],
      [],
      [
        0,
        1,
        2,
        3,
        4,
        5,
        6
      ]
    ],
    "front": [
      [
        1,
        2,
        3,
        4,
        5,
        7
      ],
      [
        2,
        3,
        4,
        5,
        7
      ],
      [
        4,
        5,
        7
      ],
      [
        2,
        4,
        5,
        7
      ],
      [
        5,
        7
      ],
      [
        7
      ],
      [
        0,
        1,
        2,
        3,
        4,
        5,
        7
      ],
      []
    ],
    "right": [
      [
        3
      ],
      [
        0,
        3,
        4,
        5,
        6,
        7
      ],
      [
        0,
        1,
        3,
        4,
        5,
        6,
        7
      ],
      [],
      [
        0,
        3,
        7
      ],
      [
        0,
        3,
        4,
        6,
        7
      ],
      [
        0,
        3,
        4,
        7
      ],
      [
        0,
        3
      ]
    ]
  },
  "objects": [
    {
      "pixel_coords": [
        207,
        77,
        13.112780570983887
      ],
      "color": "purple",
      "material": "rubber",
      "size": "large",
      "shape": "cylinder",
      "3d_coords": [
        -0.6163860559463501,
        2.7586185932159424,
        0.699999988079071
      ],
      "rotation": 282.9183963524987
    },
    {
      "pixel_coords": [
        102,
        86,
        12.260258674621582
      ],
      "color": "red",
      "material": "metal",
      "size": "large",
      "shape": "sphere",
      "3d_coords": [
        -2.2697532176971436,
        -0.7768176198005676,
        0.699999988079071
      ],
      "rotation": 163.70929676651707
    },
    {
      "pixel_coords": [
        49,
        115,
        10.975346565246582
      ],
      "color": "blue",
      "material": "metal",
      "size": "small",
      "shape": "cylinder",
      "3d_coords": [
        -1.94462251663208,
        -2.9129185676574707,
        0.3499999940395355
      ],
      "rotation": 206.64894375207294
    },
    {
      "pixel_coords": [
        250,
        110,
        11.293665885925293
      ],
      "color": "purple",
      "material": "rubber",
      "size": "small",
      "shape": "cube",
      "3d_coords": [
        1.8218451738357544,
        2.2782747745513916,
        0.3499999940395355
      ],
      "rotation": 47.37855206473392
    },
    {
      "pixel_coords": [
        169,
        119,
        9.913264274597168
      ],
      "color": "yellow",
      "material": "metal",
      "size": "large",
      "shape": "cylinder",
      "3d_coords": [
        1.1965603828430176,
        -0.6535759568214417,
        0.699999988079071
      ],
      "rotation": 84.75978333514487
    },
    {
      "pixel_coords": [
        104,
        154,
        8.879034042358398
      ],
      "color": "blue",
      "material": "rubber",
      "size": "small",
      "shape": "cube",
      "3d_coords": [
        1.1666862964630127,
        -2.784116744995117,
        0.3499999940395355
      ],
      "rotation": 118.90870848749341
    },
    {
      "pixel_coords": [
        145,
        80,
        13.836165428161621
      ],
      "color": "green",
      "material": "metal",
      "size": "small",
      "shape": "cube",
      "3d_coords": [
        -2.598940372467041,
        1.326410174369812,
        0.3499999940395355
      ],
      "rotation": 64.92565901397566
    },
    {
      "pixel_coords": [
        190,
        153,
        8.252532958984375
      ],
      "color": "brown",
      "material": "rubber",
      "size": "large",
      "shape": "sphere",
      "3d_coords": [
        2.9189791679382324,
        -1.4641555547714233,
        0.699999988079071
      ],
      "rotation": 37.48513717242582
    }
  ],
  "image_filename": "CLEVR_new_000945.png",
  "image_index": 945
}