{
  "split": "new",
  "directions": {
    "below": [
      -0.0,
      -0.0,
      -1.0
    ],
    "right": [
      0.6563112735748291,
      0.7544902563095093,
      -0.0
    ],
    "left": [
      -0.6563112735748291,
      -0.7544902563095093,
      0.0
    ],
    "behind": [
      -0.754490315914154,
      0.6563112735748291,
      0.0
    ],
    "front": [
      0.754490315914154,
      -0.6563112735748291,
      -0.0
    ],
    "above": [
      0.0,
      0.0,
      1.0
    ]
  },
  "relationships": {
    "left": [
      [
        1,
        2,
        3,
        4,
        5,
        6,
        7
      ],
      [
        4,
        6
      ],
      [
        1,
        3,
        4,
        5,
        6,
        7
      ],
      [
        1,
        4,
        5,
        6,
        7
      ],
      [],
      [
        1,
        4,
        6,
        7
      ],
      [
        4
      ],
      [
        1,
        4,
        6
      ]
    ],
    "behind": [
      [
        1,
        2,
        3,
        4
      ],
      [
        2,
        3,
        4
      ],
      [
        3
      ],
      [],
      [
        2,
        3
      ],
      [
        0,
        1,
        2,
        3,
        4,
        6,
        7
      ],
      [
        0,
        1,
        2,
        3,
        4,
        7
      ],
      [
        0,
        1,
        2,
        3,
        4
      ]
    ],
    "front": [
      [
        5,
        6,
        7
      ],
      [
        0,
        5,
        6,
        7
      ],
      [
        0,
        1,
        4,
        5,
        6,
        7
      ],
      [
        0,
        1,
        2,
        4,
        5,
        6,
        7
      ],
      [
        0,
        1,
        5,
        6,
        7
      ],
      [],
      [
        5
      ],
      [
        5,
        6
      ]
    ],
    "right": [
      [],
      [
        0,
        2,
        3,
        5,
        7
      ],
      [
        0
      ],
      [
        0,
        2
      ],
      [
        0,
        1,
        2,
        3,
        5,
        6,
        7
      ],
      [
        0,
        2,
        3
      ],
      [
        0,
        1,
        2,
        3,
        5,
        7
      ],
      [
        0,
        2,
        3,
        5
      ]
    ]
  },
  "objects": [
    {
      "pixel_coords": [
        260,
        113,
        10.455739974975586
      ],
      "color": "gray",
      "material": "metal",
      "size": "large",
      "shape": "cylinder",
      "3d_coords": [
        2.6138007640838623,
        1.6792418956756592,
        0.699999988079071
      ],
      "rotation": 115.34176753129559
    },
    {
      "pixel_coords": [
        112,
        103,
        11.025697708129883
      ],
      "color": "green",
      "material": "rubber",
      "size": "large",
      "shape": "cylinder",
      "3d_coords": [
        -0.9036335945129395,
        -1.2270143032073975,
        0.699999988079071
      ],
      "rotation": 56.43811174526447
    },
    {
      "pixel_coords": [
        199,
        87,
        12.931778907775879
      ],
      "color": "purple",
      "material": "rubber",
      "size": "small",
      "shape": "cylinder",
      "3d_coords": [
        -0.39169496297836304,
        2.3195888996124268,
        0.3499999940395355
      ],
      "rotation": 192.59413308697106
    },
    {
      "pixel_coords": [
        173,
        72,
        14.183735847473145
      ],
      "color": "red",
      "material": "rubber",
      "size": "small",
      "shape": "cylinder",
      "3d_coords": [
        -2.0901036262512207,
        2.598485231399536,
        0.3499999940395355
      ],
      "rotation": 243.859892270434
    },
    {
      "pixel_coords": [
        55,
        105,
        11.691720962524414
      ],
      "color": "blue",
      "material": "metal",
      "size": "small",
      "shape": "sphere",
      "3d_coords": [
        -2.649714231491089,
        -2.311899185180664,
        0.3499999940395355
      ],
      "rotation": 21.366613203559496
    },
    {
      "pixel_coords": [
        161,
        181,
        7.785243511199951
      ],
      "color": "blue",
      "material": "rubber",
      "size": "large",
      "shape": "cube",
      "3d_coords": [
        2.900197744369507,
        -2.603429079055786,
        0.699999988079071
      ],
      "rotation": 242.76608182609817
    },
    {
      "pixel_coords": [
        87,
        139,
        9.232821464538574
      ],
      "color": "purple",
      "material": "metal",
      "size": "large",
      "shape": "cylinder",
      "3d_coords": [
        0.3610341250896454,
        -2.9169211387634277,
        0.699999988079071
      ],
      "rotation": 348.4972436255384
    },
    {
      "pixel_coords": [
        144,
        133,
        10.142928123474121
      ],
      "color": "purple",
      "material": "metal",
      "size": "small",
      "shape": "cylinder",
      "3d_coords": [
        0.7158817052841187,
        -1.2592579126358032,
        0.3499999940395355
      ],
      "rotation": 18.069807850359794
    }
  ],
  "image_filename": "CLEVR_new_000937.png",
  "image_index": 937
}