{
  "image_filename": "CLEVR_new_000441.png",
  "relationships": {
    "front": [
      [
        1,
        2,
        3,
        4,
        5,
        6,
        7
      ],
      [
        2,
        3,
        4,
        5,
        7
      ],
      [
        4,
        7
      ],
      [
        2,
        4,
        7
      ],
      [
        7
      ],
      [
        2,
        3,
        4,
        7
      ],
      [
        1,
        2,
        3,
        4,
        5,
        7
      ],
      []
    ],
    "left": [
      [
        5,
        6
      ],
      [
        0,
        2,
        5,
        6,
        7
      ],
      [
        0,
        5,
        6,
        7
      ],
      [
        0,
        1,
        2,
        4,
        5,
        6,
        7
      ],
      [
        0,
        1,
        2,
        5,
        6,
        7
      ],
      [],
      [
        5
      ],
      [
        0,
        5,
        6
      ]
    ],
    "right": [
      [
        1,
        2,
        3,
        4,
        7
      ],
      [
        3,
        4
      ],
      [
        1,
        3,
        4
      ],
      [],
      [
        3
      ],
      [
        0,
        1,
        2,
        3,
        4,
        6,
        7
      ],
      [
        0,
        1,
        2,
        3,
        4,
        7
      ],
      [
        1,
        2,
        3,
        4
      ]
    ],
    "behind": [
      [],
      [
        0,
        6
      ],
      [
        0,
        1,
        3,
        5,
        6
      ],
      [
        0,
        1,
        5,
        6
      ],
      [
        0,
        1,
        2,
        3,
        5,
        6
      ],
      [
        0,
        1,
        6
      ],
      [
        0
      ],
      [
        0,
        1,
        2,
        3,
        4,
        5,
        6
      ]
    ]
  },
  "image_index": 441,
  "directions": {
    "above": [
      0.0,
      0.0,
      1.0
    ],
    "front": [
      0.754490315914154,
      -0.6563112735748291,
      -0.0
    ],
    "behind": [
      -0.754490315914154,
      0.6563112735748291,
      0.0
    ],
    "right": [
      0.6563112735748291,
      0.7544902563095093,
      -0.0
    ],
    "below": [
      -0.0,
      -0.0,
      -1.0
    ],
    "left": [
      -0.6563112735748291,
      -0.7544902563095093,
      0.0
    ]
  },
  "split": "new",
  "objects": [
    {
      "shape": "cylinder",
      "material": "rubber",
      "pixel_coords": [
        130,
        75,
        12.62773323059082
      ],
      "rotation": 293.75993666556565,
      "3d_coords": [
        -2.3116118907928467,
        0.485151469707489,
        0.699999988079071
      ],
      "color": "green",
      "size": "large"
    },
    {
      "shape": "cube",
      "material": "metal",
      "pixel_coords": [
        181,
        108,
        11.09864616394043
      ],
      "rotation": 0.7855256132677368,
      "3d_coords": [
        0.3120484948158264,
        0.6226890087127686,
        0.3499999940395355
      ],
      "color": "yellow",
      "size": "small"
    },
    {
      "shape": "cylinder",
      "material": "metal",
      "pixel_coords": [
        156,
        132,
        9.10700798034668
      ],
      "rotation": 7.097430204516022,
      "3d_coords": [
        1.426525592803955,
        -1.304322361946106,
        0.699999988079071
      ],
      "color": "brown",
      "size": "large"
    },
    {
      "shape": "sphere",
      "material": "rubber",
      "pixel_coords": [
        231,
        127,
        10.052891731262207
      ],
      "rotation": 209.11242813413313,
      "3d_coords": [
        2.0981011390686035,
        0.916093111038208,
        0.3499999940395355
      ],
      "color": "red",
      "size": "small"
    },
    {
      "shape": "cube",
      "material": "rubber",
      "pixel_coords": [
        214,
        156,
        8.779206275939941
      ],
      "rotation": 11.950531824293273,
      "3d_coords": [
        2.7991943359375,
        -0.5263294577598572,
        0.3499999940395355
      ],
      "color": "gray",
      "size": "small"
    },
    {
      "shape": "sphere",
      "material": "metal",
      "pixel_coords": [
        43,
        103,
        10.639015197753906
      ],
      "rotation": 281.0075932952752,
      "3d_coords": [
        -2.1199426651000977,
        -2.869433641433716,
        0.699999988079071
      ],
      "color": "purple",
      "size": "large"
    },
    {
      "shape": "cylinder",
      "material": "rubber",
      "pixel_coords": [
        86,
        93,
        12.114669799804688
      ],
      "rotation": 267.10565213066064,
      "3d_coords": [
        -2.646266460418701,
        -1.1554750204086304,
        0.3499999940395355
      ],
      "color": "purple",
      "size": "small"
    },
    {
      "shape": "sphere",
      "material": "metal",
      "pixel_coords": [
        127,
        183,
        7.868917465209961
      ],
      "rotation": 149.03151431137843,
      "3d_coords": [
        2.2654335498809814,
        -2.820537567138672,
        0.3499999940395355
      ],
      "color": "purple",
      "size": "small"
    }
  ]
}