{
  "image_filename": "CLEVR_new_000175.png",
  "relationships": {
    "front": [
      [
        1,
        2,
        7
      ],
      [
        7
      ],
      [
        1,
        7
      ],
      [
        0,
        1,
        2,
        6,
        7
      ],
      [
        0,
        1,
        2,
        3,
        5,
        6,
        7
      ],
      [
        0,
        1,
        2,
        3,
        6,
        7
      ],
      [
        0,
        1,
        2,
        7
      ],
      []
    ],
    "left": [
      [
        1,
        2,
        3,
        4,
        5,
        6,
        7
      ],
      [],
      [
        1,
        3,
        4,
        5,
        7
      ],
      [
        1,
        5,
        7
      ],
      [
        1,
        3,
        5,
        7
      ],
      [
        1
      ],
      [
        1,
        2,
        3,
        4,
        5,
        7
      ],
      [
        1,
        5
      ]
    ],
    "right": [
      [],
      [
        0,
        2,
        3,
        4,
        5,
        6,
        7
      ],
      [
        0,
        6
      ],
      [
        0,
        2,
        4,
        6
      ],
      [
        0,
        2,
        6
      ],
      [
        0,
        2,
        3,
        4,
        6,
        7
      ],
      [
        0
      ],
      [
        0,
        2,
        3,
        4,
        6
      ]
    ],
    "behind": [
      [
        3,
        4,
        5,
        6
      ],
      [
        0,
        2,
        3,
        4,
        5,
        6
      ],
      [
        0,
        3,
        4,
        5,
        6
      ],
      [
        4,
        5
      ],
      [],
      [
        4
      ],
      [
        3,
        4,
        5
      ],
      [
        0,
        1,
        2,
        3,
        4,
        5,
        6
      ]
    ]
  },
  "image_index": 175,
  "directions": {
    "above": [
      0.0,
      0.0,
      1.0
    ],
    "front": [
      0.754490315914154,
      -0.6563112735748291,
      -0.0
    ],
    "behind": [
      -0.754490315914154,
      0.6563112735748291,
      0.0
    ],
    "right": [
      0.6563112735748291,
      0.7544902563095093,
      -0.0
    ],
    "below": [
      -0.0,
      -0.0,
      -1.0
    ],
    "left": [
      -0.6563112735748291,
      -0.7544902563095093,
      0.0
    ]
  },
  "split": "new",
  "objects": [
    {
      "shape": "cylinder",
      "material": "rubber",
      "pixel_coords": [
        297,
        109,
        10.167759895324707
      ],
      "rotation": 9.037833734864558,
      "3d_coords": [
        2.9694454669952393,
        2.716176748275757,
        0.699999988079071
      ],
      "color": "red",
      "size": "large"
    },
    {
      "shape": "cylinder",
      "material": "rubber",
      "pixel_coords": [
        81,
        134,
        9.564814567565918
      ],
      "rotation": 122.69354094238994,
      "3d_coords": [
        -0.1555127054452896,
        -2.632462501525879,
        0.3499999940395355
      ],
      "color": "gray",
      "size": "small"
    },
    {
      "shape": "sphere",
      "material": "rubber",
      "pixel_coords": [
        214,
        116,
        9.763202667236328
      ],
      "rotation": 185.00127126509335,
      "3d_coords": [
        1.8074170351028442,
        0.508359968662262,
        0.699999988079071
      ],
      "color": "gray",
      "size": "large"
    },
    {
      "shape": "cylinder",
      "material": "metal",
      "pixel_coords": [
        154,
        89,
        11.499471664428711
      ],
      "rotation": 339.93779676553794,
      "3d_coords": [
        -0.7892746329307556,
        0.3763687014579773,
        0.699999988079071
      ],
      "color": "red",
      "size": "large"
    },
    {
      "shape": "cube",
      "material": "metal",
      "pixel_coords": [
        184,
        78,
        13.388976097106934
      ],
      "rotation": 327.559016059921,
      "3d_coords": [
        -1.6290736198425293,
        2.4553921222686768,
        0.3499999940395355
      ],
      "color": "gray",
      "size": "small"
    },
    {
      "shape": "sphere",
      "material": "metal",
      "pixel_coords": [
        118,
        93,
        12.112837791442871
      ],
      "rotation": 18.59916227670334,
      "3d_coords": [
        -1.98011314868927,
        -0.3100939393043518,
        0.3499999940395355
      ],
      "color": "yellow",
      "size": "small"
    },
    {
      "shape": "cube",
      "material": "rubber",
      "pixel_coords": [
        242,
        111,
        10.814444541931152
      ],
      "rotation": 291.2993543751439,
      "3d_coords": [
        1.649105429649353,
        1.9262490272521973,
        0.3499999940395355
      ],
      "color": "purple",
      "size": "small"
    },
    {
      "shape": "cylinder",
      "material": "metal",
      "pixel_coords": [
        119,
        137,
        8.730392456054688
      ],
      "rotation": 117.28615655888932,
      "3d_coords": [
        1.1479660272598267,
        -2.2053158283233643,
        0.699999988079071
      ],
      "color": "brown",
      "size": "large"
    }
  ]
}