{
  "split": "new",
  "directions": {
    "below": [
      -0.0,
      -0.0,
      -1.0
    ],
    "right": [
      0.6563112735748291,
      0.7544902563095093,
      -0.0
    ],
    "left": [
      -0.6563112735748291,
      -0.7544902563095093,
      0.0
    ],
    "behind": [
      -0.754490315914154,
      0.6563112735748291,
      0.0
    ],
    "front": [
      0.754490315914154,
      -0.6563112735748291,
      -0.0
    ],
    "above": [
      0.0,
      0.0,
      1.0
    ]
  },
  "relationships": {
    "left": [
      [
        1,
        2,
        3,
        4,
        6,
        7
      ],
      [
        4,
        6,
        7
      ],
      [
        1,
        3,
        4,
        6,
        7
      ],
      [
        1,
        4,
        6,
        7
      ],
      [],
      [
        0,
        1,
        2,
        3,
        4,
        6,
        7
      ],
      [
        4,
        7
      ],
      [
        4
      ]
    ],
    "behind": [
      [
        2,
        3,
        5,
        7
      ],
      [
        0,
        2,
        3,
        4,
        5,
        6,
        7
      ],
      [
        3,
        7
      ],
      [],
      [
        0,
        2,
        3,
        5,
        7
      ],
      [
        2,
        3,
        7
      ],
      [
        0,
        2,
        3,
        4,
        5,
        7
      ],
      [
        3
      ]
    ],
    "front": [
      [
        1,
        4,
        6
      ],
      [],
      [
        0,
        1,
        4,
        5,
        6
      ],
      [
        0,
        1,
        2,
        4,
        5,
        6,
        7
      ],
      [
        1,
        6
      ],
      [
        0,
        1,
        4,
        6
      ],
      [
        1
      ],
      [
        0,
        1,
        2,
        4,
        5,
        6
      ]
    ],
    "right": [
      [
        5
      ],
      [
        0,
        2,
        3,
        5
      ],
      [
        0,
        5
      ],
      [
        0,
        2,
        5
      ],
      [
        0,
        1,
        2,
        3,
        5,
        6,
        7
      ],
      [],
      [
        0,
        1,
        2,
        3,
        5
      ],
      [
        0,
        1,
        2,
        3,
        5,
        6
      ]
    ]
  },
  "objects": [
    {
      "pixel_coords": [
        245,
        129,
        10.349883079528809
      ],
      "color": "purple",
      "material": "rubber",
      "size": "small",
      "shape": "cube",
      "3d_coords": [
        2.501775026321411,
        1.2041062116622925,
        0.3499999940395355
      ],
      "rotation": 170.84952469144918
    },
    {
      "pixel_coords": [
        161,
        186,
        8.040287017822266
      ],
      "color": "gray",
      "material": "rubber",
      "size": "small",
      "shape": "sphere",
      "3d_coords": [
        2.9655163288116455,
        -2.392767906188965,
        0.3499999940395355
      ],
      "rotation": 230.89565328659862
    },
    {
      "pixel_coords": [
        220,
        103,
        11.85780143737793
      ],
      "color": "green",
      "material": "rubber",
      "size": "small",
      "shape": "cylinder",
      "3d_coords": [
        0.8735659718513489,
        1.9265141487121582,
        0.3499999940395355
      ],
      "rotation": 9.528740093644878
    },
    {
      "pixel_coords": [
        191,
        83,
        13.380308151245117
      ],
      "color": "red",
      "material": "metal",
      "size": "small",
      "shape": "sphere",
      "3d_coords": [
        -1.021936058998108,
        2.347334146499634,
        0.3499999940395355
      ],
      "rotation": 35.58779187318315
    },
    {
      "pixel_coords": [
        101,
        135,
        10.04732608795166
      ],
      "color": "gray",
      "material": "metal",
      "size": "small",
      "shape": "cylinder",
      "3d_coords": [
        0.10614389926195145,
        -2.280425786972046,
        0.3499999940395355
      ],
      "rotation": 126.44197637565244
    },
    {
      "pixel_coords": [
        277,
        102,
        11.143525123596191
      ],
      "color": "purple",
      "material": "metal",
      "size": "large",
      "shape": "cube",
      "3d_coords": [
        2.4207656383514404,
        2.8389790058135986,
        0.699999988079071
      ],
      "rotation": 359.16537190836164
    },
    {
      "pixel_coords": [
        138,
        147,
        9.483144760131836
      ],
      "color": "green",
      "material": "rubber",
      "size": "small",
      "shape": "cube",
      "3d_coords": [
        1.3036134243011475,
        -1.8290430307388306,
        0.3499999940395355
      ],
      "rotation": 45.789899861020075
    },
    {
      "pixel_coords": [
        135,
        91,
        12.719843864440918
      ],
      "color": "yellow",
      "material": "metal",
      "size": "small",
      "shape": "sphere",
      "3d_coords": [
        -1.7514511346817017,
        0.2611452043056488,
        0.3499999940395355
      ],
      "rotation": 139.89042573167993
    }
  ],
  "image_filename": "CLEVR_new_000553.png",
  "image_index": 553
}