{
  "image_filename": "CLEVR_new_000120.png",
  "relationships": {
    "front": [
      [
        2,
        3,
        5
      ],
      [
        0,
        2,
        3,
        4,
        5,
        6,
        7
      ],
      [],
      [
        2
      ],
      [
        0,
        2,
        3,
        5
      ],
      [
        2,
        3
      ],
      [
        0,
        2,
        3,
        4,
        5,
        7
      ],
      [
        0,
        2,
        3,
        4,
        5
      ]
    ],
    "left": [
      [
        1,
        2,
        3,
        5,
        6,
        7
      ],
      [
        3,
        5,
        7
      ],
      [
        1,
        3,
        5,
        7
      ],
      [],
      [
        0,
        1,
        2,
        3,
        5,
        6,
        7
      ],
      [
        3,
        7
      ],
      [
        1,
        2,
        3,
        5,
        7
      ],
      [
        3
      ]
    ],
    "right": [
      [
        4
      ],
      [
        0,
        2,
        4,
        6
      ],
      [
        0,
        4,
        6
      ],
      [
        0,
        1,
        2,
        4,
        5,
        6,
        7
      ],
      [],
      [
        0,
        1,
        2,
        4,
        6
      ],
      [
        0,
        4
      ],
      [
        0,
        1,
        2,
        4,
        5,
        6
      ]
    ],
    "behind": [
      [
        1,
        4,
        6,
        7
      ],
      [],
      [
        0,
        1,
        3,
        4,
        5,
        6,
        7
      ],
      [
        0,
        1,
        4,
        5,
        6,
        7
      ],
      [
        1,
        6,
        7
      ],
      [
        0,
        1,
        4,
        6,
        7
      ],
      [
        1
      ],
      [
        1,
        6
      ]
    ]
  },
  "image_index": 120,
  "directions": {
    "above": [
      0.0,
      0.0,
      1.0
    ],
    "front": [
      0.754490315914154,
      -0.6563112735748291,
      -0.0
    ],
    "behind": [
      -0.754490315914154,
      0.6563112735748291,
      0.0
    ],
    "right": [
      0.6563112735748291,
      0.7544902563095093,
      -0.0
    ],
    "below": [
      -0.0,
      -0.0,
      -1.0
    ],
    "left": [
      -0.6563112735748291,
      -0.7544902563095093,
      0.0
    ]
  },
  "split": "new",
  "objects": [
    {
      "shape": "cube",
      "material": "rubber",
      "pixel_coords": [
        216,
        111,
        10.600292205810547
      ],
      "rotation": 200.67813249876207,
      "3d_coords": [
        1.1969060897827148,
        1.2156695127487183,
        0.3499999940395355
      ],
      "color": "purple",
      "size": "small"
    },
    {
      "shape": "cylinder",
      "material": "rubber",
      "pixel_coords": [
        155,
        64,
        13.3991117477417
      ],
      "rotation": 44.78213826193147,
      "3d_coords": [
        -2.5846967697143555,
        1.9916388988494873,
        0.699999988079071
      ],
      "color": "blue",
      "size": "large"
    },
    {
      "shape": "cylinder",
      "material": "metal",
      "pixel_coords": [
        171,
        161,
        8.29447078704834
      ],
      "rotation": 111.61190170198705,
      "3d_coords": [
        2.2060818672180176,
        -1.5940289497375488,
        0.3499999940395355
      ],
      "color": "red",
      "size": "small"
    },
    {
      "shape": "sphere",
      "material": "metal",
      "pixel_coords": [
        74,
        135,
        8.669493675231934
      ],
      "rotation": 82.11073227908392,
      "3d_coords": [
        0.16747057437896729,
        -2.993309497833252,
        0.699999988079071
      ],
      "color": "red",
      "size": "large"
    },
    {
      "shape": "sphere",
      "material": "rubber",
      "pixel_coords": [
        269,
        91,
        11.056329727172852
      ],
      "rotation": 248.25319004125723,
      "3d_coords": [
        1.823238492012024,
        2.995607614517212,
        0.699999988079071
      ],
      "color": "blue",
      "size": "large"
    },
    {
      "shape": "cylinder",
      "material": "metal",
      "pixel_coords": [
        138,
        118,
        10.225436210632324
      ],
      "rotation": 62.734150161964216,
      "3d_coords": [
        -0.027319584041833878,
        -0.8247991800308228,
        0.3499999940395355
      ],
      "color": "red",
      "size": "small"
    },
    {
      "shape": "cube",
      "material": "rubber",
      "pixel_coords": [
        187,
        78,
        13.082823753356934
      ],
      "rotation": 225.87527164360063,
      "3d_coords": [
        -1.3641806840896606,
        2.5585663318634033,
        0.3499999940395355
      ],
      "color": "purple",
      "size": "small"
    },
    {
      "shape": "cylinder",
      "material": "metal",
      "pixel_coords": [
        116,
        92,
        11.903410911560059
      ],
      "rotation": 28.415211985382708,
      "3d_coords": [
        -2.0154905319213867,
        -0.21040542423725128,
        0.3499999940395355
      ],
      "color": "gray",
      "size": "small"
    }
  ]
}