{
  "split": "new",
  "directions": {
    "below": [
      -0.0,
      -0.0,
      -1.0
    ],
    "right": [
      0.6563112735748291,
      0.7544902563095093,
      -0.0
    ],
    "left": [
      -0.6563112735748291,
      -0.7544902563095093,
      0.0
    ],
    "behind": [
      -0.754490315914154,
      0.6563112735748291,
      0.0
    ],
    "front": [
      0.754490315914154,
      -0.6563112735748291,
      -0.0
    ],
    "above": [
      0.0,
      0.0,
      1.0
    ]
  },
  "relationships": {
    "left": [
      [
        5
      ],
      [
        0,
        3,
        4,
        5,
        6
      ],
      [
        0,
        1,
        3,
        4,
        5,
        6,
        7
      ],
      [
        0,
        4,
        5
      ],
      [
        0,
        5
      ],
      [],
      [
        0,
        3,
        4,
        5
      ],
      [
        0,
        1,
        3,
        4,
        5,
        6
      ]
    ],
    "behind": [
      [
        1,
        2,
        4,
        5
      ],
      [],
      [
        1,
        4
      ],
      [
        0,
        1,
        2,
        4,
        5,
        6,
        7
      ],
      [
        1
      ],
      [
        1,
        2,
        4
      ],
      [
        0,
        1,
        2,
        4,
        5
      ],
      [
        0,
        1,
        2,
        4,
        5,
        6
      ]
    ],
    "front": [
      [
        3,
        6,
        7
      ],
      [
        0,
        2,
        3,
        4,
        5,
        6,
        7
      ],
      [
        0,
        3,
        5,
        6,
        7
      ],
      [],
      [
        0,
        2,
        3,
        5,
        6,
        7
      ],
      [
        0,
        3,
        6,
        7
      ],
      [
        3,
        7
      ],
      [
        3
      ]
    ],
    "right": [
      [
        1,
        2,
        3,
        4,
        6,
        7
      ],
      [
        2,
        7
      ],
      [],
      [
        1,
        2,
        6,
        7
      ],
      [
        1,
        2,
        3,
        6,
        7
      ],
      [
        0,
        1,
        2,
        3,
        4,
        6,
        7
      ],
      [
        1,
        2,
        7
      ],
      [
        2
      ]
    ]
  },
  "objects": [
    {
      "pixel_coords": [
        86,
        119,
        11.019912719726562
      ],
      "color": "red",
      "material": "metal",
      "size": "small",
      "shape": "cylinder",
      "3d_coords": [
        -1.1110079288482666,
        -2.115814685821533,
        0.3499999940395355
      ],
      "rotation": 50.75531992647197
    },
    {
      "pixel_coords": [
        189,
        66,
        14.094606399536133
      ],
      "color": "blue",
      "material": "rubber",
      "size": "large",
      "shape": "cube",
      "3d_coords": [
        -1.5973329544067383,
        2.992138624191284,
        0.699999988079071
      ],
      "rotation": 21.959061245476224
    },
    {
      "pixel_coords": [
        239,
        96,
        12.451061248779297
      ],
      "color": "yellow",
      "material": "metal",
      "size": "small",
      "shape": "cylinder",
      "3d_coords": [
        1.0397602319717407,
        2.808973550796509,
        0.3499999940395355
      ],
      "rotation": 119.04494042857935
    },
    {
      "pixel_coords": [
        149,
        150,
        9.54232406616211
      ],
      "color": "yellow",
      "material": "rubber",
      "size": "small",
      "shape": "cylinder",
      "3d_coords": [
        1.5117955207824707,
        -1.7223906517028809,
        0.3499999940395355
      ],
      "rotation": 156.04674491450822
    },
    {
      "pixel_coords": [
        132,
        85,
        13.290980339050293
      ],
      "color": "brown",
      "material": "metal",
      "size": "small",
      "shape": "cube",
      "3d_coords": [
        -2.2398955821990967,
        0.5621938109397888,
        0.3499999940395355
      ],
      "rotation": 309.34186019873454
    },
    {
      "pixel_coords": [
        56,
        106,
        11.813384056091309
      ],
      "color": "brown",
      "material": "metal",
      "size": "small",
      "shape": "sphere",
      "3d_coords": [
        -2.593994140625,
        -2.4113800525665283,
        0.3499999940395355
      ],
      "rotation": 328.9673439117411
    },
    {
      "pixel_coords": [
        182,
        118,
        10.376243591308594
      ],
      "color": "gray",
      "material": "rubber",
      "size": "large",
      "shape": "cube",
      "3d_coords": [
        1.259493112564087,
        -0.25181588530540466,
        0.699999988079071
      ],
      "rotation": 39.18001705409598
    },
    {
      "pixel_coords": [
        237,
        139,
        10.035200119018555
      ],
      "color": "gray",
      "material": "metal",
      "size": "small",
      "shape": "sphere",
      "3d_coords": [
        2.735624074935913,
        0.5200953483581543,
        0.3499999940395355
      ],
      "rotation": 319.4193981237408
    }
  ],
  "image_filename": "CLEVR_new_000947.png",
  "image_index": 947
}