{
  "split": "new",
  "directions": {
    "below": [
      -0.0,
      -0.0,
      -1.0
    ],
    "right": [
      0.6563112735748291,
      0.7544902563095093,
      -0.0
    ],
    "left": [
      -0.6563112735748291,
      -0.7544902563095093,
      0.0
    ],
    "behind": [
      -0.754490315914154,
      0.6563112735748291,
      0.0
    ],
    "front": [
      0.754490315914154,
      -0.6563112735748291,
      -0.0
    ],
    "above": [
      0.0,
      0.0,
      1.0
    ]
  },
  "relationships": {
    "left": [
      [
        1,
        2,
        3,
        4
      ],
      [
        2,
        4
      ],
      [
        4
      ],
      [
        1,
        2,
        4
      ],
      [],
      [
        0,
        1,
        2,
        3,
        4,
        6,
        7
      ],
      [
        0,
        1,
        2,
        3,
        4,
        7
      ],
      [
        0,
        1,
        2,
        3,
        4
      ]
    ],
    "behind": [
      [
        1,
        2,
        4,
        5,
        6,
        7
      ],
      [
        2,
        4,
        5,
        6,
        7
      ],
      [
        5,
        6,
        7
      ],
      [
        0,
        1,
        2,
        4,
        5,
        6,
        7
      ],
      [
        2,
        5,
        6,
        7
      ],
      [
        6
      ],
      [],
      [
        5,
        6
      ]
    ],
    "front": [
      [
        3
      ],
      [
        0,
        3
      ],
      [
        0,
        1,
        3,
        4
      ],
      [],
      [
        0,
        1,
        3
      ],
      [
        0,
        1,
        2,
        3,
        4,
        7
      ],
      [
        0,
        1,
        2,
        3,
        4,
        5,
        7
      ],
      [
        0,
        1,
        2,
        3,
        4
      ]
    ],
    "right": [
      [
        5,
        6,
        7
      ],
      [
        0,
        3,
        5,
        6,
        7
      ],
      [
        0,
        1,
        3,
        5,
        6,
        7
      ],
      [
        0,
        5,
        6,
        7
      ],
      [
        0,
        1,
        2,
        3,
        5,
        6,
        7
      ],
      [],
      [
        5
      ],
      [
        5,
        6
      ]
    ]
  },
  "objects": [
    {
      "pixel_coords": [
        169,
        140,
        9.378849029541016
      ],
      "color": "gray",
      "material": "metal",
      "size": "small",
      "shape": "cube",
      "3d_coords": [
        1.5848872661590576,
        -0.9297993183135986,
        0.3499999940395355
      ],
      "rotation": 25.94473405691819
    },
    {
      "pixel_coords": [
        119,
        116,
        9.831157684326172
      ],
      "color": "purple",
      "material": "rubber",
      "size": "large",
      "shape": "cube",
      "3d_coords": [
        0.16977311670780182,
        -1.6104787588119507,
        0.699999988079071
      ],
      "rotation": 254.07649371749156
    },
    {
      "pixel_coords": [
        94,
        106,
        11.269100189208984
      ],
      "color": "gray",
      "material": "metal",
      "size": "small",
      "shape": "cube",
      "3d_coords": [
        -1.5579909086227417,
        -1.4798041582107544,
        0.3499999940395355
      ],
      "rotation": 193.5504024540039
    },
    {
      "pixel_coords": [
        126,
        160,
        7.87195348739624
      ],
      "color": "yellow",
      "material": "metal",
      "size": "large",
      "shape": "cube",
      "3d_coords": [
        2.1490252017974854,
        -2.6606743335723877,
        0.699999988079071
      ],
      "rotation": 49.72088921756469
    },
    {
      "pixel_coords": [
        41,
        103,
        10.655000686645508
      ],
      "color": "blue",
      "material": "rubber",
      "size": "large",
      "shape": "cube",
      "3d_coords": [
        -2.07993745803833,
        -2.965533494949341,
        0.699999988079071
      ],
      "rotation": 133.4451272295992
    },
    {
      "pixel_coords": [
        232,
        93,
        12.231492042541504
      ],
      "color": "purple",
      "material": "rubber",
      "size": "small",
      "shape": "sphere",
      "3d_coords": [
        0.47656381130218506,
        2.847304105758667,
        0.3499999940395355
      ],
      "rotation": 126.00541495682653
    },
    {
      "pixel_coords": [
        198,
        80,
        13.376370429992676
      ],
      "color": "red",
      "material": "metal",
      "size": "small",
      "shape": "cylinder",
      "3d_coords": [
        -1.1984106302261353,
        2.8039262294769287,
        0.3499999940395355
      ],
      "rotation": 6.085764096043373
    },
    {
      "pixel_coords": [
        186,
        99,
        11.756733894348145
      ],
      "color": "gray",
      "material": "rubber",
      "size": "small",
      "shape": "sphere",
      "3d_coords": [
        -0.13984963297843933,
        1.2035564184188843,
        0.3499999940395355
      ],
      "rotation": 34.44084616742429
    }
  ],
  "image_filename": "CLEVR_new_000972.png",
  "image_index": 972
}