{
  "image_filename": "CLEVR_new_000130.png",
  "relationships": {
    "front": [
      [
        1,
        2,
        3,
        4,
        5,
        6,
        7
      ],
      [
        2,
        4,
        5,
        7
      ],
      [
        4,
        5,
        7
      ],
      [
        1,
        2,
        4,
        5,
        6,
        7
      ],
      [],
      [
        4,
        7
      ],
      [
        1,
        2,
        4,
        5,
        7
      ],
      [
        4
      ]
    ],
    "left": [
      [
        2,
        3,
        4,
        6
      ],
      [
        0,
        2,
        3,
        4,
        6
      ],
      [
        3,
        6
      ],
      [
        6
      ],
      [
        2,
        3,
        6
      ],
      [
        0,
        1,
        2,
        3,
        4,
        6,
        7
      ],
      [],
      [
        0,
        1,
        2,
        3,
        4,
        6
      ]
    ],
    "right": [
      [
        1,
        5,
        7
      ],
      [
        5,
        7
      ],
      [
        0,
        1,
        4,
        5,
        7
      ],
      [
        0,
        1,
        2,
        4,
        5,
        7
      ],
      [
        0,
        1,
        5,
        7
      ],
      [],
      [
        0,
        1,
        2,
        3,
        4,
        5,
        7
      ],
      [
        5
      ]
    ],
    "behind": [
      [],
      [
        0,
        3,
        6
      ],
      [
        0,
        1,
        3,
        6
      ],
      [
        0
      ],
      [
        0,
        1,
        2,
        3,
        5,
        6,
        7
      ],
      [
        0,
        1,
        2,
        3,
        6
      ],
      [
        0,
        3
      ],
      [
        0,
        1,
        2,
        3,
        5,
        6
      ]
    ]
  },
  "image_index": 130,
  "directions": {
    "above": [
      0.0,
      0.0,
      1.0
    ],
    "front": [
      0.754490315914154,
      -0.6563112735748291,
      -0.0
    ],
    "behind": [
      -0.754490315914154,
      0.6563112735748291,
      0.0
    ],
    "right": [
      0.6563112735748291,
      0.7544902563095093,
      -0.0
    ],
    "below": [
      -0.0,
      -0.0,
      -1.0
    ],
    "left": [
      -0.6563112735748291,
      -0.7544902563095093,
      0.0
    ]
  },
  "split": "new",
  "objects": [
    {
      "shape": "cylinder",
      "material": "rubber",
      "pixel_coords": [
        160,
        82,
        12.548585891723633
      ],
      "rotation": 79.33579175102126,
      "3d_coords": [
        -1.2313580513000488,
        1.159241795539856,
        0.699999988079071
      ],
      "color": "gray",
      "size": "large"
    },
    {
      "shape": "cylinder",
      "material": "metal",
      "pixel_coords": [
        188,
        113,
        11.005006790161133
      ],
      "rotation": 350.7612136279572,
      "3d_coords": [
        0.7380514144897461,
        0.5016535520553589,
        0.3499999940395355
      ],
      "color": "red",
      "size": "small"
    },
    {
      "shape": "cylinder",
      "material": "rubber",
      "pixel_coords": [
        109,
        110,
        10.354162216186523
      ],
      "rotation": 282.09231876584613,
      "3d_coords": [
        -0.4921528100967407,
        -1.608190894126892,
        0.699999988079071
      ],
      "color": "green",
      "size": "large"
    },
    {
      "shape": "cylinder",
      "material": "rubber",
      "pixel_coords": [
        81,
        98,
        12.102760314941406
      ],
      "rotation": 353.49520204181107,
      "3d_coords": [
        -2.6321654319763184,
        -1.292414903640747,
        0.3499999940395355
      ],
      "color": "green",
      "size": "small"
    },
    {
      "shape": "cube",
      "material": "metal",
      "pixel_coords": [
        131,
        156,
        8.03270149230957
      ],
      "rotation": 104.7569961167968,
      "3d_coords": [
        1.965442419052124,
        -2.7608108520507812,
        0.699999988079071
      ],
      "color": "blue",
      "size": "large"
    },
    {
      "shape": "cylinder",
      "material": "metal",
      "pixel_coords": [
        247,
        134,
        9.710509300231934
      ],
      "rotation": 6.109107995794321,
      "3d_coords": [
        2.83797025680542,
        0.6317244172096252,
        0.3499999940395355
      ],
      "color": "yellow",
      "size": "small"
    },
    {
      "shape": "cylinder",
      "material": "rubber",
      "pixel_coords": [
        56,
        109,
        11.27755069732666
      ],
      "rotation": 343.4822357269365,
      "3d_coords": [
        -2.3756794929504395,
        -2.3558707237243652,
        0.3499999940395355
      ],
      "color": "brown",
      "size": "small"
    },
    {
      "shape": "cube",
      "material": "rubber",
      "pixel_coords": [
        221,
        152,
        8.872588157653809
      ],
      "rotation": 95.14899671882279,
      "3d_coords": [
        2.9308764934539795,
        -0.6255844831466675,
        0.3499999940395355
      ],
      "color": "blue",
      "size": "small"
    }
  ]
}