{
  "image_filename": "CLEVR_new_000362.png",
  "relationships": {
    "front": [
      [
        6,
        7
      ],
      [
        0,
        5,
        6,
        7
      ],
      [
        0,
        1,
        3,
        5,
        6,
        7
      ],
      [
        0,
        1,
        5,
        6,
        7
      ],
      [
        0,
        1,
        2,
        3,
        5,
        6,
        7
      ],
      [
        0,
        6,
        7
      ],
      [],
      [
        6
      ]
    ],
    "left": [
      [
        1,
        2,
        3,
        4,
        6
      ],
      [
        2,
        3
      ],
      [
        3
      ],
      [],
      [
        1,
        2,
        3,
        6
      ],
      [
        0,
        1,
        2,
        3,
        4,
        6,
        7
      ],
      [
        1,
        2,
        3
      ],
      [
        0,
        1,
        2,
        3,
        4,
        6
      ]
    ],
    "right": [
      [
        5,
        7
      ],
      [
        0,
        4,
        5,
        6,
        7
      ],
      [
        0,
        1,
        4,
        5,
        6,
        7
      ],
      [
        0,
        1,
        2,
        4,
        5,
        6,
        7
      ],
      [
        0,
        5,
        7
      ],
      [],
      [
        0,
        4,
        5,
        7
      ],
      [
        5
      ]
    ],
    "behind": [
      [
        1,
        2,
        3,
        4,
        5
      ],
      [
        2,
        3,
        4
      ],
      [
        4
      ],
      [
        2,
        4
      ],
      [],
      [
        1,
        2,
        3,
        4
      ],
      [
        0,
        1,
        2,
        3,
        4,
        5,
        7
      ],
      [
        0,
        1,
        2,
        3,
        4,
        5
      ]
    ]
  },
  "image_index": 362,
  "directions": {
    "above": [
      0.0,
      0.0,
      1.0
    ],
    "front": [
      0.754490315914154,
      -0.6563112735748291,
      -0.0
    ],
    "behind": [
      -0.754490315914154,
      0.6563112735748291,
      0.0
    ],
    "right": [
      0.6563112735748291,
      0.7544902563095093,
      -0.0
    ],
    "below": [
      -0.0,
      -0.0,
      -1.0
    ],
    "left": [
      -0.6563112735748291,
      -0.7544902563095093,
      0.0
    ]
  },
  "split": "new",
  "objects": [
    {
      "shape": "sphere",
      "material": "metal",
      "pixel_coords": [
        192,
        133,
        9.841333389282227
      ],
      "rotation": 128.68171691951108,
      "3d_coords": [
        1.6669076681137085,
        -0.24405473470687866,
        0.3499999940395355
      ],
      "color": "red",
      "size": "small"
    },
    {
      "shape": "cylinder",
      "material": "metal",
      "pixel_coords": [
        129,
        109,
        11.1743745803833
      ],
      "rotation": 225.47610809829956,
      "3d_coords": [
        -0.7219866514205933,
        -0.6888058185577393,
        0.3499999940395355
      ],
      "color": "gray",
      "size": "small"
    },
    {
      "shape": "cylinder",
      "material": "metal",
      "pixel_coords": [
        112,
        79,
        12.563881874084473
      ],
      "rotation": 353.7798518436403,
      "3d_coords": [
        -2.5218634605407715,
        -0.07803697139024734,
        0.699999988079071
      ],
      "color": "yellow",
      "size": "large"
    },
    {
      "shape": "cylinder",
      "material": "rubber",
      "pixel_coords": [
        60,
        102,
        11.645654678344727
      ],
      "rotation": 74.93180787999162,
      "3d_coords": [
        -2.6605751514434814,
        -2.1013760566711426,
        0.3499999940395355
      ],
      "color": "green",
      "size": "small"
    },
    {
      "shape": "sphere",
      "material": "rubber",
      "pixel_coords": [
        168,
        70,
        13.34171199798584
      ],
      "rotation": 175.3964745497148,
      "3d_coords": [
        -1.8609590530395508,
        2.020254135131836,
        0.699999988079071
      ],
      "color": "green",
      "size": "large"
    },
    {
      "shape": "cube",
      "material": "metal",
      "pixel_coords": [
        239,
        111,
        10.278162002563477
      ],
      "rotation": 48.784762437391635,
      "3d_coords": [
        2.0709893703460693,
        1.2544952630996704,
        0.699999988079071
      ],
      "color": "gray",
      "size": "large"
    },
    {
      "shape": "cube",
      "material": "rubber",
      "pixel_coords": [
        137,
        165,
        8.467053413391113
      ],
      "rotation": 58.83101161902794,
      "3d_coords": [
        1.882654070854187,
        -2.3639159202575684,
        0.3499999940395355
      ],
      "color": "yellow",
      "size": "small"
    },
    {
      "shape": "cylinder",
      "material": "metal",
      "pixel_coords": [
        220,
        151,
        9.006258964538574
      ],
      "rotation": 347.5203933155864,
      "3d_coords": [
        2.796142578125,
        -0.38686880469322205,
        0.3499999940395355
      ],
      "color": "red",
      "size": "small"
    }
  ]
}