{
  "image_filename": "CLEVR_new_000250.png",
  "relationships": {
    "front": [
      [
        4
      ],
      [
        0,
        4
      ],
      [
        0,
        1,
        3,
        4,
        5,
        7
      ],
      [
        0,
        1,
        4,
        7
      ],
      [],
      [
        0,
        1,
        3,
        4,
        7
      ],
      [
        0,
        1,
        2,
        3,
        4,
        5,
        7
      ],
      [
        0,
        1,
        4
      ]
    ],
    "left": [
      [
        1,
        2,
        3,
        4,
        5,
        6
      ],
      [
        5
      ],
      [
        1,
        5
      ],
      [
        1,
        2,
        4,
        5,
        6
      ],
      [
        1,
        2,
        5
      ],
      [],
      [
        1,
        2,
        4,
        5
      ],
      [
        0,
        1,
        2,
        3,
        4,
        5,
        6
      ]
    ],
    "right": [
      [
        7
      ],
      [
        0,
        2,
        3,
        4,
        6,
        7
      ],
      [
        0,
        3,
        4,
        6,
        7
      ],
      [
        0,
        7
      ],
      [
        0,
        3,
        6,
        7
      ],
      [
        0,
        1,
        2,
        3,
        4,
        6,
        7
      ],
      [
        0,
        3,
        7
      ],
      []
    ],
    "behind": [
      [
        1,
        2,
        3,
        5,
        6,
        7
      ],
      [
        2,
        3,
        5,
        6,
        7
      ],
      [
        6
      ],
      [
        2,
        5,
        6
      ],
      [
        0,
        1,
        2,
        3,
        5,
        6,
        7
      ],
      [
        2,
        6
      ],
      [],
      [
        2,
        3,
        5,
        6
      ]
    ]
  },
  "image_index": 250,
  "directions": {
    "above": [
      0.0,
      0.0,
      1.0
    ],
    "front": [
      0.754490315914154,
      -0.6563112735748291,
      -0.0
    ],
    "behind": [
      -0.754490315914154,
      0.6563112735748291,
      0.0
    ],
    "right": [
      0.6563112735748291,
      0.7544902563095093,
      -0.0
    ],
    "below": [
      -0.0,
      -0.0,
      -1.0
    ],
    "left": [
      -0.6563112735748291,
      -0.7544902563095093,
      0.0
    ]
  },
  "split": "new",
  "objects": [
    {
      "shape": "sphere",
      "material": "metal",
      "pixel_coords": [
        221,
        116,
        9.354196548461914
      ],
      "rotation": 174.84396930989146,
      "3d_coords": [
        1.8936450481414795,
        0.5508089065551758,
        0.699999988079071
      ],
      "color": "gray",
      "size": "large"
    },
    {
      "shape": "cube",
      "material": "metal",
      "pixel_coords": [
        87,
        114,
        10.224201202392578
      ],
      "rotation": 4.929733818390889,
      "3d_coords": [
        -1.1389987468719482,
        -1.8186520338058472,
        0.3499999940395355
      ],
      "color": "purple",
      "size": "small"
    },
    {
      "shape": "cylinder",
      "material": "rubber",
      "pixel_coords": [
        127,
        86,
        12.097057342529297
      ],
      "rotation": 100.65576758905338,
      "3d_coords": [
        -2.138763904571533,
        0.28489065170288086,
        0.3499999940395355
      ],
      "color": "brown",
      "size": "small"
    },
    {
      "shape": "cylinder",
      "material": "rubber",
      "pixel_coords": [
        195,
        87,
        11.11185359954834
      ],
      "rotation": 11.865596548371773,
      "3d_coords": [
        0.036575283855199814,
        1.4305858612060547,
        0.699999988079071
      ],
      "color": "red",
      "size": "large"
    },
    {
      "shape": "cylinder",
      "material": "rubber",
      "pixel_coords": [
        128,
        147,
        7.99384069442749
      ],
      "rotation": 59.72507431455094,
      "3d_coords": [
        1.5525717735290527,
        -2.2483110427856445,
        0.699999988079071
      ],
      "color": "blue",
      "size": "large"
    },
    {
      "shape": "cylinder",
      "material": "rubber",
      "pixel_coords": [
        72,
        82,
        11.55173110961914
      ],
      "rotation": 196.9368995604897,
      "3d_coords": [
        -2.9292922019958496,
        -1.328296184539795,
        0.699999988079071
      ],
      "color": "yellow",
      "size": "large"
    },
    {
      "shape": "sphere",
      "material": "rubber",
      "pixel_coords": [
        162,
        58,
        13.729978561401367
      ],
      "rotation": 303.91775437163,
      "3d_coords": [
        -2.897023916244507,
        2.5416805744171143,
        0.699999988079071
      ],
      "color": "brown",
      "size": "large"
    },
    {
      "shape": "cube",
      "material": "rubber",
      "pixel_coords": [
        276,
        97,
        10.433369636535645
      ],
      "rotation": 299.86230125577686,
      "3d_coords": [
        2.1272146701812744,
        2.727280378341675,
        0.699999988079071
      ],
      "color": "blue",
      "size": "large"
    }
  ]
}