{
  "image_filename": "CLEVR_new_000143.png",
  "relationships": {
    "front": [
      [
        1,
        5,
        7
      ],
      [
        5
      ],
      [
        0,
        1,
        5,
        6,
        7
      ],
      [
        0,
        1,
        2,
        5,
        6,
        7
      ],
      [
        0,
        1,
        2,
        3,
        5,
        6,
        7
      ],
      [],
      [
        0,
        1,
        5,
        7
      ],
      [
        1,
        5
      ]
    ],
    "left": [
      [
        1,
        2,
        3,
        4,
        5,
        6,
        7
      ],
      [
        6,
        7
      ],
      [
        1,
        3,
        4,
        5,
        6,
        7
      ],
      [
        1,
        6,
        7
      ],
      [
        1,
        3,
        6,
        7
      ],
      [
        1,
        3,
        4,
        6,
        7
      ],
      [],
      [
        6
      ]
    ],
    "right": [
      [],
      [
        0,
        2,
        3,
        4,
        5
      ],
      [
        0
      ],
      [
        0,
        2,
        4,
        5
      ],
      [
        0,
        2,
        5
      ],
      [
        0,
        2
      ],
      [
        0,
        1,
        2,
        3,
        4,
        5,
        7
      ],
      [
        0,
        1,
        2,
        3,
        4,
        5
      ]
    ],
    "behind": [
      [
        2,
        3,
        4,
        6
      ],
      [
        0,
        2,
        3,
        4,
        6,
        7
      ],
      [
        3,
        4
      ],
      [
        4
      ],
      [],
      [
        0,
        1,
        2,
        3,
        4,
        6,
        7
      ],
      [
        2,
        3,
        4
      ],
      [
        0,
        2,
        3,
        4,
        6
      ]
    ]
  },
  "image_index": 143,
  "directions": {
    "above": [
      0.0,
      0.0,
      1.0
    ],
    "front": [
      0.754490315914154,
      -0.6563112735748291,
      -0.0
    ],
    "behind": [
      -0.754490315914154,
      0.6563112735748291,
      0.0
    ],
    "right": [
      0.6563112735748291,
      0.7544902563095093,
      -0.0
    ],
    "below": [
      -0.0,
      -0.0,
      -1.0
    ],
    "left": [
      -0.6563112735748291,
      -0.7544902563095093,
      0.0
    ]
  },
  "split": "new",
  "objects": [
    {
      "shape": "sphere",
      "material": "rubber",
      "pixel_coords": [
        265,
        103,
        10.779746055603027
      ],
      "rotation": 31.076256921636674,
      "3d_coords": [
        2.346282958984375,
        2.2119367122650146,
        0.699999988079071
      ],
      "color": "green",
      "size": "large"
    },
    {
      "shape": "cylinder",
      "material": "rubber",
      "pixel_coords": [
        85,
        144,
        9.428422927856445
      ],
      "rotation": 257.5853223014249,
      "3d_coords": [
        0.014654724858701229,
        -2.798248052597046,
        0.3499999940395355
      ],
      "color": "brown",
      "size": "small"
    },
    {
      "shape": "cylinder",
      "material": "rubber",
      "pixel_coords": [
        204,
        79,
        12.478714942932129
      ],
      "rotation": 221.53362550136606,
      "3d_coords": [
        -0.20628169178962708,
        2.3475258350372314,
        0.699999988079071
      ],
      "color": "brown",
      "size": "large"
    },
    {
      "shape": "sphere",
      "material": "metal",
      "pixel_coords": [
        135,
        84,
        12.945521354675293
      ],
      "rotation": 312.2096410295483,
      "3d_coords": [
        -2.163637638092041,
        0.7693998217582703,
        0.3499999940395355
      ],
      "color": "gray",
      "size": "small"
    },
    {
      "shape": "cylinder",
      "material": "rubber",
      "pixel_coords": [
        153,
        63,
        13.858343124389648
      ],
      "rotation": 23.54621038889768,
      "3d_coords": [
        -2.630737781524658,
        2.0854477882385254,
        0.699999988079071
      ],
      "color": "brown",
      "size": "large"
    },
    {
      "shape": "cube",
      "material": "rubber",
      "pixel_coords": [
        200,
        141,
        8.893943786621094
      ],
      "rotation": 9.799434808122033,
      "3d_coords": [
        2.406846761703491,
        -0.8729357123374939,
        0.699999988079071
      ],
      "color": "purple",
      "size": "large"
    },
    {
      "shape": "cube",
      "material": "metal",
      "pixel_coords": [
        63,
        88,
        11.770413398742676
      ],
      "rotation": 328.29322889784436,
      "3d_coords": [
        -2.9199492931365967,
        -1.7071125507354736,
        0.699999988079071
      ],
      "color": "gray",
      "size": "large"
    },
    {
      "shape": "sphere",
      "material": "metal",
      "pixel_coords": [
        71,
        123,
        10.388141632080078
      ],
      "rotation": 112.70913182321772,
      "3d_coords": [
        -1.212087631225586,
        -2.4939539432525635,
        0.3499999940395355
      ],
      "color": "red",
      "size": "small"
    }
  ]
}