{
  "split": "new",
  "directions": {
    "below": [
      -0.0,
      -0.0,
      -1.0
    ],
    "right": [
      0.6563112735748291,
      0.7544902563095093,
      -0.0
    ],
    "left": [
      -0.6563112735748291,
      -0.7544902563095093,
      0.0
    ],
    "behind": [
      -0.754490315914154,
      0.6563112735748291,
      0.0
    ],
    "front": [
      0.754490315914154,
      -0.6563112735748291,
      -0.0
    ],
    "above": [
      0.0,
      0.0,
      1.0
    ]
  },
  "relationships": {
    "left": [
      [
        1,
        3,
        5
      ],
      [
        3,
        5
      ],
      [
        0,
        1,
        3,
        4,
        5,
        6,
        7
      ],
      [],
      [
        0,
        1,
        3,
        5,
        6
      ],
      [
        3
      ],
      [
        0,
        1,
        3,
        5
      ],
      [
        0,
        1,
        3,
        4,
        5,
        6
      ]
    ],
    "behind": [
      [],
      [
        0,
        2,
        3,
        4,
        5
      ],
      [
        0,
        3,
        4,
        5
      ],
      [
        0,
        4,
        5
      ],
      [
        0,
        5
      ],
      [
        0
      ],
      [
        0,
        1,
        2,
        3,
        4,
        5,
        7
      ],
      [
        0,
        1,
        2,
        3,
        4,
        5
      ]
    ],
    "front": [
      [
        1,
        2,
        3,
        4,
        5,
        6,
        7
      ],
      [
        6,
        7
      ],
      [
        1,
        6,
        7
      ],
      [
        1,
        2,
        6,
        7
      ],
      [
        1,
        2,
        3,
        6,
        7
      ],
      [
        1,
        2,
        3,
        4,
        6,
        7
      ],
      [],
      [
        6
      ]
    ],
    "right": [
      [
        2,
        4,
        6,
        7
      ],
      [
        0,
        2,
        4,
        6,
        7
      ],
      [],
      [
        0,
        1,
        2,
        4,
        5,
        6,
        7
      ],
      [
        2,
        7
      ],
      [
        0,
        1,
        2,
        4,
        6,
        7
      ],
      [
        2,
        4,
        7
      ],
      [
        2
      ]
    ]
  },
  "objects": [
    {
      "pixel_coords": [
        147,
        63,
        13.335111618041992
      ],
      "color": "green",
      "material": "metal",
      "size": "large",
      "shape": "cylinder",
      "3d_coords": [
        -2.7783098220825195,
        1.7024344205856323,
        0.699999988079071
      ],
      "rotation": 117.27268770534221
    },
    {
      "pixel_coords": [
        115,
        129,
        9.64622688293457
      ],
      "color": "green",
      "material": "metal",
      "size": "small",
      "shape": "sphere",
      "3d_coords": [
        0.08333152532577515,
        -1.7079312801361084,
        0.3499999940395355
      ],
      "rotation": 17.525224655791433
    },
    {
      "pixel_coords": [
        265,
        123,
        9.966043472290039
      ],
      "color": "yellow",
      "material": "rubber",
      "size": "small",
      "shape": "cube",
      "3d_coords": [
        2.5545356273651123,
        1.7565964460372925,
        0.3499999940395355
      ],
      "rotation": 321.59059410247005
    },
    {
      "pixel_coords": [
        73,
        106,
        10.903092384338379
      ],
      "color": "gray",
      "material": "metal",
      "size": "small",
      "shape": "cylinder",
      "3d_coords": [
        -1.9498142004013062,
        -1.8890050649642944,
        0.3499999940395355
      ],
      "rotation": 143.02981810552623
    },
    {
      "pixel_coords": [
        195,
        91,
        11.068131446838379
      ],
      "color": "yellow",
      "material": "metal",
      "size": "large",
      "shape": "sphere",
      "3d_coords": [
        0.2407473921775818,
        1.2677404880523682,
        0.699999988079071
      ],
      "rotation": 82.21228689077499
    },
    {
      "pixel_coords": [
        100,
        84,
        12.466973304748535
      ],
      "color": "gray",
      "material": "metal",
      "size": "small",
      "shape": "cylinder",
      "3d_coords": [
        -2.940309524536133,
        -0.306132048368454,
        0.3499999940395355
      ],
      "rotation": 162.6166735517907
    },
    {
      "pixel_coords": [
        169,
        137,
        8.60049819946289
      ],
      "color": "blue",
      "material": "rubber",
      "size": "large",
      "shape": "cube",
      "3d_coords": [
        1.7926791906356812,
        -1.2427369356155396,
        0.699999988079071
      ],
      "rotation": 154.05506649802211
    },
    {
      "pixel_coords": [
        244,
        139,
        9.211584091186523
      ],
      "color": "red",
      "material": "rubber",
      "size": "small",
      "shape": "sphere",
      "3d_coords": [
        2.693546772003174,
        0.5949552059173584,
        0.3499999940395355
      ],
      "rotation": 3.972436690942329
    }
  ],
  "image_filename": "CLEVR_new_000737.png",
  "image_index": 737
}