{
  "split": "new",
  "directions": {
    "below": [
      -0.0,
      -0.0,
      -1.0
    ],
    "right": [
      0.6563112735748291,
      0.7544902563095093,
      -0.0
    ],
    "left": [
      -0.6563112735748291,
      -0.7544902563095093,
      0.0
    ],
    "behind": [
      -0.754490315914154,
      0.6563112735748291,
      0.0
    ],
    "front": [
      0.754490315914154,
      -0.6563112735748291,
      -0.0
    ],
    "above": [
      0.0,
      0.0,
      1.0
    ]
  },
  "relationships": {
    "left": [
      [
        2,
        3,
        4,
        5,
        6,
        7
      ],
      [
        0,
        2,
        3,
        4,
        5,
        6,
        7
      ],
      [],
      [
        2,
        4,
        5,
        6,
        7
      ],
      [
        2,
        5,
        7
      ],
      [
        2,
        7
      ],
      [
        2,
        4,
        5,
        7
      ],
      [
        2
      ]
    ],
    "behind": [
      [
        1,
        2,
        3,
        4,
        6,
        7
      ],
      [
        3,
        4,
        6
      ],
      [
        1,
        3,
        4,
        6,
        7
      ],
      [
        4,
        6
      ],
      [
        6
      ],
      [
        0,
        1,
        2,
        3,
        4,
        6,
        7
      ],
      [],
      [
        1,
        3,
        4,
        6
      ]
    ],
    "front": [
      [
        5
      ],
      [
        0,
        2,
        5,
        7
      ],
      [
        0,
        5
      ],
      [
        0,
        1,
        2,
        5,
        7
      ],
      [
        0,
        1,
        2,
        3,
        5,
        7
      ],
      [],
      [
        0,
        1,
        2,
        3,
        4,
        5,
        7
      ],
      [
        0,
        2,
        5
      ]
    ],
    "right": [
      [
        1
      ],
      [],
      [
        0,
        1,
        3,
        4,
        5,
        6,
        7
      ],
      [
        0,
        1
      ],
      [
        0,
        1,
        3,
        6
      ],
      [
        0,
        1,
        3,
        4,
        6
      ],
      [
        0,
        1,
        3
      ],
      [
        0,
        1,
        3,
        4,
        5,
        6
      ]
    ]
  },
  "objects": [
    {
      "pixel_coords": [
        243,
        124,
        8.995981216430664
      ],
      "color": "red",
      "material": "metal",
      "size": "large",
      "shape": "sphere",
      "3d_coords": [
        2.4937708377838135,
        0.662255585193634,
        0.699999988079071
      ],
      "rotation": 225.75311787851
    },
    {
      "pixel_coords": [
        263,
        91,
        10.767877578735352
      ],
      "color": "brown",
      "material": "metal",
      "size": "large",
      "shape": "cylinder",
      "3d_coords": [
        1.6352441310882568,
        2.781409978866577,
        0.699999988079071
      ],
      "rotation": 153.70347998949535
    },
    {
      "pixel_coords": [
        38,
        107,
        9.825689315795898
      ],
      "color": "green",
      "material": "metal",
      "size": "large",
      "shape": "cube",
      "3d_coords": [
        -1.8228775262832642,
        -2.932528257369995,
        0.699999988079071
      ],
      "rotation": 202.722846091232
    },
    {
      "pixel_coords": [
        206,
        83,
        11.308948516845703
      ],
      "color": "gray",
      "material": "metal",
      "size": "large",
      "shape": "sphere",
      "3d_coords": [
        0.07537072151899338,
        1.9078857898712158,
        0.699999988079071
      ],
      "rotation": 341.1272439221939
    },
    {
      "pixel_coords": [
        158,
        83,
        12.1935396194458
      ],
      "color": "brown",
      "material": "rubber",
      "size": "small",
      "shape": "sphere",
      "3d_coords": [
        -1.566150426864624,
        1.2439541816711426,
        0.3499999940395355
      ],
      "rotation": 205.60781627080095
    },
    {
      "pixel_coords": [
        134,
        136,
        8.486017227172852
      ],
      "color": "brown",
      "material": "rubber",
      "size": "large",
      "shape": "cylinder",
      "3d_coords": [
        1.1494427919387817,
        -1.8124457597732544,
        0.699999988079071
      ],
      "rotation": 18.781279494847723
    },
    {
      "pixel_coords": [
        181,
        75,
        12.898432731628418
      ],
      "color": "yellow",
      "material": "rubber",
      "size": "small",
      "shape": "cylinder",
      "3d_coords": [
        -1.6254757642745972,
        2.417684316635132,
        0.3499999940395355
      ],
      "rotation": 74.05411959797513
    },
    {
      "pixel_coords": [
        98,
        100,
        10.202519416809082
      ],
      "color": "brown",
      "material": "metal",
      "size": "large",
      "shape": "cylinder",
      "3d_coords": [
        -1.1051987409591675,
        -1.4269357919692993,
        0.699999988079071
      ],
      "rotation": 89.07060335028228
    }
  ],
  "image_filename": "CLEVR_new_000809.png",
  "image_index": 809
}