{
  "split": "new",
  "directions": {
    "below": [
      -0.0,
      -0.0,
      -1.0
    ],
    "right": [
      0.6563112735748291,
      0.7544902563095093,
      -0.0
    ],
    "left": [
      -0.6563112735748291,
      -0.7544902563095093,
      0.0
    ],
    "behind": [
      -0.754490315914154,
      0.6563112735748291,
      0.0
    ],
    "front": [
      0.754490315914154,
      -0.6563112735748291,
      -0.0
    ],
    "above": [
      0.0,
      0.0,
      1.0
    ]
  },
  "relationships": {
    "left": [
      [
        1,
        2,
        3,
        5,
        6,
        7
      ],
      [
        2,
        3,
        5,
        6,
        7
      ],
      [
        3,
        5,
        7
      ],
      [
        7
      ],
      [
        0,
        1,
        2,
        3,
        5,
        6,
        7
      ],
      [
        3,
        7
      ],
      [
        2,
        3,
        5,
        7
      ],
      []
    ],
    "behind": [
      [
        1,
        4,
        7
      ],
      [],
      [
        0,
        1,
        3,
        4,
        7
      ],
      [
        0,
        1,
        4,
        7
      ],
      [
        1,
        7
      ],
      [
        0,
        1,
        2,
        3,
        4,
        6,
        7
      ],
      [
        0,
        1,
        2,
        3,
        4,
        7
      ],
      [
        1
      ]
    ],
    "front": [
      [
        2,
        3,
        5,
        6
      ],
      [
        0,
        2,
        3,
        4,
        5,
        6,
        7
      ],
      [
        5,
        6
      ],
      [
        2,
        5,
        6
      ],
      [
        0,
        2,
        3,
        5,
        6
      ],
      [],
      [
        5
      ],
      [
        0,
        2,
        3,
        4,
        5,
        6
      ]
    ],
    "right": [
      [
        4
      ],
      [
        0,
        4
      ],
      [
        0,
        1,
        4,
        6
      ],
      [
        0,
        1,
        2,
        4,
        5,
        6
      ],
      [],
      [
        0,
        1,
        2,
        4,
        6
      ],
      [
        0,
        1,
        4
      ],
      [
        0,
        1,
        2,
        3,
        4,
        5,
        6
      ]
    ]
  },
  "objects": [
    {
      "pixel_coords": [
        269,
        122,
        9.959723472595215
      ],
      "color": "yellow",
      "material": "metal",
      "size": "small",
      "shape": "cylinder",
      "3d_coords": [
        2.567842483520508,
        1.9001461267471313,
        0.3499999940395355
      ],
      "rotation": 183.54877040021145
    },
    {
      "pixel_coords": [
        231,
        86,
        11.292333602905273
      ],
      "color": "purple",
      "material": "rubber",
      "size": "large",
      "shape": "cylinder",
      "3d_coords": [
        0.7182323336601257,
        2.4103949069976807,
        0.699999988079071
      ],
      "rotation": 224.32492921111506
    },
    {
      "pixel_coords": [
        159,
        155,
        8.564498901367188
      ],
      "color": "gray",
      "material": "rubber",
      "size": "small",
      "shape": "cube",
      "3d_coords": [
        1.7633371353149414,
        -1.5405083894729614,
        0.3499999940395355
      ],
      "rotation": 246.32983405942372
    },
    {
      "pixel_coords": [
        108,
        125,
        9.137428283691406
      ],
      "color": "brown",
      "material": "rubber",
      "size": "large",
      "shape": "cylinder",
      "3d_coords": [
        0.2513933777809143,
        -1.9885306358337402,
        0.699999988079071
      ],
      "rotation": 25.78824799199146
    },
    {
      "pixel_coords": [
        289,
        111,
        10.527774810791016
      ],
      "color": "red",
      "material": "rubber",
      "size": "small",
      "shape": "cylinder",
      "3d_coords": [
        2.5740182399749756,
        2.921846866607666,
        0.3499999940395355
      ],
      "rotation": 270.9235167281457
    },
    {
      "pixel_coords": [
        121,
        178,
        7.277978897094727
      ],
      "color": "gray",
      "material": "rubber",
      "size": "large",
      "shape": "cylinder",
      "3d_coords": [
        2.2465569972991943,
        -2.955371379852295,
        0.699999988079071
      ],
      "rotation": 56.49793702202216
    },
    {
      "pixel_coords": [
        189,
        176,
        7.880183219909668
      ],
      "color": "gray",
      "material": "rubber",
      "size": "small",
      "shape": "cube",
      "3d_coords": [
        2.816434383392334,
        -1.5201892852783203,
        0.3499999940395355
      ],
      "rotation": 100.89951766751335
    },
    {
      "pixel_coords": [
        95,
        93,
        10.79366397857666
      ],
      "color": "brown",
      "material": "metal",
      "size": "large",
      "shape": "cylinder",
      "3d_coords": [
        -1.6289851665496826,
        -1.2491726875305176,
        0.699999988079071
      ],
      "rotation": 321.30803113695123
    }
  ],
  "image_filename": "CLEVR_new_000863.png",
  "image_index": 863
}