{
  "split": "new",
  "directions": {
    "below": [
      -0.0,
      -0.0,
      -1.0
    ],
    "right": [
      0.6563112735748291,
      0.7544902563095093,
      -0.0
    ],
    "left": [
      -0.6563112735748291,
      -0.7544902563095093,
      0.0
    ],
    "behind": [
      -0.754490315914154,
      0.6563112735748291,
      0.0
    ],
    "front": [
      0.754490315914154,
      -0.6563112735748291,
      -0.0
    ],
    "above": [
      0.0,
      0.0,
      1.0
    ]
  },
  "relationships": {
    "left": [
      [
        2,
        3,
        7
      ],
      [
        0,
        2,
        3,
        4,
        5,
        7
      ],
      [],
      [
        2,
        7
      ],
      [
        0,
        2,
        3,
        7
      ],
      [
        0,
        2,
        3,
        4,
        7
      ],
      [
        0,
        1,
        2,
        3,
        4,
        5,
        7
      ],
      [
        2
      ]
    ],
    "behind": [
      [
        1,
        2,
        3,
        4,
        5,
        6,
        7
      ],
      [
        4,
        5,
        7
      ],
      [
        1,
        4,
        5,
        6,
        7
      ],
      [
        1,
        2,
        4,
        5,
        6,
        7
      ],
      [
        5,
        7
      ],
      [],
      [
        1,
        4,
        5,
        7
      ],
      [
        5
      ]
    ],
    "front": [
      [],
      [
        0,
        2,
        3,
        6
      ],
      [
        0,
        3
      ],
      [
        0
      ],
      [
        0,
        1,
        2,
        3,
        6
      ],
      [
        0,
        1,
        2,
        3,
        4,
        6,
        7
      ],
      [
        0,
        2,
        3
      ],
      [
        0,
        1,
        2,
        3,
        4,
        6
      ]
    ],
    "right": [
      [
        1,
        4,
        5,
        6
      ],
      [
        6
      ],
      [
        0,
        1,
        3,
        4,
        5,
        6,
        7
      ],
      [
        0,
        1,
        4,
        5,
        6
      ],
      [
        1,
        5,
        6
      ],
      [
        1,
        6
      ],
      [],
      [
        0,
        1,
        3,
        4,
        5,
        6
      ]
    ]
  },
  "objects": [
    {
      "pixel_coords": [
        150,
        166,
        7.990963459014893
      ],
      "color": "red",
      "material": "metal",
      "size": "small",
      "shape": "sphere",
      "3d_coords": [
        2.058962345123291,
        -2.091963529586792,
        0.3499999940395355
      ],
      "rotation": 30.82215031106368
    },
    {
      "pixel_coords": [
        220,
        105,
        10.889884948730469
      ],
      "color": "green",
      "material": "metal",
      "size": "small",
      "shape": "cube",
      "3d_coords": [
        0.9715256690979004,
        1.6427077054977417,
        0.3499999940395355
      ],
      "rotation": 157.08278536740121
    },
    {
      "pixel_coords": [
        60,
        112,
        9.64480972290039
      ],
      "color": "green",
      "material": "rubber",
      "size": "large",
      "shape": "cube",
      "3d_coords": [
        -1.150191307067871,
        -2.6545443534851074,
        0.699999988079071
      ],
      "rotation": 340.0640669348883
    },
    {
      "pixel_coords": [
        132,
        122,
        9.141844749450684
      ],
      "color": "green",
      "material": "metal",
      "size": "large",
      "shape": "cube",
      "3d_coords": [
        0.6054844260215759,
        -1.5032423734664917,
        0.699999988079071
      ],
      "rotation": 144.32075730977033
    },
    {
      "pixel_coords": [
        174,
        97,
        11.451695442199707
      ],
      "color": "brown",
      "material": "metal",
      "size": "small",
      "shape": "sphere",
      "3d_coords": [
        -0.44700703024864197,
        0.979677140712738,
        0.3499999940395355
      ],
      "rotation": 3.683073699277708
    },
    {
      "pixel_coords": [
        186,
        71,
        12.62751579284668
      ],
      "color": "blue",
      "material": "rubber",
      "size": "large",
      "shape": "cylinder",
      "3d_coords": [
        -1.2602224349975586,
        2.3464341163635254,
        0.699999988079071
      ],
      "rotation": 163.983596674804
    },
    {
      "pixel_coords": [
        273,
        116,
        10.224233627319336
      ],
      "color": "red",
      "material": "metal",
      "size": "small",
      "shape": "sphere",
      "3d_coords": [
        2.468747854232788,
        2.217587947845459,
        0.3499999940395355
      ],
      "rotation": 197.54316386445186
    },
    {
      "pixel_coords": [
        120,
        76,
        12.152055740356445
      ],
      "color": "green",
      "material": "rubber",
      "size": "large",
      "shape": "cube",
      "3d_coords": [
        -2.3930962085723877,
        0.22831805050373077,
        0.699999988079071
      ],
      "rotation": 170.33618692476287
    }
  ],
  "image_filename": "CLEVR_new_000615.png",
  "image_index": 615
}