{
  "image_filename": "CLEVR_new_000047.png",
  "relationships": {
    "front": [
      [],
      [
        0,
        3
      ],
      [
        0,
        1,
        3
      ],
      [
        0
      ],
      [
        0,
        1,
        2,
        3,
        5,
        6,
        7
      ],
      [
        0,
        1,
        2,
        3,
        6
      ],
      [
        0,
        1,
        2,
        3
      ],
      [
        0,
        1,
        2,
        3,
        5,
        6
      ]
    ],
    "left": [
      [
        1,
        5
      ],
      [],
      [
        0,
        1,
        3,
        5,
        7
      ],
      [
        0,
        1,
        5
      ],
      [
        0,
        1,
        2,
        3,
        5,
        7
      ],
      [
        1
      ],
      [
        0,
        1,
        2,
        3,
        4,
        5,
        7
      ],
      [
        0,
        1,
        3,
        5
      ]
    ],
    "right": [
      [
        2,
        3,
        4,
        6,
        7
      ],
      [
        0,
        2,
        3,
        4,
        5,
        6,
        7
      ],
      [
        4,
        6
      ],
      [
        2,
        4,
        6,
        7
      ],
      [
        6
      ],
      [
        0,
        2,
        3,
        4,
        6,
        7
      ],
      [],
      [
        2,
        4,
        6
      ]
    ],
    "behind": [
      [
        1,
        2,
        3,
        4,
        5,
        6,
        7
      ],
      [
        2,
        4,
        5,
        6,
        7
      ],
      [
        4,
        5,
        6,
        7
      ],
      [
        1,
        2,
        4,
        5,
        6,
        7
      ],
      [],
      [
        4,
        7
      ],
      [
        4,
        5,
        7
      ],
      [
        4
      ]
    ]
  },
  "image_index": 47,
  "directions": {
    "above": [
      0.0,
      0.0,
      1.0
    ],
    "front": [
      0.754490315914154,
      -0.6563112735748291,
      -0.0
    ],
    "behind": [
      -0.754490315914154,
      0.6563112735748291,
      0.0
    ],
    "right": [
      0.6563112735748291,
      0.7544902563095093,
      -0.0
    ],
    "below": [
      -0.0,
      -0.0,
      -1.0
    ],
    "left": [
      -0.6563112735748291,
      -0.7544902563095093,
      0.0
    ]
  },
  "split": "new",
  "objects": [
    {
      "shape": "cube",
      "material": "metal",
      "pixel_coords": [
        135,
        154,
        8.802092552185059
      ],
      "rotation": 16.924558536504726,
      "3d_coords": [
        1.3510607481002808,
        -2.1603636741638184,
        0.3499999940395355
      ],
      "color": "purple",
      "size": "small"
    },
    {
      "shape": "cylinder",
      "material": "rubber",
      "pixel_coords": [
        69,
        125,
        10.154513359069824
      ],
      "rotation": 13.169146343420204,
      "3d_coords": [
        -1.1441200971603394,
        -2.5597281455993652,
        0.3499999940395355
      ],
      "color": "yellow",
      "size": "small"
    },
    {
      "shape": "cube",
      "material": "metal",
      "pixel_coords": [
        187,
        115,
        10.683025360107422
      ],
      "rotation": 308.88804103283974,
      "3d_coords": [
        0.8216795325279236,
        0.37525463104248047,
        0.3499999940395355
      ],
      "color": "green",
      "size": "small"
    },
    {
      "shape": "sphere",
      "material": "metal",
      "pixel_coords": [
        156,
        119,
        9.697151184082031
      ],
      "rotation": 289.852322669618,
      "3d_coords": [
        0.8389487862586975,
        -0.9566829204559326,
        0.699999988079071
      ],
      "color": "blue",
      "size": "large"
    },
    {
      "shape": "cylinder",
      "material": "metal",
      "pixel_coords": [
        201,
        83,
        12.982723236083984
      ],
      "rotation": 278.4267449358669,
      "3d_coords": [
        -0.6007909178733826,
        2.660583257675171,
        0.3499999940395355
      ],
      "color": "brown",
      "size": "small"
    },
    {
      "shape": "cube",
      "material": "metal",
      "pixel_coords": [
        91,
        90,
        11.510160446166992
      ],
      "rotation": 268.2611352788072,
      "3d_coords": [
        -2.1344473361968994,
        -1.1015297174453735,
        0.699999988079071
      ],
      "color": "green",
      "size": "large"
    },
    {
      "shape": "cylinder",
      "material": "metal",
      "pixel_coords": [
        259,
        107,
        11.163281440734863
      ],
      "rotation": 148.50225053026114,
      "3d_coords": [
        2.03080677986145,
        2.4356043338775635,
        0.3499999940395355
      ],
      "color": "yellow",
      "size": "small"
    },
    {
      "shape": "cylinder",
      "material": "metal",
      "pixel_coords": [
        169,
        91,
        12.317444801330566
      ],
      "rotation": 142.64297070995298,
      "3d_coords": [
        -0.8687663674354553,
        1.2852860689163208,
        0.3499999940395355
      ],
      "color": "red",
      "size": "small"
    }
  ]
}