{
  "split": "new",
  "directions": {
    "below": [
      -0.0,
      -0.0,
      -1.0
    ],
    "right": [
      0.6563112735748291,
      0.7544902563095093,
      -0.0
    ],
    "left": [
      -0.6563112735748291,
      -0.7544902563095093,
      0.0
    ],
    "behind": [
      -0.754490315914154,
      0.6563112735748291,
      0.0
    ],
    "front": [
      0.754490315914154,
      -0.6563112735748291,
      -0.0
    ],
    "above": [
      0.0,
      0.0,
      1.0
    ]
  },
  "relationships": {
    "left": [
      [
        1,
        2,
        3,
        5,
        6,
        7
      ],
      [
        2,
        5,
        6
      ],
      [
        6
      ],
      [
        1,
        2,
        5,
        6,
        7
      ],
      [
        0,
        1,
        2,
        3,
        5,
        6,
        7
      ],
      [
        2,
        6
      ],
      [],
      [
        1,
        2,
        5,
        6
      ]
    ],
    "behind": [
      [
        1,
        2,
        7
      ],
      [],
      [
        1,
        7
      ],
      [
        0,
        1,
        2,
        4,
        6,
        7
      ],
      [
        0,
        1,
        2,
        6,
        7
      ],
      [
        0,
        1,
        2,
        3,
        4,
        6,
        7
      ],
      [
        0,
        1,
        2,
        7
      ],
      [
        1
      ]
    ],
    "front": [
      [
        3,
        4,
        5,
        6
      ],
      [
        0,
        2,
        3,
        4,
        5,
        6,
        7
      ],
      [
        0,
        3,
        4,
        5,
        6
      ],
      [
        5
      ],
      [
        3,
        5
      ],
      [],
      [
        3,
        4,
        5
      ],
      [
        0,
        2,
        3,
        4,
        5,
        6
      ]
    ],
    "right": [
      [
        4
      ],
      [
        0,
        3,
        4,
        7
      ],
      [
        0,
        1,
        3,
        4,
        5,
        7
      ],
      [
        0,
        4
      ],
      [],
      [
        0,
        1,
        3,
        4,
        7
      ],
      [
        0,
        1,
        2,
        3,
        4,
        5,
        7
      ],
      [
        0,
        3,
        4
      ]
    ]
  },
  "objects": [
    {
      "pixel_coords": [
        223,
        110,
        11.31513786315918
      ],
      "color": "green",
      "material": "rubber",
      "size": "small",
      "shape": "sphere",
      "3d_coords": [
        1.2675551176071167,
        1.5868052244186401,
        0.3499999940395355
      ],
      "rotation": 157.1505209990654
    },
    {
      "pixel_coords": [
        170,
        82,
        13.442665100097656
      ],
      "color": "yellow",
      "material": "rubber",
      "size": "small",
      "shape": "cylinder",
      "3d_coords": [
        -1.6522084474563599,
        1.8081108331680298,
        0.3499999940395355
      ],
      "rotation": 168.61017087223357
    },
    {
      "pixel_coords": [
        118,
        88,
        12.055244445800781
      ],
      "color": "yellow",
      "material": "rubber",
      "size": "large",
      "shape": "cylinder",
      "3d_coords": [
        -1.7160438299179077,
        -0.4964650869369507,
        0.699999988079071
      ],
      "rotation": 97.14242395416052
    },
    {
      "pixel_coords": [
        211,
        143,
        9.590147018432617
      ],
      "color": "brown",
      "material": "rubber",
      "size": "small",
      "shape": "cube",
      "3d_coords": [
        2.408203363418579,
        -0.1285826563835144,
        0.3499999940395355
      ],
      "rotation": 37.978762515786514
    },
    {
      "pixel_coords": [
        245,
        131,
        10.146594047546387
      ],
      "color": "brown",
      "material": "metal",
      "size": "small",
      "shape": "cylinder",
      "3d_coords": [
        2.5727834701538086,
        1.0915571451187134,
        0.3499999940395355
      ],
      "rotation": 271.18940378408627
    },
    {
      "pixel_coords": [
        124,
        178,
        8.220257759094238
      ],
      "color": "purple",
      "material": "metal",
      "size": "small",
      "shape": "cylinder",
      "3d_coords": [
        2.2202467918395996,
        -2.8604021072387695,
        0.3499999940395355
      ],
      "rotation": 209.49420769452706
    },
    {
      "pixel_coords": [
        45,
        104,
        10.915750503540039
      ],
      "color": "red",
      "material": "metal",
      "size": "large",
      "shape": "cylinder",
      "3d_coords": [
        -2.025111436843872,
        -2.960059404373169,
        0.699999988079071
      ],
      "rotation": 259.22906734421844
    },
    {
      "pixel_coords": [
        189,
        90,
        12.758207321166992
      ],
      "color": "blue",
      "material": "rubber",
      "size": "small",
      "shape": "sphere",
      "3d_coords": [
        -0.6169260740280151,
        1.8570547103881836,
        0.3499999940395355
      ],
      "rotation": 82.07726707459109
    }
  ],
  "image_filename": "CLEVR_new_000685.png",
  "image_index": 685
}