{
  "split": "new",
  "directions": {
    "below": [
      -0.0,
      -0.0,
      -1.0
    ],
    "right": [
      0.6563112735748291,
      0.7544902563095093,
      -0.0
    ],
    "left": [
      -0.6563112735748291,
      -0.7544902563095093,
      0.0
    ],
    "behind": [
      -0.754490315914154,
      0.6563112735748291,
      0.0
    ],
    "front": [
      0.754490315914154,
      -0.6563112735748291,
      -0.0
    ],
    "above": [
      0.0,
      0.0,
      1.0
    ]
  },
  "relationships": {
    "left": [
      [
        2,
        3,
        5
      ],
      [
        0,
        2,
        3,
        4,
        5,
        7
      ],
      [
        3
      ],
      [],
      [
        0,
        2,
        3,
        5
      ],
      [
        2,
        3
      ],
      [
        0,
        1,
        2,
        3,
        4,
        5,
        7
      ],
      [
        0,
        2,
        3,
        4,
        5
      ]
    ],
    "behind": [
      [
        7
      ],
      [
        0,
        3,
        6,
        7
      ],
      [
        0,
        1,
        3,
        6,
        7
      ],
      [
        0,
        7
      ],
      [
        0,
        1,
        2,
        3,
        6,
        7
      ],
      [
        0,
        1,
        2,
        3,
        4,
        6,
        7
      ],
      [
        0,
        3,
        7
      ],
      []
    ],
    "front": [
      [
        1,
        2,
        3,
        4,
        5,
        6
      ],
      [
        2,
        4,
        5
      ],
      [
        4,
        5
      ],
      [
        1,
        2,
        4,
        5,
        6
      ],
      [
        5
      ],
      [],
      [
        1,
        2,
        4,
        5
      ],
      [
        0,
        1,
        2,
        3,
        4,
        5,
        6
      ]
    ],
    "right": [
      [
        1,
        4,
        6,
        7
      ],
      [
        6
      ],
      [
        0,
        1,
        4,
        5,
        6,
        7
      ],
      [
        0,
        1,
        2,
        4,
        5,
        6,
        7
      ],
      [
        1,
        6,
        7
      ],
      [
        0,
        1,
        4,
        6,
        7
      ],
      [],
      [
        1,
        6
      ]
    ]
  },
  "objects": [
    {
      "pixel_coords": [
        163,
        89,
        11.785811424255371
      ],
      "color": "blue",
      "material": "rubber",
      "size": "large",
      "shape": "sphere",
      "3d_coords": [
        -0.6625641584396362,
        0.683477520942688,
        0.699999988079071
      ],
      "rotation": 142.03230948816073
    },
    {
      "pixel_coords": [
        233,
        131,
        9.906351089477539
      ],
      "color": "green",
      "material": "rubber",
      "size": "small",
      "shape": "cube",
      "3d_coords": [
        2.351409673690796,
        0.7145826816558838,
        0.3499999940395355
      ],
      "rotation": 306.6786640684734
    },
    {
      "pixel_coords": [
        115,
        131,
        9.177660942077637
      ],
      "color": "gray",
      "material": "metal",
      "size": "large",
      "shape": "cylinder",
      "3d_coords": [
        0.7785272598266602,
        -2.178229808807373,
        0.699999988079071
      ],
      "rotation": 23.037691648125453
    },
    {
      "pixel_coords": [
        95,
        93,
        11.418131828308105
      ],
      "color": "purple",
      "material": "metal",
      "size": "large",
      "shape": "cube",
      "3d_coords": [
        -1.771467685699463,
        -1.2986505031585693,
        0.699999988079071
      ],
      "rotation": 10.551955816207599
    },
    {
      "pixel_coords": [
        197,
        152,
        8.937676429748535
      ],
      "color": "brown",
      "material": "rubber",
      "size": "small",
      "shape": "cube",
      "3d_coords": [
        2.477480888366699,
        -0.8405697345733643,
        0.3499999940395355
      ],
      "rotation": 74.86017886039659
    },
    {
      "pixel_coords": [
        133,
        183,
        7.805501461029053
      ],
      "color": "blue",
      "material": "rubber",
      "size": "small",
      "shape": "cube",
      "3d_coords": [
        2.469250202178955,
        -2.8454110622406006,
        0.3499999940395355
      ],
      "rotation": 182.61035879023478
    },
    {
      "pixel_coords": [
        278,
        115,
        10.781962394714355
      ],
      "color": "purple",
      "material": "rubber",
      "size": "small",
      "shape": "cylinder",
      "3d_coords": [
        2.60638165473938,
        2.564234733581543,
        0.3499999940395355
      ],
      "rotation": 331.0322394556822
    },
    {
      "pixel_coords": [
        200,
        72,
        13.293676376342773
      ],
      "color": "red",
      "material": "metal",
      "size": "large",
      "shape": "cylinder",
      "3d_coords": [
        -1.069705843925476,
        2.850512742996216,
        0.699999988079071
      ],
      "rotation": 342.9978327742857
    }
  ],
  "image_filename": "CLEVR_new_000808.png",
  "image_index": 808
}