{
  "split": "new",
  "directions": {
    "below": [
      -0.0,
      -0.0,
      -1.0
    ],
    "right": [
      0.6563112735748291,
      0.7544902563095093,
      -0.0
    ],
    "left": [
      -0.6563112735748291,
      -0.7544902563095093,
      0.0
    ],
    "behind": [
      -0.754490315914154,
      0.6563112735748291,
      0.0
    ],
    "front": [
      0.754490315914154,
      -0.6563112735748291,
      -0.0
    ],
    "above": [
      0.0,
      0.0,
      1.0
    ]
  },
  "relationships": {
    "left": [
      [
        5,
        6
      ],
      [
        0,
        4,
        5,
        6
      ],
      [
        0,
        1,
        4,
        5,
        6
      ],
      [
        0,
        1,
        2,
        4,
        5,
        6
      ],
      [
        0,
        5,
        6
      ],
      [],
      [
        5
      ],
      [
        0,
        1,
        2,
        3,
        4,
        5,
        6
      ]
    ],
    "behind": [
      [],
      [
        0,
        2,
        3,
        4,
        5,
        6,
        7
      ],
      [
        0,
        3,
        4,
        5,
        6,
        7
      ],
      [
        0,
        4,
        5,
        7
      ],
      [
        0,
        7
      ],
      [
        0,
        4,
        7
      ],
      [
        0,
        3,
        4,
        5,
        7
      ],
      [
        0
      ]
    ],
    "front": [
      [
        1,
        2,
        3,
        4,
        5,
        6,
        7
      ],
      [],
      [
        1
      ],
      [
        1,
        2,
        6
      ],
      [
        1,
        2,
        3,
        5,
        6
      ],
      [
        1,
        2,
        3,
        6
      ],
      [
        1,
        2
      ],
      [
        1,
        2,
        3,
        4,
        5,
        6
      ]
    ],
    "right": [
      [
        1,
        2,
        3,
        4,
        7
      ],
      [
        2,
        3,
        7
      ],
      [
        3,
        7
      ],
      [
        7
      ],
      [
        1,
        2,
        3,
        7
      ],
      [
        0,
        1,
        2,
        3,
        4,
        6,
        7
      ],
      [
        0,
        1,
        2,
        3,
        4,
        7
      ],
      []
    ]
  },
  "objects": [
    {
      "pixel_coords": [
        125,
        70,
        13.2088623046875
      ],
      "color": "blue",
      "material": "rubber",
      "size": "large",
      "shape": "cylinder",
      "3d_coords": [
        -2.871140241622925,
        0.8981233239173889,
        0.699999988079071
      ],
      "rotation": 34.6720078822385
    },
    {
      "pixel_coords": [
        165,
        175,
        8.031844139099121
      ],
      "color": "blue",
      "material": "metal",
      "size": "small",
      "shape": "cylinder",
      "3d_coords": [
        2.4969074726104736,
        -2.2369537353515625,
        0.3499999940395355
      ],
      "rotation": 125.60030103256209
    },
    {
      "pixel_coords": [
        195,
        133,
        9.027267456054688
      ],
      "color": "gray",
      "material": "rubber",
      "size": "large",
      "shape": "sphere",
      "3d_coords": [
        2.0998988151550293,
        -0.7520826458930969,
        0.699999988079071
      ],
      "rotation": 27.39337480806882
    },
    {
      "pixel_coords": [
        220,
        122,
        10.296102523803711
      ],
      "color": "yellow",
      "material": "rubber",
      "size": "small",
      "shape": "cube",
      "3d_coords": [
        1.7892125844955444,
        0.7333113551139832,
        0.3499999940395355
      ],
      "rotation": 231.97477641710162
    },
    {
      "pixel_coords": [
        142,
        101,
        11.613940238952637
      ],
      "color": "green",
      "material": "metal",
      "size": "small",
      "shape": "sphere",
      "3d_coords": [
        -0.9189554452896118,
        0.058520931750535965,
        0.3499999940395355
      ],
      "rotation": 128.496459467649
    },
    {
      "pixel_coords": [
        67,
        105,
        10.537300109863281
      ],
      "color": "red",
      "material": "metal",
      "size": "large",
      "shape": "sphere",
      "3d_coords": [
        -1.7061097621917725,
        -2.260996103286743,
        0.699999988079071
      ],
      "rotation": 76.93628735195662
    },
    {
      "pixel_coords": [
        83,
        137,
        9.550317764282227
      ],
      "color": "brown",
      "material": "metal",
      "size": "small",
      "shape": "cube",
      "3d_coords": [
        -0.27973899245262146,
        -2.654587507247925,
        0.3499999940395355
      ],
      "rotation": 76.56645779733324
    },
    {
      "pixel_coords": [
        232,
        90,
        12.375618934631348
      ],
      "color": "purple",
      "material": "rubber",
      "size": "small",
      "shape": "cylinder",
      "3d_coords": [
        0.6359831690788269,
        2.934446334838867,
        0.3499999940395355
      ],
      "rotation": 160.22294354121505
    }
  ],
  "image_filename": "CLEVR_new_000868.png",
  "image_index": 868
}