{
  "image_filename": "CLEVR_new_000126.png",
  "relationships": {
    "front": [
      [
        3,
        7
      ],
      [
        0,
        3,
        6,
        7
      ],
      [
        0,
        1,
        3,
        4,
        5,
        6,
        7
      ],
      [
        7
      ],
      [
        0,
        1,
        3,
        6,
        7
      ],
      [
        0,
        1,
        3,
        4,
        6,
        7
      ],
      [
        0,
        3,
        7
      ],
      []
    ],
    "left": [
      [],
      [
        0,
        5
      ],
      [
        0,
        1,
        3,
        5,
        7
      ],
      [
        0,
        1,
        5,
        7
      ],
      [
        0,
        1,
        2,
        3,
        5,
        7
      ],
      [
        0
      ],
      [
        0,
        1,
        2,
        3,
        4,
        5,
        7
      ],
      [
        0,
        1,
        5
      ]
    ],
    "right": [
      [
        1,
        2,
        3,
        4,
        5,
        6,
        7
      ],
      [
        2,
        3,
        4,
        6,
        7
      ],
      [
        4,
        6
      ],
      [
        2,
        4,
        6
      ],
      [
        6
      ],
      [
        1,
        2,
        3,
        4,
        6,
        7
      ],
      [],
      [
        2,
        3,
        4,
        6
      ]
    ],
    "behind": [
      [
        1,
        2,
        4,
        5,
        6
      ],
      [
        2,
        4,
        5
      ],
      [],
      [
        0,
        1,
        2,
        4,
        5,
        6
      ],
      [
        2,
        5
      ],
      [
        2
      ],
      [
        1,
        2,
        4,
        5
      ],
      [
        0,
        1,
        2,
        3,
        4,
        5,
        6
      ]
    ]
  },
  "image_index": 126,
  "directions": {
    "above": [
      0.0,
      0.0,
      1.0
    ],
    "front": [
      0.754490315914154,
      -0.6563112735748291,
      -0.0
    ],
    "behind": [
      -0.754490315914154,
      0.6563112735748291,
      0.0
    ],
    "right": [
      0.6563112735748291,
      0.7544902563095093,
      -0.0
    ],
    "below": [
      -0.0,
      -0.0,
      -1.0
    ],
    "left": [
      -0.6563112735748291,
      -0.7544902563095093,
      0.0
    ]
  },
  "split": "new",
  "objects": [
    {
      "shape": "cylinder",
      "material": "metal",
      "pixel_coords": [
        62,
        110,
        10.625385284423828
      ],
      "rotation": 191.23909941650084,
      "3d_coords": [
        -1.378042221069336,
        -2.7387890815734863,
        0.699999988079071
      ],
      "color": "purple",
      "size": "large"
    },
    {
      "shape": "cube",
      "material": "rubber",
      "pixel_coords": [
        136,
        107,
        11.692798614501953
      ],
      "rotation": 89.84030765224831,
      "3d_coords": [
        -0.7219610810279846,
        -0.418282151222229,
        0.3499999940395355
      ],
      "color": "purple",
      "size": "small"
    },
    {
      "shape": "cylinder",
      "material": "rubber",
      "pixel_coords": [
        187,
        79,
        14.289172172546387
      ],
      "rotation": 155.1402920590854,
      "3d_coords": [
        -1.683503270149231,
        2.8795769214630127,
        0.3499999940395355
      ],
      "color": "red",
      "size": "small"
    },
    {
      "shape": "cylinder",
      "material": "rubber",
      "pixel_coords": [
        167,
        116,
        10.242257118225098
      ],
      "rotation": 291.92041287445056,
      "3d_coords": [
        1.0155457258224487,
        -0.6080170273780823,
        0.699999988079071
      ],
      "color": "brown",
      "size": "large"
    },
    {
      "shape": "sphere",
      "material": "rubber",
      "pixel_coords": [
        204,
        101,
        12.17612075805664
      ],
      "rotation": 261.1835324968519,
      "3d_coords": [
        0.3802078664302826,
        1.6848678588867188,
        0.3499999940395355
      ],
      "color": "purple",
      "size": "small"
    },
    {
      "shape": "cylinder",
      "material": "rubber",
      "pixel_coords": [
        117,
        90,
        13.177972793579102
      ],
      "rotation": 112.30757107496062,
      "3d_coords": [
        -2.5144643783569336,
        0.02387187071144581,
        0.3499999940395355
      ],
      "color": "red",
      "size": "small"
    },
    {
      "shape": "cube",
      "material": "metal",
      "pixel_coords": [
        285,
        113,
        11.230281829833984
      ],
      "rotation": 246.3161680770949,
      "3d_coords": [
        2.805389165878296,
        2.8953781127929688,
        0.3499999940395355
      ],
      "color": "green",
      "size": "small"
    },
    {
      "shape": "cube",
      "material": "metal",
      "pixel_coords": [
        145,
        173,
        7.5695672035217285
      ],
      "rotation": 148.0149954925221,
      "3d_coords": [
        2.9259934425354004,
        -2.9326424598693848,
        0.699999988079071
      ],
      "color": "blue",
      "size": "large"
    }
  ]
}