{
  "image_filename": "CLEVR_new_000258.png",
  "relationships": {
    "front": [
      [
        2,
        7
      ],
      [
        0,
        2,
        3,
        4,
        7
      ],
      [],
      [
        0,
        2,
        4,
        7
      ],
      [
        0,
        2,
        7
      ],
      [
        0,
        1,
        2,
        3,
        4,
        6,
        7
      ],
      [
        0,
        1,
        2,
        3,
        4,
        7
      ],
      [
        2
      ]
    ],
    "left": [
      [
        3,
        6
      ],
      [
        0,
        2,
        3,
        5,
        6,
        7
      ],
      [
        0,
        3,
        6
      ],
      [],
      [
        0,
        1,
        2,
        3,
        5,
        6,
        7
      ],
      [
        0,
        2,
        3,
        6
      ],
      [
        3
      ],
      [
        0,
        2,
        3,
        5,
        6
      ]
    ],
    "right": [
      [
        1,
        2,
        4,
        5,
        7
      ],
      [
        4
      ],
      [
        1,
        4,
        5,
        7
      ],
      [
        0,
        1,
        2,
        4,
        5,
        6,
        7
      ],
      [],
      [
        1,
        4,
        7
      ],
      [
        0,
        1,
        2,
        4,
        5,
        7
      ],
      [
        1,
        4
      ]
    ],
    "behind": [
      [
        1,
        3,
        4,
        5,
        6
      ],
      [
        5,
        6
      ],
      [
        0,
        1,
        3,
        4,
        5,
        6,
        7
      ],
      [
        1,
        5,
        6
      ],
      [
        1,
        3,
        5,
        6
      ],
      [],
      [
        5
      ],
      [
        0,
        1,
        3,
        4,
        5,
        6
      ]
    ]
  },
  "image_index": 258,
  "directions": {
    "above": [
      0.0,
      0.0,
      1.0
    ],
    "front": [
      0.754490315914154,
      -0.6563112735748291,
      -0.0
    ],
    "behind": [
      -0.754490315914154,
      0.6563112735748291,
      0.0
    ],
    "right": [
      0.6563112735748291,
      0.7544902563095093,
      -0.0
    ],
    "below": [
      -0.0,
      -0.0,
      -1.0
    ],
    "left": [
      -0.6563112735748291,
      -0.7544902563095093,
      0.0
    ]
  },
  "split": "new",
  "objects": [
    {
      "shape": "cylinder",
      "material": "metal",
      "pixel_coords": [
        127,
        126,
        10.23012638092041
      ],
      "rotation": 163.205718625749,
      "3d_coords": [
        0.13737469911575317,
        -1.4155044555664062,
        0.3499999940395355
      ],
      "color": "red",
      "size": "small"
    },
    {
      "shape": "sphere",
      "material": "rubber",
      "pixel_coords": [
        200,
        89,
        12.661181449890137
      ],
      "rotation": 246.0526519186349,
      "3d_coords": [
        -0.3601347804069519,
        2.229130744934082,
        0.3499999940395355
      ],
      "color": "gray",
      "size": "small"
    },
    {
      "shape": "cube",
      "material": "rubber",
      "pixel_coords": [
        134,
        175,
        7.637303352355957
      ],
      "rotation": 248.6543509362361,
      "3d_coords": [
        2.4850571155548096,
        -2.920924186706543,
        0.699999988079071
      ],
      "color": "gray",
      "size": "large"
    },
    {
      "shape": "cylinder",
      "material": "metal",
      "pixel_coords": [
        53,
        92,
        11.524931907653809
      ],
      "rotation": 169.01361426374052,
      "3d_coords": [
        -2.7938718795776367,
        -2.255070924758911,
        0.699999988079071
      ],
      "color": "brown",
      "size": "large"
    },
    {
      "shape": "cube",
      "material": "rubber",
      "pixel_coords": [
        249,
        110,
        11.14904499053955
      ],
      "rotation": 319.3201827621076,
      "3d_coords": [
        1.8526510000228882,
        2.153785228729248,
        0.3499999940395355
      ],
      "color": "gray",
      "size": "small"
    },
    {
      "shape": "sphere",
      "material": "rubber",
      "pixel_coords": [
        159,
        64,
        13.946314811706543
      ],
      "rotation": 189.62949343202433,
      "3d_coords": [
        -2.575282573699951,
        2.197357654571533,
        0.699999988079071
      ],
      "color": "yellow",
      "size": "large"
    },
    {
      "shape": "cube",
      "material": "rubber",
      "pixel_coords": [
        117,
        80,
        13.356605529785156
      ],
      "rotation": 48.07216125987851,
      "3d_coords": [
        -2.9739317893981934,
        0.42584675550460815,
        0.3499999940395355
      ],
      "color": "brown",
      "size": "small"
    },
    {
      "shape": "cube",
      "material": "metal",
      "pixel_coords": [
        175,
        163,
        8.611700057983398
      ],
      "rotation": 300.84750105229153,
      "3d_coords": [
        2.409972667694092,
        -1.606372356414795,
        0.3499999940395355
      ],
      "color": "green",
      "size": "small"
    }
  ]
}