{
  "image_filename": "CLEVR_new_000114.png",
  "relationships": {
    "front": [
      [
        1,
        2,
        4,
        5,
        6
      ],
      [
        2,
        4,
        5,
        6
      ],
      [],
      [
        0,
        1,
        2,
        4,
        5,
        6,
        7
      ],
      [
        2,
        5,
        6
      ],
      [
        2,
        6
      ],
      [
        2
      ],
      [
        0,
        1,
        2,
        4,
        5,
        6
      ]
    ],
    "left": [
      [
        1,
        2,
        7
      ],
      [],
      [
        1,
        7
      ],
      [
        0,
        1,
        2,
        6,
        7
      ],
      [
        0,
        1,
        2,
        3,
        6,
        7
      ],
      [
        0,
        1,
        2,
        3,
        4,
        6,
        7
      ],
      [
        0,
        1,
        2,
        7
      ],
      [
        1
      ]
    ],
    "right": [
      [
        3,
        4,
        5,
        6
      ],
      [
        0,
        2,
        3,
        4,
        5,
        6,
        7
      ],
      [
        0,
        3,
        4,
        5,
        6
      ],
      [
        4,
        5
      ],
      [
        5
      ],
      [],
      [
        3,
        4,
        5
      ],
      [
        0,
        2,
        3,
        4,
        5,
        6
      ]
    ],
    "behind": [
      [
        3,
        7
      ],
      [
        0,
        3,
        7
      ],
      [
        0,
        1,
        3,
        4,
        5,
        6,
        7
      ],
      [],
      [
        0,
        1,
        3,
        7
      ],
      [
        0,
        1,
        3,
        4,
        7
      ],
      [
        0,
        1,
        3,
        4,
        5,
        7
      ],
      [
        3
      ]
    ]
  },
  "image_index": 114,
  "directions": {
    "above": [
      0.0,
      0.0,
      1.0
    ],
    "front": [
      0.754490315914154,
      -0.6563112735748291,
      -0.0
    ],
    "behind": [
      -0.754490315914154,
      0.6563112735748291,
      0.0
    ],
    "right": [
      0.6563112735748291,
      0.7544902563095093,
      -0.0
    ],
    "below": [
      -0.0,
      -0.0,
      -1.0
    ],
    "left": [
      -0.6563112735748291,
      -0.7544902563095093,
      0.0
    ]
  },
  "split": "new",
  "objects": [
    {
      "shape": "sphere",
      "material": "rubber",
      "pixel_coords": [
        166,
        92,
        11.877973556518555
      ],
      "rotation": 212.14949421901355,
      "3d_coords": [
        -0.44367140531539917,
        0.6045818328857422,
        0.699999988079071
      ],
      "color": "gray",
      "size": "large"
    },
    {
      "shape": "cylinder",
      "material": "metal",
      "pixel_coords": [
        98,
        108,
        11.573412895202637
      ],
      "rotation": 150.1538563689025,
      "3d_coords": [
        -1.4427847862243652,
        -1.476700782775879,
        0.3499999940395355
      ],
      "color": "green",
      "size": "small"
    },
    {
      "shape": "cylinder",
      "material": "metal",
      "pixel_coords": [
        121,
        155,
        8.486618041992188
      ],
      "rotation": 246.40764668064475,
      "3d_coords": [
        1.8321223258972168,
        -2.701003313064575,
        0.699999988079071
      ],
      "color": "blue",
      "size": "large"
    },
    {
      "shape": "sphere",
      "material": "metal",
      "pixel_coords": [
        190,
        75,
        13.288416862487793
      ],
      "rotation": 118.18543087147397,
      "3d_coords": [
        -1.0844955444335938,
        2.356754779815674,
        0.699999988079071
      ],
      "color": "red",
      "size": "large"
    },
    {
      "shape": "cylinder",
      "material": "rubber",
      "pixel_coords": [
        215,
        106,
        10.880990982055664
      ],
      "rotation": 83.54685821367406,
      "3d_coords": [
        1.3988713026046753,
        1.0817391872406006,
        0.699999988079071
      ],
      "color": "gray",
      "size": "large"
    },
    {
      "shape": "cube",
      "material": "metal",
      "pixel_coords": [
        260,
        127,
        10.435023307800293
      ],
      "rotation": 207.9066944345684,
      "3d_coords": [
        2.723250389099121,
        1.6142637729644775,
        0.3499999940395355
      ],
      "color": "blue",
      "size": "small"
    },
    {
      "shape": "cylinder",
      "material": "rubber",
      "pixel_coords": [
        179,
        133,
        10.106087684631348
      ],
      "rotation": 110.56765202219165,
      "3d_coords": [
        1.4986220598220825,
        -0.49093207716941833,
        0.3499999940395355
      ],
      "color": "green",
      "size": "small"
    },
    {
      "shape": "cube",
      "material": "metal",
      "pixel_coords": [
        120,
        80,
        12.857086181640625
      ],
      "rotation": 63.40686152479694,
      "3d_coords": [
        -2.3444249629974365,
        0.02332802675664425,
        0.699999988079071
      ],
      "color": "gray",
      "size": "large"
    }
  ]
}