{
  "split": "new",
  "directions": {
    "below": [
      -0.0,
      -0.0,
      -1.0
    ],
    "right": [
      0.6563112735748291,
      0.7544902563095093,
      -0.0
    ],
    "left": [
      -0.6563112735748291,
      -0.7544902563095093,
      0.0
    ],
    "behind": [
      -0.754490315914154,
      0.6563112735748291,
      0.0
    ],
    "front": [
      0.754490315914154,
      -0.6563112735748291,
      -0.0
    ],
    "above": [
      0.0,
      0.0,
      1.0
    ]
  },
  "relationships": {
    "left": [
      [
        1,
        2,
        3,
        4,
        5,
        6,
        7
      ],
      [
        2,
        3,
        4,
        5,
        6,
        7
      ],
      [
        3,
        4,
        5,
        6,
        7
      ],
      [
        6
      ],
      [
        3,
        6,
        7
      ],
      [
        3,
        4,
        6,
        7
      ],
      [],
      [
        3,
        6
      ]
    ],
    "behind": [
      [],
      [
        0,
        3,
        5,
        6,
        7
      ],
      [
        0,
        1,
        3,
        5,
        6,
        7
      ],
      [
        0,
        5,
        6,
        7
      ],
      [
        0,
        1,
        2,
        3,
        5,
        6,
        7
      ],
      [
        0,
        6,
        7
      ],
      [
        0,
        7
      ],
      [
        0
      ]
    ],
    "front": [
      [
        1,
        2,
        3,
        4,
        5,
        6,
        7
      ],
      [
        2,
        4
      ],
      [
        4
      ],
      [
        1,
        2,
        4
      ],
      [],
      [
        1,
        2,
        3,
        4
      ],
      [
        1,
        2,
        3,
        4,
        5
      ],
      [
        1,
        2,
        3,
        4,
        5,
        6
      ]
    ],
    "right": [
      [],
      [
        0
      ],
      [
        0,
        1
      ],
      [
        0,
        1,
        2,
        4,
        5,
        7
      ],
      [
        0,
        1,
        2,
        5
      ],
      [
        0,
        1,
        2
      ],
      [
        0,
        1,
        2,
        3,
        4,
        5,
        7
      ],
      [
        0,
        1,
        2,
        4,
        5
      ]
    ]
  },
  "objects": [
    {
      "pixel_coords": [
        223,
        84,
        12.311229705810547
      ],
      "color": "red",
      "material": "metal",
      "size": "large",
      "shape": "cylinder",
      "3d_coords": [
        0.24457098543643951,
        2.627628803253174,
        0.699999988079071
      ],
      "rotation": 340.725099754838
    },
    {
      "pixel_coords": [
        211,
        147,
        9.292075157165527
      ],
      "color": "blue",
      "material": "metal",
      "size": "small",
      "shape": "sphere",
      "3d_coords": [
        2.570297956466675,
        -0.26045364141464233,
        0.3499999940395355
      ],
      "rotation": 328.9362019080855
    },
    {
      "pixel_coords": [
        183,
        164,
        8.607327461242676
      ],
      "color": "blue",
      "material": "rubber",
      "size": "small",
      "shape": "cylinder",
      "3d_coords": [
        2.6989259719848633,
        -1.3633439540863037,
        0.3499999940395355
      ],
      "rotation": 71.54513121557385
    },
    {
      "pixel_coords": [
        86,
        125,
        10.385469436645508
      ],
      "color": "blue",
      "material": "rubber",
      "size": "small",
      "shape": "sphere",
      "3d_coords": [
        -0.5910537838935852,
        -2.330763101577759,
        0.3499999940395355
      ],
      "rotation": 307.7203248214552
    },
    {
      "pixel_coords": [
        114,
        162,
        8.062063217163086
      ],
      "color": "purple",
      "material": "rubber",
      "size": "large",
      "shape": "cube",
      "3d_coords": [
        2.0453097820281982,
        -2.916846752166748,
        0.699999988079071
      ],
      "rotation": 298.8636862523959
    },
    {
      "pixel_coords": [
        158,
        109,
        10.549081802368164
      ],
      "color": "brown",
      "material": "rubber",
      "size": "large",
      "shape": "cube",
      "3d_coords": [
        0.4333242177963257,
        -0.3949719965457916,
        0.699999988079071
      ],
      "rotation": 262.7427348621666
    },
    {
      "pixel_coords": [
        48,
        100,
        11.899240493774414
      ],
      "color": "yellow",
      "material": "metal",
      "size": "small",
      "shape": "sphere",
      "3d_coords": [
        -2.921131134033203,
        -2.5441761016845703,
        0.3499999940395355
      ],
      "rotation": 233.3606200524657
    },
    {
      "pixel_coords": [
        116,
        86,
        12.137741088867188
      ],
      "color": "green",
      "material": "rubber",
      "size": "large",
      "shape": "cylinder",
      "3d_coords": [
        -1.9026554822921753,
        -0.47718432545661926,
        0.699999988079071
      ],
      "rotation": 124.98195189932511
    }
  ],
  "image_filename": "CLEVR_new_000735.png",
  "image_index": 735
}