{
  "image_filename": "CLEVR_new_000376.png",
  "relationships": {
    "front": [
      [
        1
      ],
      [],
      [
        0,
        1,
        4
      ],
      [
        0,
        1,
        2,
        4
      ],
      [
        0,
        1
      ],
      [
        0,
        1,
        2,
        3,
        4,
        6,
        7
      ],
      [
        0,
        1,
        2,
        3,
        4
      ],
      [
        0,
        1,
        2,
        3,
        4,
        6
      ]
    ],
    "left": [
      [
        1,
        4,
        5,
        6,
        7
      ],
      [
        4,
        7
      ],
      [
        0,
        1,
        3,
        4,
        5,
        6,
        7
      ],
      [
        0,
        1,
        4,
        5,
        6,
        7
      ],
      [
        7
      ],
      [
        1,
        4,
        6,
        7
      ],
      [
        1,
        4,
        7
      ],
      []
    ],
    "right": [
      [
        2,
        3
      ],
      [
        0,
        2,
        3,
        5,
        6
      ],
      [],
      [
        2
      ],
      [
        0,
        1,
        2,
        3,
        5,
        6
      ],
      [
        0,
        2,
        3
      ],
      [
        0,
        2,
        3,
        5
      ],
      [
        0,
        1,
        2,
        3,
        4,
        5,
        6
      ]
    ],
    "behind": [
      [
        2,
        3,
        4,
        5,
        6,
        7
      ],
      [
        0,
        2,
        3,
        4,
        5,
        6,
        7
      ],
      [
        3,
        5,
        6,
        7
      ],
      [
        5,
        6,
        7
      ],
      [
        2,
        3,
        5,
        6,
        7
      ],
      [],
      [
        5,
        7
      ],
      [
        5
      ]
    ]
  },
  "image_index": 376,
  "directions": {
    "above": [
      0.0,
      0.0,
      1.0
    ],
    "front": [
      0.754490315914154,
      -0.6563112735748291,
      -0.0
    ],
    "behind": [
      -0.754490315914154,
      0.6563112735748291,
      0.0
    ],
    "right": [
      0.6563112735748291,
      0.7544902563095093,
      -0.0
    ],
    "below": [
      -0.0,
      -0.0,
      -1.0
    ],
    "left": [
      -0.6563112735748291,
      -0.7544902563095093,
      0.0
    ]
  },
  "split": "new",
  "objects": [
    {
      "shape": "cube",
      "material": "rubber",
      "pixel_coords": [
        218,
        130,
        10.331082344055176
      ],
      "rotation": 62.42363525646974,
      "3d_coords": [
        2.0591578483581543,
        0.43417102098464966,
        0.3499999940395355
      ],
      "color": "blue",
      "size": "small"
    },
    {
      "shape": "cube",
      "material": "metal",
      "pixel_coords": [
        131,
        176,
        8.435128211975098
      ],
      "rotation": 4.137713401290726,
      "3d_coords": [
        2.0679218769073486,
        -2.802727222442627,
        0.3499999940395355
      ],
      "color": "yellow",
      "size": "small"
    },
    {
      "shape": "cylinder",
      "material": "metal",
      "pixel_coords": [
        283,
        113,
        11.290175437927246
      ],
      "rotation": 128.18544721218763,
      "3d_coords": [
        2.764850378036499,
        2.863670825958252,
        0.3499999940395355
      ],
      "color": "purple",
      "size": "small"
    },
    {
      "shape": "cube",
      "material": "rubber",
      "pixel_coords": [
        228,
        94,
        11.698450088500977
      ],
      "rotation": 337.7925621890845,
      "3d_coords": [
        1.1340817213058472,
        2.0342228412628174,
        0.699999988079071
      ],
      "color": "blue",
      "size": "large"
    },
    {
      "shape": "cylinder",
      "material": "metal",
      "pixel_coords": [
        121,
        124,
        10.645158767700195
      ],
      "rotation": 200.49798227875863,
      "3d_coords": [
        -0.12366292625665665,
        -1.462711215019226,
        0.3499999940395355
      ],
      "color": "green",
      "size": "small"
    },
    {
      "shape": "cube",
      "material": "rubber",
      "pixel_coords": [
        178,
        77,
        13.937654495239258
      ],
      "rotation": 220.43606573973844,
      "3d_coords": [
        -1.6663634777069092,
        2.4547059535980225,
        0.3499999940395355
      ],
      "color": "green",
      "size": "small"
    },
    {
      "shape": "sphere",
      "material": "rubber",
      "pixel_coords": [
        153,
        88,
        12.14334774017334
      ],
      "rotation": 42.349874324318804,
      "3d_coords": [
        -0.9257268309593201,
        0.4985681176185608,
        0.699999988079071
      ],
      "color": "red",
      "size": "large"
    },
    {
      "shape": "sphere",
      "material": "rubber",
      "pixel_coords": [
        112,
        88,
        13.000716209411621
      ],
      "rotation": 251.03582227304224,
      "3d_coords": [
        -2.5372207164764404,
        -0.12108120322227478,
        0.3499999940395355
      ],
      "color": "gray",
      "size": "small"
    }
  ]
}