{
  "image_filename": "CLEVR_new_000072.png",
  "relationships": {
    "front": [
      [
        1,
        2,
        3,
        4,
        6,
        7
      ],
      [
        6
      ],
      [
        1,
        3,
        6,
        7
      ],
      [
        1,
        6
      ],
      [
        1,
        2,
        3,
        6,
        7
      ],
      [
        0,
        1,
        2,
        3,
        4,
        6,
        7
      ],
      [],
      [
        1,
        3,
        6
      ]
    ],
    "left": [
      [],
      [
        0,
        3,
        4,
        5
      ],
      [
        0,
        1,
        3,
        4,
        5,
        6,
        7
      ],
      [
        0
      ],
      [
        0,
        3
      ],
      [
        0,
        3,
        4
      ],
      [
        0,
        1,
        3,
        4,
        5
      ],
      [
        0,
        1,
        3,
        4,
        5,
        6
      ]
    ],
    "right": [
      [
        1,
        2,
        3,
        4,
        5,
        6,
        7
      ],
      [
        2,
        6,
        7
      ],
      [],
      [
        1,
        2,
        4,
        5,
        6,
        7
      ],
      [
        1,
        2,
        5,
        6,
        7
      ],
      [
        1,
        2,
        6,
        7
      ],
      [
        2,
        7
      ],
      [
        2
      ]
    ],
    "behind": [
      [
        5
      ],
      [
        0,
        2,
        3,
        4,
        5,
        7
      ],
      [
        0,
        4,
        5
      ],
      [
        0,
        2,
        4,
        5,
        7
      ],
      [
        0,
        5
      ],
      [],
      [
        0,
        1,
        2,
        3,
        4,
        5,
        7
      ],
      [
        0,
        2,
        4,
        5
      ]
    ]
  },
  "image_index": 72,
  "directions": {
    "above": [
      0.0,
      0.0,
      1.0
    ],
    "front": [
      0.754490315914154,
      -0.6563112735748291,
      -0.0
    ],
    "behind": [
      -0.754490315914154,
      0.6563112735748291,
      0.0
    ],
    "right": [
      0.6563112735748291,
      0.7544902563095093,
      -0.0
    ],
    "below": [
      -0.0,
      -0.0,
      -1.0
    ],
    "left": [
      -0.6563112735748291,
      -0.7544902563095093,
      0.0
    ]
  },
  "split": "new",
  "objects": [
    {
      "shape": "sphere",
      "material": "rubber",
      "pixel_coords": [
        76,
        88,
        11.315701484680176
      ],
      "rotation": 259.6340481866452,
      "3d_coords": [
        -2.427009105682373,
        -1.5233911275863647,
        0.699999988079071
      ],
      "color": "blue",
      "size": "large"
    },
    {
      "shape": "sphere",
      "material": "rubber",
      "pixel_coords": [
        159,
        153,
        8.506919860839844
      ],
      "rotation": 241.88031493180935,
      "3d_coords": [
        1.8674681186676025,
        -1.5682605504989624,
        0.3499999940395355
      ],
      "color": "red",
      "size": "small"
    },
    {
      "shape": "cylinder",
      "material": "rubber",
      "pixel_coords": [
        268,
        120,
        10.080355644226074
      ],
      "rotation": 49.63516932799793,
      "3d_coords": [
        2.5069198608398438,
        1.9679138660430908,
        0.3499999940395355
      ],
      "color": "gray",
      "size": "small"
    },
    {
      "shape": "sphere",
      "material": "rubber",
      "pixel_coords": [
        73,
        127,
        8.971498489379883
      ],
      "rotation": 254.05418842612093,
      "3d_coords": [
        -0.08071611821651459,
        -2.818234443664551,
        0.699999988079071
      ],
      "color": "purple",
      "size": "large"
    },
    {
      "shape": "cylinder",
      "material": "metal",
      "pixel_coords": [
        117,
        98,
        10.58599853515625
      ],
      "rotation": 61.063275427257594,
      "3d_coords": [
        -0.8805527091026306,
        -0.9434690475463867,
        0.699999988079071
      ],
      "color": "gray",
      "size": "large"
    },
    {
      "shape": "cube",
      "material": "rubber",
      "pixel_coords": [
        147,
        78,
        12.143326759338379
      ],
      "rotation": 250.65443411785444,
      "3d_coords": [
        -1.6980438232421875,
        0.8095291256904602,
        0.699999988079071
      ],
      "color": "gray",
      "size": "large"
    },
    {
      "shape": "cube",
      "material": "rubber",
      "pixel_coords": [
        200,
        166,
        8.005019187927246
      ],
      "rotation": 110.5419742765488,
      "3d_coords": [
        2.8944029808044434,
        -1.2136353254318237,
        0.3499999940395355
      ],
      "color": "green",
      "size": "small"
    },
    {
      "shape": "cube",
      "material": "rubber",
      "pixel_coords": [
        225,
        132,
        9.438358306884766
      ],
      "rotation": 0.974931898006588,
      "3d_coords": [
        2.1934332847595215,
        0.4617482125759125,
        0.3499999940395355
      ],
      "color": "gray",
      "size": "small"
    }
  ]
}