{
  "relationships": {
    "behind": [
      [
        1,
        2,
        5,
        7
      ],
      [],
      [
        1,
        5,
        7
      ],
      [
        0,
        1,
        2,
        4,
        5,
        7
      ],
      [
        0,
        1,
        2,
        5,
        7
      ],
      [
        1,
        7
      ],
      [
        0,
        1,
        2,
        3,
        4,
        5,
        7
      ],
      [
        1
      ]
    ],
    "front": [
      [
        3,
        4,
        6
      ],
      [
        0,
        2,
        3,
        4,
        5,
        6,
        7
      ],
      [
        0,
        3,
        4,
        6
      ],
      [
        6
      ],
      [
        3,
        6
      ],
      [
        0,
        2,
        3,
        4,
        6
      ],
      [],
      [
        0,
        2,
        3,
        4,
        5,
        6
      ]
    ],
    "right": [
      [
        3
      ],
      [
        0,
        3,
        5
      ],
      [
        0,
        1,
        3,
        5
      ],
      [],
      [
        0,
        1,
        2,
        3,
        5,
        6,
        7
      ],
      [
        0,
        3
      ],
      [
        0,
        1,
        2,
        3,
        5,
        7
      ],
      [
        0,
        1,
        2,
        3,
        5
      ]
    ],
    "left": [
      [
        1,
        2,
        4,
        5,
        6,
        7
      ],
      [
        2,
        4,
        6,
        7
      ],
      [
        4,
        6,
        7
      ],
      [
        0,
        1,
        2,
        4,
        5,
        6,
        7
      ],
      [],
      [
        1,
        2,
        4,
        6,
        7
      ],
      [
        4
      ],
      [
        4,
        6
      ]
    ]
  },
  "image_index": 10,
  "split": "new",
  "directions": {
    "front": [
      0.754490315914154,
      -0.6563112735748291,
      -0.0
    ],
    "right": [
      0.6563112735748291,
      0.7544902563095093,
      -0.0
    ],
    "below": [
      -0.0,
      -0.0,
      -1.0
    ],
    "behind": [
      -0.754490315914154,
      0.6563112735748291,
      0.0
    ],
    "left": [
      -0.6563112735748291,
      -0.7544902563095093,
      0.0
    ],
    "above": [
      0.0,
      0.0,
      1.0
    ]
  },
  "image_filename": "CLEVR_new_000010.png",
  "objects": [
    {
      "size": "small",
      "color": "green",
      "3d_coords": [
        0.8968799710273743,
        1.728693962097168,
        0.3499999940395355
      ],
      "material": "metal",
      "shape": "cube",
      "rotation": 112.78124136655921,
      "pixel_coords": [
        217,
        103,
        11.37035083770752
      ]
    },
    {
      "size": "small",
      "color": "yellow",
      "3d_coords": [
        -2.756620407104492,
        2.87088942527771,
        0.3499999940395355
      ],
      "material": "rubber",
      "shape": "cube",
      "rotation": 148.33979020967953,
      "pixel_coords": [
        164,
        68,
        14.415553092956543
      ]
    },
    {
      "size": "small",
      "color": "blue",
      "3d_coords": [
        -0.9552721977233887,
        0.35679757595062256,
        0.3499999940395355
      ],
      "material": "rubber",
      "shape": "cube",
      "rotation": 54.28404364128773,
      "pixel_coords": [
        148,
        98,
        11.710816383361816
      ]
    },
    {
      "size": "large",
      "color": "red",
      "3d_coords": [
        2.628296375274658,
        2.4793214797973633,
        0.699999988079071
      ],
      "material": "metal",
      "shape": "cylinder",
      "rotation": 217.6050194107438,
      "pixel_coords": [
        280,
        102,
        10.56399917602539
      ]
    },
    {
      "size": "large",
      "color": "red",
      "3d_coords": [
        -2.1220383644104004,
        -2.3568222522735596,
        0.699999988079071
      ],
      "material": "metal",
      "shape": "sphere",
      "rotation": 241.58495025981006,
      "pixel_coords": [
        56,
        101,
        10.624565124511719
      ]
    },
    {
      "size": "small",
      "color": "gray",
      "3d_coords": [
        -0.5705292224884033,
        1.8141769170761108,
        0.3499999940395355
      ],
      "material": "metal",
      "shape": "sphere",
      "rotation": 102.04015671326539,
      "pixel_coords": [
        186,
        90,
        12.363210678100586
      ]
    },
    {
      "size": "large",
      "color": "brown",
      "3d_coords": [
        -0.08015348017215729,
        -2.009404420852661,
        0.699999988079071
      ],
      "material": "rubber",
      "shape": "cylinder",
      "rotation": 183.89539198704833,
      "pixel_coords": [
        105,
        120,
        9.530659675598145
      ]
    },
    {
      "size": "small",
      "color": "brown",
      "3d_coords": [
        -2.4478912353515625,
        1.096632957458496,
        0.3499999940395355
      ],
      "material": "rubber",
      "shape": "cube",
      "rotation": 55.03907178951324,
      "pixel_coords": [
        136,
        81,
        13.123421669006348
      ]
    }
  ]
}