{
  "split": "new",
  "directions": {
    "below": [
      -0.0,
      -0.0,
      -1.0
    ],
    "right": [
      0.6563112735748291,
      0.7544902563095093,
      -0.0
    ],
    "left": [
      -0.6563112735748291,
      -0.7544902563095093,
      0.0
    ],
    "behind": [
      -0.754490315914154,
      0.6563112735748291,
      0.0
    ],
    "front": [
      0.754490315914154,
      -0.6563112735748291,
      -0.0
    ],
    "above": [
      0.0,
      0.0,
      1.0
    ]
  },
  "relationships": {
    "left": [
      [
        1,
        2,
        3,
        4,
        6,
        7
      ],
      [
        2,
        3,
        4,
        7
      ],
      [
        7
      ],
      [
        2,
        4,
        7
      ],
      [
        2,
        7
      ],
      [
        0,
        1,
        2,
        3,
        4,
        6,
        7
      ],
      [
        1,
        2,
        3,
        4,
        7
      ],
      []
    ],
    "behind": [
      [
        1,
        2,
        3
      ],
      [],
      [
        1
      ],
      [
        1,
        2
      ],
      [
        0,
        1,
        2,
        3
      ],
      [
        0,
        1,
        2,
        3,
        4,
        7
      ],
      [
        0,
        1,
        2,
        3,
        4,
        5,
        7
      ],
      [
        0,
        1,
        2,
        3,
        4
      ]
    ],
    "front": [
      [
        4,
        5,
        6,
        7
      ],
      [
        0,
        2,
        3,
        4,
        5,
        6,
        7
      ],
      [
        0,
        3,
        4,
        5,
        6,
        7
      ],
      [
        0,
        4,
        5,
        6,
        7
      ],
      [
        5,
        6,
        7
      ],
      [
        6
      ],
      [],
      [
        5,
        6
      ]
    ],
    "right": [
      [
        5
      ],
      [
        0,
        5,
        6
      ],
      [
        0,
        1,
        3,
        4,
        5,
        6
      ],
      [
        0,
        1,
        5,
        6
      ],
      [
        0,
        1,
        3,
        5,
        6
      ],
      [],
      [
        0,
        5
      ],
      [
        0,
        1,
        2,
        3,
        4,
        5,
        6
      ]
    ]
  },
  "objects": [
    {
      "pixel_coords": [
        215,
        99,
        11.287896156311035
      ],
      "color": "brown",
      "material": "metal",
      "size": "large",
      "shape": "sphere",
      "3d_coords": [
        1.046964406967163,
        1.4549919366836548,
        0.699999988079071
      ],
      "rotation": 26.908161827055416
    },
    {
      "pixel_coords": [
        169,
        62,
        14.271154403686523
      ],
      "color": "gray",
      "material": "rubber",
      "size": "large",
      "shape": "sphere",
      "3d_coords": [
        -2.488037347793579,
        2.5932581424713135,
        0.699999988079071
      ],
      "rotation": 130.59072886507934
    },
    {
      "pixel_coords": [
        116,
        81,
        12.553670883178711
      ],
      "color": "yellow",
      "material": "rubber",
      "size": "large",
      "shape": "cube",
      "3d_coords": [
        -2.230510711669922,
        -0.16803020238876343,
        0.699999988079071
      ],
      "rotation": 114.80555205317613
    },
    {
      "pixel_coords": [
        150,
        96,
        12.283487319946289
      ],
      "color": "gray",
      "material": "metal",
      "size": "small",
      "shape": "cylinder",
      "3d_coords": [
        -1.0614405870437622,
        0.4247071146965027,
        0.3499999940395355
      ],
      "rotation": 266.9848955800858
    },
    {
      "pixel_coords": [
        129,
        105,
        10.904573440551758
      ],
      "color": "red",
      "material": "rubber",
      "size": "large",
      "shape": "cylinder",
      "3d_coords": [
        -0.39820414781570435,
        -0.9415291547775269,
        0.699999988079071
      ],
      "rotation": 319.6697018104243
    },
    {
      "pixel_coords": [
        250,
        126,
        9.830085754394531
      ],
      "color": "purple",
      "material": "metal",
      "size": "large",
      "shape": "sphere",
      "3d_coords": [
        2.802783727645874,
        0.9323976635932922,
        0.699999988079071
      ],
      "rotation": 313.03119010676556
    },
    {
      "pixel_coords": [
        199,
        159,
        9.054161071777344
      ],
      "color": "blue",
      "material": "metal",
      "size": "small",
      "shape": "cube",
      "3d_coords": [
        2.6594979763031006,
        -0.9326029419898987,
        0.3499999940395355
      ],
      "rotation": 157.56040680004088
    },
    {
      "pixel_coords": [
        83,
        126,
        10.499130249023438
      ],
      "color": "gray",
      "material": "rubber",
      "size": "small",
      "shape": "sphere",
      "3d_coords": [
        -0.7518756985664368,
        -2.3943257331848145,
        0.3499999940395355
      ],
      "rotation": 285.0177410025162
    }
  ],
  "image_filename": "CLEVR_new_000938.png",
  "image_index": 938
}