{
  "split": "new",
  "directions": {
    "below": [
      -0.0,
      -0.0,
      -1.0
    ],
    "right": [
      0.6563112735748291,
      0.7544902563095093,
      -0.0
    ],
    "left": [
      -0.6563112735748291,
      -0.7544902563095093,
      0.0
    ],
    "behind": [
      -0.754490315914154,
      0.6563112735748291,
      0.0
    ],
    "front": [
      0.754490315914154,
      -0.6563112735748291,
      -0.0
    ],
    "above": [
      0.0,
      0.0,
      1.0
    ]
  },
  "relationships": {
    "left": [
      [],
      [
        0
      ],
      [
        0,
        1,
        4,
        6
      ],
      [
        0,
        1,
        2,
        4,
        6,
        7
      ],
      [
        0,
        1
      ],
      [
        0,
        1,
        2,
        3,
        4,
        6,
        7
      ],
      [
        0,
        1,
        4
      ],
      [
        0,
        1,
        2,
        4,
        6
      ]
    ],
    "behind": [
      [
        3,
        4
      ],
      [
        0,
        2,
        3,
        4,
        5
      ],
      [
        0,
        3,
        4
      ],
      [
        4
      ],
      [],
      [
        0,
        2,
        3,
        4
      ],
      [
        0,
        1,
        2,
        3,
        4,
        5
      ],
      [
        0,
        1,
        2,
        3,
        4,
        5,
        6
      ]
    ],
    "front": [
      [
        1,
        2,
        5,
        6,
        7
      ],
      [
        6,
        7
      ],
      [
        1,
        5,
        6,
        7
      ],
      [
        0,
        1,
        2,
        5,
        6,
        7
      ],
      [
        0,
        1,
        2,
        3,
        5,
        6,
        7
      ],
      [
        1,
        6,
        7
      ],
      [
        7
      ],
      []
    ],
    "right": [
      [
        1,
        2,
        3,
        4,
        5,
        6,
        7
      ],
      [
        2,
        3,
        4,
        5,
        6,
        7
      ],
      [
        3,
        5,
        7
      ],
      [
        5
      ],
      [
        2,
        3,
        5,
        6,
        7
      ],
      [],
      [
        2,
        3,
        5,
        7
      ],
      [
        3,
        5
      ]
    ]
  },
  "objects": [
    {
      "pixel_coords": [
        78,
        92,
        12.188737869262695
      ],
      "color": "blue",
      "material": "rubber",
      "size": "small",
      "shape": "cylinder",
      "3d_coords": [
        -2.9209632873535156,
        -1.292983055114746,
        0.3499999940395355
      ],
      "rotation": 317.72615160777355
    },
    {
      "pixel_coords": [
        81,
        130,
        9.863428115844727
      ],
      "color": "green",
      "material": "rubber",
      "size": "small",
      "shape": "sphere",
      "3d_coords": [
        -0.46956831216812134,
        -2.4862966537475586,
        0.3499999940395355
      ],
      "rotation": 205.53613876386663
    },
    {
      "pixel_coords": [
        166,
        98,
        11.70695972442627
      ],
      "color": "green",
      "material": "rubber",
      "size": "small",
      "shape": "cylinder",
      "3d_coords": [
        -0.5534375905990601,
        0.7106397747993469,
        0.3499999940395355
      ],
      "rotation": 165.287592027453
    },
    {
      "pixel_coords": [
        215,
        76,
        12.518328666687012
      ],
      "color": "brown",
      "material": "metal",
      "size": "large",
      "shape": "sphere",
      "3d_coords": [
        -0.2923327386379242,
        2.778691291809082,
        0.699999988079071
      ],
      "rotation": 299.27958265259065
    },
    {
      "pixel_coords": [
        138,
        73,
        13.719404220581055
      ],
      "color": "brown",
      "material": "metal",
      "size": "small",
      "shape": "cylinder",
      "3d_coords": [
        -2.995011329650879,
        1.3560633659362793,
        0.3499999940395355
      ],
      "rotation": 215.38208291994178
    },
    {
      "pixel_coords": [
        275,
        112,
        10.0584077835083
      ],
      "color": "yellow",
      "material": "metal",
      "size": "large",
      "shape": "sphere",
      "3d_coords": [
        2.7341411113739014,
        2.0405969619750977,
        0.699999988079071
      ],
      "rotation": 157.60821004328125
    },
    {
      "pixel_coords": [
        137,
        138,
        8.821866989135742
      ],
      "color": "red",
      "material": "rubber",
      "size": "large",
      "shape": "cylinder",
      "3d_coords": [
        1.3414456844329834,
        -1.857523798942566,
        0.699999988079071
      ],
      "rotation": 273.2722542214414
    },
    {
      "pixel_coords": [
        210,
        160,
        8.574188232421875
      ],
      "color": "gray",
      "material": "metal",
      "size": "small",
      "shape": "cube",
      "3d_coords": [
        2.849228620529175,
        -0.7759809494018555,
        0.3499999940395355
      ],
      "rotation": 38.808783981974464
    }
  ],
  "image_filename": "CLEVR_new_000781.png",
  "image_index": 781
}