{
  "split": "new",
  "directions": {
    "below": [
      -0.0,
      -0.0,
      -1.0
    ],
    "right": [
      0.6563112735748291,
      0.7544902563095093,
      -0.0
    ],
    "left": [
      -0.6563112735748291,
      -0.7544902563095093,
      0.0
    ],
    "behind": [
      -0.754490315914154,
      0.6563112735748291,
      0.0
    ],
    "front": [
      0.754490315914154,
      -0.6563112735748291,
      -0.0
    ],
    "above": [
      0.0,
      0.0,
      1.0
    ]
  },
  "relationships": {
    "left": [
      [
        1,
        2,
        4,
        7
      ],
      [],
      [
        1
      ],
      [
        0,
        1,
        2,
        4,
        5,
        7
      ],
      [
        1,
        2
      ],
      [
        0,
        1,
        2,
        4,
        7
      ],
      [
        0,
        1,
        2,
        3,
        4,
        5,
        7
      ],
      [
        1,
        2,
        4
      ]
    ],
    "behind": [
      [
        1,
        4,
        5,
        6,
        7
      ],
      [
        4,
        5,
        7
      ],
      [
        0,
        1,
        4,
        5,
        6,
        7
      ],
      [
        0,
        1,
        2,
        4,
        5,
        6,
        7
      ],
      [
        5
      ],
      [],
      [
        1,
        4,
        5,
        7
      ],
      [
        4,
        5
      ]
    ],
    "front": [
      [
        2,
        3
      ],
      [
        0,
        2,
        3,
        6
      ],
      [
        3
      ],
      [],
      [
        0,
        1,
        2,
        3,
        6,
        7
      ],
      [
        0,
        1,
        2,
        3,
        4,
        6,
        7
      ],
      [
        0,
        2,
        3
      ],
      [
        0,
        1,
        2,
        3,
        6
      ]
    ],
    "right": [
      [
        3,
        5,
        6
      ],
      [
        0,
        2,
        3,
        4,
        5,
        6,
        7
      ],
      [
        0,
        3,
        4,
        5,
        6,
        7
      ],
      [
        6
      ],
      [
        0,
        3,
        5,
        6,
        7
      ],
      [
        3,
        6
      ],
      [],
      [
        0,
        3,
        5,
        6
      ]
    ]
  },
  "objects": [
    {
      "pixel_coords": [
        176,
        117,
        10.837620735168457
      ],
      "color": "green",
      "material": "rubber",
      "size": "small",
      "shape": "cube",
      "3d_coords": [
        0.6672818064689636,
        0.0735563114285469,
        0.3499999940395355
      ],
      "rotation": 29.654258452040196
    },
    {
      "pixel_coords": [
        77,
        90,
        11.769691467285156
      ],
      "color": "gray",
      "material": "metal",
      "size": "large",
      "shape": "cube",
      "3d_coords": [
        -2.390263557434082,
        -1.6204869747161865,
        0.699999988079071
      ],
      "rotation": 331.1642537461344
    },
    {
      "pixel_coords": [
        81,
        125,
        9.73159122467041
      ],
      "color": "purple",
      "material": "metal",
      "size": "large",
      "shape": "cube",
      "3d_coords": [
        -0.23258505761623383,
        -2.679819107055664,
        0.699999988079071
      ],
      "rotation": 316.72735646358035
    },
    {
      "pixel_coords": [
        222,
        143,
        8.924915313720703
      ],
      "color": "gray",
      "material": "rubber",
      "size": "large",
      "shape": "sphere",
      "3d_coords": [
        2.907865047454834,
        -0.3558505177497864,
        0.699999988079071
      ],
      "rotation": 67.18616441989964
    },
    {
      "pixel_coords": [
        121,
        85,
        13.018146514892578
      ],
      "color": "red",
      "material": "rubber",
      "size": "small",
      "shape": "sphere",
      "3d_coords": [
        -2.483710527420044,
        0.19605638086795807,
        0.3499999940395355
      ],
      "rotation": 195.3006609403461
    },
    {
      "pixel_coords": [
        188,
        66,
        13.779890060424805
      ],
      "color": "gray",
      "material": "metal",
      "size": "large",
      "shape": "cube",
      "3d_coords": [
        -1.6781991720199585,
        2.8319873809814453,
        0.699999988079071
      ],
      "rotation": 139.35045551392733
    },
    {
      "pixel_coords": [
        273,
        110,
        11.25727653503418
      ],
      "color": "purple",
      "material": "rubber",
      "size": "small",
      "shape": "cylinder",
      "3d_coords": [
        2.318931818008423,
        2.8063483238220215,
        0.3499999940395355
      ],
      "rotation": 139.12504716649659
    },
    {
      "pixel_coords": [
        161,
        92,
        12.451456069946289
      ],
      "color": "gray",
      "material": "rubber",
      "size": "small",
      "shape": "cube",
      "3d_coords": [
        -1.0421875715255737,
        0.9112328290939331,
        0.3499999940395355
      ],
      "rotation": 84.06761469647965
    }
  ],
  "image_filename": "CLEVR_new_000634.png",
  "image_index": 634
}