{
  "image_filename": "CLEVR_new_000508.png",
  "relationships": {
    "front": [
      [],
      [
        0,
        7
      ],
      [
        0,
        1,
        7
      ],
      [
        0,
        1,
        2,
        4,
        6,
        7
      ],
      [
        0,
        1,
        2,
        6,
        7
      ],
      [
        0,
        1,
        2,
        3,
        4,
        6,
        7
      ],
      [
        0,
        1,
        2,
        7
      ],
      [
        0
      ]
    ],
    "left": [
      [
        1,
        2,
        3,
        4
      ],
      [
        2,
        3,
        4
      ],
      [
        3,
        4
      ],
      [
        4
      ],
      [],
      [
        0,
        1,
        2,
        3,
        4
      ],
      [
        0,
        1,
        2,
        3,
        4,
        5,
        7
      ],
      [
        0,
        1,
        2,
        3,
        4,
        5
      ]
    ],
    "right": [
      [
        5,
        6,
        7
      ],
      [
        0,
        5,
        6,
        7
      ],
      [
        0,
        1,
        5,
        6,
        7
      ],
      [
        0,
        1,
        2,
        5,
        6,
        7
      ],
      [
        0,
        1,
        2,
        3,
        5,
        6,
        7
      ],
      [
        6,
        7
      ],
      [],
      [
        6
      ]
    ],
    "behind": [
      [
        1,
        2,
        3,
        4,
        5,
        6,
        7
      ],
      [
        2,
        3,
        4,
        5,
        6
      ],
      [
        3,
        4,
        5,
        6
      ],
      [
        5
      ],
      [
        3,
        5
      ],
      [],
      [
        3,
        4,
        5
      ],
      [
        1,
        2,
        3,
        4,
        5,
        6
      ]
    ]
  },
  "image_index": 508,
  "directions": {
    "above": [
      0.0,
      0.0,
      1.0
    ],
    "front": [
      0.754490315914154,
      -0.6563112735748291,
      -0.0
    ],
    "behind": [
      -0.754490315914154,
      0.6563112735748291,
      0.0
    ],
    "right": [
      0.6563112735748291,
      0.7544902563095093,
      -0.0
    ],
    "below": [
      -0.0,
      -0.0,
      -1.0
    ],
    "left": [
      -0.6563112735748291,
      -0.7544902563095093,
      0.0
    ]
  },
  "split": "new",
  "objects": [
    {
      "shape": "sphere",
      "material": "metal",
      "pixel_coords": [
        185,
        168,
        7.950019359588623
      ],
      "rotation": 142.2189033512877,
      "3d_coords": [
        2.811609983444214,
        -1.7755126953125,
        0.699999988079071
      ],
      "color": "purple",
      "size": "large"
    },
    {
      "shape": "cylinder",
      "material": "metal",
      "pixel_coords": [
        154,
        127,
        9.446688652038574
      ],
      "rotation": 355.8535541353584,
      "3d_coords": [
        1.030443549156189,
        -1.1408677101135254,
        0.699999988079071
      ],
      "color": "blue",
      "size": "large"
    },
    {
      "shape": "cube",
      "material": "rubber",
      "pixel_coords": [
        119,
        118,
        10.526342391967773
      ],
      "rotation": 120.19683458294081,
      "3d_coords": [
        -0.47902268171310425,
        -1.2475310564041138,
        0.3499999940395355
      ],
      "color": "green",
      "size": "small"
    },
    {
      "shape": "sphere",
      "material": "rubber",
      "pixel_coords": [
        107,
        83,
        12.672181129455566
      ],
      "rotation": 153.02075213877336,
      "3d_coords": [
        -2.795109748840332,
        -0.07398242503404617,
        0.3499999940395355
      ],
      "color": "blue",
      "size": "small"
    },
    {
      "shape": "cube",
      "material": "rubber",
      "pixel_coords": [
        43,
        93,
        11.170867919921875
      ],
      "rotation": 285.32222580754984,
      "3d_coords": [
        -2.859544038772583,
        -2.4487662315368652,
        0.699999988079071
      ],
      "color": "gray",
      "size": "large"
    },
    {
      "shape": "cylinder",
      "material": "rubber",
      "pixel_coords": [
        185,
        70,
        13.6822509765625
      ],
      "rotation": 169.82211420642278,
      "3d_coords": [
        -1.7141095399856567,
        2.88700270652771,
        0.3499999940395355
      ],
      "color": "red",
      "size": "small"
    },
    {
      "shape": "sphere",
      "material": "rubber",
      "pixel_coords": [
        275,
        107,
        11.105066299438477
      ],
      "rotation": 196.35488817539155,
      "3d_coords": [
        2.28708553314209,
        2.830425500869751,
        0.3499999940395355
      ],
      "color": "yellow",
      "size": "small"
    },
    {
      "shape": "sphere",
      "material": "rubber",
      "pixel_coords": [
        230,
        150,
        9.15001106262207
      ],
      "rotation": 64.91038346637767,
      "3d_coords": [
        2.7698428630828857,
        -0.04411697015166283,
        0.3499999940395355
      ],
      "color": "purple",
      "size": "small"
    }
  ]
}