{
  "image_filename": "CLEVR_new_000293.png",
  "relationships": {
    "front": [
      [
        1,
        2,
        4,
        5,
        6,
        7
      ],
      [
        2,
        4,
        7
      ],
      [],
      [
        0,
        1,
        2,
        4,
        5,
        6,
        7
      ],
      [
        2
      ],
      [
        1,
        2,
        4,
        6,
        7
      ],
      [
        1,
        2,
        4,
        7
      ],
      [
        2,
        4
      ]
    ],
    "left": [
      [
        2,
        3,
        4,
        5,
        6,
        7
      ],
      [
        0,
        2,
        3,
        4,
        5,
        6,
        7
      ],
      [
        3,
        4,
        5,
        6,
        7
      ],
      [
        4,
        6
      ],
      [
        6
      ],
      [
        3,
        4,
        6,
        7
      ],
      [],
      [
        3,
        4,
        6
      ]
    ],
    "right": [
      [
        1
      ],
      [],
      [
        0,
        1
      ],
      [
        0,
        1,
        2,
        5,
        7
      ],
      [
        0,
        1,
        2,
        3,
        5,
        7
      ],
      [
        0,
        1,
        2
      ],
      [
        0,
        1,
        2,
        3,
        4,
        5,
        7
      ],
      [
        0,
        1,
        2,
        5
      ]
    ],
    "behind": [
      [
        3
      ],
      [
        0,
        3,
        5,
        6
      ],
      [
        0,
        1,
        3,
        4,
        5,
        6,
        7
      ],
      [],
      [
        0,
        1,
        3,
        5,
        6,
        7
      ],
      [
        0,
        3
      ],
      [
        0,
        3,
        5
      ],
      [
        0,
        1,
        3,
        5,
        6
      ]
    ]
  },
  "image_index": 293,
  "directions": {
    "above": [
      0.0,
      0.0,
      1.0
    ],
    "front": [
      0.754490315914154,
      -0.6563112735748291,
      -0.0
    ],
    "behind": [
      -0.754490315914154,
      0.6563112735748291,
      0.0
    ],
    "right": [
      0.6563112735748291,
      0.7544902563095093,
      -0.0
    ],
    "below": [
      -0.0,
      -0.0,
      -1.0
    ],
    "left": [
      -0.6563112735748291,
      -0.7544902563095093,
      0.0
    ]
  },
  "split": "new",
  "objects": [
    {
      "shape": "cube",
      "material": "rubber",
      "pixel_coords": [
        201,
        88,
        12.942569732666016
      ],
      "rotation": 172.5583830103321,
      "3d_coords": [
        -0.3345959484577179,
        2.30163311958313,
        0.3499999940395355
      ],
      "color": "blue",
      "size": "small"
    },
    {
      "shape": "sphere",
      "material": "rubber",
      "pixel_coords": [
        237,
        105,
        10.964783668518066
      ],
      "rotation": 20.458561913859413,
      "3d_coords": [
        1.8147461414337158,
        1.6193974018096924,
        0.699999988079071
      ],
      "color": "purple",
      "size": "large"
    },
    {
      "shape": "cube",
      "material": "metal",
      "pixel_coords": [
        187,
        134,
        9.496194839477539
      ],
      "rotation": 135.28549312210305,
      "3d_coords": [
        1.9960086345672607,
        -0.7453583478927612,
        0.699999988079071
      ],
      "color": "green",
      "size": "large"
    },
    {
      "shape": "sphere",
      "material": "metal",
      "pixel_coords": [
        118,
        72,
        13.460274696350098
      ],
      "rotation": 170.94738871399105,
      "3d_coords": [
        -2.9858293533325195,
        0.44529587030410767,
        0.699999988079071
      ],
      "color": "yellow",
      "size": "large"
    },
    {
      "shape": "cylinder",
      "material": "rubber",
      "pixel_coords": [
        82,
        125,
        9.884424209594727
      ],
      "rotation": 347.8811433707083,
      "3d_coords": [
        -0.263637900352478,
        -2.6764845848083496,
        0.699999988079071
      ],
      "color": "yellow",
      "size": "large"
    },
    {
      "shape": "sphere",
      "material": "metal",
      "pixel_coords": [
        152,
        84,
        12.390890121459961
      ],
      "rotation": 218.58001587590283,
      "3d_coords": [
        -1.1786035299301147,
        0.6595452427864075,
        0.699999988079071
      ],
      "color": "yellow",
      "size": "large"
    },
    {
      "shape": "cube",
      "material": "rubber",
      "pixel_coords": [
        69,
        98,
        11.42629623413086
      ],
      "rotation": 22.798358171574712,
      "3d_coords": [
        -2.1148409843444824,
        -2.113348960876465,
        0.699999988079071
      ],
      "color": "blue",
      "size": "large"
    },
    {
      "shape": "cylinder",
      "material": "metal",
      "pixel_coords": [
        138,
        124,
        10.67047119140625
      ],
      "rotation": 26.305234615573994,
      "3d_coords": [
        0.19671016931533813,
        -1.0670043230056763,
        0.3499999940395355
      ],
      "color": "red",
      "size": "small"
    }
  ]
}