{
  "image_filename": "CLEVR_new_000022.png",
  "relationships": {
    "front": [
      [
        5
      ],
      [
        0,
        2,
        5,
        6,
        7
      ],
      [
        0,
        5,
        7
      ],
      [
        0,
        1,
        2,
        4,
        5,
        6,
        7
      ],
      [
        0,
        1,
        2,
        5,
        6,
        7
      ],
      [],
      [
        0,
        2,
        5,
        7
      ],
      [
        0,
        5
      ]
    ],
    "left": [
      [
        4,
        6,
        7
      ],
      [
        0,
        2,
        3,
        4,
        5,
        6,
        7
      ],
      [
        0,
        3,
        4,
        5,
        6,
        7
      ],
      [
        0,
        4,
        5,
        6,
        7
      ],
      [
        6,
        7
      ],
      [
        0,
        4,
        6,
        7
      ],
      [],
      [
        6
      ]
    ],
    "right": [
      [
        1,
        2,
        3,
        5
      ],
      [],
      [
        1
      ],
      [
        1,
        2
      ],
      [
        0,
        1,
        2,
        3,
        5
      ],
      [
        1,
        2,
        3
      ],
      [
        0,
        1,
        2,
        3,
        4,
        5,
        7
      ],
      [
        0,
        1,
        2,
        3,
        4,
        5
      ]
    ],
    "behind": [
      [
        1,
        2,
        3,
        4,
        6,
        7
      ],
      [
        3,
        4
      ],
      [
        1,
        3,
        4,
        6
      ],
      [],
      [
        3
      ],
      [
        0,
        1,
        2,
        3,
        4,
        6,
        7
      ],
      [
        1,
        3,
        4
      ],
      [
        1,
        2,
        3,
        4,
        6
      ]
    ]
  },
  "image_index": 22,
  "directions": {
    "above": [
      0.0,
      0.0,
      1.0
    ],
    "front": [
      0.754490315914154,
      -0.6563112735748291,
      -0.0
    ],
    "behind": [
      -0.754490315914154,
      0.6563112735748291,
      0.0
    ],
    "right": [
      0.6563112735748291,
      0.7544902563095093,
      -0.0
    ],
    "below": [
      -0.0,
      -0.0,
      -1.0
    ],
    "left": [
      -0.6563112735748291,
      -0.7544902563095093,
      0.0
    ]
  },
  "split": "new",
  "objects": [
    {
      "shape": "cylinder",
      "material": "metal",
      "pixel_coords": [
        109,
        140,
        9.144699096679688
      ],
      "rotation": 304.56253029508997,
      "3d_coords": [
        1.0321613550186157,
        -2.6693453788757324,
        0.699999988079071
      ],
      "color": "red",
      "size": "large"
    },
    {
      "shape": "cylinder",
      "material": "rubber",
      "pixel_coords": [
        247,
        94,
        11.946123123168945
      ],
      "rotation": 239.8745070833785,
      "3d_coords": [
        1.49533212184906,
        2.6379551887512207,
        0.699999988079071
      ],
      "color": "red",
      "size": "large"
    },
    {
      "shape": "cylinder",
      "material": "rubber",
      "pixel_coords": [
        213,
        111,
        10.693619728088379
      ],
      "rotation": 192.51059709342297,
      "3d_coords": [
        1.6600558757781982,
        0.6923845410346985,
        0.699999988079071
      ],
      "color": "gray",
      "size": "large"
    },
    {
      "shape": "cylinder",
      "material": "metal",
      "pixel_coords": [
        178,
        76,
        14.546319961547852
      ],
      "rotation": 16.516645920785145,
      "3d_coords": [
        -2.0173263549804688,
        2.7654497623443604,
        0.3499999940395355
      ],
      "color": "green",
      "size": "small"
    },
    {
      "shape": "cube",
      "material": "rubber",
      "pixel_coords": [
        113,
        92,
        13.043235778808594
      ],
      "rotation": 56.16838031514992,
      "3d_coords": [
        -2.3910412788391113,
        -0.2260364443063736,
        0.3499999940395355
      ],
      "color": "gray",
      "size": "small"
    },
    {
      "shape": "cylinder",
      "material": "metal",
      "pixel_coords": [
        146,
        172,
        8.425296783447266
      ],
      "rotation": 256.9331841393944,
      "3d_coords": [
        2.426405429840088,
        -2.560807228088379,
        0.3499999940395355
      ],
      "color": "green",
      "size": "small"
    },
    {
      "shape": "sphere",
      "material": "metal",
      "pixel_coords": [
        45,
        99,
        11.530611038208008
      ],
      "rotation": 38.61412960801877,
      "3d_coords": [
        -2.598026990890503,
        -2.774582862854004,
        0.699999988079071
      ],
      "color": "red",
      "size": "large"
    },
    {
      "shape": "sphere",
      "material": "metal",
      "pixel_coords": [
        73,
        133,
        10.17159366607666
      ],
      "rotation": 204.60329308887373,
      "3d_coords": [
        -0.4826188385486603,
        -2.9274635314941406,
        0.3499999940395355
      ],
      "color": "gray",
      "size": "small"
    }
  ]
}