{
  "split": "new",
  "directions": {
    "below": [
      -0.0,
      -0.0,
      -1.0
    ],
    "right": [
      0.6563112735748291,
      0.7544902563095093,
      -0.0
    ],
    "left": [
      -0.6563112735748291,
      -0.7544902563095093,
      0.0
    ],
    "behind": [
      -0.754490315914154,
      0.6563112735748291,
      0.0
    ],
    "front": [
      0.754490315914154,
      -0.6563112735748291,
      -0.0
    ],
    "above": [
      0.0,
      0.0,
      1.0
    ]
  },
  "relationships": {
    "left": [
      [
        3,
        4,
        5,
        7
      ],
      [
        0,
        2,
        3,
        4,
        5,
        6,
        7
      ],
      [
        0,
        3,
        4,
        5,
        7
      ],
      [
        4,
        5
      ],
      [
        5
      ],
      [],
      [
        0,
        2,
        3,
        4,
        5,
        7
      ],
      [
        3,
        4,
        5
      ]
    ],
    "behind": [
      [
        1,
        2,
        3,
        4,
        5
      ],
      [],
      [
        1
      ],
      [
        1,
        2,
        5
      ],
      [
        1,
        2,
        3,
        5
      ],
      [
        1,
        2
      ],
      [
        0,
        1,
        2,
        3,
        4,
        5
      ],
      [
        0,
        1,
        2,
        3,
        4,
        5,
        6
      ]
    ],
    "front": [
      [
        6,
        7
      ],
      [
        0,
        2,
        3,
        4,
        5,
        6,
        7
      ],
      [
        0,
        3,
        4,
        5,
        6,
        7
      ],
      [
        0,
        4,
        6,
        7
      ],
      [
        0,
        6,
        7
      ],
      [
        0,
        3,
        4,
        6,
        7
      ],
      [
        7
      ],
      []
    ],
    "right": [
      [
        1,
        2,
        6
      ],
      [],
      [
        1,
        6
      ],
      [
        0,
        1,
        2,
        6,
        7
      ],
      [
        0,
        1,
        2,
        3,
        6,
        7
      ],
      [
        0,
        1,
        2,
        3,
        4,
        6,
        7
      ],
      [
        1
      ],
      [
        0,
        1,
        2,
        6
      ]
    ]
  },
  "objects": [
    {
      "pixel_coords": [
        147,
        145,
        9.366175651550293
      ],
      "color": "green",
      "material": "metal",
      "size": "small",
      "shape": "cube",
      "3d_coords": [
        1.187007188796997,
        -1.5075466632843018,
        0.3499999940395355
      ],
      "rotation": 341.46243193966455
    },
    {
      "pixel_coords": [
        242,
        83,
        11.923027992248535
      ],
      "color": "brown",
      "material": "metal",
      "size": "large",
      "shape": "cube",
      "3d_coords": [
        0.8829930424690247,
        2.938486337661743,
        0.699999988079071
      ],
      "rotation": 62.065186797449954
    },
    {
      "pixel_coords": [
        168,
        104,
        11.374153137207031
      ],
      "color": "gray",
      "material": "metal",
      "size": "small",
      "shape": "sphere",
      "3d_coords": [
        -0.1621304750442505,
        0.4919055998325348,
        0.3499999940395355
      ],
      "rotation": 227.33931198833926
    },
    {
      "pixel_coords": [
        99,
        119,
        10.509939193725586
      ],
      "color": "gray",
      "material": "metal",
      "size": "small",
      "shape": "cylinder",
      "3d_coords": [
        -0.8027378916740417,
        -1.739018440246582,
        0.3499999940395355
      ],
      "rotation": 215.29013762698074
    },
    {
      "pixel_coords": [
        69,
        131,
        9.944868087768555
      ],
      "color": "brown",
      "material": "metal",
      "size": "small",
      "shape": "cylinder",
      "3d_coords": [
        -0.8146816492080688,
        -2.7411129474639893,
        0.3499999940395355
      ],
      "rotation": 208.17597622466164
    },
    {
      "pixel_coords": [
        39,
        103,
        10.691889762878418
      ],
      "color": "purple",
      "material": "rubber",
      "size": "large",
      "shape": "sphere",
      "3d_coords": [
        -2.349600315093994,
        -2.842902898788452,
        0.699999988079071
      ],
      "rotation": 335.8045734290581
    },
    {
      "pixel_coords": [
        211,
        154,
        9.03000545501709
      ],
      "color": "red",
      "material": "metal",
      "size": "small",
      "shape": "cylinder",
      "3d_coords": [
        2.586019992828369,
        -0.5259051322937012,
        0.3499999940395355
      ],
      "rotation": 284.925326819624
    },
    {
      "pixel_coords": [
        112,
        176,
        8.260756492614746
      ],
      "color": "brown",
      "material": "rubber",
      "size": "small",
      "shape": "sphere",
      "3d_coords": [
        1.6232374906539917,
        -2.952181577682495,
        0.3499999940395355
      ],
      "rotation": 241.1455505275271
    }
  ],
  "image_filename": "CLEVR_new_000968.png",
  "image_index": 968
}