{
  "image_filename": "CLEVR_new_000491.png",
  "relationships": {
    "front": [
      [
        2,
        5,
        6
      ],
      [
        0,
        2,
        5,
        6
      ],
      [],
      [
        0,
        1,
        2,
        4,
        5,
        6,
        7
      ],
      [
        0,
        1,
        2,
        5,
        6,
        7
      ],
      [
        2,
        6
      ],
      [
        2
      ],
      [
        0,
        1,
        2,
        5,
        6
      ]
    ],
    "left": [
      [
        1,
        2,
        3,
        4,
        5,
        6,
        7
      ],
      [
        6
      ],
      [
        1,
        6,
        7
      ],
      [
        1,
        2,
        6,
        7
      ],
      [
        1,
        2,
        3,
        5,
        6,
        7
      ],
      [
        1,
        2,
        3,
        6,
        7
      ],
      [],
      [
        1,
        6
      ]
    ],
    "right": [
      [],
      [
        0,
        2,
        3,
        4,
        5,
        7
      ],
      [
        0,
        3,
        4,
        5
      ],
      [
        0,
        4,
        5
      ],
      [
        0
      ],
      [
        0,
        4
      ],
      [
        0,
        1,
        2,
        3,
        4,
        5,
        7
      ],
      [
        0,
        2,
        3,
        4,
        5
      ]
    ],
    "behind": [
      [
        1,
        3,
        4,
        7
      ],
      [
        3,
        4,
        7
      ],
      [
        0,
        1,
        3,
        4,
        5,
        6,
        7
      ],
      [],
      [
        3
      ],
      [
        0,
        1,
        3,
        4,
        7
      ],
      [
        0,
        1,
        3,
        4,
        5,
        7
      ],
      [
        3,
        4
      ]
    ]
  },
  "image_index": 491,
  "directions": {
    "above": [
      0.0,
      0.0,
      1.0
    ],
    "front": [
      0.754490315914154,
      -0.6563112735748291,
      -0.0
    ],
    "behind": [
      -0.754490315914154,
      0.6563112735748291,
      0.0
    ],
    "right": [
      0.6563112735748291,
      0.7544902563095093,
      -0.0
    ],
    "below": [
      -0.0,
      -0.0,
      -1.0
    ],
    "left": [
      -0.6563112735748291,
      -0.7544902563095093,
      0.0
    ]
  },
  "split": "new",
  "objects": [
    {
      "shape": "cube",
      "material": "rubber",
      "pixel_coords": [
        226,
        102,
        10.837885856628418
      ],
      "rotation": 186.19291204940652,
      "3d_coords": [
        1.4750816822052002,
        1.4338352680206299,
        0.699999988079071
      ],
      "color": "yellow",
      "size": "large"
    },
    {
      "shape": "sphere",
      "material": "metal",
      "pixel_coords": [
        100,
        97,
        11.170241355895996
      ],
      "rotation": 268.3340842893311,
      "3d_coords": [
        -1.472741961479187,
        -1.2698858976364136,
        0.699999988079071
      ],
      "color": "blue",
      "size": "large"
    },
    {
      "shape": "sphere",
      "material": "metal",
      "pixel_coords": [
        136,
        148,
        8.451797485351562
      ],
      "rotation": 290.1377441920248,
      "3d_coords": [
        1.6991122961044312,
        -2.3317768573760986,
        0.699999988079071
      ],
      "color": "purple",
      "size": "large"
    },
    {
      "shape": "cylinder",
      "material": "rubber",
      "pixel_coords": [
        159,
        61,
        14.456958770751953
      ],
      "rotation": 44.43071623897815,
      "3d_coords": [
        -2.962888240814209,
        2.6092634201049805,
        0.699999988079071
      ],
      "color": "yellow",
      "size": "large"
    },
    {
      "shape": "cube",
      "material": "rubber",
      "pixel_coords": [
        197,
        70,
        13.431986808776855
      ],
      "rotation": 96.49863870580668,
      "3d_coords": [
        -1.1093882322311401,
        2.9367129802703857,
        0.699999988079071
      ],
      "color": "gray",
      "size": "large"
    },
    {
      "shape": "cube",
      "material": "metal",
      "pixel_coords": [
        180,
        116,
        9.976896286010742
      ],
      "rotation": 281.27638960262163,
      "3d_coords": [
        1.1920655965805054,
        -0.3276667296886444,
        0.699999988079071
      ],
      "color": "brown",
      "size": "large"
    },
    {
      "shape": "cylinder",
      "material": "rubber",
      "pixel_coords": [
        72,
        129,
        9.306788444519043
      ],
      "rotation": 207.3501431274321,
      "3d_coords": [
        -0.18871484696865082,
        -2.9831392765045166,
        0.699999988079071
      ],
      "color": "red",
      "size": "large"
    },
    {
      "shape": "cube",
      "material": "rubber",
      "pixel_coords": [
        119,
        87,
        12.818618774414062
      ],
      "rotation": 55.9720996643655,
      "3d_coords": [
        -2.428954601287842,
        0.1723591387271881,
        0.3499999940395355
      ],
      "color": "brown",
      "size": "small"
    }
  ]
}