{
  "image_filename": "CLEVR_new_000104.png",
  "relationships": {
    "front": [
      [
        1,
        3,
        4,
        5,
        6,
        7
      ],
      [
        3
      ],
      [
        0,
        1,
        3,
        4,
        5,
        6,
        7
      ],
      [],
      [
        1,
        3,
        6
      ],
      [
        1,
        3,
        4,
        6,
        7
      ],
      [
        1,
        3
      ],
      [
        1,
        3,
        4,
        6
      ]
    ],
    "left": [
      [
        1,
        2,
        3,
        4,
        5,
        7
      ],
      [
        4
      ],
      [
        1,
        3,
        4,
        5
      ],
      [
        1,
        4,
        5
      ],
      [],
      [
        1,
        4
      ],
      [
        0,
        1,
        2,
        3,
        4,
        5,
        7
      ],
      [
        1,
        2,
        3,
        4,
        5
      ]
    ],
    "right": [
      [
        6
      ],
      [
        0,
        2,
        3,
        5,
        6,
        7
      ],
      [
        0,
        6,
        7
      ],
      [
        0,
        2,
        6,
        7
      ],
      [
        0,
        1,
        2,
        3,
        5,
        6,
        7
      ],
      [
        0,
        2,
        3,
        6,
        7
      ],
      [],
      [
        0,
        6
      ]
    ],
    "behind": [
      [
        2
      ],
      [
        0,
        2,
        4,
        5,
        6,
        7
      ],
      [],
      [
        0,
        1,
        2,
        4,
        5,
        6,
        7
      ],
      [
        0,
        2,
        5,
        7
      ],
      [
        0,
        2
      ],
      [
        0,
        2,
        4,
        5,
        7
      ],
      [
        0,
        2,
        5
      ]
    ]
  },
  "image_index": 104,
  "directions": {
    "above": [
      0.0,
      0.0,
      1.0
    ],
    "front": [
      0.754490315914154,
      -0.6563112735748291,
      -0.0
    ],
    "behind": [
      -0.754490315914154,
      0.6563112735748291,
      0.0
    ],
    "right": [
      0.6563112735748291,
      0.7544902563095093,
      -0.0
    ],
    "below": [
      -0.0,
      -0.0,
      -1.0
    ],
    "left": [
      -0.6563112735748291,
      -0.7544902563095093,
      0.0
    ]
  },
  "split": "new",
  "objects": [
    {
      "shape": "cube",
      "material": "rubber",
      "pixel_coords": [
        212,
        85,
        12.979018211364746
      ],
      "rotation": 189.29290951509276,
      "3d_coords": [
        -0.13470567762851715,
        2.860121488571167,
        0.3499999940395355
      ],
      "color": "gray",
      "size": "small"
    },
    {
      "shape": "cylinder",
      "material": "rubber",
      "pixel_coords": [
        109,
        123,
        9.623335838317871
      ],
      "rotation": 266.2277031245749,
      "3d_coords": [
        0.09467974305152893,
        -2.0491108894348145,
        0.699999988079071
      ],
      "color": "yellow",
      "size": "large"
    },
    {
      "shape": "cylinder",
      "material": "rubber",
      "pixel_coords": [
        171,
        71,
        13.286894798278809
      ],
      "rotation": 116.31252256976377,
      "3d_coords": [
        -1.5822685956954956,
        2.154308557510376,
        0.699999988079071
      ],
      "color": "red",
      "size": "large"
    },
    {
      "shape": "sphere",
      "material": "metal",
      "pixel_coords": [
        160,
        161,
        8.018241882324219
      ],
      "rotation": 334.9620984558434,
      "3d_coords": [
        2.367605209350586,
        -2.3330371379852295,
        0.699999988079071
      ],
      "color": "gray",
      "size": "large"
    },
    {
      "shape": "sphere",
      "material": "rubber",
      "pixel_coords": [
        73,
        112,
        10.998786926269531
      ],
      "rotation": 195.9695528081984,
      "3d_coords": [
        -1.8352183103561401,
        -2.0518720149993896,
        0.3499999940395355
      ],
      "color": "green",
      "size": "small"
    },
    {
      "shape": "sphere",
      "material": "rubber",
      "pixel_coords": [
        132,
        95,
        12.185737609863281
      ],
      "rotation": 112.9021157071206,
      "3d_coords": [
        -1.549545168876648,
        0.14947310090065002,
        0.3499999940395355
      ],
      "color": "blue",
      "size": "small"
    },
    {
      "shape": "cube",
      "material": "metal",
      "pixel_coords": [
        264,
        122,
        10.446585655212402
      ],
      "rotation": 234.5265129440633,
      "3d_coords": [
        2.7231252193450928,
        1.6746649742126465,
        0.3499999940395355
      ],
      "color": "purple",
      "size": "small"
    },
    {
      "shape": "cylinder",
      "material": "metal",
      "pixel_coords": [
        192,
        92,
        11.558257102966309
      ],
      "rotation": 185.82499140092554,
      "3d_coords": [
        0.2578097879886627,
        1.2330390214920044,
        0.699999988079071
      ],
      "color": "gray",
      "size": "large"
    }
  ]
}