{
  "split": "new",
  "directions": {
    "below": [
      -0.0,
      -0.0,
      -1.0
    ],
    "right": [
      0.6563112735748291,
      0.7544902563095093,
      -0.0
    ],
    "left": [
      -0.6563112735748291,
      -0.7544902563095093,
      0.0
    ],
    "behind": [
      -0.754490315914154,
      0.6563112735748291,
      0.0
    ],
    "front": [
      0.754490315914154,
      -0.6563112735748291,
      -0.0
    ],
    "above": [
      0.0,
      0.0,
      1.0
    ]
  },
  "relationships": {
    "left": [
      [],
      [
        0,
        3,
        5,
        7
      ],
      [
        0,
        1,
        3,
        5,
        7
      ],
      [
        0
      ],
      [
        0,
        1,
        2,
        3,
        5,
        7
      ],
      [
        0,
        3
      ],
      [
        0,
        1,
        2,
        3,
        4,
        5,
        7
      ],
      [
        0,
        3,
        5
      ]
    ],
    "behind": [
      [
        2,
        3,
        4
      ],
      [
        0,
        2,
        3,
        4,
        5,
        6
      ],
      [],
      [
        2
      ],
      [
        2,
        3
      ],
      [
        0,
        2,
        3,
        4
      ],
      [
        0,
        2,
        3,
        4,
        5
      ],
      [
        0,
        1,
        2,
        3,
        4,
        5,
        6
      ]
    ],
    "front": [
      [
        1,
        5,
        6,
        7
      ],
      [
        7
      ],
      [
        0,
        1,
        3,
        4,
        5,
        6,
        7
      ],
      [
        0,
        1,
        4,
        5,
        6,
        7
      ],
      [
        0,
        1,
        5,
        6,
        7
      ],
      [
        1,
        6,
        7
      ],
      [
        1,
        7
      ],
      []
    ],
    "right": [
      [
        1,
        2,
        3,
        4,
        5,
        6,
        7
      ],
      [
        2,
        4,
        6
      ],
      [
        4,
        6
      ],
      [
        1,
        2,
        4,
        5,
        6,
        7
      ],
      [
        6
      ],
      [
        1,
        2,
        4,
        6,
        7
      ],
      [],
      [
        1,
        2,
        4,
        6
      ]
    ]
  },
  "objects": [
    {
      "pixel_coords": [
        63,
        95,
        11.51555347442627
      ],
      "color": "yellow",
      "material": "metal",
      "size": "large",
      "shape": "cylinder",
      "3d_coords": [
        -2.372711420059204,
        -2.153428554534912,
        0.699999988079071
      ],
      "rotation": 225.17843386583192
    },
    {
      "pixel_coords": [
        164,
        153,
        9.113682746887207
      ],
      "color": "brown",
      "material": "rubber",
      "size": "small",
      "shape": "cube",
      "3d_coords": [
        1.9643120765686035,
        -1.5359512567520142,
        0.3499999940395355
      ],
      "rotation": 25.135346749396874
    },
    {
      "pixel_coords": [
        184,
        82,
        13.497608184814453
      ],
      "color": "purple",
      "material": "metal",
      "size": "small",
      "shape": "cube",
      "3d_coords": [
        -1.280779242515564,
        2.289590835571289,
        0.3499999940395355
      ],
      "rotation": 70.2082354727304
    },
    {
      "pixel_coords": [
        104,
        80,
        12.739981651306152
      ],
      "color": "blue",
      "material": "metal",
      "size": "large",
      "shape": "sphere",
      "3d_coords": [
        -2.6834795475006104,
        -0.38756510615348816,
        0.699999988079071
      ],
      "rotation": 148.61252066484204
    },
    {
      "pixel_coords": [
        212,
        98,
        12.170659065246582
      ],
      "color": "blue",
      "material": "metal",
      "size": "small",
      "shape": "cylinder",
      "3d_coords": [
        0.4395526945590973,
        1.9959150552749634,
        0.3499999940395355
      ],
      "rotation": 161.72905617636664
    },
    {
      "pixel_coords": [
        111,
        114,
        11.104251861572266
      ],
      "color": "red",
      "material": "metal",
      "size": "small",
      "shape": "cylinder",
      "3d_coords": [
        -0.8252418041229248,
        -1.3399769067764282,
        0.3499999940395355
      ],
      "rotation": 290.75536686213906
    },
    {
      "pixel_coords": [
        250,
        112,
        10.431408882141113
      ],
      "color": "blue",
      "material": "rubber",
      "size": "large",
      "shape": "cube",
      "3d_coords": [
        2.3616576194763184,
        1.5044782161712646,
        0.699999988079071
      ],
      "rotation": 10.856015621619616
    },
    {
      "pixel_coords": [
        138,
        173,
        8.332366943359375
      ],
      "color": "gray",
      "material": "metal",
      "size": "small",
      "shape": "sphere",
      "3d_coords": [
        2.2286694049835205,
        -2.5854148864746094,
        0.3499999940395355
      ],
      "rotation": 42.75291738018364
    }
  ],
  "image_filename": "CLEVR_new_000846.png",
  "image_index": 846
}