{
  "image_filename": "CLEVR_new_000265.png",
  "relationships": {
    "front": [
      [
        1,
        2
      ],
      [
        2
      ],
      [],
      [
        0,
        1,
        2,
        7
      ],
      [
        0,
        1,
        2,
        3,
        6,
        7
      ],
      [
        0,
        1,
        2,
        3,
        4,
        6,
        7
      ],
      [
        0,
        1,
        2,
        3,
        7
      ],
      [
        0,
        1,
        2
      ]
    ],
    "left": [
      [
        6,
        7
      ],
      [
        0,
        2,
        3,
        5,
        6,
        7
      ],
      [
        0,
        5,
        6,
        7
      ],
      [
        0,
        2,
        5,
        6,
        7
      ],
      [
        0,
        1,
        2,
        3,
        5,
        6,
        7
      ],
      [
        0,
        6,
        7
      ],
      [],
      [
        6
      ]
    ],
    "right": [
      [
        1,
        2,
        3,
        4,
        5
      ],
      [
        4
      ],
      [
        1,
        3,
        4
      ],
      [
        1,
        4
      ],
      [],
      [
        1,
        2,
        3,
        4
      ],
      [
        0,
        1,
        2,
        3,
        4,
        5,
        7
      ],
      [
        0,
        1,
        2,
        3,
        4,
        5
      ]
    ],
    "behind": [
      [
        3,
        4,
        5,
        6,
        7
      ],
      [
        0,
        3,
        4,
        5,
        6,
        7
      ],
      [
        0,
        1,
        3,
        4,
        5,
        6,
        7
      ],
      [
        4,
        5,
        6
      ],
      [
        5
      ],
      [],
      [
        4,
        5
      ],
      [
        3,
        4,
        5,
        6
      ]
    ]
  },
  "image_index": 265,
  "directions": {
    "above": [
      0.0,
      0.0,
      1.0
    ],
    "front": [
      0.754490315914154,
      -0.6563112735748291,
      -0.0
    ],
    "behind": [
      -0.754490315914154,
      0.6563112735748291,
      0.0
    ],
    "right": [
      0.6563112735748291,
      0.7544902563095093,
      -0.0
    ],
    "below": [
      -0.0,
      -0.0,
      -1.0
    ],
    "left": [
      -0.6563112735748291,
      -0.7544902563095093,
      0.0
    ]
  },
  "split": "new",
  "objects": [
    {
      "shape": "cube",
      "material": "metal",
      "pixel_coords": [
        100,
        128,
        10.279535293579102
      ],
      "rotation": 285.5521918672598,
      "3d_coords": [
        -0.3396390974521637,
        -2.058718681335449,
        0.3499999940395355
      ],
      "color": "yellow",
      "size": "small"
    },
    {
      "shape": "sphere",
      "material": "metal",
      "pixel_coords": [
        219,
        134,
        9.333839416503906
      ],
      "rotation": 339.70147651261135,
      "3d_coords": [
        2.5458598136901855,
        -0.171991229057312,
        0.699999988079071
      ],
      "color": "purple",
      "size": "large"
    },
    {
      "shape": "sphere",
      "material": "metal",
      "pixel_coords": [
        151,
        164,
        8.181720733642578
      ],
      "rotation": 150.76665007305863,
      "3d_coords": [
        2.348789691925049,
        -2.3762285709381104,
        0.699999988079071
      ],
      "color": "gray",
      "size": "large"
    },
    {
      "shape": "sphere",
      "material": "rubber",
      "pixel_coords": [
        176,
        98,
        11.281654357910156
      ],
      "rotation": 83.6680325947324,
      "3d_coords": [
        0.18395818769931793,
        0.5489212274551392,
        0.699999988079071
      ],
      "color": "brown",
      "size": "large"
    },
    {
      "shape": "cube",
      "material": "rubber",
      "pixel_coords": [
        236,
        95,
        12.29000186920166
      ],
      "rotation": 218.7415352787771,
      "3d_coords": [
        0.8928893208503723,
        2.7787554264068604,
        0.3499999940395355
      ],
      "color": "gray",
      "size": "small"
    },
    {
      "shape": "sphere",
      "material": "rubber",
      "pixel_coords": [
        137,
        74,
        13.012150764465332
      ],
      "rotation": 102.65070685833648,
      "3d_coords": [
        -2.22879695892334,
        0.8388030529022217,
        0.699999988079071
      ],
      "color": "red",
      "size": "large"
    },
    {
      "shape": "sphere",
      "material": "metal",
      "pixel_coords": [
        66,
        101,
        11.858111381530762
      ],
      "rotation": 213.96985059262053,
      "3d_coords": [
        -2.651632308959961,
        -1.9181373119354248,
        0.3499999940395355
      ],
      "color": "yellow",
      "size": "small"
    },
    {
      "shape": "cube",
      "material": "metal",
      "pixel_coords": [
        83,
        114,
        11.047752380371094
      ],
      "rotation": 319.21980840620705,
      "3d_coords": [
        -1.4501965045928955,
        -1.9740463495254517,
        0.3499999940395355
      ],
      "color": "blue",
      "size": "small"
    }
  ]
}