{
  "image_filename": "CLEVR_new_000102.png",
  "relationships": {
    "front": [
      [
        1,
        2,
        3,
        4,
        5,
        6,
        7
      ],
      [
        7
      ],
      [
        1,
        7
      ],
      [
        1,
        2,
        6,
        7
      ],
      [
        1,
        2,
        3,
        6,
        7
      ],
      [
        1,
        2,
        3,
        4,
        6,
        7
      ],
      [
        1,
        2,
        7
      ],
      []
    ],
    "left": [
      [
        1,
        2,
        4
      ],
      [
        2,
        4
      ],
      [
        4
      ],
      [
        0,
        1,
        2,
        4,
        5,
        6,
        7
      ],
      [],
      [
        0,
        1,
        2,
        4,
        7
      ],
      [
        0,
        1,
        2,
        4,
        5,
        7
      ],
      [
        0,
        1,
        2,
        4
      ]
    ],
    "right": [
      [
        3,
        5,
        6,
        7
      ],
      [
        0,
        3,
        5,
        6,
        7
      ],
      [
        0,
        1,
        3,
        5,
        6,
        7
      ],
      [],
      [
        0,
        1,
        2,
        3,
        5,
        6,
        7
      ],
      [
        3,
        6
      ],
      [
        3
      ],
      [
        3,
        5,
        6
      ]
    ],
    "behind": [
      [],
      [
        0,
        2,
        3,
        4,
        5,
        6
      ],
      [
        0,
        3,
        4,
        5,
        6
      ],
      [
        0,
        4,
        5
      ],
      [
        0,
        5
      ],
      [
        0
      ],
      [
        0,
        3,
        4,
        5
      ],
      [
        0,
        1,
        2,
        3,
        4,
        5,
        6
      ]
    ]
  },
  "image_index": 102,
  "directions": {
    "above": [
      0.0,
      0.0,
      1.0
    ],
    "front": [
      0.754490315914154,
      -0.6563112735748291,
      -0.0
    ],
    "behind": [
      -0.754490315914154,
      0.6563112735748291,
      0.0
    ],
    "right": [
      0.6563112735748291,
      0.7544902563095093,
      -0.0
    ],
    "below": [
      -0.0,
      -0.0,
      -1.0
    ],
    "left": [
      -0.6563112735748291,
      -0.7544902563095093,
      0.0
    ]
  },
  "split": "new",
  "objects": [
    {
      "shape": "cube",
      "material": "metal",
      "pixel_coords": [
        151,
        78,
        13.429637908935547
      ],
      "rotation": 65.22493521577427,
      "3d_coords": [
        -2.461535692214966,
        1.6367491483688354,
        0.3499999940395355
      ],
      "color": "purple",
      "size": "small"
    },
    {
      "shape": "cylinder",
      "material": "rubber",
      "pixel_coords": [
        128,
        128,
        8.950506210327148
      ],
      "rotation": 199.28420794485402,
      "3d_coords": [
        0.903572678565979,
        -1.8518130779266357,
        0.699999988079071
      ],
      "color": "red",
      "size": "large"
    },
    {
      "shape": "cube",
      "material": "metal",
      "pixel_coords": [
        68,
        125,
        9.888137817382812
      ],
      "rotation": 310.6594741544668,
      "3d_coords": [
        -0.9152998924255371,
        -2.6354737281799316,
        0.3499999940395355
      ],
      "color": "gray",
      "size": "small"
    },
    {
      "shape": "cylinder",
      "material": "metal",
      "pixel_coords": [
        276,
        106,
        11.030144691467285
      ],
      "rotation": 287.08360835789756,
      "3d_coords": [
        2.175300121307373,
        2.9390311241149902,
        0.3499999940395355
      ],
      "color": "blue",
      "size": "small"
    },
    {
      "shape": "sphere",
      "material": "metal",
      "pixel_coords": [
        62,
        90,
        11.36199951171875
      ],
      "rotation": 340.7848174079579,
      "3d_coords": [
        -2.68108868598938,
        -1.9031827449798584,
        0.699999988079071
      ],
      "color": "blue",
      "size": "large"
    },
    {
      "shape": "cylinder",
      "material": "metal",
      "pixel_coords": [
        184,
        91,
        12.189918518066406
      ],
      "rotation": 49.319584157878424,
      "3d_coords": [
        -0.6408315896987915,
        1.6372846364974976,
        0.3499999940395355
      ],
      "color": "blue",
      "size": "small"
    },
    {
      "shape": "cylinder",
      "material": "metal",
      "pixel_coords": [
        200,
        112,
        10.67936897277832
      ],
      "rotation": 59.865735015338295,
      "3d_coords": [
        0.9035341143608093,
        0.849721372127533,
        0.3499999940395355
      ],
      "color": "purple",
      "size": "small"
    },
    {
      "shape": "sphere",
      "material": "rubber",
      "pixel_coords": [
        176,
        161,
        8.234764099121094
      ],
      "rotation": 31.619714770727676,
      "3d_coords": [
        2.412659168243408,
        -1.5826846361160278,
        0.3499999940395355
      ],
      "color": "yellow",
      "size": "small"
    }
  ]
}