{
  "split": "new",
  "directions": {
    "below": [
      -0.0,
      -0.0,
      -1.0
    ],
    "right": [
      0.6563112735748291,
      0.7544902563095093,
      -0.0
    ],
    "left": [
      -0.6563112735748291,
      -0.7544902563095093,
      0.0
    ],
    "behind": [
      -0.754490315914154,
      0.6563112735748291,
      0.0
    ],
    "front": [
      0.754490315914154,
      -0.6563112735748291,
      -0.0
    ],
    "above": [
      0.0,
      0.0,
      1.0
    ]
  },
  "relationships": {
    "left": [
      [
        1,
        2,
        3,
        5
      ],
      [
        3,
        5
      ],
      [
        1,
        3,
        5
      ],
      [],
      [
        0,
        1,
        2,
        3,
        5
      ],
      [
        3
      ],
      [
        0,
        1,
        2,
        3,
        4,
        5,
        7
      ],
      [
        0,
        1,
        2,
        3,
        4,
        5
      ]
    ],
    "behind": [
      [
        1
      ],
      [],
      [
        0,
        1,
        3,
        7
      ],
      [
        0,
        1,
        7
      ],
      [
        0,
        1,
        2,
        3,
        6,
        7
      ],
      [
        0,
        1,
        2,
        3,
        4,
        6,
        7
      ],
      [
        0,
        1,
        2,
        3,
        7
      ],
      [
        0,
        1
      ]
    ],
    "front": [
      [
        2,
        3,
        4,
        5,
        6,
        7
      ],
      [
        0,
        2,
        3,
        4,
        5,
        6,
        7
      ],
      [
        4,
        5,
        6
      ],
      [
        2,
        4,
        5,
        6
      ],
      [
        5
      ],
      [],
      [
        4,
        5
      ],
      [
        2,
        3,
        4,
        5,
        6
      ]
    ],
    "right": [
      [
        4,
        6,
        7
      ],
      [
        0,
        2,
        4,
        6,
        7
      ],
      [
        0,
        4,
        6,
        7
      ],
      [
        0,
        1,
        2,
        4,
        5,
        6,
        7
      ],
      [
        6,
        7
      ],
      [
        0,
        1,
        2,
        4,
        6,
        7
      ],
      [],
      [
        6
      ]
    ]
  },
  "objects": [
    {
      "pixel_coords": [
        196,
        75,
        13.539619445800781
      ],
      "color": "blue",
      "material": "rubber",
      "size": "small",
      "shape": "sphere",
      "3d_coords": [
        -1.1513333320617676,
        2.9956884384155273,
        0.3499999940395355
      ],
      "rotation": 69.12539753975246
    },
    {
      "pixel_coords": [
        165,
        61,
        13.859625816345215
      ],
      "color": "gray",
      "material": "metal",
      "size": "large",
      "shape": "cylinder",
      "3d_coords": [
        -2.377807855606079,
        2.522125244140625,
        0.699999988079071
      ],
      "rotation": 203.5747704896026
    },
    {
      "pixel_coords": [
        191,
        106,
        10.525928497314453
      ],
      "color": "brown",
      "material": "metal",
      "size": "large",
      "shape": "sphere",
      "3d_coords": [
        0.9253091216087341,
        0.4211095869541168,
        0.699999988079071
      ],
      "rotation": 174.09441102532514
    },
    {
      "pixel_coords": [
        57,
        98,
        10.982003211975098
      ],
      "color": "red",
      "material": "rubber",
      "size": "large",
      "shape": "cylinder",
      "3d_coords": [
        -2.3066813945770264,
        -2.2561912536621094,
        0.699999988079071
      ],
      "rotation": 176.88940786815414
    },
    {
      "pixel_coords": [
        240,
        133,
        9.862517356872559
      ],
      "color": "green",
      "material": "rubber",
      "size": "small",
      "shape": "cube",
      "3d_coords": [
        2.522740602493286,
        0.7109865546226501,
        0.3499999940395355
      ],
      "rotation": 165.81218798692018
    },
    {
      "pixel_coords": [
        131,
        189,
        7.840023994445801
      ],
      "color": "blue",
      "material": "rubber",
      "size": "small",
      "shape": "cube",
      "3d_coords": [
        2.2450363636016846,
        -2.996838092803955,
        0.3499999940395355
      ],
      "rotation": 212.85038042964737
    },
    {
      "pixel_coords": [
        271,
        123,
        10.336776733398438
      ],
      "color": "blue",
      "material": "rubber",
      "size": "small",
      "shape": "cylinder",
      "3d_coords": [
        2.8394336700439453,
        1.8487247228622437,
        0.3499999940395355
      ],
      "rotation": 353.1834602199085
    },
    {
      "pixel_coords": [
        241,
        88,
        11.659674644470215
      ],
      "color": "green",
      "material": "metal",
      "size": "large",
      "shape": "sphere",
      "3d_coords": [
        1.1666018962860107,
        2.5909061431884766,
        0.699999988079071
      ],
      "rotation": 310.13186668345816
    }
  ],
  "image_filename": "CLEVR_new_000842.png",
  "image_index": 842
}