{
  "split": "new",
  "directions": {
    "below": [
      -0.0,
      -0.0,
      -1.0
    ],
    "right": [
      0.6563112735748291,
      0.7544902563095093,
      -0.0
    ],
    "left": [
      -0.6563112735748291,
      -0.7544902563095093,
      0.0
    ],
    "behind": [
      -0.754490315914154,
      0.6563112735748291,
      0.0
    ],
    "front": [
      0.754490315914154,
      -0.6563112735748291,
      -0.0
    ],
    "above": [
      0.0,
      0.0,
      1.0
    ]
  },
  "relationships": {
    "left": [
      [
        3,
        4
      ],
      [
        0,
        3,
        4,
        5
      ],
      [
        0,
        1,
        3,
        4,
        5,
        6
      ],
      [
        4
      ],
      [],
      [
        0,
        3,
        4
      ],
      [
        0,
        1,
        3,
        4,
        5
      ],
      [
        0,
        1,
        2,
        3,
        4,
        5,
        6
      ]
    ],
    "behind": [
      [
        2,
        3,
        4,
        5,
        6
      ],
      [
        0,
        2,
        3,
        4,
        5,
        6,
        7
      ],
      [
        5,
        6
      ],
      [
        2,
        5,
        6
      ],
      [
        2,
        3,
        5,
        6
      ],
      [
        6
      ],
      [],
      [
        0,
        2,
        3,
        4,
        5,
        6
      ]
    ],
    "front": [
      [
        1,
        7
      ],
      [],
      [
        0,
        1,
        3,
        4,
        7
      ],
      [
        0,
        1,
        4,
        7
      ],
      [
        0,
        1,
        7
      ],
      [
        0,
        1,
        2,
        3,
        4,
        7
      ],
      [
        0,
        1,
        2,
        3,
        4,
        5,
        7
      ],
      [
        1
      ]
    ],
    "right": [
      [
        1,
        2,
        5,
        6,
        7
      ],
      [
        2,
        6,
        7
      ],
      [
        7
      ],
      [
        0,
        1,
        2,
        5,
        6,
        7
      ],
      [
        0,
        1,
        2,
        3,
        5,
        6,
        7
      ],
      [
        1,
        2,
        6,
        7
      ],
      [
        2,
        7
      ],
      []
    ]
  },
  "objects": [
    {
      "pixel_coords": [
        103,
        128,
        9.77777099609375
      ],
      "color": "green",
      "material": "metal",
      "size": "small",
      "shape": "cube",
      "3d_coords": [
        -0.25655296444892883,
        -1.8855253458023071,
        0.3499999940395355
      ],
      "rotation": 325.1541715999002
    },
    {
      "pixel_coords": [
        150,
        182,
        7.332018852233887
      ],
      "color": "gray",
      "material": "metal",
      "size": "large",
      "shape": "cube",
      "3d_coords": [
        2.636882781982422,
        -2.58785343170166,
        0.699999988079071
      ],
      "rotation": 88.22581756589035
    },
    {
      "pixel_coords": [
        192,
        79,
        11.84100341796875
      ],
      "color": "green",
      "material": "metal",
      "size": "large",
      "shape": "cube",
      "3d_coords": [
        -0.4652509391307831,
        1.839371919631958,
        0.699999988079071
      ],
      "rotation": 7.377843970531188
    },
    {
      "pixel_coords": [
        94,
        90,
        11.11075496673584
      ],
      "color": "brown",
      "material": "metal",
      "size": "large",
      "shape": "sphere",
      "3d_coords": [
        -1.9182181358337402,
        -1.1097356081008911,
        0.699999988079071
      ],
      "rotation": 289.6531102792179
    },
    {
      "pixel_coords": [
        45,
        109,
        10.017728805541992
      ],
      "color": "purple",
      "material": "metal",
      "size": "large",
      "shape": "cube",
      "3d_coords": [
        -1.7385755777359009,
        -2.8362903594970703,
        0.699999988079071
      ],
      "rotation": 340.13815437844846
    },
    {
      "pixel_coords": [
        135,
        83,
        12.370073318481445
      ],
      "color": "blue",
      "material": "rubber",
      "size": "small",
      "shape": "cylinder",
      "3d_coords": [
        -2.067751884460449,
        0.6281262040138245,
        0.3499999940395355
      ],
      "rotation": 19.585580140332823
    },
    {
      "pixel_coords": [
        175,
        58,
        13.47315788269043
      ],
      "color": "purple",
      "material": "rubber",
      "size": "large",
      "shape": "cylinder",
      "3d_coords": [
        -2.2267649173736572,
        2.7129452228546143,
        0.699999988079071
      ],
      "rotation": 60.01510134576606
    },
    {
      "pixel_coords": [
        228,
        137,
        9.42319107055664
      ],
      "color": "red",
      "material": "rubber",
      "size": "small",
      "shape": "cylinder",
      "3d_coords": [
        2.3016576766967773,
        0.4081084132194519,
        0.3499999940395355
      ],
      "rotation": 194.75999957043047
    }
  ],
  "image_filename": "CLEVR_new_000669.png",
  "image_index": 669
}