{
  "split": "new",
  "directions": {
    "below": [
      -0.0,
      -0.0,
      -1.0
    ],
    "right": [
      0.6563112735748291,
      0.7544902563095093,
      -0.0
    ],
    "left": [
      -0.6563112735748291,
      -0.7544902563095093,
      0.0
    ],
    "behind": [
      -0.754490315914154,
      0.6563112735748291,
      0.0
    ],
    "front": [
      0.754490315914154,
      -0.6563112735748291,
      -0.0
    ],
    "above": [
      0.0,
      0.0,
      1.0
    ]
  },
  "relationships": {
    "left": [
      [
        6,
        7
      ],
      [
        0,
        2,
        3,
        4,
        6,
        7
      ],
      [
        0,
        6,
        7
      ],
      [
        0,
        2,
        6,
        7
      ],
      [
        0,
        2,
        3,
        6,
        7
      ],
      [
        0,
        1,
        2,
        3,
        4,
        6,
        7
      ],
      [],
      [
        6
      ]
    ],
    "behind": [
      [],
      [
        0
      ],
      [
        0,
        1,
        3,
        4,
        5,
        6,
        7
      ],
      [
        0,
        1,
        5,
        6,
        7
      ],
      [
        0,
        1,
        3,
        5,
        6,
        7
      ],
      [
        0,
        1
      ],
      [
        0,
        1,
        5
      ],
      [
        0,
        1,
        5,
        6
      ]
    ],
    "front": [
      [
        1,
        2,
        3,
        4,
        5,
        6,
        7
      ],
      [
        2,
        3,
        4,
        5,
        6,
        7
      ],
      [],
      [
        2,
        4
      ],
      [
        2
      ],
      [
        2,
        3,
        4,
        6,
        7
      ],
      [
        2,
        3,
        4,
        7
      ],
      [
        2,
        3,
        4
      ]
    ],
    "right": [
      [
        1,
        2,
        3,
        4,
        5
      ],
      [
        5
      ],
      [
        1,
        3,
        4,
        5
      ],
      [
        1,
        4,
        5
      ],
      [
        1,
        5
      ],
      [],
      [
        0,
        1,
        2,
        3,
        4,
        5,
        7
      ],
      [
        0,
        1,
        2,
        3,
        4,
        5
      ]
    ]
  },
  "objects": [
    {
      "pixel_coords": [
        110,
        86,
        12.308403015136719
      ],
      "color": "red",
      "material": "metal",
      "size": "small",
      "shape": "sphere",
      "3d_coords": [
        -2.468696355819702,
        -0.22035260498523712,
        0.3499999940395355
      ],
      "rotation": 308.3976151675109
    },
    {
      "pixel_coords": [
        209,
        95,
        11.732276916503906
      ],
      "color": "brown",
      "material": "rubber",
      "size": "small",
      "shape": "cube",
      "3d_coords": [
        0.21306131780147552,
        1.968118667602539,
        0.3499999940395355
      ],
      "rotation": 354.4439396701862
    },
    {
      "pixel_coords": [
        128,
        159,
        8.645054817199707
      ],
      "color": "yellow",
      "material": "rubber",
      "size": "small",
      "shape": "cylinder",
      "3d_coords": [
        1.404645562171936,
        -2.201145887374878,
        0.3499999940395355
      ],
      "rotation": 44.695674057662806
    },
    {
      "pixel_coords": [
        173,
        135,
        9.5817232131958
      ],
      "color": "yellow",
      "material": "rubber",
      "size": "small",
      "shape": "cube",
      "3d_coords": [
        1.307226538658142,
        -0.6176137328147888,
        0.3499999940395355
      ],
      "rotation": 141.41769668029625
    },
    {
      "pixel_coords": [
        204,
        146,
        9.115777015686035
      ],
      "color": "purple",
      "material": "rubber",
      "size": "small",
      "shape": "sphere",
      "3d_coords": [
        2.230917453765869,
        -0.34963738918304443,
        0.3499999940395355
      ],
      "rotation": 121.14229483619148
    },
    {
      "pixel_coords": [
        245,
        102,
        11.252486228942871
      ],
      "color": "purple",
      "material": "rubber",
      "size": "small",
      "shape": "sphere",
      "3d_coords": [
        1.335054636001587,
        2.4501471519470215,
        0.3499999940395355
      ],
      "rotation": 196.30811131445486
    },
    {
      "pixel_coords": [
        41,
        113,
        10.638297080993652
      ],
      "color": "gray",
      "material": "metal",
      "size": "small",
      "shape": "cylinder",
      "3d_coords": [
        -2.1750593185424805,
        -2.8991663455963135,
        0.3499999940395355
      ],
      "rotation": 30.097740504343054
    },
    {
      "pixel_coords": [
        82,
        123,
        10.148591041564941
      ],
      "color": "red",
      "material": "metal",
      "size": "small",
      "shape": "sphere",
      "3d_coords": [
        -0.8742704391479492,
        -2.2194817066192627,
        0.3499999940395355
      ],
      "rotation": 271.63847763217785
    }
  ],
  "image_filename": "CLEVR_new_000839.png",
  "image_index": 839
}