{
  "split": "new",
  "directions": {
    "below": [
      -0.0,
      -0.0,
      -1.0
    ],
    "right": [
      0.6563112735748291,
      0.7544902563095093,
      -0.0
    ],
    "left": [
      -0.6563112735748291,
      -0.7544902563095093,
      0.0
    ],
    "behind": [
      -0.754490315914154,
      0.6563112735748291,
      0.0
    ],
    "front": [
      0.754490315914154,
      -0.6563112735748291,
      -0.0
    ],
    "above": [
      0.0,
      0.0,
      1.0
    ]
  },
  "relationships": {
    "left": [
      [
        3,
        5,
        7
      ],
      [
        0,
        3,
        5,
        6,
        7
      ],
      [
        0,
        1,
        3,
        4,
        5,
        6,
        7
      ],
      [],
      [
        0,
        1,
        3,
        5,
        6,
        7
      ],
      [
        3,
        7
      ],
      [
        0,
        3,
        5,
        7
      ],
      [
        3
      ]
    ],
    "behind": [
      [
        4
      ],
      [
        0,
        4
      ],
      [
        0,
        1,
        3,
        4,
        6
      ],
      [
        0,
        1,
        4
      ],
      [],
      [
        0,
        1,
        2,
        3,
        4,
        6,
        7
      ],
      [
        0,
        1,
        3,
        4
      ],
      [
        0,
        1,
        2,
        3,
        4,
        6
      ]
    ],
    "front": [
      [
        1,
        2,
        3,
        5,
        6,
        7
      ],
      [
        2,
        3,
        5,
        6,
        7
      ],
      [
        5,
        7
      ],
      [
        2,
        5,
        6,
        7
      ],
      [
        0,
        1,
        2,
        3,
        5,
        6,
        7
      ],
      [],
      [
        2,
        5,
        7
      ],
      [
        5
      ]
    ],
    "right": [
      [
        1,
        2,
        4,
        6
      ],
      [
        2,
        4
      ],
      [],
      [
        0,
        1,
        2,
        4,
        5,
        6,
        7
      ],
      [
        2
      ],
      [
        0,
        1,
        2,
        4,
        6
      ],
      [
        1,
        2,
        4
      ],
      [
        0,
        1,
        2,
        4,
        5,
        6
      ]
    ]
  },
  "objects": [
    {
      "pixel_coords": [
        132,
        79,
        12.530034065246582
      ],
      "color": "yellow",
      "material": "metal",
      "size": "large",
      "shape": "sphere",
      "3d_coords": [
        -1.9539787769317627,
        0.42284056544303894,
        0.699999988079071
      ],
      "rotation": 58.72533983164893
    },
    {
      "pixel_coords": [
        185,
        93,
        12.3381986618042
      ],
      "color": "gray",
      "material": "rubber",
      "size": "small",
      "shape": "cube",
      "3d_coords": [
        -0.3656452000141144,
        1.5418366193771362,
        0.3499999940395355
      ],
      "rotation": 198.4657133404607
    },
    {
      "pixel_coords": [
        252,
        124,
        9.738704681396484
      ],
      "color": "gray",
      "material": "rubber",
      "size": "large",
      "shape": "cylinder",
      "3d_coords": [
        2.816296339035034,
        0.8952296376228333,
        0.699999988079071
      ],
      "rotation": 240.0487062868367
    },
    {
      "pixel_coords": [
        81,
        92,
        11.621573448181152
      ],
      "color": "purple",
      "material": "metal",
      "size": "large",
      "shape": "cylinder",
      "3d_coords": [
        -2.285055637359619,
        -1.481101393699646,
        0.699999988079071
      ],
      "rotation": 345.57581617430253
    },
    {
      "pixel_coords": [
        201,
        72,
        13.19301700592041
      ],
      "color": "gray",
      "material": "rubber",
      "size": "large",
      "shape": "sphere",
      "3d_coords": [
        -0.7898396849632263,
        2.820094585418701,
        0.699999988079071
      ],
      "rotation": 188.5039655782552
    },
    {
      "pixel_coords": [
        105,
        160,
        8.852460861206055
      ],
      "color": "red",
      "material": "metal",
      "size": "small",
      "shape": "sphere",
      "3d_coords": [
        1.0375752449035645,
        -2.8428878784179688,
        0.3499999940395355
      ],
      "rotation": 228.39287490196656
    },
    {
      "pixel_coords": [
        153,
        104,
        10.84280014038086
      ],
      "color": "brown",
      "material": "rubber",
      "size": "large",
      "shape": "cylinder",
      "3d_coords": [
        0.01655290648341179,
        -0.28887811303138733,
        0.699999988079071
      ],
      "rotation": 209.81378178007427
    },
    {
      "pixel_coords": [
        82,
        146,
        9.42191219329834
      ],
      "color": "yellow",
      "material": "metal",
      "size": "small",
      "shape": "cube",
      "3d_coords": [
        0.08873962610960007,
        -2.912675142288208,
        0.3499999940395355
      ],
      "rotation": 288.7379871563811
    }
  ],
  "image_filename": "CLEVR_new_000661.png",
  "image_index": 661
}