{
  "image_index": 1321,
  "relationships": {
    "right": [
      [
        2
      ],
      [
        0,
        2,
        4,
        6
      ],
      [],
      [
        0,
        1,
        2,
        4,
        5,
        6
      ],
      [
        0,
        2,
        6
      ],
      [
        0,
        1,
        2,
        4,
        6
      ],
      [
        0,
        2
      ]
    ],
    "front": [
      [
        2,
        3,
        4,
        5,
        6
      ],
      [
        0,
        2,
        3,
        4,
        5,
        6
      ],
      [
        4,
        5,
        6
      ],
      [
        2,
        4,
        5,
        6
      ],
      [],
      [
        4
      ],
      [
        4,
        5
      ]
    ],
    "behind": [
      [
        1
      ],
      [],
      [
        0,
        1,
        3
      ],
      [
        0,
        1
      ],
      [
        0,
        1,
        2,
        3,
        5,
        6
      ],
      [
        0,
        1,
        2,
        3,
        6
      ],
      [
        0,
        1,
        2,
        3
      ]
    ],
    "left": [
      [
        1,
        3,
        4,
        5,
        6
      ],
      [
        3,
        5
      ],
      [
        0,
        1,
        3,
        4,
        5,
        6
      ],
      [],
      [
        1,
        3,
        5
      ],
      [
        3
      ],
      [
        1,
        3,
        4,
        5
      ]
    ]
  },
  "directions": {
    "right": [
      0.6563112735748291,
      0.7544902563095093,
      -0.0
    ],
    "front": [
      0.754490315914154,
      -0.6563112735748291,
      -0.0
    ],
    "behind": [
      -0.754490315914154,
      0.6563112735748291,
      0.0
    ],
    "above": [
      0.0,
      0.0,
      1.0
    ],
    "below": [
      -0.0,
      -0.0,
      -1.0
    ],
    "left": [
      -0.6563112735748291,
      -0.7544902563095093,
      0.0
    ]
  },
  "red_cube_pos": [
    [
      176,
      98
    ],
    [
      208,
      132
    ]
  ],
  "image_filename": "CLEVR_new_001321.png",
  "split": "new",
  "objects": [
    {
      "size": "small",
      "pixel_coords": [
        208,
        92,
        12.309191703796387
      ],
      "color": "blue",
      "material": "metal",
      "rotation": 140.60818664743132,
      "3d_coords": [
        -0.13676483929157257,
        2.257007122039795,
        0.3499999940395355
      ],
      "shape": "cylinder"
    },
    {
      "size": "large",
      "pixel_coords": [
        139,
        75,
        12.78779411315918
      ],
      "color": "green",
      "material": "rubber",
      "rotation": 178.66228962639022,
      "3d_coords": [
        -2.2179503440856934,
        0.7418671250343323,
        0.699999988079071
      ],
      "shape": "cube"
    },
    {
      "size": "large",
      "pixel_coords": [
        247,
        108,
        10.298603057861328
      ],
      "color": "yellow",
      "material": "rubber",
      "rotation": 131.64012358728925,
      "3d_coords": [
        2.0304713249206543,
        1.6529790163040161,
        0.699999988079071
      ],
      "shape": "cube"
    },
    {
      "size": "small",
      "pixel_coords": [
        66,
        103,
        11.46986198425293
      ],
      "color": "gray",
      "material": "metal",
      "rotation": 227.6395198415264,
      "3d_coords": [
        -2.3127763271331787,
        -2.1122379302978516,
        0.3499999940395355
      ],
      "shape": "cylinder"
    },
    {
      "size": "small",
      "pixel_coords": [
        169,
        160,
        8.536197662353516
      ],
      "color": "yellow",
      "material": "rubber",
      "rotation": 35.201718269010385,
      "3d_coords": [
        2.3253333568573,
        -1.5165308713912964,
        0.3499999940395355
      ],
      "shape": "cylinder"
    },
    {
      "size": "small",
      "pixel_coords": [
        73,
        130,
        9.871720314025879
      ],
      "color": "blue",
      "material": "rubber",
      "rotation": 134.64585059519652,
      "3d_coords": [
        -0.5016580820083618,
        -2.7150161266326904,
        0.3499999940395355
      ],
      "shape": "cylinder"
    },
    {
      "size": "small",
      "pixel_coords": [
        192,
        124,
        10.176812171936035
      ],
      "color": "red",
      "material": "rubber",
      "rotation": 34.57159611542381,
      "3d_coords": [
        1.2951749563217163,
        0.17672567069530487,
        0.3499999940395355
      ],
      "shape": "cube"
    }
  ]
}