{
  "image_index": 1000,
  "relationships": {
    "right": [
      [
        1,
        3,
        5,
        6
      ],
      [
        3,
        5,
        6
      ],
      [
        0,
        1,
        3,
        4,
        5,
        6,
        7
      ],
      [
        6
      ],
      [
        0,
        1,
        3,
        5,
        6,
        7
      ],
      [
        3,
        6
      ],
      [],
      [
        0,
        1,
        3,
        5,
        6
      ]
    ],
    "front": [
      [],
      [
        0,
        2,
        3,
        4,
        6
      ],
      [
        0,
        3,
        6
      ],
      [
        0
      ],
      [
        0,
        2,
        3,
        6
      ],
      [
        0,
        1,
        2,
        3,
        4,
        6,
        7
      ],
      [
        0,
        3
      ],
      [
        0,
        1,
        2,
        3,
        4,
        6
      ]
    ],
    "behind": [
      [
        1,
        2,
        3,
        4,
        5,
        6,
        7
      ],
      [
        5,
        7
      ],
      [
        1,
        4,
        5,
        7
      ],
      [
        1,
        2,
        4,
        5,
        6,
        7
      ],
      [
        1,
        5,
        7
      ],
      [],
      [
        1,
        2,
        4,
        5,
        7
      ],
      [
        5
      ]
    ],
    "left": [
      [
        2,
        4,
        7
      ],
      [
        0,
        2,
        4,
        7
      ],
      [],
      [
        0,
        1,
        2,
        4,
        5,
        7
      ],
      [
        2
      ],
      [
        0,
        1,
        2,
        4,
        7
      ],
      [
        0,
        1,
        2,
        3,
        4,
        5,
        7
      ],
      [
        2,
        4
      ]
    ]
  },
  "directions": {
    "right": [
      0.6563112735748291,
      0.7544902563095093,
      -0.0
    ],
    "front": [
      0.754490315914154,
      -0.6563112735748291,
      -0.0
    ],
    "behind": [
      -0.754490315914154,
      0.6563112735748291,
      0.0
    ],
    "above": [
      0.0,
      0.0,
      1.0
    ],
    "below": [
      -0.0,
      -0.0,
      -1.0
    ],
    "left": [
      -0.6563112735748291,
      -0.7544902563095093,
      0.0
    ]
  },
  "red_cube_pos": [
    [
      118,
      144
    ],
    [
      140,
      168
    ]
  ],
  "image_filename": "CLEVR_new_001000.png",
  "split": "new",
  "objects": [
    {
      "size": "small",
      "pixel_coords": [
        137,
        159,
        8.220048904418945
      ],
      "color": "gray",
      "material": "metal",
      "rotation": 87.0363355459567,
      "3d_coords": [
        1.6661105155944824,
        -2.2124457359313965,
        0.3499999940395355
      ],
      "shape": "sphere"
    },
    {
      "size": "small",
      "pixel_coords": [
        161,
        88,
        12.246366500854492
      ],
      "color": "green",
      "material": "rubber",
      "rotation": 330.59774748192024,
      "3d_coords": [
        -1.3239922523498535,
        1.206682562828064,
        0.3499999940395355
      ],
      "shape": "sphere"
    },
    {
      "size": "small",
      "pixel_coords": [
        44,
        103,
        11.120000839233398
      ],
      "color": "gray",
      "material": "metal",
      "rotation": 326.3692475137245,
      "3d_coords": [
        -2.852909564971924,
        -2.401771306991577,
        0.3499999940395355
      ],
      "shape": "sphere"
    },
    {
      "size": "small",
      "pixel_coords": [
        211,
        144,
        8.835210800170898
      ],
      "color": "gray",
      "material": "rubber",
      "rotation": 299.5005365816304,
      "3d_coords": [
        2.3716726303100586,
        -0.3868313431739807,
        0.3499999940395355
      ],
      "shape": "sphere"
    },
    {
      "size": "small",
      "pixel_coords": [
        89,
        93,
        11.846325874328613
      ],
      "color": "red",
      "material": "metal",
      "rotation": 173.21571763914903,
      "3d_coords": [
        -2.612738609313965,
        -0.9109723567962646,
        0.3499999940395355
      ],
      "shape": "sphere"
    },
    {
      "size": "small",
      "pixel_coords": [
        179,
        72,
        13.790398597717285
      ],
      "color": "yellow",
      "material": "metal",
      "rotation": 124.97254681490105,
      "3d_coords": [
        -2.135498523712158,
        2.893622636795044,
        0.3499999940395355
      ],
      "shape": "sphere"
    },
    {
      "size": "large",
      "pixel_coords": [
        264,
        99,
        10.52736759185791
      ],
      "color": "blue",
      "material": "metal",
      "rotation": 21.80280384758392,
      "3d_coords": [
        2.0540974140167236,
        2.367579698562622,
        0.699999988079071
      ],
      "shape": "cylinder"
    },
    {
      "size": "small",
      "pixel_coords": [
        130,
        83,
        12.691123962402344
      ],
      "color": "red",
      "material": "rubber",
      "rotation": 223.7015738388817,
      "3d_coords": [
        -2.441551446914673,
        0.7017328143119812,
        0.3499999940395355
      ],
      "shape": "cube"
    }
  ]
}