{
  "image_index": 1190,
  "relationships": {
    "right": [
      [
        1,
        3,
        6
      ],
      [
        3,
        6
      ],
      [
        0,
        1,
        3,
        4,
        5,
        6,
        7
      ],
      [
        6
      ],
      [
        0,
        1,
        3,
        6,
        7
      ],
      [
        0,
        1,
        3,
        4,
        6,
        7
      ],
      [],
      [
        0,
        1,
        3,
        6
      ]
    ],
    "front": [
      [],
      [
        0,
        2,
        3,
        4,
        5,
        6,
        7
      ],
      [
        0,
        3,
        4
      ],
      [
        0,
        4
      ],
      [
        0
      ],
      [
        0,
        2,
        3,
        4,
        7
      ],
      [
        0,
        2,
        3,
        4,
        5,
        7
      ],
      [
        0,
        2,
        3,
        4
      ]
    ],
    "behind": [
      [
        1,
        2,
        3,
        4,
        5,
        6,
        7
      ],
      [],
      [
        1,
        5,
        6,
        7
      ],
      [
        1,
        2,
        5,
        6,
        7
      ],
      [
        1,
        2,
        3,
        5,
        6,
        7
      ],
      [
        1,
        6
      ],
      [
        1
      ],
      [
        1,
        5,
        6
      ]
    ],
    "left": [
      [
        2,
        4,
        5,
        7
      ],
      [
        0,
        2,
        4,
        5,
        7
      ],
      [],
      [
        0,
        1,
        2,
        4,
        5,
        7
      ],
      [
        2,
        5
      ],
      [
        2
      ],
      [
        0,
        1,
        2,
        3,
        4,
        5,
        7
      ],
      [
        2,
        4,
        5
      ]
    ]
  },
  "directions": {
    "right": [
      0.6563112735748291,
      0.7544902563095093,
      -0.0
    ],
    "front": [
      0.754490315914154,
      -0.6563112735748291,
      -0.0
    ],
    "behind": [
      -0.754490315914154,
      0.6563112735748291,
      0.0
    ],
    "above": [
      0.0,
      0.0,
      1.0
    ],
    "below": [
      -0.0,
      -0.0,
      -1.0
    ],
    "left": [
      -0.6563112735748291,
      -0.7544902563095093,
      0.0
    ]
  },
  "red_cube_pos": [
    [
      116,
      110
    ],
    [
      145,
      141
    ]
  ],
  "image_filename": "CLEVR_new_001190.png",
  "split": "new",
  "objects": [
    {
      "size": "large",
      "pixel_coords": [
        132,
        179,
        7.424286842346191
      ],
      "color": "purple",
      "material": "metal",
      "rotation": 28.44042752561965,
      "3d_coords": [
        2.7060132026672363,
        -2.963895082473755,
        0.699999988079071
      ],
      "shape": "cylinder"
    },
    {
      "size": "large",
      "pixel_coords": [
        194,
        74,
        12.985676765441895
      ],
      "color": "brown",
      "material": "metal",
      "rotation": 306.75593802505125,
      "3d_coords": [
        -1.019842505455017,
        2.4655208587646484,
        0.699999988079071
      ],
      "shape": "sphere"
    },
    {
      "size": "large",
      "pixel_coords": [
        52,
        113,
        10.1548433303833
      ],
      "color": "yellow",
      "material": "metal",
      "rotation": 107.56283290695711,
      "3d_coords": [
        -1.2880969047546387,
        -2.976043939590454,
        0.699999988079071
      ],
      "shape": "cylinder"
    },
    {
      "size": "large",
      "pixel_coords": [
        230,
        138,
        8.917813301086426
      ],
      "color": "blue",
      "material": "rubber",
      "rotation": 109.66729602692276,
      "3d_coords": [
        2.8881046772003174,
        -0.04278978332877159,
        0.699999988079071
      ],
      "shape": "sphere"
    },
    {
      "size": "small",
      "pixel_coords": [
        100,
        159,
        8.717520713806152
      ],
      "color": "green",
      "material": "rubber",
      "rotation": 166.56490730320255,
      "3d_coords": [
        1.1537878513336182,
        -2.8483378887176514,
        0.3499999940395355
      ],
      "shape": "cylinder"
    },
    {
      "size": "small",
      "pixel_coords": [
        89,
        107,
        11.31956672668457
      ],
      "color": "purple",
      "material": "rubber",
      "rotation": 244.62271034164172,
      "3d_coords": [
        -1.65690279006958,
        -1.6285157203674316,
        0.3499999940395355
      ],
      "shape": "cylinder"
    },
    {
      "size": "large",
      "pixel_coords": [
        244,
        94,
        11.364339828491211
      ],
      "color": "purple",
      "material": "metal",
      "rotation": 145.9659862336622,
      "3d_coords": [
        1.3286008834838867,
        2.444082260131836,
        0.699999988079071
      ],
      "shape": "sphere"
    },
    {
      "size": "small",
      "pixel_coords": [
        132,
        114,
        10.86386775970459
      ],
      "color": "red",
      "material": "rubber",
      "rotation": 14.61113830284881,
      "3d_coords": [
        -0.35622403025627136,
        -0.8420735597610474,
        0.3499999940395355
      ],
      "shape": "cube"
    }
  ]
}