{
  "image_index": 1095,
  "relationships": {
    "right": [
      [
        3
      ],
      [
        0,
        3
      ],
      [
        0,
        1,
        3,
        4,
        5,
        6
      ],
      [],
      [
        0,
        1,
        3
      ],
      [
        0,
        1,
        3,
        4,
        6
      ],
      [
        0,
        1,
        3,
        4
      ]
    ],
    "front": [
      [],
      [
        0,
        2,
        6
      ],
      [
        0,
        6
      ],
      [
        0,
        1,
        2,
        5,
        6
      ],
      [
        0,
        1,
        2,
        3,
        5,
        6
      ],
      [
        0,
        1,
        2,
        6
      ],
      [
        0
      ]
    ],
    "behind": [
      [
        1,
        2,
        3,
        4,
        5,
        6
      ],
      [
        3,
        4,
        5
      ],
      [
        1,
        3,
        4,
        5
      ],
      [
        4
      ],
      [],
      [
        3,
        4
      ],
      [
        1,
        2,
        3,
        4,
        5
      ]
    ],
    "left": [
      [
        1,
        2,
        4,
        5,
        6
      ],
      [
        2,
        4,
        5,
        6
      ],
      [],
      [
        0,
        1,
        2,
        4,
        5,
        6
      ],
      [
        2,
        5,
        6
      ],
      [
        2
      ],
      [
        2,
        5
      ]
    ]
  },
  "directions": {
    "right": [
      0.6563112735748291,
      0.7544902563095093,
      -0.0
    ],
    "front": [
      0.754490315914154,
      -0.6563112735748291,
      -0.0
    ],
    "behind": [
      -0.754490315914154,
      0.6563112735748291,
      0.0
    ],
    "above": [
      0.0,
      0.0,
      1.0
    ],
    "below": [
      -0.0,
      -0.0,
      -1.0
    ],
    "left": [
      -0.6563112735748291,
      -0.7544902563095093,
      0.0
    ]
  },
  "red_cube_pos": [
    [
      93,
      92
    ],
    [
      125,
      127
    ]
  ],
  "image_filename": "CLEVR_new_001095.png",
  "split": "new",
  "objects": [
    {
      "size": "small",
      "pixel_coords": [
        222,
        140,
        9.491092681884766
      ],
      "color": "brown",
      "material": "rubber",
      "rotation": 355.26474933589924,
      "3d_coords": [
        2.519835948944092,
        0.09722255915403366,
        0.3499999940395355
      ],
      "shape": "sphere"
    },
    {
      "size": "large",
      "pixel_coords": [
        177,
        98,
        11.122203826904297
      ],
      "color": "gray",
      "material": "metal",
      "rotation": 299.1316037502455,
      "3d_coords": [
        0.24288900196552277,
        0.5070725083351135,
        0.699999988079071
      ],
      "shape": "cylinder"
    },
    {
      "size": "small",
      "pixel_coords": [
        62,
        121,
        10.500640869140625
      ],
      "color": "green",
      "material": "rubber",
      "rotation": 68.55735284818483,
      "3d_coords": [
        -1.3007856607437134,
        -2.7479071617126465,
        0.3499999940395355
      ],
      "shape": "cylinder"
    },
    {
      "size": "large",
      "pixel_coords": [
        233,
        84,
        12.246675491333008
      ],
      "color": "yellow",
      "material": "metal",
      "rotation": 276.84444757793943,
      "3d_coords": [
        0.5357159376144409,
        2.851167917251587,
        0.699999988079071
      ],
      "shape": "cube"
    },
    {
      "size": "small",
      "pixel_coords": [
        153,
        80,
        13.583427429199219
      ],
      "color": "gray",
      "material": "rubber",
      "rotation": 4.884667097561133,
      "3d_coords": [
        -2.281658172607422,
        1.5165375471115112,
        0.3499999940395355
      ],
      "shape": "cylinder"
    },
    {
      "size": "large",
      "pixel_coords": [
        90,
        88,
        11.911099433898926
      ],
      "color": "red",
      "material": "metal",
      "rotation": 183.6516464016462,
      "3d_coords": [
        -2.3113362789154053,
        -1.1933815479278564,
        0.699999988079071
      ],
      "shape": "sphere"
    },
    {
      "size": "small",
      "pixel_coords": [
        110,
        130,
        10.0321626663208
      ],
      "color": "red",
      "material": "rubber",
      "rotation": 108.30964133303884,
      "3d_coords": [
        0.06599698960781097,
        -1.9199483394622803,
        0.3499999940395355
      ],
      "shape": "cube"
    }
  ]
}