{
  "image_index": 1180,
  "relationships": {
    "right": [
      [
        1,
        4
      ],
      [],
      [
        0,
        1,
        3,
        4,
        5,
        6
      ],
      [
        0,
        1,
        4
      ],
      [
        1
      ],
      [
        0,
        1,
        3,
        4
      ],
      [
        0,
        1,
        3,
        4,
        5
      ]
    ],
    "front": [
      [],
      [
        0
      ],
      [
        0,
        1,
        5
      ],
      [
        0,
        1,
        2,
        4,
        5,
        6
      ],
      [
        0,
        1,
        2,
        5
      ],
      [
        0,
        1
      ],
      [
        0,
        1,
        2,
        4,
        5
      ]
    ],
    "behind": [
      [
        1,
        2,
        3,
        4,
        5,
        6
      ],
      [
        2,
        3,
        4,
        5,
        6
      ],
      [
        3,
        4,
        6
      ],
      [],
      [
        3,
        6
      ],
      [
        2,
        3,
        4,
        6
      ],
      [
        3
      ]
    ],
    "left": [
      [
        2,
        3,
        5,
        6
      ],
      [
        0,
        2,
        3,
        4,
        5,
        6
      ],
      [],
      [
        2,
        5,
        6
      ],
      [
        0,
        2,
        3,
        5,
        6
      ],
      [
        2,
        6
      ],
      [
        2
      ]
    ]
  },
  "directions": {
    "right": [
      0.6563112735748291,
      0.7544902563095093,
      -0.0
    ],
    "front": [
      0.754490315914154,
      -0.6563112735748291,
      -0.0
    ],
    "behind": [
      -0.754490315914154,
      0.6563112735748291,
      0.0
    ],
    "above": [
      0.0,
      0.0,
      1.0
    ],
    "below": [
      -0.0,
      -0.0,
      -1.0
    ],
    "left": [
      -0.6563112735748291,
      -0.7544902563095093,
      0.0
    ]
  },
  "red_cube_pos": [
    [
      101,
      144
    ],
    [
      119,
      167
    ]
  ],
  "image_filename": "CLEVR_new_001180.png",
  "split": "new",
  "objects": [
    {
      "size": "small",
      "pixel_coords": [
        172,
        163,
        8.675850868225098
      ],
      "color": "green",
      "material": "rubber",
      "rotation": 289.1476469202616,
      "3d_coords": [
        2.492323398590088,
        -1.700395107269287,
        0.3499999940395355
      ],
      "shape": "cylinder"
    },
    {
      "size": "large",
      "pixel_coords": [
        248,
        119,
        10.012187957763672
      ],
      "color": "gray",
      "material": "metal",
      "rotation": 123.47530468060835,
      "3d_coords": [
        2.625380754470825,
        1.0901128053665161,
        0.699999988079071
      ],
      "shape": "cube"
    },
    {
      "size": "large",
      "pixel_coords": [
        71,
        103,
        11.008369445800781
      ],
      "color": "gray",
      "material": "metal",
      "rotation": 259.5357830933807,
      "3d_coords": [
        -1.6508902311325073,
        -2.2742080688476562,
        0.699999988079071
      ],
      "shape": "cylinder"
    },
    {
      "size": "large",
      "pixel_coords": [
        157,
        64,
        14.380716323852539
      ],
      "color": "purple",
      "material": "rubber",
      "rotation": 147.04762120151508,
      "3d_coords": [
        -2.856311798095703,
        2.2090022563934326,
        0.699999988079071
      ],
      "shape": "sphere"
    },
    {
      "size": "large",
      "pixel_coords": [
        207,
        88,
        12.153926849365234
      ],
      "color": "brown",
      "material": "rubber",
      "rotation": 29.148665607883718,
      "3d_coords": [
        0.2030860036611557,
        1.955839991569519,
        0.699999988079071
      ],
      "shape": "sphere"
    },
    {
      "size": "small",
      "pixel_coords": [
        122,
        120,
        10.726765632629395
      ],
      "color": "brown",
      "material": "metal",
      "rotation": 132.22871042959105,
      "3d_coords": [
        -0.22425059974193573,
        -1.3462022542953491,
        0.3499999940395355
      ],
      "shape": "sphere"
    },
    {
      "size": "small",
      "pixel_coords": [
        111,
        84,
        13.406710624694824
      ],
      "color": "red",
      "material": "rubber",
      "rotation": 324.5578267650198,
      "3d_coords": [
        -2.9973368644714355,
        0.04555144160985947,
        0.3499999940395355
      ],
      "shape": "cube"
    }
  ]
}