{
  "image_index": 1059,
  "relationships": {
    "right": [
      [
        1,
        5
      ],
      [],
      [
        0,
        1,
        5,
        7
      ],
      [
        0,
        1,
        2,
        5,
        7
      ],
      [
        0,
        1,
        2,
        3,
        5,
        7
      ],
      [
        1
      ],
      [
        0,
        1,
        2,
        3,
        4,
        5,
        7
      ],
      [
        0,
        1,
        5
      ]
    ],
    "front": [
      [
        1,
        3,
        4,
        5,
        6,
        7
      ],
      [
        3,
        5,
        6,
        7
      ],
      [
        0,
        1,
        3,
        4,
        5,
        6,
        7
      ],
      [
        7
      ],
      [
        1,
        3,
        5,
        6,
        7
      ],
      [
        3,
        7
      ],
      [
        3,
        5,
        7
      ],
      []
    ],
    "behind": [
      [
        2
      ],
      [
        0,
        2,
        4
      ],
      [],
      [
        0,
        1,
        2,
        4,
        5,
        6
      ],
      [
        0,
        2
      ],
      [
        0,
        1,
        2,
        4,
        6
      ],
      [
        0,
        1,
        2,
        4
      ],
      [
        0,
        1,
        2,
        3,
        4,
        5,
        6
      ]
    ],
    "left": [
      [
        2,
        3,
        4,
        6,
        7
      ],
      [
        0,
        2,
        3,
        4,
        5,
        6,
        7
      ],
      [
        3,
        4,
        6
      ],
      [
        4,
        6
      ],
      [
        6
      ],
      [
        0,
        2,
        3,
        4,
        6,
        7
      ],
      [],
      [
        2,
        3,
        4,
        6
      ]
    ]
  },
  "directions": {
    "right": [
      0.6563112735748291,
      0.7544902563095093,
      -0.0
    ],
    "front": [
      0.754490315914154,
      -0.6563112735748291,
      -0.0
    ],
    "behind": [
      -0.754490315914154,
      0.6563112735748291,
      0.0
    ],
    "above": [
      0.0,
      0.0,
      1.0
    ],
    "below": [
      -0.0,
      -0.0,
      -1.0
    ],
    "left": [
      -0.6563112735748291,
      -0.7544902563095093,
      0.0
    ]
  },
  "red_cube_pos": [
    [
      155,
      62
    ],
    [
      189,
      102
    ]
  ],
  "image_filename": "CLEVR_new_001059.png",
  "split": "new",
  "objects": [
    {
      "size": "large",
      "pixel_coords": [
        186,
        74,
        12.818739891052246
      ],
      "color": "gray",
      "material": "rubber",
      "rotation": 200.12276792584956,
      "3d_coords": [
        -1.0707401037216187,
        2.1953396797180176,
        0.699999988079071
      ],
      "shape": "cube"
    },
    {
      "size": "large",
      "pixel_coords": [
        268,
        94,
        11.257194519042969
      ],
      "color": "red",
      "material": "rubber",
      "rotation": 238.25438637816248,
      "3d_coords": [
        1.9241111278533936,
        2.929649591445923,
        0.699999988079071
      ],
      "shape": "sphere"
    },
    {
      "size": "small",
      "pixel_coords": [
        152,
        73,
        13.9431734085083
      ],
      "color": "brown",
      "material": "rubber",
      "rotation": 31.46904817096786,
      "3d_coords": [
        -2.710402250289917,
        1.9742385149002075,
        0.3499999940395355
      ],
      "shape": "sphere"
    },
    {
      "size": "small",
      "pixel_coords": [
        116,
        148,
        9.05308723449707
      ],
      "color": "brown",
      "material": "rubber",
      "rotation": 203.17110181478157,
      "3d_coords": [
        0.8989961743354797,
        -2.3080556392669678,
        0.3499999940395355
      ],
      "shape": "cube"
    },
    {
      "size": "large",
      "pixel_coords": [
        107,
        82,
        12.149520874023438
      ],
      "color": "gray",
      "material": "metal",
      "rotation": 218.39348830522195,
      "3d_coords": [
        -2.3450770378112793,
        -0.4080769717693329,
        0.699999988079071
      ],
      "shape": "cube"
    },
    {
      "size": "large",
      "pixel_coords": [
        214,
        126,
        9.3697509765625
      ],
      "color": "gray",
      "material": "metal",
      "rotation": 35.02517857379591,
      "3d_coords": [
        2.1882662773132324,
        -0.01120852492749691,
        0.699999988079071
      ],
      "shape": "cube"
    },
    {
      "size": "small",
      "pixel_coords": [
        77,
        118,
        10.525824546813965
      ],
      "color": "brown",
      "material": "metal",
      "rotation": 67.42451984465063,
      "3d_coords": [
        -1.2536799907684326,
        -2.234114646911621,
        0.3499999940395355
      ],
      "shape": "cube"
    },
    {
      "size": "small",
      "pixel_coords": [
        172,
        157,
        8.67645263671875
      ],
      "color": "red",
      "material": "rubber",
      "rotation": 226.67621878275256,
      "3d_coords": [
        2.1764750480651855,
        -1.4976067543029785,
        0.3499999940395355
      ],
      "shape": "cube"
    }
  ]
}