{
  "image_index": 1320,
  "relationships": {
    "right": [
      [
        1,
        3,
        4,
        5,
        6,
        7
      ],
      [
        3,
        5,
        6,
        7
      ],
      [
        0,
        1,
        3,
        4,
        5,
        6,
        7
      ],
      [
        5,
        6
      ],
      [
        1,
        3,
        5,
        6,
        7
      ],
      [],
      [
        5
      ],
      [
        3,
        5,
        6
      ]
    ],
    "front": [
      [
        2,
        3,
        4,
        5,
        6,
        7
      ],
      [
        0,
        2,
        3,
        4,
        5,
        6,
        7
      ],
      [
        3,
        4,
        6
      ],
      [
        4
      ],
      [],
      [
        2,
        3,
        4,
        6
      ],
      [
        3,
        4
      ],
      [
        2,
        3,
        4,
        5,
        6
      ]
    ],
    "behind": [
      [
        1
      ],
      [],
      [
        0,
        1,
        5,
        7
      ],
      [
        0,
        1,
        2,
        5,
        6,
        7
      ],
      [
        0,
        1,
        2,
        3,
        5,
        6,
        7
      ],
      [
        0,
        1,
        7
      ],
      [
        0,
        1,
        2,
        5,
        7
      ],
      [
        0,
        1
      ]
    ],
    "left": [
      [
        2
      ],
      [
        0,
        2,
        4
      ],
      [],
      [
        0,
        1,
        2,
        4,
        7
      ],
      [
        0,
        2
      ],
      [
        0,
        1,
        2,
        3,
        4,
        6,
        7
      ],
      [
        0,
        1,
        2,
        3,
        4,
        7
      ],
      [
        0,
        1,
        2,
        4
      ]
    ]
  },
  "directions": {
    "right": [
      0.6563112735748291,
      0.7544902563095093,
      -0.0
    ],
    "front": [
      0.754490315914154,
      -0.6563112735748291,
      -0.0
    ],
    "behind": [
      -0.754490315914154,
      0.6563112735748291,
      0.0
    ],
    "above": [
      0.0,
      0.0,
      1.0
    ],
    "below": [
      -0.0,
      -0.0,
      -1.0
    ],
    "left": [
      -0.6563112735748291,
      -0.7544902563095093,
      0.0
    ]
  },
  "red_cube_pos": [
    [
      183,
      125
    ],
    [
      206,
      151
    ]
  ],
  "image_filename": "CLEVR_new_001320.png",
  "split": "new",
  "objects": [
    {
      "size": "large",
      "pixel_coords": [
        123,
        78,
        13.192154884338379
      ],
      "color": "purple",
      "material": "metal",
      "rotation": 108.99181959825246,
      "3d_coords": [
        -2.556640625,
        0.30035144090652466,
        0.699999988079071
      ],
      "shape": "cube"
    },
    {
      "size": "small",
      "pixel_coords": [
        168,
        81,
        13.883061408996582
      ],
      "color": "purple",
      "material": "metal",
      "rotation": 91.70974115786353,
      "3d_coords": [
        -1.9027711153030396,
        2.013979911804199,
        0.3499999940395355
      ],
      "shape": "cylinder"
    },
    {
      "size": "large",
      "pixel_coords": [
        83,
        111,
        10.585166931152344
      ],
      "color": "blue",
      "material": "rubber",
      "rotation": 69.52573493837224,
      "3d_coords": [
        -0.9130969047546387,
        -2.288208484649658,
        0.699999988079071
      ],
      "shape": "sphere"
    },
    {
      "size": "small",
      "pixel_coords": [
        227,
        146,
        9.445199966430664
      ],
      "color": "gray",
      "material": "metal",
      "rotation": 261.9012550331175,
      "3d_coords": [
        2.858555793762207,
        -0.043217744678258896,
        0.3499999940395355
      ],
      "shape": "cube"
    },
    {
      "size": "large",
      "pixel_coords": [
        121,
        150,
        8.566547393798828
      ],
      "color": "purple",
      "material": "rubber",
      "rotation": 134.39527805882685,
      "3d_coords": [
        1.7063277959823608,
        -2.6811487674713135,
        0.699999988079071
      ],
      "shape": "cube"
    },
    {
      "size": "large",
      "pixel_coords": [
        261,
        101,
        11.231128692626953
      ],
      "color": "yellow",
      "material": "metal",
      "rotation": 164.01006216271793,
      "3d_coords": [
        2.1164610385894775,
        2.465190887451172,
        0.699999988079071
      ],
      "shape": "cylinder"
    },
    {
      "size": "small",
      "pixel_coords": [
        255,
        134,
        10.002321243286133
      ],
      "color": "yellow",
      "material": "rubber",
      "rotation": 286.01463458334337,
      "3d_coords": [
        2.9750921726226807,
        1.0696309804916382,
        0.3499999940395355
      ],
      "shape": "sphere"
    },
    {
      "size": "small",
      "pixel_coords": [
        195,
        102,
        12.054052352905273
      ],
      "color": "red",
      "material": "rubber",
      "rotation": 245.6590026155181,
      "3d_coords": [
        0.24038825929164886,
        1.382496953010559,
        0.3499999940395355
      ],
      "shape": "cube"
    }
  ]
}