{
  "image_index": 1256,
  "relationships": {
    "right": [
      [
        1,
        2,
        3,
        4,
        5,
        6
      ],
      [
        3,
        6
      ],
      [
        1,
        3,
        5,
        6
      ],
      [],
      [
        1,
        2,
        3,
        5,
        6
      ],
      [
        1,
        3,
        6
      ],
      [
        3
      ],
      [
        0,
        1,
        2,
        3,
        4,
        5,
        6
      ]
    ],
    "front": [
      [
        2,
        3,
        4,
        5,
        7
      ],
      [
        0,
        2,
        3,
        4,
        5,
        6,
        7
      ],
      [],
      [
        2,
        4,
        5,
        7
      ],
      [
        2
      ],
      [
        2,
        4
      ],
      [
        0,
        2,
        3,
        4,
        5,
        7
      ],
      [
        2,
        4,
        5
      ]
    ],
    "behind": [
      [
        1,
        6
      ],
      [],
      [
        0,
        1,
        3,
        4,
        5,
        6,
        7
      ],
      [
        0,
        1,
        6
      ],
      [
        0,
        1,
        3,
        5,
        6,
        7
      ],
      [
        0,
        1,
        3,
        6,
        7
      ],
      [
        1
      ],
      [
        0,
        1,
        3,
        6
      ]
    ],
    "left": [
      [
        7
      ],
      [
        0,
        2,
        4,
        5,
        7
      ],
      [
        0,
        4,
        7
      ],
      [
        0,
        1,
        2,
        4,
        5,
        6,
        7
      ],
      [
        0,
        7
      ],
      [
        0,
        2,
        4,
        7
      ],
      [
        0,
        1,
        2,
        4,
        5,
        7
      ],
      []
    ]
  },
  "directions": {
    "right": [
      0.6563112735748291,
      0.7544902563095093,
      -0.0
    ],
    "front": [
      0.754490315914154,
      -0.6563112735748291,
      -0.0
    ],
    "behind": [
      -0.754490315914154,
      0.6563112735748291,
      0.0
    ],
    "above": [
      0.0,
      0.0,
      1.0
    ],
    "below": [
      -0.0,
      -0.0,
      -1.0
    ],
    "left": [
      -0.6563112735748291,
      -0.7544902563095093,
      0.0
    ]
  },
  "red_cube_pos": [
    [
      53,
      91
    ],
    [
      86,
      124
    ]
  ],
  "image_filename": "CLEVR_new_001256.png",
  "split": "new",
  "objects": [
    {
      "size": "large",
      "pixel_coords": [
        107,
        96,
        12.059904098510742
      ],
      "color": "gray",
      "material": "rubber",
      "rotation": 32.05486042270365,
      "3d_coords": [
        -1.5278619527816772,
        -1.1005085706710815,
        0.699999988079071
      ],
      "shape": "cube"
    },
    {
      "size": "large",
      "pixel_coords": [
        196,
        73,
        13.930458068847656
      ],
      "color": "blue",
      "material": "rubber",
      "rotation": 221.9713743731484,
      "3d_coords": [
        -0.9945604801177979,
        2.7804949283599854,
        0.699999988079071
      ],
      "shape": "cube"
    },
    {
      "size": "large",
      "pixel_coords": [
        168,
        168,
        8.48386287689209
      ],
      "color": "green",
      "material": "rubber",
      "rotation": 119.11346761472717,
      "3d_coords": [
        2.8895349502563477,
        -2.252229928970337,
        0.699999988079071
      ],
      "shape": "sphere"
    },
    {
      "size": "small",
      "pixel_coords": [
        264,
        117,
        11.46143627166748
      ],
      "color": "gray",
      "material": "rubber",
      "rotation": 126.31865927657445,
      "3d_coords": [
        2.5735199451446533,
        2.2856791019439697,
        0.3499999940395355
      ],
      "shape": "cylinder"
    },
    {
      "size": "small",
      "pixel_coords": [
        122,
        164,
        9.206278800964355
      ],
      "color": "blue",
      "material": "metal",
      "rotation": 146.39226530332576,
      "3d_coords": [
        1.6238970756530762,
        -2.7468292713165283,
        0.3499999940395355
      ],
      "shape": "cube"
    },
    {
      "size": "large",
      "pixel_coords": [
        184,
        129,
        10.127006530761719
      ],
      "color": "green",
      "material": "rubber",
      "rotation": 60.34936710897909,
      "3d_coords": [
        1.798973560333252,
        -0.64033043384552,
        0.699999988079071
      ],
      "shape": "cube"
    },
    {
      "size": "small",
      "pixel_coords": [
        227,
        95,
        12.97542953491211
      ],
      "color": "yellow",
      "material": "rubber",
      "rotation": 167.29195603028134,
      "3d_coords": [
        0.6468849778175354,
        2.7082250118255615,
        0.3499999940395355
      ],
      "shape": "cylinder"
    },
    {
      "size": "small",
      "pixel_coords": [
        70,
        132,
        10.669240951538086
      ],
      "color": "red",
      "material": "rubber",
      "rotation": 92.85964813835997,
      "3d_coords": [
        -0.7675697803497314,
        -2.9492573738098145,
        0.3499999940395355
      ],
      "shape": "cube"
    }
  ]
}