{
  "image_index": 1346,
  "relationships": {
    "right": [
      [
        5
      ],
      [
        0,
        3,
        5,
        6
      ],
      [
        0,
        1,
        3,
        4,
        5,
        6
      ],
      [
        0,
        5,
        6
      ],
      [
        0,
        1,
        3,
        5,
        6
      ],
      [],
      [
        0,
        5
      ]
    ],
    "front": [
      [
        3
      ],
      [
        0,
        3,
        5
      ],
      [
        0,
        1,
        3,
        5
      ],
      [],
      [
        0,
        1,
        2,
        3,
        5
      ],
      [
        0,
        3
      ],
      [
        0,
        1,
        2,
        3,
        4,
        5
      ]
    ],
    "behind": [
      [
        1,
        2,
        4,
        5,
        6
      ],
      [
        2,
        4,
        6
      ],
      [
        4,
        6
      ],
      [
        0,
        1,
        2,
        4,
        5,
        6
      ],
      [
        6
      ],
      [
        1,
        2,
        4,
        6
      ],
      []
    ],
    "left": [
      [
        1,
        2,
        3,
        4,
        6
      ],
      [
        2,
        4
      ],
      [],
      [
        1,
        2,
        4
      ],
      [
        2
      ],
      [
        0,
        1,
        2,
        3,
        4,
        6
      ],
      [
        1,
        2,
        3,
        4
      ]
    ]
  },
  "directions": {
    "right": [
      0.6563112735748291,
      0.7544902563095093,
      -0.0
    ],
    "front": [
      0.754490315914154,
      -0.6563112735748291,
      -0.0
    ],
    "behind": [
      -0.754490315914154,
      0.6563112735748291,
      0.0
    ],
    "above": [
      0.0,
      0.0,
      1.0
    ],
    "below": [
      -0.0,
      -0.0,
      -1.0
    ],
    "left": [
      -0.6563112735748291,
      -0.7544902563095093,
      0.0
    ]
  },
  "red_cube_pos": [
    [
      158,
      152
    ],
    [
      181,
      176
    ]
  ],
  "image_filename": "CLEVR_new_001346.png",
  "split": "new",
  "objects": [
    {
      "size": "large",
      "pixel_coords": [
        223,
        123,
        9.575332641601562
      ],
      "color": "purple",
      "material": "rubber",
      "rotation": 333.4464085383344,
      "3d_coords": [
        2.244036912918091,
        0.22687242925167084,
        0.699999988079071
      ],
      "shape": "cube"
    },
    {
      "size": "small",
      "pixel_coords": [
        144,
        108,
        11.198859214782715
      ],
      "color": "purple",
      "material": "rubber",
      "rotation": 339.97335342352204,
      "3d_coords": [
        -0.48636457324028015,
        -0.2356112003326416,
        0.3499999940395355
      ],
      "shape": "cylinder"
    },
    {
      "size": "small",
      "pixel_coords": [
        97,
        100,
        11.697216033935547
      ],
      "color": "gray",
      "material": "metal",
      "rotation": 21.653405756664036,
      "3d_coords": [
        -1.9947599172592163,
        -0.9952694773674011,
        0.3499999940395355
      ],
      "shape": "sphere"
    },
    {
      "size": "small",
      "pixel_coords": [
        167,
        166,
        8.36635971069336
      ],
      "color": "red",
      "material": "metal",
      "rotation": 357.17730451851423,
      "3d_coords": [
        2.3049447536468506,
        -1.9598183631896973,
        0.3499999940395355
      ],
      "shape": "cylinder"
    },
    {
      "size": "small",
      "pixel_coords": [
        122,
        82,
        13.101397514343262
      ],
      "color": "purple",
      "material": "metal",
      "rotation": 50.32016034194876,
      "3d_coords": [
        -2.6862432956695557,
        0.5828908085823059,
        0.3499999940395355
      ],
      "shape": "cube"
    },
    {
      "size": "large",
      "pixel_coords": [
        269,
        105,
        10.54820728302002
      ],
      "color": "gray",
      "material": "rubber",
      "rotation": 164.06122422467124,
      "3d_coords": [
        2.52575421333313,
        2.115294933319092,
        0.699999988079071
      ],
      "shape": "cube"
    },
    {
      "size": "small",
      "pixel_coords": [
        170,
        75,
        13.741924285888672
      ],
      "color": "red",
      "material": "rubber",
      "rotation": 221.48997221863075,
      "3d_coords": [
        -1.9488019943237305,
        2.402977705001831,
        0.3499999940395355
      ],
      "shape": "cube"
    }
  ]
}