{
  "image_index": 1107,
  "relationships": {
    "right": [
      [
        2,
        5
      ],
      [
        0,
        2,
        4,
        5,
        6
      ],
      [],
      [
        0,
        1,
        2,
        4,
        5,
        6
      ],
      [
        0,
        2,
        5,
        6
      ],
      [
        2
      ],
      [
        0,
        2,
        5
      ]
    ],
    "front": [
      [],
      [
        0,
        2,
        3,
        4,
        5,
        6
      ],
      [
        0,
        3,
        4,
        5
      ],
      [
        0,
        4,
        5
      ],
      [
        0
      ],
      [
        0,
        4
      ],
      [
        0,
        2,
        3,
        4,
        5
      ]
    ],
    "behind": [
      [
        1,
        2,
        3,
        4,
        5,
        6
      ],
      [],
      [
        1,
        6
      ],
      [
        1,
        2,
        6
      ],
      [
        1,
        2,
        3,
        5,
        6
      ],
      [
        1,
        2,
        3,
        6
      ],
      [
        1
      ]
    ],
    "left": [
      [
        1,
        3,
        4,
        6
      ],
      [
        3
      ],
      [
        0,
        1,
        3,
        4,
        5,
        6
      ],
      [],
      [
        1,
        3
      ],
      [
        0,
        1,
        3,
        4,
        6
      ],
      [
        1,
        3,
        4
      ]
    ]
  },
  "directions": {
    "right": [
      0.6563112735748291,
      0.7544902563095093,
      -0.0
    ],
    "front": [
      0.754490315914154,
      -0.6563112735748291,
      -0.0
    ],
    "behind": [
      -0.754490315914154,
      0.6563112735748291,
      0.0
    ],
    "above": [
      0.0,
      0.0,
      1.0
    ],
    "below": [
      -0.0,
      -0.0,
      -1.0
    ],
    "left": [
      -0.6563112735748291,
      -0.7544902563095093,
      0.0
    ]
  },
  "red_cube_pos": [
    [
      164,
      139
    ],
    [
      184,
      162
    ]
  ],
  "image_filename": "CLEVR_new_001107.png",
  "split": "new",
  "objects": [
    {
      "size": "small",
      "pixel_coords": [
        212,
        146,
        9.490278244018555
      ],
      "color": "gray",
      "material": "rubber",
      "rotation": 137.8460801161393,
      "3d_coords": [
        2.5804972648620605,
        -0.39906686544418335,
        0.3499999940395355
      ],
      "shape": "cube"
    },
    {
      "size": "small",
      "pixel_coords": [
        136,
        80,
        13.856372833251953
      ],
      "color": "green",
      "material": "rubber",
      "rotation": 33.168692689485354,
      "3d_coords": [
        -2.6684494018554688,
        1.1024854183197021,
        0.3499999940395355
      ],
      "shape": "cube"
    },
    {
      "size": "small",
      "pixel_coords": [
        241,
        96,
        12.484354972839355
      ],
      "color": "gray",
      "material": "rubber",
      "rotation": 246.08903001625026,
      "3d_coords": [
        1.0349657535552979,
        2.9551384449005127,
        0.3499999940395355
      ],
      "shape": "cube"
    },
    {
      "size": "small",
      "pixel_coords": [
        114,
        102,
        12.051669120788574
      ],
      "color": "blue",
      "material": "metal",
      "rotation": 0.9123091602393885,
      "3d_coords": [
        -1.5624133348464966,
        -0.7218551635742188,
        0.3499999940395355
      ],
      "shape": "cylinder"
    },
    {
      "size": "small",
      "pixel_coords": [
        151,
        127,
        10.450675010681152
      ],
      "color": "red",
      "material": "metal",
      "rotation": 58.42723666956706,
      "3d_coords": [
        0.6481340527534485,
        -0.9489883780479431,
        0.3499999940395355
      ],
      "shape": "sphere"
    },
    {
      "size": "small",
      "pixel_coords": [
        224,
        107,
        11.659211158752441
      ],
      "color": "brown",
      "material": "rubber",
      "rotation": 65.36380011935756,
      "3d_coords": [
        1.2296340465545654,
        1.769015908241272,
        0.3499999940395355
      ],
      "shape": "cube"
    },
    {
      "size": "small",
      "pixel_coords": [
        174,
        88,
        13.098129272460938
      ],
      "color": "red",
      "material": "rubber",
      "rotation": 272.67827248620216,
      "3d_coords": [
        -1.0582664012908936,
        1.6323522329330444,
        0.3499999940395355
      ],
      "shape": "cube"
    }
  ]
}