{
  "image_index": 1056,
  "relationships": {
    "right": [
      [
        1,
        5,
        6
      ],
      [
        6
      ],
      [
        0,
        1,
        3,
        5,
        6
      ],
      [
        0,
        1,
        5,
        6
      ],
      [
        0,
        1,
        2,
        3,
        5,
        6,
        7
      ],
      [
        1,
        6
      ],
      [],
      [
        0,
        1,
        2,
        3,
        5,
        6
      ]
    ],
    "front": [
      [
        1,
        2,
        3,
        4,
        5,
        6,
        7
      ],
      [
        2,
        5,
        6,
        7
      ],
      [],
      [
        1,
        2,
        4,
        5,
        6,
        7
      ],
      [
        1,
        2,
        5,
        6,
        7
      ],
      [
        2
      ],
      [
        2,
        5,
        7
      ],
      [
        2,
        5
      ]
    ],
    "behind": [
      [],
      [
        0,
        3,
        4
      ],
      [
        0,
        1,
        3,
        4,
        5,
        6,
        7
      ],
      [
        0
      ],
      [
        0,
        3
      ],
      [
        0,
        1,
        3,
        4,
        6,
        7
      ],
      [
        0,
        1,
        3,
        4
      ],
      [
        0,
        1,
        3,
        4,
        6
      ]
    ],
    "left": [
      [
        2,
        3,
        4,
        7
      ],
      [
        0,
        2,
        3,
        4,
        5,
        7
      ],
      [
        4,
        7
      ],
      [
        2,
        4,
        7
      ],
      [],
      [
        0,
        2,
        3,
        4,
        7
      ],
      [
        0,
        1,
        2,
        3,
        4,
        5,
        7
      ],
      [
        4
      ]
    ]
  },
  "directions": {
    "right": [
      0.6563112735748291,
      0.7544902563095093,
      -0.0
    ],
    "front": [
      0.754490315914154,
      -0.6563112735748291,
      -0.0
    ],
    "behind": [
      -0.754490315914154,
      0.6563112735748291,
      0.0
    ],
    "above": [
      0.0,
      0.0,
      1.0
    ],
    "below": [
      -0.0,
      -0.0,
      -1.0
    ],
    "left": [
      -0.6563112735748291,
      -0.7544902563095093,
      0.0
    ]
  },
  "red_cube_pos": [
    [
      100,
      99
    ],
    [
      127,
      131
    ]
  ],
  "image_filename": "CLEVR_new_001056.png",
  "split": "new",
  "objects": [
    {
      "size": "large",
      "pixel_coords": [
        189,
        74,
        13.448948860168457
      ],
      "color": "blue",
      "material": "metal",
      "rotation": 196.22234513251536,
      "3d_coords": [
        -1.2584559917449951,
        2.521268129348755,
        0.699999988079071
      ],
      "shape": "cube"
    },
    {
      "size": "large",
      "pixel_coords": [
        239,
        101,
        11.089255332946777
      ],
      "color": "blue",
      "material": "metal",
      "rotation": 31.455244338552223,
      "3d_coords": [
        1.649775505065918,
        1.8965555429458618,
        0.699999988079071
      ],
      "shape": "cube"
    },
    {
      "size": "small",
      "pixel_coords": [
        128,
        161,
        8.528495788574219
      ],
      "color": "yellow",
      "material": "rubber",
      "rotation": 168.77188760694423,
      "3d_coords": [
        1.816163420677185,
        -2.563366174697876,
        0.3499999940395355
      ],
      "shape": "cube"
    },
    {
      "size": "small",
      "pixel_coords": [
        161,
        100,
        12.023813247680664
      ],
      "color": "gray",
      "material": "rubber",
      "rotation": 336.05144450494225,
      "3d_coords": [
        -0.6142122745513916,
        0.572830319404602,
        0.3499999940395355
      ],
      "shape": "cube"
    },
    {
      "size": "small",
      "pixel_coords": [
        78,
        105,
        11.677748680114746
      ],
      "color": "brown",
      "material": "metal",
      "rotation": 90.51647670175953,
      "3d_coords": [
        -2.1253552436828613,
        -1.8004952669143677,
        0.3499999940395355
      ],
      "shape": "sphere"
    },
    {
      "size": "large",
      "pixel_coords": [
        222,
        130,
        9.27326488494873
      ],
      "color": "green",
      "material": "metal",
      "rotation": 87.73260710142934,
      "3d_coords": [
        2.621273994445801,
        -0.07576180249452591,
        0.699999988079071
      ],
      "shape": "cylinder"
    },
    {
      "size": "small",
      "pixel_coords": [
        288,
        117,
        10.813403129577637
      ],
      "color": "green",
      "material": "rubber",
      "rotation": 253.9364825139587,
      "3d_coords": [
        2.9458329677581787,
        2.68788480758667,
        0.3499999940395355
      ],
      "shape": "cylinder"
    },
    {
      "size": "small",
      "pixel_coords": [
        114,
        124,
        10.367426872253418
      ],
      "color": "red",
      "material": "rubber",
      "rotation": 46.75136645092756,
      "3d_coords": [
        -0.12256184220314026,
        -1.6906498670578003,
        0.3499999940395355
      ],
      "shape": "cube"
    }
  ]
}