{
  "image_index": 1209,
  "relationships": {
    "right": [
      [
        2,
        5,
        6
      ],
      [
        0,
        2,
        3,
        4,
        5,
        6
      ],
      [
        5,
        6
      ],
      [
        0,
        2,
        4,
        5,
        6
      ],
      [
        0,
        2,
        5,
        6
      ],
      [],
      [
        5
      ],
      [
        0,
        1,
        2,
        3,
        4,
        5,
        6
      ]
    ],
    "front": [
      [
        2,
        4,
        5,
        6,
        7
      ],
      [
        0,
        2,
        4,
        5,
        6,
        7
      ],
      [
        4,
        5,
        6
      ],
      [
        0,
        1,
        2,
        4,
        5,
        6,
        7
      ],
      [],
      [
        4,
        6
      ],
      [
        4
      ],
      [
        2,
        4,
        5,
        6
      ]
    ],
    "behind": [
      [
        1,
        3
      ],
      [
        3
      ],
      [
        0,
        1,
        3,
        7
      ],
      [],
      [
        0,
        1,
        2,
        3,
        5,
        6,
        7
      ],
      [
        0,
        1,
        2,
        3,
        7
      ],
      [
        0,
        1,
        2,
        3,
        5,
        7
      ],
      [
        0,
        1,
        3
      ]
    ],
    "left": [
      [
        1,
        3,
        4,
        7
      ],
      [
        7
      ],
      [
        0,
        1,
        3,
        4,
        7
      ],
      [
        1,
        7
      ],
      [
        1,
        3,
        7
      ],
      [
        0,
        1,
        2,
        3,
        4,
        6,
        7
      ],
      [
        0,
        1,
        2,
        3,
        4,
        7
      ],
      []
    ]
  },
  "directions": {
    "right": [
      0.6563112735748291,
      0.7544902563095093,
      -0.0
    ],
    "front": [
      0.754490315914154,
      -0.6563112735748291,
      -0.0
    ],
    "behind": [
      -0.754490315914154,
      0.6563112735748291,
      0.0
    ],
    "above": [
      0.0,
      0.0,
      1.0
    ],
    "below": [
      -0.0,
      -0.0,
      -1.0
    ],
    "left": [
      -0.6563112735748291,
      -0.7544902563095093,
      0.0
    ]
  },
  "red_cube_pos": [
    [
      41,
      123
    ],
    [
      65,
      150
    ]
  ],
  "image_filename": "CLEVR_new_001209.png",
  "split": "new",
  "objects": [
    {
      "size": "small",
      "pixel_coords": [
        156,
        98,
        12.409538269042969
      ],
      "color": "purple",
      "material": "metal",
      "rotation": 152.25430070510015,
      "3d_coords": [
        -0.819125771522522,
        0.46136927604675293,
        0.3499999940395355
      ],
      "shape": "sphere"
    },
    {
      "size": "large",
      "pixel_coords": [
        87,
        81,
        12.889571189880371
      ],
      "color": "yellow",
      "material": "rubber",
      "rotation": 261.8420543976269,
      "3d_coords": [
        -2.9944419860839844,
        -1.0263174772262573,
        0.699999988079071
      ],
      "shape": "cylinder"
    },
    {
      "size": "small",
      "pixel_coords": [
        193,
        110,
        11.632146835327148
      ],
      "color": "purple",
      "material": "metal",
      "rotation": 103.58792026683481,
      "3d_coords": [
        0.6752158403396606,
        0.8828617334365845,
        0.3499999940395355
      ],
      "shape": "cube"
    },
    {
      "size": "small",
      "pixel_coords": [
        123,
        84,
        13.492820739746094
      ],
      "color": "gray",
      "material": "metal",
      "rotation": 163.9499955324253,
      "3d_coords": [
        -2.575881004333496,
        0.27560457587242126,
        0.3499999940395355
      ],
      "shape": "cylinder"
    },
    {
      "size": "large",
      "pixel_coords": [
        130,
        164,
        8.488698959350586
      ],
      "color": "gray",
      "material": "rubber",
      "rotation": 247.5581056813084,
      "3d_coords": [
        2.1737112998962402,
        -2.699868679046631,
        0.699999988079071
      ],
      "shape": "cylinder"
    },
    {
      "size": "large",
      "pixel_coords": [
        276,
        109,
        10.990813255310059
      ],
      "color": "brown",
      "material": "rubber",
      "rotation": 262.74430564839696,
      "3d_coords": [
        2.6895880699157715,
        2.5120768547058105,
        0.699999988079071
      ],
      "shape": "cylinder"
    },
    {
      "size": "small",
      "pixel_coords": [
        214,
        144,
        9.869562149047852
      ],
      "color": "purple",
      "material": "metal",
      "rotation": 172.58868260491866,
      "3d_coords": [
        2.5134685039520264,
        -0.07310761511325836,
        0.3499999940395355
      ],
      "shape": "sphere"
    },
    {
      "size": "small",
      "pixel_coords": [
        54,
        102,
        12.135285377502441
      ],
      "color": "red",
      "material": "rubber",
      "rotation": 186.63047053734593,
      "3d_coords": [
        -2.7982988357543945,
        -2.481276273727417,
        0.3499999940395355
      ],
      "shape": "cube"
    }
  ]
}