{
  "image_index": 1116,
  "relationships": {
    "right": [
      [
        1,
        2,
        5
      ],
      [
        2,
        5
      ],
      [
        5
      ],
      [
        0,
        1,
        2,
        5,
        6
      ],
      [
        0,
        1,
        2,
        3,
        5,
        6
      ],
      [],
      [
        0,
        1,
        2,
        5
      ]
    ],
    "front": [
      [
        3,
        4
      ],
      [
        0,
        2,
        3,
        4,
        5,
        6
      ],
      [
        0,
        3,
        4,
        5,
        6
      ],
      [],
      [
        3
      ],
      [
        0,
        3,
        4
      ],
      [
        0,
        3,
        4,
        5
      ]
    ],
    "behind": [
      [
        1,
        2,
        5,
        6
      ],
      [],
      [
        1
      ],
      [
        0,
        1,
        2,
        4,
        5,
        6
      ],
      [
        0,
        1,
        2,
        5,
        6
      ],
      [
        1,
        2,
        6
      ],
      [
        1,
        2
      ]
    ],
    "left": [
      [
        3,
        4,
        6
      ],
      [
        0,
        3,
        4,
        6
      ],
      [
        0,
        1,
        3,
        4,
        6
      ],
      [
        4
      ],
      [],
      [
        0,
        1,
        2,
        3,
        4,
        6
      ],
      [
        3,
        4
      ]
    ]
  },
  "directions": {
    "right": [
      0.6563112735748291,
      0.7544902563095093,
      -0.0
    ],
    "front": [
      0.754490315914154,
      -0.6563112735748291,
      -0.0
    ],
    "behind": [
      -0.754490315914154,
      0.6563112735748291,
      0.0
    ],
    "above": [
      0.0,
      0.0,
      1.0
    ],
    "below": [
      -0.0,
      -0.0,
      -1.0
    ],
    "left": [
      -0.6563112735748291,
      -0.7544902563095093,
      0.0
    ]
  },
  "red_cube_pos": [
    [
      139,
      132
    ],
    [
      163,
      159
    ]
  ],
  "image_filename": "CLEVR_new_001116.png",
  "split": "new",
  "objects": [
    {
      "size": "small",
      "pixel_coords": [
        175,
        123,
        10.332983016967773
      ],
      "color": "purple",
      "material": "rubber",
      "rotation": 241.84492610716967,
      "3d_coords": [
        0.8715883493423462,
        -0.14615316689014435,
        0.3499999940395355
      ],
      "shape": "cylinder"
    },
    {
      "size": "large",
      "pixel_coords": [
        192,
        61,
        13.524757385253906
      ],
      "color": "green",
      "material": "rubber",
      "rotation": 53.66690055940063,
      "3d_coords": [
        -1.6645622253417969,
        2.994431257247925,
        0.699999988079071
      ],
      "shape": "cylinder"
    },
    {
      "size": "small",
      "pixel_coords": [
        220,
        88,
        12.324458122253418
      ],
      "color": "green",
      "material": "metal",
      "rotation": 188.08647382576183,
      "3d_coords": [
        0.1434200406074524,
        2.6290109157562256,
        0.3499999940395355
      ],
      "shape": "sphere"
    },
    {
      "size": "small",
      "pixel_coords": [
        110,
        180,
        8.203913688659668
      ],
      "color": "brown",
      "material": "metal",
      "rotation": 33.61798520273492,
      "3d_coords": [
        1.7550369501113892,
        -2.9871277809143066,
        0.3499999940395355
      ],
      "shape": "cube"
    },
    {
      "size": "small",
      "pixel_coords": [
        59,
        131,
        10.006278991699219
      ],
      "color": "blue",
      "material": "rubber",
      "rotation": 43.99325000785461,
      "3d_coords": [
        -0.9712785482406616,
        -2.955604076385498,
        0.3499999940395355
      ],
      "shape": "sphere"
    },
    {
      "size": "large",
      "pixel_coords": [
        250,
        106,
        10.506478309631348
      ],
      "color": "gray",
      "material": "rubber",
      "rotation": 184.23774323077131,
      "3d_coords": [
        1.9936658143997192,
        1.8531417846679688,
        0.699999988079071
      ],
      "shape": "sphere"
    },
    {
      "size": "small",
      "pixel_coords": [
        152,
        94,
        11.948257446289062
      ],
      "color": "red",
      "material": "rubber",
      "rotation": 123.7074976274395,
      "3d_coords": [
        -1.052311658859253,
        0.5052369236946106,
        0.3499999940395355
      ],
      "shape": "cube"
    }
  ]
}