{
  "image_index": 1239,
  "relationships": {
    "right": [
      [
        1,
        2,
        3,
        5,
        6
      ],
      [
        2,
        3
      ],
      [
        3
      ],
      [],
      [
        0,
        1,
        2,
        3,
        5,
        6
      ],
      [
        1,
        2,
        3,
        6
      ],
      [
        1,
        2,
        3
      ]
    ],
    "front": [
      [
        1,
        2,
        6
      ],
      [
        2,
        6
      ],
      [
        6
      ],
      [
        0,
        1,
        2,
        4,
        6
      ],
      [
        0,
        1,
        2,
        6
      ],
      [
        0,
        1,
        2,
        3,
        4,
        6
      ],
      []
    ],
    "behind": [
      [
        3,
        4,
        5
      ],
      [
        0,
        3,
        4,
        5
      ],
      [
        0,
        1,
        3,
        4,
        5
      ],
      [
        5
      ],
      [
        3,
        5
      ],
      [],
      [
        0,
        1,
        2,
        3,
        4,
        5
      ]
    ],
    "left": [
      [
        4
      ],
      [
        0,
        4,
        5,
        6
      ],
      [
        0,
        1,
        4,
        5,
        6
      ],
      [
        0,
        1,
        2,
        4,
        5,
        6
      ],
      [],
      [
        0,
        4
      ],
      [
        0,
        4,
        5
      ]
    ]
  },
  "directions": {
    "right": [
      0.6563112735748291,
      0.7544902563095093,
      -0.0
    ],
    "front": [
      0.754490315914154,
      -0.6563112735748291,
      -0.0
    ],
    "behind": [
      -0.754490315914154,
      0.6563112735748291,
      0.0
    ],
    "above": [
      0.0,
      0.0,
      1.0
    ],
    "below": [
      -0.0,
      -0.0,
      -1.0
    ],
    "left": [
      -0.6563112735748291,
      -0.7544902563095093,
      0.0
    ]
  },
  "red_cube_pos": [
    [
      121,
      32
    ],
    [
      160,
      77
    ]
  ],
  "image_filename": "CLEVR_new_001239.png",
  "split": "new",
  "objects": [
    {
      "size": "small",
      "pixel_coords": [
        89,
        116,
        11.010005950927734
      ],
      "color": "brown",
      "material": "metal",
      "rotation": 77.35115849448736,
      "3d_coords": [
        -1.1972068548202515,
        -1.942368745803833,
        0.3499999940395355
      ],
      "shape": "sphere"
    },
    {
      "size": "small",
      "pixel_coords": [
        163,
        131,
        10.252175331115723
      ],
      "color": "brown",
      "material": "rubber",
      "rotation": 67.08912849856242,
      "3d_coords": [
        0.9978544116020203,
        -0.7904216051101685,
        0.3499999940395355
      ],
      "shape": "cube"
    },
    {
      "size": "small",
      "pixel_coords": [
        215,
        147,
        9.484557151794434
      ],
      "color": "yellow",
      "material": "rubber",
      "rotation": 288.1122703974352,
      "3d_coords": [
        2.592691659927368,
        -0.3251640200614929,
        0.3499999940395355
      ],
      "shape": "cube"
    },
    {
      "size": "small",
      "pixel_coords": [
        241,
        96,
        12.304498672485352
      ],
      "color": "green",
      "material": "metal",
      "rotation": 317.7759874077335,
      "3d_coords": [
        1.0950403213500977,
        2.8332808017730713,
        0.3499999940395355
      ],
      "shape": "cube"
    },
    {
      "size": "small",
      "pixel_coords": [
        41,
        107,
        11.608160018920898
      ],
      "color": "green",
      "material": "metal",
      "rotation": 37.21001660951137,
      "3d_coords": [
        -2.8360178470611572,
        -2.746964693069458,
        0.3499999940395355
      ],
      "shape": "cube"
    },
    {
      "size": "large",
      "pixel_coords": [
        125,
        79,
        12.788286209106445
      ],
      "color": "yellow",
      "material": "metal",
      "rotation": 21.077971323271683,
      "3d_coords": [
        -2.2030670642852783,
        0.27111783623695374,
        0.699999988079071
      ],
      "shape": "cylinder"
    },
    {
      "size": "small",
      "pixel_coords": [
        141,
        184,
        8.117523193359375
      ],
      "color": "red",
      "material": "rubber",
      "rotation": 116.59308572438587,
      "3d_coords": [
        2.475844383239746,
        -2.7970430850982666,
        0.3499999940395355
      ],
      "shape": "cube"
    }
  ]
}