{
  "image_index": 1269,
  "relationships": {
    "right": [
      [
        1,
        2,
        3,
        4,
        5,
        6,
        7
      ],
      [],
      [
        1,
        6
      ],
      [
        1,
        2,
        5,
        6,
        7
      ],
      [
        1,
        2,
        3,
        5,
        6,
        7
      ],
      [
        1,
        2,
        6,
        7
      ],
      [
        1
      ],
      [
        1,
        2,
        6
      ]
    ],
    "front": [
      [
        1,
        2,
        3,
        4,
        5
      ],
      [
        3,
        4
      ],
      [
        1,
        3,
        4
      ],
      [],
      [
        3
      ],
      [
        1,
        2,
        3,
        4
      ],
      [
        0,
        1,
        2,
        3,
        4,
        5
      ],
      [
        0,
        1,
        2,
        3,
        4,
        5,
        6
      ]
    ],
    "behind": [
      [
        6,
        7
      ],
      [
        0,
        2,
        5,
        6,
        7
      ],
      [
        0,
        5,
        6,
        7
      ],
      [
        0,
        1,
        2,
        4,
        5,
        6,
        7
      ],
      [
        0,
        1,
        2,
        5,
        6,
        7
      ],
      [
        0,
        6,
        7
      ],
      [
        7
      ],
      []
    ],
    "left": [
      [],
      [
        0,
        2,
        3,
        4,
        5,
        6,
        7
      ],
      [
        0,
        3,
        4,
        5,
        7
      ],
      [
        0,
        4
      ],
      [
        0
      ],
      [
        0,
        3,
        4
      ],
      [
        0,
        2,
        3,
        4,
        5,
        7
      ],
      [
        0,
        3,
        4,
        5
      ]
    ]
  },
  "directions": {
    "right": [
      0.6563112735748291,
      0.7544902563095093,
      -0.0
    ],
    "front": [
      0.754490315914154,
      -0.6563112735748291,
      -0.0
    ],
    "behind": [
      -0.754490315914154,
      0.6563112735748291,
      0.0
    ],
    "above": [
      0.0,
      0.0,
      1.0
    ],
    "below": [
      -0.0,
      -0.0,
      -1.0
    ],
    "left": [
      -0.6563112735748291,
      -0.7544902563095093,
      0.0
    ]
  },
  "red_cube_pos": [
    [
      165,
      152
    ],
    [
      186,
      175
    ]
  ],
  "image_filename": "CLEVR_new_001269.png",
  "split": "new",
  "objects": [
    {
      "size": "small",
      "pixel_coords": [
        67,
        97,
        12.41959285736084
      ],
      "color": "red",
      "material": "rubber",
      "rotation": 121.83113317508938,
      "3d_coords": [
        -2.9754838943481445,
        -1.7798011302947998,
        0.3499999940395355
      ],
      "shape": "cylinder"
    },
    {
      "size": "small",
      "pixel_coords": [
        253,
        122,
        10.90099048614502
      ],
      "color": "brown",
      "material": "rubber",
      "rotation": 190.32250943646844,
      "3d_coords": [
        2.47072696685791,
        1.6552411317825317,
        0.3499999940395355
      ],
      "shape": "cube"
    },
    {
      "size": "large",
      "pixel_coords": [
        200,
        102,
        11.337237358093262
      ],
      "color": "brown",
      "material": "rubber",
      "rotation": 149.72183954216263,
      "3d_coords": [
        0.8917033076286316,
        0.9487972855567932,
        0.699999988079071
      ],
      "shape": "cube"
    },
    {
      "size": "large",
      "pixel_coords": [
        114,
        154,
        8.779963493347168
      ],
      "color": "brown",
      "material": "metal",
      "rotation": 278.641775639997,
      "3d_coords": [
        1.4366490840911865,
        -2.8375518321990967,
        0.699999988079071
      ],
      "shape": "cube"
    },
    {
      "size": "small",
      "pixel_coords": [
        82,
        135,
        10.22365665435791
      ],
      "color": "blue",
      "material": "metal",
      "rotation": 330.646741484971,
      "3d_coords": [
        -0.397249311208725,
        -2.689786911010742,
        0.3499999940395355
      ],
      "shape": "sphere"
    },
    {
      "size": "large",
      "pixel_coords": [
        151,
        93,
        11.935741424560547
      ],
      "color": "green",
      "material": "rubber",
      "rotation": 67.08696936218672,
      "3d_coords": [
        -0.7057259678840637,
        0.2041148692369461,
        0.699999988079071
      ],
      "shape": "cylinder"
    },
    {
      "size": "large",
      "pixel_coords": [
        207,
        77,
        13.110694885253906
      ],
      "color": "gray",
      "material": "rubber",
      "rotation": 101.15793216082767,
      "3d_coords": [
        -0.306067556142807,
        2.664989471435547,
        0.699999988079071
      ],
      "shape": "cylinder"
    },
    {
      "size": "small",
      "pixel_coords": [
        175,
        76,
        14.115412712097168
      ],
      "color": "red",
      "material": "rubber",
      "rotation": 245.1788556493084,
      "3d_coords": [
        -1.7996093034744263,
        2.4366354942321777,
        0.3499999940395355
      ],
      "shape": "cube"
    }
  ]
}