{
  "image_index": 1127,
  "relationships": {
    "right": [
      [],
      [
        0,
        7
      ],
      [
        0,
        1,
        6,
        7
      ],
      [
        0,
        1,
        2,
        6,
        7
      ],
      [
        0,
        1,
        2,
        3,
        5,
        6,
        7
      ],
      [
        0,
        1,
        2,
        3,
        6,
        7
      ],
      [
        0,
        1,
        7
      ],
      [
        0
      ]
    ],
    "front": [
      [
        3,
        5,
        6,
        7
      ],
      [
        0,
        3,
        5,
        6,
        7
      ],
      [
        0,
        1,
        3,
        4,
        5,
        6,
        7
      ],
      [
        5,
        6,
        7
      ],
      [
        0,
        1,
        3,
        5,
        6,
        7
      ],
      [
        6
      ],
      [],
      [
        5,
        6
      ]
    ],
    "behind": [
      [
        1,
        2,
        4
      ],
      [
        2,
        4
      ],
      [],
      [
        0,
        1,
        2,
        4
      ],
      [
        2
      ],
      [
        0,
        1,
        2,
        3,
        4,
        7
      ],
      [
        0,
        1,
        2,
        3,
        4,
        5,
        7
      ],
      [
        0,
        1,
        2,
        3,
        4
      ]
    ],
    "left": [
      [
        1,
        2,
        3,
        4,
        5,
        6,
        7
      ],
      [
        2,
        3,
        4,
        5,
        6
      ],
      [
        3,
        4,
        5
      ],
      [
        4,
        5
      ],
      [],
      [
        4
      ],
      [
        2,
        3,
        4,
        5
      ],
      [
        1,
        2,
        3,
        4,
        5,
        6
      ]
    ]
  },
  "directions": {
    "right": [
      0.6563112735748291,
      0.7544902563095093,
      -0.0
    ],
    "front": [
      0.754490315914154,
      -0.6563112735748291,
      -0.0
    ],
    "behind": [
      -0.754490315914154,
      0.6563112735748291,
      0.0
    ],
    "above": [
      0.0,
      0.0,
      1.0
    ],
    "below": [
      -0.0,
      -0.0,
      -1.0
    ],
    "left": [
      -0.6563112735748291,
      -0.7544902563095093,
      0.0
    ]
  },
  "red_cube_pos": [
    [
      243,
      88
    ],
    [
      280,
      125
    ]
  ],
  "image_filename": "CLEVR_new_001127.png",
  "split": "new",
  "objects": [
    {
      "size": "small",
      "pixel_coords": [
        273,
        109,
        10.87524700164795
      ],
      "color": "red",
      "material": "metal",
      "rotation": 280.936305703462,
      "3d_coords": [
        2.3394277095794678,
        2.6143479347229004,
        0.3499999940395355
      ],
      "shape": "cylinder"
    },
    {
      "size": "large",
      "pixel_coords": [
        206,
        93,
        11.093819618225098
      ],
      "color": "gray",
      "material": "metal",
      "rotation": 56.117183952447284,
      "3d_coords": [
        0.6171039938926697,
        1.4238661527633667,
        0.699999988079071
      ],
      "shape": "cube"
    },
    {
      "size": "large",
      "pixel_coords": [
        160,
        73,
        12.648869514465332
      ],
      "color": "yellow",
      "material": "rubber",
      "rotation": 340.4104766182312,
      "3d_coords": [
        -1.677608609199524,
        1.5683825016021729,
        0.699999988079071
      ],
      "shape": "cylinder"
    },
    {
      "size": "large",
      "pixel_coords": [
        150,
        113,
        9.866592407226562
      ],
      "color": "green",
      "material": "metal",
      "rotation": 107.31374976863681,
      "3d_coords": [
        0.43427956104278564,
        -0.8115987777709961,
        0.699999988079071
      ],
      "shape": "cube"
    },
    {
      "size": "large",
      "pixel_coords": [
        89,
        87,
        11.499836921691895
      ],
      "color": "yellow",
      "material": "metal",
      "rotation": 141.75378390341717,
      "3d_coords": [
        -2.3242344856262207,
        -1.030531883239746,
        0.699999988079071
      ],
      "shape": "cube"
    },
    {
      "size": "large",
      "pixel_coords": [
        117,
        142,
        8.52321720123291
      ],
      "color": "yellow",
      "material": "metal",
      "rotation": 56.76460341175841,
      "3d_coords": [
        1.031457543373108,
        -2.4102907180786133,
        0.699999988079071
      ],
      "shape": "cube"
    },
    {
      "size": "small",
      "pixel_coords": [
        202,
        172,
        8.038475036621094
      ],
      "color": "purple",
      "material": "rubber",
      "rotation": 251.88236669146713,
      "3d_coords": [
        2.9487814903259277,
        -1.4549778699874878,
        0.3499999940395355
      ],
      "shape": "cylinder"
    },
    {
      "size": "small",
      "pixel_coords": [
        262,
        133,
        9.602472305297852
      ],
      "color": "red",
      "material": "rubber",
      "rotation": 54.869850717542235,
      "3d_coords": [
        2.9111480712890625,
        1.1059812307357788,
        0.3499999940395355
      ],
      "shape": "cube"
    }
  ]
}