{
  "image_index": 1181,
  "relationships": {
    "right": [
      [
        1,
        3,
        5
      ],
      [
        5
      ],
      [
        0,
        1,
        3,
        5
      ],
      [
        1,
        5
      ],
      [
        0,
        1,
        2,
        3,
        5,
        7
      ],
      [],
      [
        0,
        1,
        2,
        3,
        4,
        5,
        7
      ],
      [
        0,
        1,
        2,
        3,
        5
      ]
    ],
    "front": [
      [
        7
      ],
      [
        0,
        4,
        5,
        6,
        7
      ],
      [
        0,
        1,
        4,
        5,
        6,
        7
      ],
      [
        0,
        1,
        2,
        4,
        5,
        6,
        7
      ],
      [
        0,
        5,
        7
      ],
      [
        0,
        7
      ],
      [
        0,
        4,
        5,
        7
      ],
      []
    ],
    "behind": [
      [
        1,
        2,
        3,
        4,
        5,
        6
      ],
      [
        2,
        3
      ],
      [
        3
      ],
      [],
      [
        1,
        2,
        3,
        6
      ],
      [
        1,
        2,
        3,
        4,
        6
      ],
      [
        1,
        2,
        3
      ],
      [
        0,
        1,
        2,
        3,
        4,
        5,
        6
      ]
    ],
    "left": [
      [
        2,
        4,
        6,
        7
      ],
      [
        0,
        2,
        3,
        4,
        6,
        7
      ],
      [
        4,
        6,
        7
      ],
      [
        0,
        2,
        4,
        6,
        7
      ],
      [
        6
      ],
      [
        0,
        1,
        2,
        3,
        4,
        6,
        7
      ],
      [],
      [
        4,
        6
      ]
    ]
  },
  "directions": {
    "right": [
      0.6563112735748291,
      0.7544902563095093,
      -0.0
    ],
    "front": [
      0.754490315914154,
      -0.6563112735748291,
      -0.0
    ],
    "behind": [
      -0.754490315914154,
      0.6563112735748291,
      0.0
    ],
    "above": [
      0.0,
      0.0,
      1.0
    ],
    "below": [
      -0.0,
      -0.0,
      -1.0
    ],
    "left": [
      -0.6563112735748291,
      -0.7544902563095093,
      0.0
    ]
  },
  "red_cube_pos": [
    [
      103,
      63
    ],
    [
      141,
      105
    ]
  ],
  "image_filename": "CLEVR_new_001181.png",
  "split": "new",
  "objects": [
    {
      "size": "small",
      "pixel_coords": [
        179,
        146,
        8.787562370300293
      ],
      "color": "red",
      "material": "rubber",
      "rotation": 139.50197179460247,
      "3d_coords": [
        1.9083634614944458,
        -1.0413316488265991,
        0.3499999940395355
      ],
      "shape": "cylinder"
    },
    {
      "size": "small",
      "pixel_coords": [
        214,
        86,
        12.462272644042969
      ],
      "color": "blue",
      "material": "rubber",
      "rotation": 348.6174250974135,
      "3d_coords": [
        -0.24362032115459442,
        2.772552967071533,
        0.3499999940395355
      ],
      "shape": "cube"
    },
    {
      "size": "large",
      "pixel_coords": [
        148,
        67,
        13.228900909423828
      ],
      "color": "red",
      "material": "rubber",
      "rotation": 83.33116129670175,
      "3d_coords": [
        -2.584562063217163,
        1.6717380285263062,
        0.699999988079071
      ],
      "shape": "cylinder"
    },
    {
      "size": "small",
      "pixel_coords": [
        183,
        71,
        13.807934761047363
      ],
      "color": "green",
      "material": "rubber",
      "rotation": 202.4712978232157,
      "3d_coords": [
        -2.063816547393799,
        2.985797882080078,
        0.3499999940395355
      ],
      "shape": "cube"
    },
    {
      "size": "small",
      "pixel_coords": [
        94,
        112,
        10.526779174804688
      ],
      "color": "purple",
      "material": "rubber",
      "rotation": 281.91469665880805,
      "3d_coords": [
        -1.183955192565918,
        -1.613901138305664,
        0.3499999940395355
      ],
      "shape": "cube"
    },
    {
      "size": "large",
      "pixel_coords": [
        259,
        116,
        9.512040138244629
      ],
      "color": "red",
      "material": "rubber",
      "rotation": 68.4530048156052,
      "3d_coords": [
        2.624929189682007,
        1.2913055419921875,
        0.699999988079071
      ],
      "shape": "sphere"
    },
    {
      "size": "small",
      "pixel_coords": [
        80,
        96,
        11.65086555480957
      ],
      "color": "yellow",
      "material": "metal",
      "rotation": 98.06314743763433,
      "3d_coords": [
        -2.5732436180114746,
        -1.28534996509552,
        0.3499999940395355
      ],
      "shape": "cylinder"
    },
    {
      "size": "small",
      "pixel_coords": [
        123,
        155,
        8.419184684753418
      ],
      "color": "red",
      "material": "rubber",
      "rotation": 31.284051700012903,
      "3d_coords": [
        1.3222312927246094,
        -2.343012809753418,
        0.3499999940395355
      ],
      "shape": "cube"
    }
  ]
}