{
  "image_index": 1242,
  "relationships": {
    "right": [
      [
        1,
        3,
        4,
        5
      ],
      [
        5
      ],
      [
        0,
        1,
        3,
        4,
        5,
        6,
        7
      ],
      [
        1,
        4,
        5
      ],
      [
        1,
        5
      ],
      [],
      [
        0,
        1,
        3,
        4,
        5,
        7
      ],
      [
        0,
        1,
        3,
        4,
        5
      ]
    ],
    "front": [
      [
        1,
        2,
        4,
        5,
        6,
        7
      ],
      [
        2,
        4,
        5,
        7
      ],
      [
        4,
        5,
        7
      ],
      [
        0,
        1,
        2,
        4,
        5,
        6,
        7
      ],
      [
        7
      ],
      [
        4,
        7
      ],
      [
        1,
        2,
        4,
        5,
        7
      ],
      []
    ],
    "behind": [
      [
        3
      ],
      [
        0,
        3,
        6
      ],
      [
        0,
        1,
        3,
        6
      ],
      [],
      [
        0,
        1,
        2,
        3,
        5,
        6
      ],
      [
        0,
        1,
        2,
        3,
        6
      ],
      [
        0,
        3
      ],
      [
        0,
        1,
        2,
        3,
        4,
        5,
        6
      ]
    ],
    "left": [
      [
        2,
        6,
        7
      ],
      [
        0,
        2,
        3,
        4,
        6,
        7
      ],
      [],
      [
        0,
        2,
        6,
        7
      ],
      [
        0,
        2,
        3,
        6,
        7
      ],
      [
        0,
        1,
        2,
        3,
        4,
        6,
        7
      ],
      [
        2
      ],
      [
        2,
        6
      ]
    ]
  },
  "directions": {
    "right": [
      0.6563112735748291,
      0.7544902563095093,
      -0.0
    ],
    "front": [
      0.754490315914154,
      -0.6563112735748291,
      -0.0
    ],
    "behind": [
      -0.754490315914154,
      0.6563112735748291,
      0.0
    ],
    "above": [
      0.0,
      0.0,
      1.0
    ],
    "below": [
      -0.0,
      -0.0,
      -1.0
    ],
    "left": [
      -0.6563112735748291,
      -0.7544902563095093,
      0.0
    ]
  },
  "red_cube_pos": [
    [
      137,
      42
    ],
    [
      175,
      86
    ]
  ],
  "image_filename": "CLEVR_new_001242.png",
  "split": "new",
  "objects": [
    {
      "size": "small",
      "pixel_coords": [
        168,
        90,
        12.77233600616455
      ],
      "color": "green",
      "material": "metal",
      "rotation": 70.18346868125036,
      "3d_coords": [
        -1.1177992820739746,
        1.3977261781692505,
        0.3499999940395355
      ],
      "shape": "cube"
    },
    {
      "size": "large",
      "pixel_coords": [
        216,
        90,
        11.832564353942871
      ],
      "color": "yellow",
      "material": "rubber",
      "rotation": 287.6581198858438,
      "3d_coords": [
        0.6012206077575684,
        2.002718210220337,
        0.699999988079071
      ],
      "shape": "cylinder"
    },
    {
      "size": "large",
      "pixel_coords": [
        69,
        104,
        10.792896270751953
      ],
      "color": "yellow",
      "material": "metal",
      "rotation": 23.236801991339604,
      "3d_coords": [
        -1.6726458072662354,
        -2.2701632976531982,
        0.699999988079071
      ],
      "shape": "cube"
    },
    {
      "size": "small",
      "pixel_coords": [
        180,
        74,
        14.376631736755371
      ],
      "color": "gray",
      "material": "rubber",
      "rotation": 173.7293368328181,
      "3d_coords": [
        -2.1097142696380615,
        2.974820375442505,
        0.3499999940395355
      ],
      "shape": "sphere"
    },
    {
      "size": "small",
      "pixel_coords": [
        211,
        153,
        8.895855903625488
      ],
      "color": "brown",
      "material": "rubber",
      "rotation": 14.58954690447296,
      "3d_coords": [
        2.7816250324249268,
        -0.7382227182388306,
        0.3499999940395355
      ],
      "shape": "cylinder"
    },
    {
      "size": "large",
      "pixel_coords": [
        278,
        111,
        10.301511764526367
      ],
      "color": "purple",
      "material": "metal",
      "rotation": 239.63779109706817,
      "3d_coords": [
        2.934997797012329,
        2.043696641921997,
        0.699999988079071
      ],
      "shape": "cube"
    },
    {
      "size": "small",
      "pixel_coords": [
        111,
        94,
        12.38209342956543
      ],
      "color": "blue",
      "material": "metal",
      "rotation": 155.18828652139865,
      "3d_coords": [
        -2.135745048522949,
        -0.3893963098526001,
        0.3499999940395355
      ],
      "shape": "cube"
    },
    {
      "size": "small",
      "pixel_coords": [
        157,
        175,
        8.01795768737793
      ],
      "color": "red",
      "material": "rubber",
      "rotation": 295.79291400588613,
      "3d_coords": [
        2.590635061264038,
        -2.4190876483917236,
        0.3499999940395355
      ],
      "shape": "cube"
    }
  ]
}