{
  "image_index": 1274,
  "relationships": {
    "right": [
      [],
      [
        0,
        4,
        5,
        6
      ],
      [
        0,
        1,
        3,
        4,
        5,
        6
      ],
      [
        0,
        1,
        4,
        5,
        6
      ],
      [
        0
      ],
      [
        0,
        4
      ],
      [
        0,
        4,
        5
      ]
    ],
    "front": [
      [
        3,
        5,
        6
      ],
      [
        0,
        2,
        3,
        5,
        6
      ],
      [
        0,
        3,
        5,
        6
      ],
      [
        5,
        6
      ],
      [
        0,
        1,
        2,
        3,
        5,
        6
      ],
      [],
      [
        5
      ]
    ],
    "behind": [
      [
        1,
        2,
        4
      ],
      [
        4
      ],
      [
        1,
        4
      ],
      [
        0,
        1,
        2,
        4
      ],
      [],
      [
        0,
        1,
        2,
        3,
        4,
        6
      ],
      [
        0,
        1,
        2,
        3,
        4
      ]
    ],
    "left": [
      [
        1,
        2,
        3,
        4,
        5,
        6
      ],
      [
        2,
        3
      ],
      [],
      [
        2
      ],
      [
        1,
        2,
        3,
        5,
        6
      ],
      [
        1,
        2,
        3,
        6
      ],
      [
        1,
        2,
        3
      ]
    ]
  },
  "directions": {
    "right": [
      0.6563112735748291,
      0.7544902563095093,
      -0.0
    ],
    "front": [
      0.754490315914154,
      -0.6563112735748291,
      -0.0
    ],
    "behind": [
      -0.754490315914154,
      0.6563112735748291,
      0.0
    ],
    "above": [
      0.0,
      0.0,
      1.0
    ],
    "below": [
      -0.0,
      -0.0,
      -1.0
    ],
    "left": [
      -0.6563112735748291,
      -0.7544902563095093,
      0.0
    ]
  },
  "red_cube_pos": [
    [
      86,
      74
    ],
    [
      124,
      114
    ]
  ],
  "image_filename": "CLEVR_new_001274.png",
  "split": "new",
  "objects": [
    {
      "size": "large",
      "pixel_coords": [
        232,
        104,
        10.265580177307129
      ],
      "color": "red",
      "material": "metal",
      "rotation": 29.576042630872827,
      "3d_coords": [
        1.603918194770813,
        1.425040602684021,
        0.699999988079071
      ],
      "shape": "sphere"
    },
    {
      "size": "small",
      "pixel_coords": [
        107,
        84,
        12.667908668518066
      ],
      "color": "gray",
      "material": "metal",
      "rotation": 91.7131489281588,
      "3d_coords": [
        -2.9020965099334717,
        -0.07586613297462463,
        0.3499999940395355
      ],
      "shape": "cube"
    },
    {
      "size": "small",
      "pixel_coords": [
        69,
        96,
        11.694072723388672
      ],
      "color": "brown",
      "material": "rubber",
      "rotation": 147.14026441321036,
      "3d_coords": [
        -2.782862663269043,
        -1.6539711952209473,
        0.3499999940395355
      ],
      "shape": "sphere"
    },
    {
      "size": "small",
      "pixel_coords": [
        64,
        129,
        9.631489753723145
      ],
      "color": "green",
      "material": "rubber",
      "rotation": 218.50993757220095,
      "3d_coords": [
        -0.7398314476013184,
        -2.8240737915039062,
        0.3499999940395355
      ],
      "shape": "cube"
    },
    {
      "size": "small",
      "pixel_coords": [
        183,
        75,
        13.512057304382324
      ],
      "color": "green",
      "material": "metal",
      "rotation": 126.97963280125293,
      "3d_coords": [
        -1.851014256477356,
        2.6927032470703125,
        0.3499999940395355
      ],
      "shape": "sphere"
    },
    {
      "size": "small",
      "pixel_coords": [
        136,
        170,
        7.9385457038879395
      ],
      "color": "gray",
      "material": "rubber",
      "rotation": 9.687450869438097,
      "3d_coords": [
        2.0743350982666016,
        -2.4046833515167236,
        0.3499999940395355
      ],
      "shape": "cylinder"
    },
    {
      "size": "small",
      "pixel_coords": [
        106,
        145,
        8.88020133972168
      ],
      "color": "red",
      "material": "rubber",
      "rotation": 116.44074380215766,
      "3d_coords": [
        0.7232761979103088,
        -2.3780224323272705,
        0.3499999940395355
      ],
      "shape": "cube"
    }
  ]
}