{
  "image_index": 1265,
  "relationships": {
    "right": [
      [],
      [
        0
      ],
      [
        0,
        1,
        3,
        4,
        6
      ],
      [
        0,
        1,
        4,
        6
      ],
      [
        0,
        1,
        6
      ],
      [
        0,
        1,
        2,
        3,
        4,
        6
      ],
      [
        0,
        1
      ]
    ],
    "front": [
      [
        1,
        2,
        4
      ],
      [
        4
      ],
      [
        1,
        4
      ],
      [
        0,
        1,
        2,
        4,
        5,
        6
      ],
      [],
      [
        0,
        1,
        2,
        4
      ],
      [
        0,
        1,
        2,
        4,
        5
      ]
    ],
    "behind": [
      [
        3,
        5,
        6
      ],
      [
        0,
        2,
        3,
        5,
        6
      ],
      [
        0,
        3,
        5,
        6
      ],
      [],
      [
        0,
        1,
        2,
        3,
        5,
        6
      ],
      [
        3,
        6
      ],
      [
        3
      ]
    ],
    "left": [
      [
        1,
        2,
        3,
        4,
        5,
        6
      ],
      [
        2,
        3,
        4,
        5,
        6
      ],
      [
        5
      ],
      [
        2,
        5
      ],
      [
        2,
        3,
        5
      ],
      [],
      [
        2,
        3,
        4,
        5
      ]
    ]
  },
  "directions": {
    "right": [
      0.6563112735748291,
      0.7544902563095093,
      -0.0
    ],
    "front": [
      0.754490315914154,
      -0.6563112735748291,
      -0.0
    ],
    "behind": [
      -0.754490315914154,
      0.6563112735748291,
      0.0
    ],
    "above": [
      0.0,
      0.0,
      1.0
    ],
    "below": [
      -0.0,
      -0.0,
      -1.0
    ],
    "left": [
      -0.6563112735748291,
      -0.7544902563095093,
      0.0
    ]
  },
  "red_cube_pos": [
    [
      176,
      144
    ],
    [
      196,
      167
    ]
  ],
  "image_filename": "CLEVR_new_001265.png",
  "split": "new",
  "objects": [
    {
      "size": "small",
      "pixel_coords": [
        280,
        123,
        10.409783363342285
      ],
      "color": "gray",
      "material": "rubber",
      "rotation": 44.47597014653906,
      "3d_coords": [
        2.8259201049804688,
        2.330143451690674,
        0.3499999940395355
      ],
      "shape": "cube"
    },
    {
      "size": "small",
      "pixel_coords": [
        218,
        151,
        9.14709758758545
      ],
      "color": "brown",
      "material": "metal",
      "rotation": 296.3691796465554,
      "3d_coords": [
        2.6896400451660156,
        -0.18719914555549622,
        0.3499999940395355
      ],
      "shape": "cylinder"
    },
    {
      "size": "large",
      "pixel_coords": [
        108,
        128,
        9.470648765563965
      ],
      "color": "brown",
      "material": "metal",
      "rotation": 194.3883855500015,
      "3d_coords": [
        0.4099908769130707,
        -2.125044584274292,
        0.699999988079071
      ],
      "shape": "cylinder"
    },
    {
      "size": "small",
      "pixel_coords": [
        146,
        75,
        13.573953628540039
      ],
      "color": "red",
      "material": "metal",
      "rotation": 211.30670777302396,
      "3d_coords": [
        -2.601768732070923,
        1.385853886604309,
        0.3499999940395355
      ],
      "shape": "cylinder"
    },
    {
      "size": "large",
      "pixel_coords": [
        169,
        160,
        8.22887134552002
      ],
      "color": "brown",
      "material": "metal",
      "rotation": 69.11828187772181,
      "3d_coords": [
        2.5416359901428223,
        -1.7525094747543335,
        0.699999988079071
      ],
      "shape": "sphere"
    },
    {
      "size": "large",
      "pixel_coords": [
        46,
        97,
        11.088313102722168
      ],
      "color": "green",
      "material": "rubber",
      "rotation": 189.0947484858697,
      "3d_coords": [
        -2.4265329837799072,
        -2.6853067874908447,
        0.699999988079071
      ],
      "shape": "cylinder"
    },
    {
      "size": "small",
      "pixel_coords": [
        187,
        84,
        12.838664054870605
      ],
      "color": "red",
      "material": "rubber",
      "rotation": 352.7804671383374,
      "3d_coords": [
        -0.9937373995780945,
        2.041184663772583,
        0.3499999940395355
      ],
      "shape": "cube"
    }
  ]
}