{
  "image_index": 1064,
  "relationships": {
    "right": [
      [
        1,
        2,
        3,
        4,
        5
      ],
      [],
      [
        1,
        3,
        4,
        5
      ],
      [
        1,
        4,
        5
      ],
      [
        1
      ],
      [
        1,
        4
      ],
      [
        0,
        1,
        2,
        3,
        4,
        5
      ]
    ],
    "front": [
      [
        1,
        2,
        4,
        5,
        6
      ],
      [
        2
      ],
      [],
      [
        0,
        1,
        2,
        4,
        5,
        6
      ],
      [
        1,
        2,
        5,
        6
      ],
      [
        1,
        2
      ],
      [
        1,
        2,
        5
      ]
    ],
    "behind": [
      [
        3
      ],
      [
        0,
        3,
        4,
        5,
        6
      ],
      [
        0,
        1,
        3,
        4,
        5,
        6
      ],
      [],
      [
        0,
        3
      ],
      [
        0,
        3,
        4,
        6
      ],
      [
        0,
        3,
        4
      ]
    ],
    "left": [
      [
        6
      ],
      [
        0,
        2,
        3,
        4,
        5,
        6
      ],
      [
        0,
        6
      ],
      [
        0,
        2,
        6
      ],
      [
        0,
        2,
        3,
        5,
        6
      ],
      [
        0,
        2,
        3,
        6
      ],
      []
    ]
  },
  "directions": {
    "right": [
      0.6563112735748291,
      0.7544902563095093,
      -0.0
    ],
    "front": [
      0.754490315914154,
      -0.6563112735748291,
      -0.0
    ],
    "behind": [
      -0.754490315914154,
      0.6563112735748291,
      0.0
    ],
    "above": [
      0.0,
      0.0,
      1.0
    ],
    "below": [
      -0.0,
      -0.0,
      -1.0
    ],
    "left": [
      -0.6563112735748291,
      -0.7544902563095093,
      0.0
    ]
  },
  "red_cube_pos": [
    [
      52,
      104
    ],
    [
      84,
      135
    ]
  ],
  "image_filename": "CLEVR_new_001064.png",
  "split": "new",
  "objects": [
    {
      "size": "small",
      "pixel_coords": [
        122,
        86,
        13.261149406433105
      ],
      "color": "yellow",
      "material": "metal",
      "rotation": 308.792070032465,
      "3d_coords": [
        -2.5951120853424072,
        0.355419784784317,
        0.3499999940395355
      ],
      "shape": "cube"
    },
    {
      "size": "small",
      "pixel_coords": [
        226,
        147,
        9.290743827819824
      ],
      "color": "yellow",
      "material": "rubber",
      "rotation": 348.91015753903224,
      "3d_coords": [
        2.8612308502197266,
        -0.19830243289470673,
        0.3499999940395355
      ],
      "shape": "sphere"
    },
    {
      "size": "large",
      "pixel_coords": [
        140,
        152,
        8.404305458068848
      ],
      "color": "blue",
      "material": "metal",
      "rotation": 178.0411292815999,
      "3d_coords": [
        1.9958680868148804,
        -2.4104771614074707,
        0.699999988079071
      ],
      "shape": "cube"
    },
    {
      "size": "large",
      "pixel_coords": [
        157,
        72,
        13.642528533935547
      ],
      "color": "green",
      "material": "rubber",
      "rotation": 168.34502434783718,
      "3d_coords": [
        -2.1668503284454346,
        1.7552714347839355,
        0.699999988079071
      ],
      "shape": "sphere"
    },
    {
      "size": "large",
      "pixel_coords": [
        192,
        88,
        12.14693832397461
      ],
      "color": "red",
      "material": "metal",
      "rotation": 288.127105561383,
      "3d_coords": [
        -0.10555730760097504,
        1.5534510612487793,
        0.699999988079071
      ],
      "shape": "cylinder"
    },
    {
      "size": "large",
      "pixel_coords": [
        172,
        120,
        9.948793411254883
      ],
      "color": "yellow",
      "material": "rubber",
      "rotation": 197.29472121003883,
      "3d_coords": [
        1.2520791292190552,
        -0.6350198984146118,
        0.699999988079071
      ],
      "shape": "cylinder"
    },
    {
      "size": "small",
      "pixel_coords": [
        69,
        120,
        10.718927383422852
      ],
      "color": "red",
      "material": "rubber",
      "rotation": 31.82562097228881,
      "3d_coords": [
        -1.3453694581985474,
        -2.5381596088409424,
        0.3499999940395355
      ],
      "shape": "cube"
    }
  ]
}