{
  "image_index": 1082,
  "relationships": {
    "right": [
      [
        1,
        2,
        3,
        4,
        5,
        6,
        7
      ],
      [
        3,
        4,
        5,
        7
      ],
      [
        1,
        3,
        4,
        5,
        6,
        7
      ],
      [
        4
      ],
      [],
      [
        3,
        4,
        7
      ],
      [
        1,
        3,
        4,
        5,
        7
      ],
      [
        3,
        4
      ]
    ],
    "front": [
      [
        2,
        3,
        4,
        5,
        6
      ],
      [
        0,
        2,
        3,
        4,
        5,
        6
      ],
      [
        6
      ],
      [
        2,
        5,
        6
      ],
      [
        2,
        3,
        5,
        6
      ],
      [
        2,
        6
      ],
      [],
      [
        0,
        1,
        2,
        3,
        4,
        5,
        6
      ]
    ],
    "behind": [
      [
        1,
        7
      ],
      [
        7
      ],
      [
        0,
        1,
        3,
        4,
        5,
        7
      ],
      [
        0,
        1,
        4,
        7
      ],
      [
        0,
        1,
        7
      ],
      [
        0,
        1,
        3,
        4,
        7
      ],
      [
        0,
        1,
        2,
        3,
        4,
        5,
        7
      ],
      []
    ],
    "left": [
      [],
      [
        0,
        2,
        6
      ],
      [
        0
      ],
      [
        0,
        1,
        2,
        5,
        6,
        7
      ],
      [
        0,
        1,
        2,
        3,
        5,
        6,
        7
      ],
      [
        0,
        1,
        2,
        6
      ],
      [
        0,
        2
      ],
      [
        0,
        1,
        2,
        5,
        6
      ]
    ]
  },
  "directions": {
    "right": [
      0.6563112735748291,
      0.7544902563095093,
      -0.0
    ],
    "front": [
      0.754490315914154,
      -0.6563112735748291,
      -0.0
    ],
    "behind": [
      -0.754490315914154,
      0.6563112735748291,
      0.0
    ],
    "above": [
      0.0,
      0.0,
      1.0
    ],
    "below": [
      -0.0,
      -0.0,
      -1.0
    ],
    "left": [
      -0.6563112735748291,
      -0.7544902563095093,
      0.0
    ]
  },
  "red_cube_pos": [
    [
      205,
      140
    ],
    [
      226,
      164
    ]
  ],
  "image_filename": "CLEVR_new_001082.png",
  "split": "new",
  "objects": [
    {
      "size": "large",
      "pixel_coords": [
        117,
        96,
        11.800531387329102
      ],
      "color": "green",
      "material": "rubber",
      "rotation": 329.6026685520815,
      "3d_coords": [
        -1.2209398746490479,
        -0.8517892956733704,
        0.699999988079071
      ],
      "shape": "cylinder"
    },
    {
      "size": "large",
      "pixel_coords": [
        171,
        87,
        12.501777648925781
      ],
      "color": "brown",
      "material": "rubber",
      "rotation": 182.4308305907975,
      "3d_coords": [
        -0.6385709047317505,
        1.0511610507965088,
        0.699999988079071
      ],
      "shape": "cube"
    },
    {
      "size": "small",
      "pixel_coords": [
        127,
        149,
        9.556480407714844
      ],
      "color": "green",
      "material": "rubber",
      "rotation": 25.116832154494265,
      "3d_coords": [
        1.194297432899475,
        -2.221066951751709,
        0.3499999940395355
      ],
      "shape": "sphere"
    },
    {
      "size": "large",
      "pixel_coords": [
        253,
        116,
        10.552434921264648
      ],
      "color": "red",
      "material": "rubber",
      "rotation": 318.25129111435524,
      "3d_coords": [
        2.620166301727295,
        1.4677677154541016,
        0.699999988079071
      ],
      "shape": "cylinder"
    },
    {
      "size": "small",
      "pixel_coords": [
        277,
        112,
        11.535826683044434
      ],
      "color": "gray",
      "material": "metal",
      "rotation": 59.2741197764511,
      "3d_coords": [
        2.583319664001465,
        2.8521499633789062,
        0.3499999940395355
      ],
      "shape": "cylinder"
    },
    {
      "size": "small",
      "pixel_coords": [
        214,
        142,
        9.893665313720703
      ],
      "color": "yellow",
      "material": "metal",
      "rotation": 133.68351998676127,
      "3d_coords": [
        2.486675977706909,
        -0.1216752678155899,
        0.3499999940395355
      ],
      "shape": "cylinder"
    },
    {
      "size": "large",
      "pixel_coords": [
        157,
        173,
        8.009321212768555
      ],
      "color": "purple",
      "material": "metal",
      "rotation": 76.49788869737388,
      "3d_coords": [
        2.928511142730713,
        -2.6017704010009766,
        0.699999988079071
      ],
      "shape": "sphere"
    },
    {
      "size": "small",
      "pixel_coords": [
        216,
        87,
        13.419732093811035
      ],
      "color": "red",
      "material": "rubber",
      "rotation": 232.9669408857369,
      "3d_coords": [
        -0.14196595549583435,
        2.945648670196533,
        0.3499999940395355
      ],
      "shape": "cube"
    }
  ]
}