{
  "image_index": 1034,
  "relationships": {
    "right": [
      [
        1,
        2,
        3,
        4,
        6,
        7
      ],
      [
        6
      ],
      [
        1,
        3,
        4,
        6,
        7
      ],
      [
        1,
        6,
        7
      ],
      [
        1,
        3,
        6,
        7
      ],
      [
        0,
        1,
        2,
        3,
        4,
        6,
        7
      ],
      [],
      [
        1,
        6
      ]
    ],
    "front": [
      [],
      [
        0
      ],
      [
        0,
        1,
        5
      ],
      [
        0,
        1,
        2,
        4,
        5,
        6,
        7
      ],
      [
        0,
        1,
        2,
        5,
        6
      ],
      [
        0,
        1
      ],
      [
        0,
        1,
        2,
        5
      ],
      [
        0,
        1,
        2,
        4,
        5,
        6
      ]
    ],
    "behind": [
      [
        1,
        2,
        3,
        4,
        5,
        6,
        7
      ],
      [
        2,
        3,
        4,
        5,
        6,
        7
      ],
      [
        3,
        4,
        6,
        7
      ],
      [],
      [
        3,
        7
      ],
      [
        2,
        3,
        4,
        6,
        7
      ],
      [
        3,
        4,
        7
      ],
      [
        3
      ]
    ],
    "left": [
      [
        5
      ],
      [
        0,
        2,
        3,
        4,
        5,
        7
      ],
      [
        0,
        5
      ],
      [
        0,
        2,
        4,
        5
      ],
      [
        0,
        2,
        5
      ],
      [],
      [
        0,
        1,
        2,
        3,
        4,
        5,
        7
      ],
      [
        0,
        2,
        3,
        4,
        5
      ]
    ]
  },
  "directions": {
    "right": [
      0.6563112735748291,
      0.7544902563095093,
      -0.0
    ],
    "front": [
      0.754490315914154,
      -0.6563112735748291,
      -0.0
    ],
    "behind": [
      -0.754490315914154,
      0.6563112735748291,
      0.0
    ],
    "above": [
      0.0,
      0.0,
      1.0
    ],
    "below": [
      -0.0,
      -0.0,
      -1.0
    ],
    "left": [
      -0.6563112735748291,
      -0.7544902563095093,
      0.0
    ]
  },
  "red_cube_pos": [
    [
      195,
      144
    ],
    [
      220,
      168
    ]
  ],
  "image_filename": "CLEVR_new_001034.png",
  "split": "new",
  "objects": [
    {
      "size": "small",
      "pixel_coords": [
        87,
        150,
        8.827516555786133
      ],
      "color": "yellow",
      "material": "rubber",
      "rotation": 192.1116802681086,
      "3d_coords": [
        0.7545715570449829,
        -2.9505372047424316,
        0.3499999940395355
      ],
      "shape": "sphere"
    },
    {
      "size": "small",
      "pixel_coords": [
        239,
        130,
        9.797686576843262
      ],
      "color": "red",
      "material": "rubber",
      "rotation": 161.83001559584528,
      "3d_coords": [
        2.429630994796753,
        0.9091140627861023,
        0.3499999940395355
      ],
      "shape": "sphere"
    },
    {
      "size": "large",
      "pixel_coords": [
        130,
        98,
        10.97551155090332
      ],
      "color": "blue",
      "material": "rubber",
      "rotation": 8.60559209951024,
      "3d_coords": [
        -0.6918782591819763,
        -0.6435366868972778,
        0.699999988079071
      ],
      "shape": "cylinder"
    },
    {
      "size": "large",
      "pixel_coords": [
        170,
        67,
        13.852514266967773
      ],
      "color": "purple",
      "material": "metal",
      "rotation": 199.75928574856692,
      "3d_coords": [
        -2.392132043838501,
        2.3745920658111572,
        0.699999988079071
      ],
      "shape": "cube"
    },
    {
      "size": "small",
      "pixel_coords": [
        155,
        89,
        12.659725189208984
      ],
      "color": "red",
      "material": "rubber",
      "rotation": 98.5878141843335,
      "3d_coords": [
        -1.5551557540893555,
        1.0128203630447388,
        0.3499999940395355
      ],
      "shape": "sphere"
    },
    {
      "size": "large",
      "pixel_coords": [
        55,
        104,
        10.56092643737793
      ],
      "color": "gray",
      "material": "rubber",
      "rotation": 245.85506357185872,
      "3d_coords": [
        -1.7160556316375732,
        -2.6826577186584473,
        0.699999988079071
      ],
      "shape": "cube"
    },
    {
      "size": "large",
      "pixel_coords": [
        243,
        91,
        11.500031471252441
      ],
      "color": "green",
      "material": "metal",
      "rotation": 210.52455826385847,
      "3d_coords": [
        1.129747986793518,
        2.6009678840637207,
        0.699999988079071
      ],
      "shape": "sphere"
    },
    {
      "size": "small",
      "pixel_coords": [
        208,
        84,
        13.144196510314941
      ],
      "color": "red",
      "material": "rubber",
      "rotation": 204.140479554105,
      "3d_coords": [
        -0.7632432579994202,
        2.883885145187378,
        0.3499999940395355
      ],
      "shape": "cube"
    }
  ]
}