{
  "image_index": 1284,
  "relationships": {
    "right": [
      [],
      [
        0,
        2,
        3,
        4,
        5,
        6,
        7
      ],
      [
        0,
        3,
        4,
        5,
        6,
        7
      ],
      [
        0,
        5,
        6
      ],
      [
        0,
        3,
        5,
        6,
        7
      ],
      [
        0,
        6
      ],
      [
        0
      ],
      [
        0,
        3,
        5,
        6
      ]
    ],
    "front": [
      [
        2,
        3,
        4,
        6
      ],
      [
        0,
        2,
        3,
        4,
        6
      ],
      [
        4,
        6
      ],
      [
        2,
        4,
        6
      ],
      [],
      [
        0,
        1,
        2,
        3,
        4,
        6
      ],
      [
        4
      ],
      [
        0,
        1,
        2,
        3,
        4,
        5,
        6
      ]
    ],
    "behind": [
      [
        1,
        5,
        7
      ],
      [
        5,
        7
      ],
      [
        0,
        1,
        3,
        5,
        7
      ],
      [
        0,
        1,
        5,
        7
      ],
      [
        0,
        1,
        2,
        3,
        5,
        6,
        7
      ],
      [
        7
      ],
      [
        0,
        1,
        2,
        3,
        5,
        7
      ],
      []
    ],
    "left": [
      [
        1,
        2,
        3,
        4,
        5,
        6,
        7
      ],
      [],
      [
        1
      ],
      [
        1,
        2,
        4,
        7
      ],
      [
        1,
        2
      ],
      [
        1,
        2,
        3,
        4,
        7
      ],
      [
        1,
        2,
        3,
        4,
        5,
        7
      ],
      [
        1,
        2,
        4
      ]
    ]
  },
  "directions": {
    "right": [
      0.6563112735748291,
      0.7544902563095093,
      -0.0
    ],
    "front": [
      0.754490315914154,
      -0.6563112735748291,
      -0.0
    ],
    "behind": [
      -0.754490315914154,
      0.6563112735748291,
      0.0
    ],
    "above": [
      0.0,
      0.0,
      1.0
    ],
    "below": [
      -0.0,
      -0.0,
      -1.0
    ],
    "left": [
      -0.6563112735748291,
      -0.7544902563095093,
      0.0
    ]
  },
  "red_cube_pos": [
    [
      147,
      149
    ],
    [
      169,
      170
    ]
  ],
  "image_filename": "CLEVR_new_001284.png",
  "split": "new",
  "objects": [
    {
      "size": "large",
      "pixel_coords": [
        237,
        99,
        11.301522254943848
      ],
      "color": "yellow",
      "material": "rubber",
      "rotation": 355.7009595971954,
      "3d_coords": [
        1.5509837865829468,
        1.928230881690979,
        0.699999988079071
      ],
      "shape": "cylinder"
    },
    {
      "size": "small",
      "pixel_coords": [
        82,
        101,
        12.037188529968262
      ],
      "color": "purple",
      "material": "metal",
      "rotation": 187.42987640627055,
      "3d_coords": [
        -2.345653772354126,
        -1.486189365386963,
        0.3499999940395355
      ],
      "shape": "sphere"
    },
    {
      "size": "small",
      "pixel_coords": [
        103,
        133,
        9.851821899414062
      ],
      "color": "blue",
      "material": "metal",
      "rotation": 213.589920360673,
      "3d_coords": [
        0.17102836072444916,
        -2.2817912101745605,
        0.3499999940395355
      ],
      "shape": "cube"
    },
    {
      "size": "small",
      "pixel_coords": [
        179,
        118,
        10.776143074035645
      ],
      "color": "yellow",
      "material": "metal",
      "rotation": 113.05078455148235,
      "3d_coords": [
        0.8511527180671692,
        0.020890535786747932,
        0.3499999940395355
      ],
      "shape": "cylinder"
    },
    {
      "size": "large",
      "pixel_coords": [
        127,
        160,
        7.883080959320068
      ],
      "color": "yellow",
      "material": "rubber",
      "rotation": 78.30439250319127,
      "3d_coords": [
        2.230311870574951,
        -2.9874014854431152,
        0.699999988079071
      ],
      "shape": "sphere"
    },
    {
      "size": "large",
      "pixel_coords": [
        194,
        85,
        12.506898880004883
      ],
      "color": "gray",
      "material": "rubber",
      "rotation": 52.890932024537435,
      "3d_coords": [
        -0.27187636494636536,
        1.8770967721939087,
        0.699999988079071
      ],
      "shape": "cube"
    },
    {
      "size": "small",
      "pixel_coords": [
        231,
        143,
        9.349651336669922
      ],
      "color": "yellow",
      "material": "rubber",
      "rotation": 107.52852611915141,
      "3d_coords": [
        2.910291910171509,
        -0.029165858402848244,
        0.3499999940395355
      ],
      "shape": "sphere"
    },
    {
      "size": "small",
      "pixel_coords": [
        159,
        80,
        14.150649070739746
      ],
      "color": "red",
      "material": "rubber",
      "rotation": 7.897793272183957,
      "3d_coords": [
        -2.35628080368042,
        2.0142807960510254,
        0.3499999940395355
      ],
      "shape": "cube"
    }
  ]
}