{
  "image_index": 1099,
  "relationships": {
    "right": [
      [
        1,
        2,
        3,
        4,
        5,
        6
      ],
      [
        2,
        6
      ],
      [
        6
      ],
      [
        1,
        2,
        4,
        5,
        6
      ],
      [
        1,
        2,
        5,
        6
      ],
      [
        1,
        2,
        6
      ],
      []
    ],
    "front": [
      [
        2,
        3,
        6
      ],
      [
        0,
        2,
        3,
        4,
        5,
        6
      ],
      [],
      [
        2,
        6
      ],
      [
        0,
        2,
        3,
        5,
        6
      ],
      [
        0,
        2,
        3,
        6
      ],
      [
        2
      ]
    ],
    "behind": [
      [
        1,
        4,
        5
      ],
      [],
      [
        0,
        1,
        3,
        4,
        5,
        6
      ],
      [
        0,
        1,
        4,
        5
      ],
      [
        1
      ],
      [
        1,
        4
      ],
      [
        0,
        1,
        3,
        4,
        5
      ]
    ],
    "left": [
      [],
      [
        0,
        3,
        4,
        5
      ],
      [
        0,
        1,
        3,
        4,
        5
      ],
      [
        0
      ],
      [
        0,
        3
      ],
      [
        0,
        3,
        4
      ],
      [
        0,
        1,
        2,
        3,
        4,
        5
      ]
    ]
  },
  "directions": {
    "right": [
      0.6563112735748291,
      0.7544902563095093,
      -0.0
    ],
    "front": [
      0.754490315914154,
      -0.6563112735748291,
      -0.0
    ],
    "behind": [
      -0.754490315914154,
      0.6563112735748291,
      0.0
    ],
    "above": [
      0.0,
      0.0,
      1.0
    ],
    "below": [
      -0.0,
      -0.0,
      -1.0
    ],
    "left": [
      -0.6563112735748291,
      -0.7544902563095093,
      0.0
    ]
  },
  "red_cube_pos": [
    [
      249,
      90
    ],
    [
      281,
      121
    ]
  ],
  "image_filename": "CLEVR_new_001099.png",
  "split": "new",
  "objects": [
    {
      "size": "large",
      "pixel_coords": [
        35,
        96,
        11.408845901489258
      ],
      "color": "purple",
      "material": "metal",
      "rotation": 144.23556940076438,
      "3d_coords": [
        -2.779066801071167,
        -2.9888548851013184,
        0.699999988079071
      ],
      "shape": "cube"
    },
    {
      "size": "large",
      "pixel_coords": [
        186,
        61,
        14.112634658813477
      ],
      "color": "brown",
      "material": "rubber",
      "rotation": 87.67943486738464,
      "3d_coords": [
        -2.1543691158294678,
        2.9522974491119385,
        0.699999988079071
      ],
      "shape": "cube"
    },
    {
      "size": "small",
      "pixel_coords": [
        239,
        147,
        9.461865425109863
      ],
      "color": "green",
      "material": "rubber",
      "rotation": 238.78070291774017,
      "3d_coords": [
        2.9418227672576904,
        0.43291231989860535,
        0.3499999940395355
      ],
      "shape": "cube"
    },
    {
      "size": "large",
      "pixel_coords": [
        80,
        105,
        10.823042869567871
      ],
      "color": "green",
      "material": "metal",
      "rotation": 220.74800311609127,
      "3d_coords": [
        -1.2759556770324707,
        -2.143275737762451,
        0.699999988079071
      ],
      "shape": "sphere"
    },
    {
      "size": "small",
      "pixel_coords": [
        122,
        80,
        13.374154090881348
      ],
      "color": "gray",
      "material": "metal",
      "rotation": 77.92852835399428,
      "3d_coords": [
        -2.817917823791504,
        0.35543501377105713,
        0.3499999940395355
      ],
      "shape": "cylinder"
    },
    {
      "size": "large",
      "pixel_coords": [
        157,
        77,
        12.709212303161621
      ],
      "color": "green",
      "material": "rubber",
      "rotation": 279.803932193821,
      "3d_coords": [
        -1.5516753196716309,
        1.075110673904419,
        0.699999988079071
      ],
      "shape": "sphere"
    },
    {
      "size": "small",
      "pixel_coords": [
        265,
        134,
        10.035209655761719
      ],
      "color": "red",
      "material": "rubber",
      "rotation": 60.61437669147239,
      "3d_coords": [
        2.9429423809051514,
        1.5217689275741577,
        0.3499999940395355
      ],
      "shape": "cube"
    }
  ]
}