{
  "image_index": 1132,
  "relationships": {
    "right": [
      [
        1,
        3,
        4,
        5,
        6
      ],
      [
        3,
        4,
        6
      ],
      [
        0,
        1,
        3,
        4,
        5,
        6
      ],
      [
        4,
        6
      ],
      [],
      [
        1,
        3,
        4,
        6
      ],
      [
        4
      ]
    ],
    "front": [
      [
        1,
        2,
        4,
        5,
        6
      ],
      [
        2,
        4,
        5,
        6
      ],
      [
        5,
        6
      ],
      [
        0,
        1,
        2,
        4,
        5,
        6
      ],
      [
        2,
        5,
        6
      ],
      [],
      [
        5
      ]
    ],
    "behind": [
      [
        3
      ],
      [
        0,
        3
      ],
      [
        0,
        1,
        3,
        4
      ],
      [],
      [
        0,
        1,
        3
      ],
      [
        0,
        1,
        2,
        3,
        4,
        6
      ],
      [
        0,
        1,
        2,
        3,
        4
      ]
    ],
    "left": [
      [
        2
      ],
      [
        0,
        2,
        5
      ],
      [],
      [
        0,
        1,
        2,
        5
      ],
      [
        0,
        1,
        2,
        3,
        5,
        6
      ],
      [
        0,
        2
      ],
      [
        0,
        1,
        2,
        3,
        5
      ]
    ]
  },
  "directions": {
    "right": [
      0.6563112735748291,
      0.7544902563095093,
      -0.0
    ],
    "front": [
      0.754490315914154,
      -0.6563112735748291,
      -0.0
    ],
    "behind": [
      -0.754490315914154,
      0.6563112735748291,
      0.0
    ],
    "above": [
      0.0,
      0.0,
      1.0
    ],
    "below": [
      -0.0,
      -0.0,
      -1.0
    ],
    "left": [
      -0.6563112735748291,
      -0.7544902563095093,
      0.0
    ]
  },
  "red_cube_pos": [
    [
      193,
      88
    ],
    [
      225,
      121
    ]
  ],
  "image_filename": "CLEVR_new_001132.png",
  "split": "new",
  "objects": [
    {
      "size": "large",
      "pixel_coords": [
        134,
        69,
        14.155293464660645
      ],
      "color": "purple",
      "material": "metal",
      "rotation": 154.06638039091197,
      "3d_coords": [
        -2.9384920597076416,
        1.167994499206543,
        0.699999988079071
      ],
      "shape": "cube"
    },
    {
      "size": "large",
      "pixel_coords": [
        158,
        89,
        12.433008193969727
      ],
      "color": "green",
      "material": "metal",
      "rotation": 224.450049298312,
      "3d_coords": [
        -0.7990847826004028,
        0.6235479116439819,
        0.699999988079071
      ],
      "shape": "cube"
    },
    {
      "size": "small",
      "pixel_coords": [
        77,
        115,
        11.446481704711914
      ],
      "color": "brown",
      "material": "metal",
      "rotation": 338.38890448983926,
      "3d_coords": [
        -1.5720343589782715,
        -2.2418689727783203,
        0.3499999940395355
      ],
      "shape": "cube"
    },
    {
      "size": "large",
      "pixel_coords": [
        176,
        63,
        14.792620658874512
      ],
      "color": "green",
      "material": "metal",
      "rotation": 336.7167133642612,
      "3d_coords": [
        -2.3362772464752197,
        2.9483494758605957,
        0.699999988079071
      ],
      "shape": "sphere"
    },
    {
      "size": "small",
      "pixel_coords": [
        259,
        106,
        12.065159797668457
      ],
      "color": "gray",
      "material": "rubber",
      "rotation": 221.18399824561195,
      "3d_coords": [
        1.9567087888717651,
        2.8212642669677734,
        0.3499999940395355
      ],
      "shape": "sphere"
    },
    {
      "size": "large",
      "pixel_coords": [
        143,
        132,
        9.818618774414062
      ],
      "color": "yellow",
      "material": "metal",
      "rotation": 244.27759808110935,
      "3d_coords": [
        1.1670299768447876,
        -1.6544289588928223,
        0.699999988079071
      ],
      "shape": "sphere"
    },
    {
      "size": "small",
      "pixel_coords": [
        209,
        135,
        10.353328704833984
      ],
      "color": "red",
      "material": "rubber",
      "rotation": 94.0434831427763,
      "3d_coords": [
        2.1238625049591064,
        0.06083741784095764,
        0.3499999940395355
      ],
      "shape": "cube"
    }
  ]
}