{
  "image_index": 1177,
  "relationships": {
    "right": [
      [
        1,
        2,
        4,
        5,
        6
      ],
      [
        2,
        4,
        5
      ],
      [],
      [
        0,
        1,
        2,
        4,
        5,
        6
      ],
      [
        2,
        5
      ],
      [
        2
      ],
      [
        1,
        2,
        4,
        5
      ]
    ],
    "front": [
      [
        1,
        2,
        3,
        4
      ],
      [
        4
      ],
      [
        1,
        3,
        4
      ],
      [
        1,
        4
      ],
      [],
      [
        0,
        1,
        2,
        3,
        4
      ],
      [
        0,
        1,
        2,
        3,
        4,
        5
      ]
    ],
    "behind": [
      [
        5,
        6
      ],
      [
        0,
        2,
        3,
        5,
        6
      ],
      [
        0,
        5,
        6
      ],
      [
        0,
        2,
        5,
        6
      ],
      [
        0,
        1,
        2,
        3,
        5,
        6
      ],
      [
        6
      ],
      []
    ],
    "left": [
      [
        3
      ],
      [
        0,
        3,
        6
      ],
      [
        0,
        1,
        3,
        4,
        5,
        6
      ],
      [],
      [
        0,
        1,
        3,
        6
      ],
      [
        0,
        1,
        3,
        4,
        6
      ],
      [
        0,
        3
      ]
    ]
  },
  "directions": {
    "right": [
      0.6563112735748291,
      0.7544902563095093,
      -0.0
    ],
    "front": [
      0.754490315914154,
      -0.6563112735748291,
      -0.0
    ],
    "behind": [
      -0.754490315914154,
      0.6563112735748291,
      0.0
    ],
    "above": [
      0.0,
      0.0,
      1.0
    ],
    "below": [
      -0.0,
      -0.0,
      -1.0
    ],
    "left": [
      -0.6563112735748291,
      -0.7544902563095093,
      0.0
    ]
  },
  "red_cube_pos": [
    [
      154,
      154
    ],
    [
      170,
      175
    ]
  ],
  "image_filename": "CLEVR_new_001177.png",
  "split": "new",
  "objects": [
    {
      "size": "large",
      "pixel_coords": [
        135,
        82,
        12.869413375854492
      ],
      "color": "green",
      "material": "rubber",
      "rotation": 45.641223353301136,
      "3d_coords": [
        -1.8777915239334106,
        0.4500217139720917,
        0.699999988079071
      ],
      "shape": "cylinder"
    },
    {
      "size": "large",
      "pixel_coords": [
        175,
        117,
        10.340347290039062
      ],
      "color": "brown",
      "material": "rubber",
      "rotation": 7.442713255605051,
      "3d_coords": [
        1.1557706594467163,
        -0.4119408130645752,
        0.699999988079071
      ],
      "shape": "cylinder"
    },
    {
      "size": "large",
      "pixel_coords": [
        226,
        96,
        11.70872974395752
      ],
      "color": "blue",
      "material": "metal",
      "rotation": 108.06583764180188,
      "3d_coords": [
        1.1624151468276978,
        1.9283982515335083,
        0.699999988079071
      ],
      "shape": "cube"
    },
    {
      "size": "small",
      "pixel_coords": [
        97,
        117,
        11.076199531555176
      ],
      "color": "purple",
      "material": "rubber",
      "rotation": 8.47462001551333,
      "3d_coords": [
        -0.9457513093948364,
        -1.8212368488311768,
        0.3499999940395355
      ],
      "shape": "cylinder"
    },
    {
      "size": "small",
      "pixel_coords": [
        193,
        150,
        9.369718551635742
      ],
      "color": "gray",
      "material": "metal",
      "rotation": 168.00822768828849,
      "3d_coords": [
        2.4031405448913574,
        -0.9223114848136902,
        0.3499999940395355
      ],
      "shape": "sphere"
    },
    {
      "size": "large",
      "pixel_coords": [
        198,
        77,
        13.305986404418945
      ],
      "color": "yellow",
      "material": "rubber",
      "rotation": 45.414731406252315,
      "3d_coords": [
        -0.6952835917472839,
        2.5389339923858643,
        0.699999988079071
      ],
      "shape": "cylinder"
    },
    {
      "size": "small",
      "pixel_coords": [
        160,
        75,
        14.557079315185547
      ],
      "color": "red",
      "material": "rubber",
      "rotation": 147.36499412120762,
      "3d_coords": [
        -2.5690925121307373,
        2.2669403553009033,
        0.3499999940395355
      ],
      "shape": "cube"
    }
  ]
}