{
  "image_index": 1129,
  "relationships": {
    "right": [
      [
        3
      ],
      [
        0,
        2,
        3
      ],
      [
        0,
        3
      ],
      [],
      [
        0,
        1,
        2,
        3,
        5,
        6
      ],
      [
        0,
        1,
        2,
        3,
        6
      ],
      [
        0,
        1,
        2,
        3
      ]
    ],
    "front": [
      [
        6
      ],
      [
        0,
        2,
        3,
        4,
        5,
        6
      ],
      [
        0,
        6
      ],
      [
        0,
        2,
        5,
        6
      ],
      [
        0,
        2,
        3,
        5,
        6
      ],
      [
        0,
        2,
        6
      ],
      []
    ],
    "behind": [
      [
        1,
        2,
        3,
        4,
        5
      ],
      [],
      [
        1,
        3,
        4,
        5
      ],
      [
        1,
        4
      ],
      [
        1
      ],
      [
        1,
        3,
        4
      ],
      [
        0,
        1,
        2,
        3,
        4,
        5
      ]
    ],
    "left": [
      [
        1,
        2,
        4,
        5,
        6
      ],
      [
        4,
        5,
        6
      ],
      [
        1,
        4,
        5,
        6
      ],
      [
        0,
        1,
        2,
        4,
        5,
        6
      ],
      [],
      [
        4
      ],
      [
        4,
        5
      ]
    ]
  },
  "directions": {
    "right": [
      0.6563112735748291,
      0.7544902563095093,
      -0.0
    ],
    "front": [
      0.754490315914154,
      -0.6563112735748291,
      -0.0
    ],
    "behind": [
      -0.754490315914154,
      0.6563112735748291,
      0.0
    ],
    "above": [
      0.0,
      0.0,
      1.0
    ],
    "below": [
      -0.0,
      -0.0,
      -1.0
    ],
    "left": [
      -0.6563112735748291,
      -0.7544902563095093,
      0.0
    ]
  },
  "red_cube_pos": [
    [
      100,
      76
    ],
    [
      130,
      112
    ]
  ],
  "image_filename": "CLEVR_new_001129.png",
  "split": "new",
  "objects": [
    {
      "size": "small",
      "pixel_coords": [
        193,
        138,
        9.688709259033203
      ],
      "color": "yellow",
      "material": "metal",
      "rotation": 281.1306633691542,
      "3d_coords": [
        1.9838082790374756,
        -0.47804832458496094,
        0.3499999940395355
      ],
      "shape": "cylinder"
    },
    {
      "size": "large",
      "pixel_coords": [
        154,
        74,
        13.442253112792969
      ],
      "color": "gray",
      "material": "rubber",
      "rotation": 76.61334120115643,
      "3d_coords": [
        -2.073564052581787,
        1.4795482158660889,
        0.699999988079071
      ],
      "shape": "cube"
    },
    {
      "size": "small",
      "pixel_coords": [
        166,
        125,
        10.381780624389648
      ],
      "color": "yellow",
      "material": "metal",
      "rotation": 292.8746526061961,
      "3d_coords": [
        0.9176075458526611,
        -0.5363458395004272,
        0.3499999940395355
      ],
      "shape": "sphere"
    },
    {
      "size": "small",
      "pixel_coords": [
        224,
        100,
        12.066520690917969
      ],
      "color": "purple",
      "material": "metal",
      "rotation": 102.28280656870515,
      "3d_coords": [
        0.8070383667945862,
        2.2239677906036377,
        0.3499999940395355
      ],
      "shape": "cylinder"
    },
    {
      "size": "large",
      "pixel_coords": [
        97,
        81,
        12.817877769470215
      ],
      "color": "brown",
      "material": "rubber",
      "rotation": 207.78894305994285,
      "3d_coords": [
        -2.8874998092651367,
        -0.5433588624000549,
        0.699999988079071
      ],
      "shape": "cylinder"
    },
    {
      "size": "small",
      "pixel_coords": [
        106,
        109,
        11.420552253723145
      ],
      "color": "blue",
      "material": "rubber",
      "rotation": 11.483872638189037,
      "3d_coords": [
        -1.240075945854187,
        -1.2783170938491821,
        0.3499999940395355
      ],
      "shape": "cube"
    },
    {
      "size": "small",
      "pixel_coords": [
        115,
        145,
        9.330788612365723
      ],
      "color": "red",
      "material": "rubber",
      "rotation": 31.01100628713793,
      "3d_coords": [
        0.9102948904037476,
        -2.347540855407715,
        0.3499999940395355
      ],
      "shape": "cube"
    }
  ]
}