{
  "image_index": 1251,
  "relationships": {
    "right": [
      [
        1,
        2,
        3,
        4,
        6,
        7
      ],
      [
        4,
        7
      ],
      [
        1,
        3,
        4,
        6,
        7
      ],
      [
        1,
        4,
        7
      ],
      [],
      [
        0,
        1,
        2,
        3,
        4,
        6,
        7
      ],
      [
        1,
        3,
        4,
        7
      ],
      [
        4
      ]
    ],
    "front": [
      [
        1,
        4,
        6
      ],
      [
        6
      ],
      [
        0,
        1,
        4,
        5,
        6,
        7
      ],
      [
        0,
        1,
        2,
        4,
        5,
        6,
        7
      ],
      [
        1,
        6
      ],
      [
        0,
        1,
        4,
        6
      ],
      [],
      [
        0,
        1,
        4,
        5,
        6
      ]
    ],
    "behind": [
      [
        2,
        3,
        5,
        7
      ],
      [
        0,
        2,
        3,
        4,
        5,
        7
      ],
      [
        3
      ],
      [],
      [
        0,
        2,
        3,
        5,
        7
      ],
      [
        2,
        3,
        7
      ],
      [
        0,
        1,
        2,
        3,
        4,
        5,
        7
      ],
      [
        2,
        3
      ]
    ],
    "left": [
      [
        5
      ],
      [
        0,
        2,
        3,
        5,
        6
      ],
      [
        0,
        5
      ],
      [
        0,
        2,
        5,
        6
      ],
      [
        0,
        1,
        2,
        3,
        5,
        6,
        7
      ],
      [],
      [
        0,
        2,
        5
      ],
      [
        0,
        1,
        2,
        3,
        5,
        6
      ]
    ]
  },
  "directions": {
    "right": [
      0.6563112735748291,
      0.7544902563095093,
      -0.0
    ],
    "front": [
      0.754490315914154,
      -0.6563112735748291,
      -0.0
    ],
    "behind": [
      -0.754490315914154,
      0.6563112735748291,
      0.0
    ],
    "above": [
      0.0,
      0.0,
      1.0
    ],
    "below": [
      -0.0,
      -0.0,
      -1.0
    ],
    "left": [
      -0.6563112735748291,
      -0.7544902563095093,
      0.0
    ]
  },
  "red_cube_pos": [
    [
      206,
      133
    ],
    [
      232,
      158
    ]
  ],
  "image_filename": "CLEVR_new_001251.png",
  "split": "new",
  "objects": [
    {
      "size": "large",
      "pixel_coords": [
        107,
        110,
        10.93213176727295
      ],
      "color": "red",
      "material": "metal",
      "rotation": 114.47672068015196,
      "3d_coords": [
        -0.7077017426490784,
        -1.6167875528335571,
        0.699999988079071
      ],
      "shape": "sphere"
    },
    {
      "size": "small",
      "pixel_coords": [
        192,
        139,
        10.094847679138184
      ],
      "color": "yellow",
      "material": "metal",
      "rotation": 208.50384255670488,
      "3d_coords": [
        1.8996044397354126,
        -0.5233773589134216,
        0.3499999940395355
      ],
      "shape": "cube"
    },
    {
      "size": "large",
      "pixel_coords": [
        136,
        78,
        13.160563468933105
      ],
      "color": "gray",
      "material": "rubber",
      "rotation": 45.261801983719785,
      "3d_coords": [
        -2.070075511932373,
        0.6773136854171753,
        0.699999988079071
      ],
      "shape": "cube"
    },
    {
      "size": "small",
      "pixel_coords": [
        160,
        68,
        14.978228569030762
      ],
      "color": "yellow",
      "material": "metal",
      "rotation": 32.76561841340339,
      "3d_coords": [
        -2.8352856636047363,
        2.628814935684204,
        0.3499999940395355
      ],
      "shape": "cylinder"
    },
    {
      "size": "large",
      "pixel_coords": [
        252,
        116,
        10.553430557250977
      ],
      "color": "brown",
      "material": "rubber",
      "rotation": 27.009680884984277,
      "3d_coords": [
        2.6484575271606445,
        1.342528223991394,
        0.699999988079071
      ],
      "shape": "cylinder"
    },
    {
      "size": "small",
      "pixel_coords": [
        51,
        105,
        12.010811805725098
      ],
      "color": "brown",
      "material": "rubber",
      "rotation": 230.4654643340723,
      "3d_coords": [
        -2.8942503929138184,
        -2.4337801933288574,
        0.3499999940395355
      ],
      "shape": "sphere"
    },
    {
      "size": "large",
      "pixel_coords": [
        149,
        162,
        8.540779113769531
      ],
      "color": "purple",
      "material": "metal",
      "rotation": 114.64564292010319,
      "3d_coords": [
        2.2546637058258057,
        -2.470405101776123,
        0.699999988079071
      ],
      "shape": "cube"
    },
    {
      "size": "small",
      "pixel_coords": [
        219,
        94,
        12.757091522216797
      ],
      "color": "red",
      "material": "rubber",
      "rotation": 258.7990959374387,
      "3d_coords": [
        0.5090860724449158,
        2.4714291095733643,
        0.3499999940395355
      ],
      "shape": "cube"
    }
  ]
}