{
  "image_index": 1090,
  "relationships": {
    "right": [
      [
        2
      ],
      [
        0,
        2,
        5
      ],
      [],
      [
        0,
        1,
        2,
        5
      ],
      [
        0,
        1,
        2,
        3,
        5
      ],
      [
        0,
        2
      ],
      [
        0,
        1,
        2,
        3,
        4,
        5,
        7
      ],
      [
        0,
        1,
        2,
        3,
        4,
        5
      ]
    ],
    "front": [
      [
        1,
        4,
        7
      ],
      [
        4
      ],
      [
        0,
        1,
        3,
        4,
        6,
        7
      ],
      [
        0,
        1,
        4,
        7
      ],
      [],
      [
        0,
        1,
        2,
        3,
        4,
        6,
        7
      ],
      [
        0,
        1,
        3,
        4,
        7
      ],
      [
        1,
        4
      ]
    ],
    "behind": [
      [
        2,
        3,
        5,
        6
      ],
      [
        0,
        2,
        3,
        5,
        6,
        7
      ],
      [
        5
      ],
      [
        2,
        5,
        6
      ],
      [
        0,
        1,
        2,
        3,
        5,
        6,
        7
      ],
      [],
      [
        2,
        5
      ],
      [
        0,
        2,
        3,
        5,
        6
      ]
    ],
    "left": [
      [
        1,
        3,
        4,
        5,
        6,
        7
      ],
      [
        3,
        4,
        6,
        7
      ],
      [
        0,
        1,
        3,
        4,
        5,
        6,
        7
      ],
      [
        4,
        6,
        7
      ],
      [
        6,
        7
      ],
      [
        1,
        3,
        4,
        6,
        7
      ],
      [],
      [
        6
      ]
    ]
  },
  "directions": {
    "right": [
      0.6563112735748291,
      0.7544902563095093,
      -0.0
    ],
    "front": [
      0.754490315914154,
      -0.6563112735748291,
      -0.0
    ],
    "behind": [
      -0.754490315914154,
      0.6563112735748291,
      0.0
    ],
    "above": [
      0.0,
      0.0,
      1.0
    ],
    "below": [
      -0.0,
      -0.0,
      -1.0
    ],
    "left": [
      -0.6563112735748291,
      -0.7544902563095093,
      0.0
    ]
  },
  "red_cube_pos": [
    [
      85,
      101
    ],
    [
      117,
      134
    ]
  ],
  "image_filename": "CLEVR_new_001090.png",
  "split": "new",
  "objects": [
    {
      "size": "large",
      "pixel_coords": [
        198,
        103,
        10.774578094482422
      ],
      "color": "yellow",
      "material": "rubber",
      "rotation": 230.99200747402384,
      "3d_coords": [
        0.9816874861717224,
        0.7046739459037781,
        0.699999988079071
      ],
      "shape": "sphere"
    },
    {
      "size": "small",
      "pixel_coords": [
        161,
        132,
        9.897711753845215
      ],
      "color": "yellow",
      "material": "metal",
      "rotation": 169.67798214925972,
      "3d_coords": [
        1.0485694408416748,
        -0.9348648190498352,
        0.3499999940395355
      ],
      "shape": "cube"
    },
    {
      "size": "small",
      "pixel_coords": [
        218,
        87,
        12.93963623046875
      ],
      "color": "purple",
      "material": "metal",
      "rotation": 79.00136470355164,
      "3d_coords": [
        -0.014807394705712795,
        2.9432716369628906,
        0.3499999940395355
      ],
      "shape": "sphere"
    },
    {
      "size": "large",
      "pixel_coords": [
        139,
        92,
        11.567298889160156
      ],
      "color": "blue",
      "material": "rubber",
      "rotation": 14.829511341418552,
      "3d_coords": [
        -0.9535999298095703,
        -0.060406312346458435,
        0.699999988079071
      ],
      "shape": "cube"
    },
    {
      "size": "small",
      "pixel_coords": [
        115,
        165,
        8.454599380493164
      ],
      "color": "purple",
      "material": "metal",
      "rotation": 301.1765288277549,
      "3d_coords": [
        1.4717695713043213,
        -2.8617184162139893,
        0.3499999940395355
      ],
      "shape": "cube"
    },
    {
      "size": "large",
      "pixel_coords": [
        175,
        65,
        14.055133819580078
      ],
      "color": "green",
      "material": "rubber",
      "rotation": 233.75815330560607,
      "3d_coords": [
        -2.1105234622955322,
        2.8037209510803223,
        0.699999988079071
      ],
      "shape": "cylinder"
    },
    {
      "size": "small",
      "pixel_coords": [
        90,
        94,
        12.291718482971191
      ],
      "color": "yellow",
      "material": "rubber",
      "rotation": 250.66112955680964,
      "3d_coords": [
        -2.612016439437866,
        -0.9066243171691895,
        0.3499999940395355
      ],
      "shape": "sphere"
    },
    {
      "size": "small",
      "pixel_coords": [
        102,
        122,
        10.455937385559082
      ],
      "color": "red",
      "material": "rubber",
      "rotation": 7.908878927983323,
      "3d_coords": [
        -0.6172081828117371,
        -1.7980717420578003,
        0.3499999940395355
      ],
      "shape": "cube"
    }
  ]
}