{
  "image_index": 1084,
  "relationships": {
    "right": [
      [
        4,
        6
      ],
      [
        0,
        3,
        4,
        6
      ],
      [
        0,
        1,
        3,
        4,
        5,
        6
      ],
      [
        0,
        4,
        6
      ],
      [
        6
      ],
      [
        0,
        1,
        3,
        4,
        6
      ],
      []
    ],
    "front": [
      [
        3,
        4,
        5,
        6
      ],
      [
        0,
        2,
        3,
        4,
        5,
        6
      ],
      [
        0,
        3,
        4,
        5,
        6
      ],
      [],
      [
        3
      ],
      [
        3,
        4
      ],
      [
        3,
        4,
        5
      ]
    ],
    "behind": [
      [
        1,
        2
      ],
      [],
      [
        1
      ],
      [
        0,
        1,
        2,
        4,
        5,
        6
      ],
      [
        0,
        1,
        2,
        5,
        6
      ],
      [
        0,
        1,
        2,
        6
      ],
      [
        0,
        1,
        2
      ]
    ],
    "left": [
      [
        1,
        2,
        3,
        5
      ],
      [
        2,
        5
      ],
      [],
      [
        1,
        2,
        5
      ],
      [
        0,
        1,
        2,
        3,
        5
      ],
      [
        2
      ],
      [
        0,
        1,
        2,
        3,
        4,
        5
      ]
    ]
  },
  "directions": {
    "right": [
      0.6563112735748291,
      0.7544902563095093,
      -0.0
    ],
    "front": [
      0.754490315914154,
      -0.6563112735748291,
      -0.0
    ],
    "behind": [
      -0.754490315914154,
      0.6563112735748291,
      0.0
    ],
    "above": [
      0.0,
      0.0,
      1.0
    ],
    "below": [
      -0.0,
      -0.0,
      -1.0
    ],
    "left": [
      -0.6563112735748291,
      -0.7544902563095093,
      0.0
    ]
  },
  "red_cube_pos": [
    [
      257,
      117
    ],
    [
      286,
      144
    ]
  ],
  "image_filename": "CLEVR_new_001084.png",
  "split": "new",
  "objects": [
    {
      "size": "large",
      "pixel_coords": [
        194,
        84,
        12.29365062713623
      ],
      "color": "brown",
      "material": "rubber",
      "rotation": 283.74760510884613,
      "3d_coords": [
        -0.2178994119167328,
        1.7544482946395874,
        0.699999988079071
      ],
      "shape": "sphere"
    },
    {
      "size": "small",
      "pixel_coords": [
        135,
        77,
        13.740513801574707
      ],
      "color": "brown",
      "material": "rubber",
      "rotation": 272.10217509208917,
      "3d_coords": [
        -2.7593772411346436,
        1.0290589332580566,
        0.3499999940395355
      ],
      "shape": "cube"
    },
    {
      "size": "large",
      "pixel_coords": [
        92,
        79,
        12.68285083770752
      ],
      "color": "gray",
      "material": "rubber",
      "rotation": 285.80489904963866,
      "3d_coords": [
        -2.9295694828033447,
        -0.7477373480796814,
        0.699999988079071
      ],
      "shape": "cube"
    },
    {
      "size": "small",
      "pixel_coords": [
        174,
        164,
        8.881991386413574
      ],
      "color": "blue",
      "material": "rubber",
      "rotation": 258.9506011506397,
      "3d_coords": [
        2.4062798023223877,
        -1.55842125415802,
        0.3499999940395355
      ],
      "shape": "sphere"
    },
    {
      "size": "large",
      "pixel_coords": [
        248,
        132,
        9.571549415588379
      ],
      "color": "purple",
      "material": "metal",
      "rotation": 354.98257502484086,
      "3d_coords": [
        2.9667608737945557,
        0.647261917591095,
        0.699999988079071
      ],
      "shape": "sphere"
    },
    {
      "size": "small",
      "pixel_coords": [
        93,
        124,
        10.616562843322754
      ],
      "color": "green",
      "material": "rubber",
      "rotation": 263.6778188633286,
      "3d_coords": [
        -0.6702967882156372,
        -2.087740898132324,
        0.3499999940395355
      ],
      "shape": "sphere"
    },
    {
      "size": "small",
      "pixel_coords": [
        271,
        109,
        11.451842308044434
      ],
      "color": "red",
      "material": "rubber",
      "rotation": 205.2009146943371,
      "3d_coords": [
        2.2599992752075195,
        2.859426498413086,
        0.3499999940395355
      ],
      "shape": "cube"
    }
  ]
}