{
  "image_index": 1244,
  "relationships": {
    "right": [
      [
        1,
        2,
        5,
        6,
        7
      ],
      [
        2,
        6
      ],
      [
        6
      ],
      [
        0,
        1,
        2,
        4,
        5,
        6,
        7
      ],
      [
        0,
        1,
        2,
        5,
        6,
        7
      ],
      [
        1,
        2,
        6
      ],
      [],
      [
        1,
        2,
        5,
        6
      ]
    ],
    "front": [
      [
        2,
        7
      ],
      [
        0,
        2,
        7
      ],
      [
        7
      ],
      [
        0,
        1,
        2,
        7
      ],
      [
        0,
        1,
        2,
        3,
        5,
        6,
        7
      ],
      [
        0,
        1,
        2,
        3,
        6,
        7
      ],
      [
        0,
        1,
        2,
        3,
        7
      ],
      []
    ],
    "behind": [
      [
        1,
        3,
        4,
        5,
        6
      ],
      [
        3,
        4,
        5,
        6
      ],
      [
        0,
        1,
        3,
        4,
        5,
        6
      ],
      [
        4,
        5,
        6
      ],
      [],
      [
        4
      ],
      [
        4,
        5
      ],
      [
        0,
        1,
        2,
        3,
        4,
        5,
        6
      ]
    ],
    "left": [
      [
        3,
        4
      ],
      [
        0,
        3,
        4,
        5,
        7
      ],
      [
        0,
        1,
        3,
        4,
        5,
        7
      ],
      [],
      [
        3
      ],
      [
        0,
        3,
        4,
        7
      ],
      [
        0,
        1,
        2,
        3,
        4,
        5,
        7
      ],
      [
        0,
        3,
        4
      ]
    ]
  },
  "directions": {
    "right": [
      0.6563112735748291,
      0.7544902563095093,
      -0.0
    ],
    "front": [
      0.754490315914154,
      -0.6563112735748291,
      -0.0
    ],
    "behind": [
      -0.754490315914154,
      0.6563112735748291,
      0.0
    ],
    "above": [
      0.0,
      0.0,
      1.0
    ],
    "below": [
      -0.0,
      -0.0,
      -1.0
    ],
    "left": [
      -0.6563112735748291,
      -0.7544902563095093,
      0.0
    ]
  },
  "red_cube_pos": [
    [
      123,
      52
    ],
    [
      160,
      94
    ]
  ],
  "image_filename": "CLEVR_new_001244.png",
  "split": "new",
  "objects": [
    {
      "size": "large",
      "pixel_coords": [
        125,
        118,
        10.09838581085205
      ],
      "color": "purple",
      "material": "metal",
      "rotation": 35.57532955296368,
      "3d_coords": [
        0.20705439150333405,
        -1.5216971635818481,
        0.699999988079071
      ],
      "shape": "cube"
    },
    {
      "size": "small",
      "pixel_coords": [
        180,
        119,
        10.779301643371582
      ],
      "color": "purple",
      "material": "rubber",
      "rotation": 6.0278556134969286,
      "3d_coords": [
        0.8366940021514893,
        0.0916178748011589,
        0.3499999940395355
      ],
      "shape": "cylinder"
    },
    {
      "size": "small",
      "pixel_coords": [
        227,
        153,
        9.156025886535645
      ],
      "color": "purple",
      "material": "metal",
      "rotation": 277.29490284905336,
      "3d_coords": [
        2.987903356552124,
        -0.2617446780204773,
        0.3499999940395355
      ],
      "shape": "cube"
    },
    {
      "size": "large",
      "pixel_coords": [
        74,
        97,
        11.346890449523926
      ],
      "color": "green",
      "material": "rubber",
      "rotation": 117.04821950739208,
      "3d_coords": [
        -2.0448031425476074,
        -1.935910940170288,
        0.699999988079071
      ],
      "shape": "cube"
    },
    {
      "size": "large",
      "pixel_coords": [
        117,
        72,
        13.324101448059082
      ],
      "color": "blue",
      "material": "metal",
      "rotation": 8.293118333175912,
      "3d_coords": [
        -2.9886064529418945,
        0.41987156867980957,
        0.699999988079071
      ],
      "shape": "cube"
    },
    {
      "size": "large",
      "pixel_coords": [
        161,
        85,
        12.249283790588379
      ],
      "color": "gray",
      "material": "rubber",
      "rotation": 174.30729599211548,
      "3d_coords": [
        -0.9586626291275024,
        0.8813816905021667,
        0.699999988079071
      ],
      "shape": "cylinder"
    },
    {
      "size": "large",
      "pixel_coords": [
        251,
        89,
        11.880202293395996
      ],
      "color": "purple",
      "material": "metal",
      "rotation": 341.00495617991453,
      "3d_coords": [
        1.3747317790985107,
        2.919156312942505,
        0.699999988079071
      ],
      "shape": "cube"
    },
    {
      "size": "small",
      "pixel_coords": [
        142,
        166,
        8.657796859741211
      ],
      "color": "red",
      "material": "rubber",
      "rotation": 213.63823953307616,
      "3d_coords": [
        1.9703282117843628,
        -2.297173023223877,
        0.3499999940395355
      ],
      "shape": "cube"
    }
  ]
}