{
  "image_index": 1100,
  "relationships": {
    "right": [
      [
        1,
        5,
        6
      ],
      [
        6
      ],
      [
        0,
        1,
        3,
        5,
        6
      ],
      [
        0,
        1,
        5,
        6
      ],
      [
        0,
        1,
        2,
        3,
        5,
        6
      ],
      [
        1,
        6
      ],
      []
    ],
    "front": [
      [
        3,
        4
      ],
      [
        0,
        2,
        3,
        4,
        6
      ],
      [
        0,
        3,
        4,
        6
      ],
      [],
      [
        3
      ],
      [
        0,
        1,
        2,
        3,
        4,
        6
      ],
      [
        0,
        3,
        4
      ]
    ],
    "behind": [
      [
        1,
        2,
        5,
        6
      ],
      [
        5
      ],
      [
        1,
        5
      ],
      [
        0,
        1,
        2,
        4,
        5,
        6
      ],
      [
        0,
        1,
        2,
        5,
        6
      ],
      [],
      [
        1,
        2,
        5
      ]
    ],
    "left": [
      [
        2,
        3,
        4
      ],
      [
        0,
        2,
        3,
        4,
        5
      ],
      [
        4
      ],
      [
        2,
        4
      ],
      [],
      [
        0,
        2,
        3,
        4
      ],
      [
        0,
        1,
        2,
        3,
        4,
        5
      ]
    ]
  },
  "directions": {
    "right": [
      0.6563112735748291,
      0.7544902563095093,
      -0.0
    ],
    "front": [
      0.754490315914154,
      -0.6563112735748291,
      -0.0
    ],
    "behind": [
      -0.754490315914154,
      0.6563112735748291,
      0.0
    ],
    "above": [
      0.0,
      0.0,
      1.0
    ],
    "below": [
      -0.0,
      -0.0,
      -1.0
    ],
    "left": [
      -0.6563112735748291,
      -0.7544902563095093,
      0.0
    ]
  },
  "red_cube_pos": [
    [
      257,
      101
    ],
    [
      290,
      132
    ]
  ],
  "image_filename": "CLEVR_new_001100.png",
  "split": "new",
  "objects": [
    {
      "size": "large",
      "pixel_coords": [
        174,
        118,
        9.932840347290039
      ],
      "color": "purple",
      "material": "rubber",
      "rotation": 152.9802860995535,
      "3d_coords": [
        1.2083755731582642,
        -0.4978120028972626,
        0.699999988079071
      ],
      "shape": "sphere"
    },
    {
      "size": "small",
      "pixel_coords": [
        222,
        98,
        12.117116928100586
      ],
      "color": "blue",
      "material": "metal",
      "rotation": 112.43081349895158,
      "3d_coords": [
        0.5669289231300354,
        2.2975635528564453,
        0.3499999940395355
      ],
      "shape": "cylinder"
    },
    {
      "size": "large",
      "pixel_coords": [
        115,
        103,
        10.840912818908691
      ],
      "color": "purple",
      "material": "rubber",
      "rotation": 8.465861485143403,
      "3d_coords": [
        -0.7137789130210876,
        -1.2290098667144775,
        0.699999988079071
      ],
      "shape": "cube"
    },
    {
      "size": "small",
      "pixel_coords": [
        128,
        164,
        8.497851371765137
      ],
      "color": "yellow",
      "material": "rubber",
      "rotation": 316.8442992514486,
      "3d_coords": [
        1.845102310180664,
        -2.5366227626800537,
        0.3499999940395355
      ],
      "shape": "cylinder"
    },
    {
      "size": "small",
      "pixel_coords": [
        79,
        144,
        9.34264850616455
      ],
      "color": "yellow",
      "material": "rubber",
      "rotation": 359.7457717621254,
      "3d_coords": [
        0.24403271079063416,
        -2.989682912826538,
        0.3499999940395355
      ],
      "shape": "cylinder"
    },
    {
      "size": "small",
      "pixel_coords": [
        190,
        86,
        13.10789680480957
      ],
      "color": "gray",
      "material": "rubber",
      "rotation": 70.47089452729787,
      "3d_coords": [
        -0.9237424731254578,
        2.236091375350952,
        0.3499999940395355
      ],
      "shape": "cube"
    },
    {
      "size": "small",
      "pixel_coords": [
        273,
        123,
        10.433661460876465
      ],
      "color": "red",
      "material": "rubber",
      "rotation": 338.74554162479257,
      "3d_coords": [
        2.8112921714782715,
        2.051823854446411,
        0.3499999940395355
      ],
      "shape": "cube"
    }
  ]
}