{
  "image_index": 1058,
  "relationships": {
    "right": [
      [
        2
      ],
      [
        0,
        2,
        4
      ],
      [],
      [
        0,
        1,
        2,
        4,
        5,
        7
      ],
      [
        0,
        2
      ],
      [
        0,
        1,
        2,
        4,
        7
      ],
      [
        0,
        1,
        2,
        3,
        4,
        5,
        7
      ],
      [
        0,
        1,
        2,
        4
      ]
    ],
    "front": [
      [
        1,
        2,
        5,
        6,
        7
      ],
      [
        7
      ],
      [
        1,
        7
      ],
      [
        0,
        1,
        2,
        4,
        5,
        6,
        7
      ],
      [
        0,
        1,
        2,
        5,
        6,
        7
      ],
      [
        1,
        2,
        6,
        7
      ],
      [
        1,
        2,
        7
      ],
      []
    ],
    "behind": [
      [
        3,
        4
      ],
      [
        0,
        2,
        3,
        4,
        5,
        6
      ],
      [
        0,
        3,
        4,
        5,
        6
      ],
      [],
      [
        3
      ],
      [
        0,
        3,
        4
      ],
      [
        0,
        3,
        4,
        5
      ],
      [
        0,
        1,
        2,
        3,
        4,
        5,
        6
      ]
    ],
    "left": [
      [
        1,
        3,
        4,
        5,
        6,
        7
      ],
      [
        3,
        5,
        6,
        7
      ],
      [
        0,
        1,
        3,
        4,
        5,
        6,
        7
      ],
      [
        6
      ],
      [
        1,
        3,
        5,
        6,
        7
      ],
      [
        3,
        6
      ],
      [],
      [
        3,
        5,
        6
      ]
    ]
  },
  "directions": {
    "right": [
      0.6563112735748291,
      0.7544902563095093,
      -0.0
    ],
    "front": [
      0.754490315914154,
      -0.6563112735748291,
      -0.0
    ],
    "behind": [
      -0.754490315914154,
      0.6563112735748291,
      0.0
    ],
    "above": [
      0.0,
      0.0,
      1.0
    ],
    "below": [
      -0.0,
      -0.0,
      -1.0
    ],
    "left": [
      -0.6563112735748291,
      -0.7544902563095093,
      0.0
    ]
  },
  "red_cube_pos": [
    [
      116,
      34
    ],
    [
      150,
      76
    ]
  ],
  "image_filename": "CLEVR_new_001058.png",
  "split": "new",
  "objects": [
    {
      "size": "small",
      "pixel_coords": [
        229,
        102,
        12.055777549743652
      ],
      "color": "blue",
      "material": "metal",
      "rotation": 343.57601471168454,
      "3d_coords": [
        0.9876798987388611,
        2.278397560119629,
        0.3499999940395355
      ],
      "shape": "cylinder"
    },
    {
      "size": "large",
      "pixel_coords": [
        156,
        134,
        9.431882858276367
      ],
      "color": "brown",
      "material": "rubber",
      "rotation": 357.45920672844517,
      "3d_coords": [
        1.5858417749404907,
        -1.4144079685211182,
        0.699999988079071
      ],
      "shape": "sphere"
    },
    {
      "size": "small",
      "pixel_coords": [
        255,
        127,
        10.510483741760254
      ],
      "color": "green",
      "material": "rubber",
      "rotation": 136.81126928865018,
      "3d_coords": [
        2.6399364471435547,
        1.5333093404769897,
        0.3499999940395355
      ],
      "shape": "sphere"
    },
    {
      "size": "large",
      "pixel_coords": [
        113,
        75,
        13.375557899475098
      ],
      "color": "red",
      "material": "metal",
      "rotation": 305.940164996832,
      "3d_coords": [
        -2.950669527053833,
        0.09216456115245819,
        0.699999988079071
      ],
      "shape": "cylinder"
    },
    {
      "size": "large",
      "pixel_coords": [
        187,
        82,
        12.75048542022705
      ],
      "color": "blue",
      "material": "rubber",
      "rotation": 134.19648500635617,
      "3d_coords": [
        -0.6540125012397766,
        1.8012769222259521,
        0.699999988079071
      ],
      "shape": "sphere"
    },
    {
      "size": "large",
      "pixel_coords": [
        125,
        101,
        11.296795845031738
      ],
      "color": "yellow",
      "material": "metal",
      "rotation": 96.01523404671644,
      "3d_coords": [
        -0.7002754807472229,
        -0.8758893013000488,
        0.699999988079071
      ],
      "shape": "cube"
    },
    {
      "size": "small",
      "pixel_coords": [
        54,
        116,
        11.129895210266113
      ],
      "color": "green",
      "material": "metal",
      "rotation": 167.64508582997328,
      "3d_coords": [
        -1.8192602396011353,
        -2.8561172485351562,
        0.3499999940395355
      ],
      "shape": "cylinder"
    },
    {
      "size": "small",
      "pixel_coords": [
        134,
        184,
        8.11606502532959
      ],
      "color": "red",
      "material": "rubber",
      "rotation": 41.64727330639246,
      "3d_coords": [
        2.5800621509552,
        -2.856179714202881,
        0.3499999940395355
      ],
      "shape": "cube"
    }
  ]
}