{
  "image_index": 1225,
  "relationships": {
    "right": [
      [
        1,
        2,
        3,
        4,
        5,
        6
      ],
      [],
      [
        1,
        4,
        6
      ],
      [
        1,
        2,
        4,
        5,
        6
      ],
      [
        1,
        6
      ],
      [
        1,
        2,
        4,
        6
      ],
      [
        1
      ]
    ],
    "front": [
      [
        1,
        2,
        3,
        6
      ],
      [
        2,
        3,
        6
      ],
      [],
      [
        2
      ],
      [
        0,
        1,
        2,
        3,
        5,
        6
      ],
      [
        0,
        1,
        2,
        3,
        6
      ],
      [
        2,
        3
      ]
    ],
    "behind": [
      [
        4,
        5
      ],
      [
        0,
        4,
        5
      ],
      [
        0,
        1,
        3,
        4,
        5,
        6
      ],
      [
        0,
        1,
        4,
        5,
        6
      ],
      [],
      [
        4
      ],
      [
        0,
        1,
        4,
        5
      ]
    ],
    "left": [
      [],
      [
        0,
        2,
        3,
        4,
        5,
        6
      ],
      [
        0,
        3,
        5
      ],
      [
        0
      ],
      [
        0,
        2,
        3,
        5
      ],
      [
        0,
        3
      ],
      [
        0,
        2,
        3,
        4,
        5
      ]
    ]
  },
  "directions": {
    "right": [
      0.6563112735748291,
      0.7544902563095093,
      -0.0
    ],
    "front": [
      0.754490315914154,
      -0.6563112735748291,
      -0.0
    ],
    "behind": [
      -0.754490315914154,
      0.6563112735748291,
      0.0
    ],
    "above": [
      0.0,
      0.0,
      1.0
    ],
    "below": [
      -0.0,
      -0.0,
      -1.0
    ],
    "left": [
      -0.6563112735748291,
      -0.7544902563095093,
      0.0
    ]
  },
  "red_cube_pos": [
    [
      184,
      100
    ],
    [
      213,
      130
    ]
  ],
  "image_filename": "CLEVR_new_001225.png",
  "split": "new",
  "objects": [
    {
      "size": "small",
      "pixel_coords": [
        86,
        96,
        12.827407836914062
      ],
      "color": "yellow",
      "material": "metal",
      "rotation": 13.343192067980482,
      "3d_coords": [
        -2.6370561122894287,
        -1.3037430047988892,
        0.3499999940395355
      ],
      "shape": "cylinder"
    },
    {
      "size": "small",
      "pixel_coords": [
        237,
        117,
        11.456771850585938
      ],
      "color": "blue",
      "material": "rubber",
      "rotation": 84.16673742449417,
      "3d_coords": [
        1.9519191980361938,
        1.6392555236816406,
        0.3499999940395355
      ],
      "shape": "sphere"
    },
    {
      "size": "large",
      "pixel_coords": [
        150,
        172,
        8.311131477355957
      ],
      "color": "gray",
      "material": "metal",
      "rotation": 68.44003565879004,
      "3d_coords": [
        2.73577880859375,
        -2.6712448596954346,
        0.699999988079071
      ],
      "shape": "cylinder"
    },
    {
      "size": "small",
      "pixel_coords": [
        93,
        134,
        10.496637344360352
      ],
      "color": "purple",
      "material": "metal",
      "rotation": 238.4997288276126,
      "3d_coords": [
        -0.15875838696956635,
        -2.506336212158203,
        0.3499999940395355
      ],
      "shape": "cube"
    },
    {
      "size": "small",
      "pixel_coords": [
        171,
        81,
        14.10629653930664
      ],
      "color": "blue",
      "material": "rubber",
      "rotation": 53.10241859533248,
      "3d_coords": [
        -1.6907802820205688,
        2.044137477874756,
        0.3499999940395355
      ],
      "shape": "cube"
    },
    {
      "size": "large",
      "pixel_coords": [
        126,
        79,
        13.404962539672852
      ],
      "color": "green",
      "material": "metal",
      "rotation": 248.03401480731958,
      "3d_coords": [
        -2.3584578037261963,
        0.3323257565498352,
        0.699999988079071
      ],
      "shape": "cylinder"
    },
    {
      "size": "small",
      "pixel_coords": [
        199,
        124,
        11.032429695129395
      ],
      "color": "red",
      "material": "rubber",
      "rotation": 51.48524773037677,
      "3d_coords": [
        1.4729653596878052,
        0.33611541986465454,
        0.3499999940395355
      ],
      "shape": "cube"
    }
  ]
}