{
  "image_index": 1327,
  "relationships": {
    "right": [
      [
        1,
        2,
        3,
        4,
        6
      ],
      [],
      [
        1
      ],
      [
        1,
        2,
        4,
        6
      ],
      [
        1,
        2,
        6
      ],
      [
        0,
        1,
        2,
        3,
        4,
        6
      ],
      [
        1,
        2
      ]
    ],
    "front": [
      [],
      [
        0,
        3,
        4
      ],
      [
        0,
        1,
        3,
        4,
        5
      ],
      [
        0
      ],
      [
        0,
        3
      ],
      [
        0,
        1,
        3,
        4
      ],
      [
        0,
        1,
        2,
        3,
        4,
        5
      ]
    ],
    "behind": [
      [
        1,
        2,
        3,
        4,
        5,
        6
      ],
      [
        2,
        5,
        6
      ],
      [
        6
      ],
      [
        1,
        2,
        4,
        5,
        6
      ],
      [
        1,
        2,
        5,
        6
      ],
      [
        2,
        6
      ],
      []
    ],
    "left": [
      [
        5
      ],
      [
        0,
        2,
        3,
        4,
        5,
        6
      ],
      [
        0,
        3,
        4,
        5,
        6
      ],
      [
        0,
        5
      ],
      [
        0,
        3,
        5
      ],
      [],
      [
        0,
        3,
        4,
        5
      ]
    ]
  },
  "directions": {
    "right": [
      0.6563112735748291,
      0.7544902563095093,
      -0.0
    ],
    "front": [
      0.754490315914154,
      -0.6563112735748291,
      -0.0
    ],
    "behind": [
      -0.754490315914154,
      0.6563112735748291,
      0.0
    ],
    "above": [
      0.0,
      0.0,
      1.0
    ],
    "below": [
      -0.0,
      -0.0,
      -1.0
    ],
    "left": [
      -0.6563112735748291,
      -0.7544902563095093,
      0.0
    ]
  },
  "red_cube_pos": [
    [
      168,
      155
    ],
    [
      190,
      177
    ]
  ],
  "image_filename": "CLEVR_new_001327.png",
  "split": "new",
  "objects": [
    {
      "size": "small",
      "pixel_coords": [
        131,
        179,
        8.3070707321167
      ],
      "color": "brown",
      "material": "metal",
      "rotation": 190.35342656060706,
      "3d_coords": [
        2.1710293292999268,
        -2.9571402072906494,
        0.3499999940395355
      ],
      "shape": "sphere"
    },
    {
      "size": "large",
      "pixel_coords": [
        245,
        96,
        11.654825210571289
      ],
      "color": "yellow",
      "material": "rubber",
      "rotation": 44.84018642738756,
      "3d_coords": [
        1.6404776573181152,
        2.3520708084106445,
        0.699999988079071
      ],
      "shape": "cube"
    },
    {
      "size": "large",
      "pixel_coords": [
        218,
        78,
        13.0932035446167
      ],
      "color": "purple",
      "material": "metal",
      "rotation": 21.499587529828787,
      "3d_coords": [
        -0.014136453159153461,
        2.9690866470336914,
        0.699999988079071
      ],
      "shape": "cylinder"
    },
    {
      "size": "small",
      "pixel_coords": [
        163,
        155,
        9.1810941696167
      ],
      "color": "brown",
      "material": "metal",
      "rotation": 234.3919066560943,
      "3d_coords": [
        1.967924952507019,
        -1.7135652303695679,
        0.3499999940395355
      ],
      "shape": "sphere"
    },
    {
      "size": "small",
      "pixel_coords": [
        176,
        127,
        10.527619361877441
      ],
      "color": "green",
      "material": "metal",
      "rotation": 130.86720297321676,
      "3d_coords": [
        1.1157933473587036,
        -0.38151824474334717,
        0.3499999940395355
      ],
      "shape": "cylinder"
    },
    {
      "size": "small",
      "pixel_coords": [
        67,
        99,
        12.285029411315918
      ],
      "color": "purple",
      "material": "metal",
      "rotation": 59.60847781691817,
      "3d_coords": [
        -2.8967742919921875,
        -1.7832226753234863,
        0.3499999940395355
      ],
      "shape": "cylinder"
    },
    {
      "size": "small",
      "pixel_coords": [
        179,
        73,
        14.497404098510742
      ],
      "color": "red",
      "material": "rubber",
      "rotation": 48.60344800658761,
      "3d_coords": [
        -1.9742968082427979,
        2.919942855834961,
        0.3499999940395355
      ],
      "shape": "cube"
    }
  ]
}