{
  "image_index": 1189,
  "relationships": {
    "right": [
      [
        1,
        3,
        4,
        5,
        6
      ],
      [
        6
      ],
      [
        0,
        1,
        3,
        4,
        5,
        6
      ],
      [
        1,
        4,
        6
      ],
      [
        1,
        6
      ],
      [
        1,
        3,
        4,
        6
      ],
      []
    ],
    "front": [
      [
        5
      ],
      [
        0,
        5
      ],
      [
        0,
        1,
        3,
        5,
        6
      ],
      [
        0,
        1,
        5
      ],
      [
        0,
        1,
        2,
        3,
        5,
        6
      ],
      [],
      [
        0,
        1,
        3,
        5
      ]
    ],
    "behind": [
      [
        1,
        2,
        3,
        4,
        6
      ],
      [
        2,
        3,
        4,
        6
      ],
      [
        4
      ],
      [
        2,
        4,
        6
      ],
      [],
      [
        0,
        1,
        2,
        3,
        4,
        6
      ],
      [
        2,
        4
      ]
    ],
    "left": [
      [
        2
      ],
      [
        0,
        2,
        3,
        4,
        5
      ],
      [],
      [
        0,
        2,
        5
      ],
      [
        0,
        2,
        3,
        5
      ],
      [
        0,
        2
      ],
      [
        0,
        1,
        2,
        3,
        4,
        5
      ]
    ]
  },
  "directions": {
    "right": [
      0.6563112735748291,
      0.7544902563095093,
      -0.0
    ],
    "front": [
      0.754490315914154,
      -0.6563112735748291,
      -0.0
    ],
    "behind": [
      -0.754490315914154,
      0.6563112735748291,
      0.0
    ],
    "above": [
      0.0,
      0.0,
      1.0
    ],
    "below": [
      -0.0,
      -0.0,
      -1.0
    ],
    "left": [
      -0.6563112735748291,
      -0.7544902563095093,
      0.0
    ]
  },
  "red_cube_pos": [
    [
      261,
      118
    ],
    [
      280,
      146
    ]
  ],
  "image_filename": "CLEVR_new_001189.png",
  "split": "new",
  "objects": [
    {
      "size": "small",
      "pixel_coords": [
        155,
        136,
        9.773794174194336
      ],
      "color": "purple",
      "material": "metal",
      "rotation": 300.73155450248487,
      "3d_coords": [
        1.03844153881073,
        -1.0695536136627197,
        0.3499999940395355
      ],
      "shape": "cylinder"
    },
    {
      "size": "large",
      "pixel_coords": [
        250,
        115,
        10.075794219970703
      ],
      "color": "gray",
      "material": "metal",
      "rotation": 14.794231412084331,
      "3d_coords": [
        2.3916096687316895,
        1.3570945262908936,
        0.699999988079071
      ],
      "shape": "sphere"
    },
    {
      "size": "large",
      "pixel_coords": [
        63,
        90,
        11.517325401306152
      ],
      "color": "green",
      "material": "metal",
      "rotation": 15.95217791491283,
      "3d_coords": [
        -2.6403653621673584,
        -1.928251028060913,
        0.699999988079071
      ],
      "shape": "cylinder"
    },
    {
      "size": "small",
      "pixel_coords": [
        197,
        115,
        10.800270080566406
      ],
      "color": "gray",
      "material": "metal",
      "rotation": 17.947872741930833,
      "3d_coords": [
        0.9754116535186768,
        0.6837857961654663,
        0.3499999940395355
      ],
      "shape": "sphere"
    },
    {
      "size": "large",
      "pixel_coords": [
        206,
        72,
        12.84864616394043
      ],
      "color": "yellow",
      "material": "metal",
      "rotation": 341.58167169730007,
      "3d_coords": [
        -0.6456631422042847,
        2.7600395679473877,
        0.699999988079071
      ],
      "shape": "sphere"
    },
    {
      "size": "small",
      "pixel_coords": [
        172,
        155,
        9.006933212280273
      ],
      "color": "brown",
      "material": "rubber",
      "rotation": 256.8853518797197,
      "3d_coords": [
        1.999849796295166,
        -1.3163813352584839,
        0.3499999940395355
      ],
      "shape": "sphere"
    },
    {
      "size": "small",
      "pixel_coords": [
        267,
        107,
        11.228964805603027
      ],
      "color": "red",
      "material": "rubber",
      "rotation": 47.84827719062461,
      "3d_coords": [
        2.0879170894622803,
        2.740135908126831,
        0.3499999940395355
      ],
      "shape": "cube"
    }
  ]
}