{
  "image_index": 1222,
  "relationships": {
    "right": [
      [],
      [
        0,
        2,
        6
      ],
      [
        0,
        6
      ],
      [
        0,
        1,
        2,
        4,
        6
      ],
      [
        0,
        1,
        2,
        6
      ],
      [
        0,
        1,
        2,
        3,
        4,
        6
      ],
      [
        0
      ]
    ],
    "front": [
      [
        1,
        2,
        4,
        5
      ],
      [
        2,
        4,
        5
      ],
      [],
      [
        0,
        1,
        2,
        4,
        5
      ],
      [
        2
      ],
      [
        2,
        4
      ],
      [
        0,
        1,
        2,
        3,
        4,
        5
      ]
    ],
    "behind": [
      [
        3,
        6
      ],
      [
        0,
        3,
        6
      ],
      [
        0,
        1,
        3,
        4,
        5,
        6
      ],
      [
        6
      ],
      [
        0,
        1,
        3,
        5,
        6
      ],
      [
        0,
        1,
        3,
        6
      ],
      []
    ],
    "left": [
      [
        1,
        2,
        3,
        4,
        5,
        6
      ],
      [
        3,
        4,
        5
      ],
      [
        1,
        3,
        4,
        5
      ],
      [
        5
      ],
      [
        3,
        5
      ],
      [],
      [
        1,
        2,
        3,
        4,
        5
      ]
    ]
  },
  "directions": {
    "right": [
      0.6563112735748291,
      0.7544902563095093,
      -0.0
    ],
    "front": [
      0.754490315914154,
      -0.6563112735748291,
      -0.0
    ],
    "behind": [
      -0.754490315914154,
      0.6563112735748291,
      0.0
    ],
    "above": [
      0.0,
      0.0,
      1.0
    ],
    "below": [
      -0.0,
      -0.0,
      -1.0
    ],
    "left": [
      -0.6563112735748291,
      -0.7544902563095093,
      0.0
    ]
  },
  "red_cube_pos": [
    [
      184,
      151
    ],
    [
      203,
      173
    ]
  ],
  "image_filename": "CLEVR_new_001222.png",
  "split": "new",
  "objects": [
    {
      "size": "large",
      "pixel_coords": [
        239,
        86,
        11.499664306640625
      ],
      "color": "blue",
      "material": "rubber",
      "rotation": 281.33899374717765,
      "3d_coords": [
        0.9298280477523804,
        2.655890703201294,
        0.699999988079071
      ],
      "shape": "sphere"
    },
    {
      "size": "large",
      "pixel_coords": [
        155,
        103,
        10.221972465515137
      ],
      "color": "gray",
      "material": "rubber",
      "rotation": 46.24748605664031,
      "3d_coords": [
        0.13633336126804352,
        -0.3165942430496216,
        0.699999988079071
      ],
      "shape": "sphere"
    },
    {
      "size": "small",
      "pixel_coords": [
        195,
        175,
        7.656290531158447
      ],
      "color": "brown",
      "material": "rubber",
      "rotation": 75.802071676452,
      "3d_coords": [
        2.9921669960021973,
        -1.7234406471252441,
        0.3499999940395355
      ],
      "shape": "sphere"
    },
    {
      "size": "small",
      "pixel_coords": [
        91,
        88,
        12.228599548339844
      ],
      "color": "red",
      "material": "rubber",
      "rotation": 131.65661388096245,
      "3d_coords": [
        -2.916621208190918,
        -0.5704107880592346,
        0.3499999940395355
      ],
      "shape": "sphere"
    },
    {
      "size": "large",
      "pixel_coords": [
        106,
        137,
        8.467692375183105
      ],
      "color": "red",
      "material": "metal",
      "rotation": 243.75648736388433,
      "3d_coords": [
        0.7900381684303284,
        -2.5080339908599854,
        0.699999988079071
      ],
      "shape": "cylinder"
    },
    {
      "size": "small",
      "pixel_coords": [
        51,
        125,
        9.79466724395752
      ],
      "color": "red",
      "material": "metal",
      "rotation": 325.56618129188547,
      "3d_coords": [
        -1.353868007659912,
        -2.899923801422119,
        0.3499999940395355
      ],
      "shape": "cylinder"
    },
    {
      "size": "small",
      "pixel_coords": [
        194,
        77,
        13.229822158813477
      ],
      "color": "red",
      "material": "rubber",
      "rotation": 325.9509073417077,
      "3d_coords": [
        -1.2557305097579956,
        2.8853774070739746,
        0.3499999940395355
      ],
      "shape": "cube"
    }
  ]
}