{
  "image_index": 1077,
  "relationships": {
    "right": [
      [
        1,
        3,
        4,
        7
      ],
      [],
      [
        0,
        1,
        3,
        4,
        5,
        6,
        7
      ],
      [
        1
      ],
      [
        1,
        3
      ],
      [
        0,
        1,
        3,
        4,
        6,
        7
      ],
      [
        0,
        1,
        3,
        4,
        7
      ],
      [
        1,
        3,
        4
      ]
    ],
    "front": [
      [
        1,
        2,
        3,
        4,
        5,
        6,
        7
      ],
      [
        4,
        6,
        7
      ],
      [
        1,
        4,
        6,
        7
      ],
      [
        1,
        2,
        4,
        6,
        7
      ],
      [
        7
      ],
      [
        1,
        2,
        3,
        4,
        6,
        7
      ],
      [
        4,
        7
      ],
      []
    ],
    "behind": [
      [],
      [
        0,
        2,
        3,
        5
      ],
      [
        0,
        3,
        5
      ],
      [
        0,
        5
      ],
      [
        0,
        1,
        2,
        3,
        5,
        6
      ],
      [
        0
      ],
      [
        0,
        1,
        2,
        3,
        5
      ],
      [
        0,
        1,
        2,
        3,
        4,
        5,
        6
      ]
    ],
    "left": [
      [
        2,
        5,
        6
      ],
      [
        0,
        2,
        3,
        4,
        5,
        6,
        7
      ],
      [],
      [
        0,
        2,
        4,
        5,
        6,
        7
      ],
      [
        0,
        2,
        5,
        6,
        7
      ],
      [
        2
      ],
      [
        2,
        5
      ],
      [
        0,
        2,
        5,
        6
      ]
    ]
  },
  "directions": {
    "right": [
      0.6563112735748291,
      0.7544902563095093,
      -0.0
    ],
    "front": [
      0.754490315914154,
      -0.6563112735748291,
      -0.0
    ],
    "behind": [
      -0.754490315914154,
      0.6563112735748291,
      0.0
    ],
    "above": [
      0.0,
      0.0,
      1.0
    ],
    "below": [
      -0.0,
      -0.0,
      -1.0
    ],
    "left": [
      -0.6563112735748291,
      -0.7544902563095093,
      0.0
    ]
  },
  "red_cube_pos": [
    [
      131,
      29
    ],
    [
      168,
      75
    ]
  ],
  "image_filename": "CLEVR_new_001077.png",
  "split": "new",
  "objects": [
    {
      "size": "small",
      "pixel_coords": [
        129,
        93,
        11.725014686584473
      ],
      "color": "blue",
      "material": "rubber",
      "rotation": 171.93364135373503,
      "3d_coords": [
        -1.548735499382019,
        -0.012215347029268742,
        0.3499999940395355
      ],
      "shape": "cube"
    },
    {
      "size": "large",
      "pixel_coords": [
        253,
        126,
        9.258386611938477
      ],
      "color": "purple",
      "material": "rubber",
      "rotation": 132.97810982846661,
      "3d_coords": [
        2.7484145164489746,
        0.8755174875259399,
        0.699999988079071
      ],
      "shape": "sphere"
    },
    {
      "size": "small",
      "pixel_coords": [
        74,
        120,
        10.212882041931152
      ],
      "color": "brown",
      "material": "metal",
      "rotation": 211.0833794837531,
      "3d_coords": [
        -1.1865402460098267,
        -2.277650833129883,
        0.3499999940395355
      ],
      "shape": "sphere"
    },
    {
      "size": "large",
      "pixel_coords": [
        190,
        99,
        10.595155715942383
      ],
      "color": "gray",
      "material": "rubber",
      "rotation": 231.87723335589163,
      "3d_coords": [
        0.5561364889144897,
        0.7235122323036194,
        0.699999988079071
      ],
      "shape": "cube"
    },
    {
      "size": "small",
      "pixel_coords": [
        169,
        158,
        8.627706527709961
      ],
      "color": "yellow",
      "material": "metal",
      "rotation": 290.08217237721794,
      "3d_coords": [
        1.9901567697525024,
        -1.4332484006881714,
        0.3499999940395355
      ],
      "shape": "cylinder"
    },
    {
      "size": "small",
      "pixel_coords": [
        97,
        100,
        11.31800651550293
      ],
      "color": "brown",
      "material": "metal",
      "rotation": 77.13344662842432,
      "3d_coords": [
        -1.855195164680481,
        -1.0869160890579224,
        0.3499999940395355
      ],
      "shape": "cylinder"
    },
    {
      "size": "small",
      "pixel_coords": [
        104,
        149,
        8.98689079284668
      ],
      "color": "yellow",
      "material": "rubber",
      "rotation": 206.75892164114128,
      "3d_coords": [
        0.5799714922904968,
        -2.419186592102051,
        0.3499999940395355
      ],
      "shape": "cube"
    },
    {
      "size": "small",
      "pixel_coords": [
        150,
        187,
        7.735962390899658
      ],
      "color": "red",
      "material": "rubber",
      "rotation": 206.90392501037627,
      "3d_coords": [
        2.4814391136169434,
        -2.449626922607422,
        0.3499999940395355
      ],
      "shape": "cube"
    }
  ]
}