{
  "image_index": 1247,
  "relationships": {
    "right": [
      [
        2,
        3,
        4
      ],
      [
        0,
        2,
        3,
        4
      ],
      [
        4
      ],
      [
        2,
        4
      ],
      [],
      [
        0,
        1,
        2,
        3,
        4,
        6
      ],
      [
        0,
        1,
        2,
        3,
        4
      ]
    ],
    "front": [
      [
        3,
        4,
        5
      ],
      [
        0,
        2,
        3,
        4,
        5
      ],
      [
        0,
        3,
        4,
        5
      ],
      [],
      [
        3,
        5
      ],
      [
        3
      ],
      [
        0,
        1,
        2,
        3,
        4,
        5
      ]
    ],
    "behind": [
      [
        1,
        2,
        6
      ],
      [
        6
      ],
      [
        1,
        6
      ],
      [
        0,
        1,
        2,
        4,
        5,
        6
      ],
      [
        0,
        1,
        2,
        6
      ],
      [
        0,
        1,
        2,
        4,
        6
      ],
      []
    ],
    "left": [
      [
        1,
        5,
        6
      ],
      [
        5,
        6
      ],
      [
        0,
        1,
        3,
        5,
        6
      ],
      [
        0,
        1,
        5,
        6
      ],
      [
        0,
        1,
        2,
        3,
        5,
        6
      ],
      [],
      [
        5
      ]
    ]
  },
  "directions": {
    "right": [
      0.6563112735748291,
      0.7544902563095093,
      -0.0
    ],
    "front": [
      0.754490315914154,
      -0.6563112735748291,
      -0.0
    ],
    "behind": [
      -0.754490315914154,
      0.6563112735748291,
      0.0
    ],
    "above": [
      0.0,
      0.0,
      1.0
    ],
    "below": [
      -0.0,
      -0.0,
      -1.0
    ],
    "left": [
      -0.6563112735748291,
      -0.7544902563095093,
      0.0
    ]
  },
  "red_cube_pos": [
    [
      100,
      141
    ],
    [
      123,
      164
    ]
  ],
  "image_filename": "CLEVR_new_001247.png",
  "split": "new",
  "objects": [
    {
      "size": "small",
      "pixel_coords": [
        178,
        111,
        11.35744571685791
      ],
      "color": "brown",
      "material": "metal",
      "rotation": 109.99417555107709,
      "3d_coords": [
        0.44476374983787537,
        0.3661634624004364,
        0.3499999940395355
      ],
      "shape": "cube"
    },
    {
      "size": "small",
      "pixel_coords": [
        149,
        95,
        12.724605560302734
      ],
      "color": "purple",
      "material": "rubber",
      "rotation": 31.990341099661737,
      "3d_coords": [
        -1.315201759338379,
        0.6596234440803528,
        0.3499999940395355
      ],
      "shape": "sphere"
    },
    {
      "size": "large",
      "pixel_coords": [
        218,
        93,
        11.931463241577148
      ],
      "color": "gray",
      "material": "rubber",
      "rotation": 181.37210570094277,
      "3d_coords": [
        0.7905152440071106,
        1.9510984420776367,
        0.699999988079071
      ],
      "shape": "sphere"
    },
    {
      "size": "large",
      "pixel_coords": [
        204,
        128,
        9.463003158569336
      ],
      "color": "brown",
      "material": "metal",
      "rotation": 143.3370288294554,
      "3d_coords": [
        2.301835298538208,
        -0.44719791412353516,
        0.699999988079071
      ],
      "shape": "cylinder"
    },
    {
      "size": "large",
      "pixel_coords": [
        276,
        109,
        10.65317440032959
      ],
      "color": "green",
      "material": "metal",
      "rotation": 350.56352582550284,
      "3d_coords": [
        2.8773555755615234,
        2.1715056896209717,
        0.699999988079071
      ],
      "shape": "cylinder"
    },
    {
      "size": "small",
      "pixel_coords": [
        67,
        126,
        10.366334915161133
      ],
      "color": "blue",
      "material": "metal",
      "rotation": 13.467948048986651,
      "3d_coords": [
        -0.9423806667327881,
        -2.8325307369232178,
        0.3499999940395355
      ],
      "shape": "cube"
    },
    {
      "size": "small",
      "pixel_coords": [
        112,
        87,
        13.514406204223633
      ],
      "color": "red",
      "material": "rubber",
      "rotation": 277.8856934924058,
      "3d_coords": [
        -2.9412169456481934,
        0.14597459137439728,
        0.3499999940395355
      ],
      "shape": "cube"
    }
  ]
}