{
  "image_index": 1110,
  "relationships": {
    "right": [
      [
        2,
        5,
        6,
        7
      ],
      [
        0,
        2,
        5,
        6,
        7
      ],
      [
        6,
        7
      ],
      [
        0,
        1,
        2,
        5,
        6,
        7
      ],
      [
        0,
        1,
        2,
        3,
        5,
        6,
        7
      ],
      [
        2,
        6,
        7
      ],
      [],
      [
        6
      ]
    ],
    "front": [
      [
        1,
        2,
        3,
        4,
        5,
        6,
        7
      ],
      [
        2,
        3
      ],
      [],
      [
        2
      ],
      [
        1,
        2,
        3,
        5,
        6
      ],
      [
        1,
        2,
        3
      ],
      [
        1,
        2,
        3,
        5
      ],
      [
        1,
        2,
        3,
        4,
        5,
        6
      ]
    ],
    "behind": [
      [],
      [
        0,
        4,
        5,
        6,
        7
      ],
      [
        0,
        1,
        3,
        4,
        5,
        6,
        7
      ],
      [
        0,
        1,
        4,
        5,
        6,
        7
      ],
      [
        0,
        7
      ],
      [
        0,
        4,
        6,
        7
      ],
      [
        0,
        4,
        7
      ],
      [
        0
      ]
    ],
    "left": [
      [
        1,
        3,
        4
      ],
      [
        3,
        4
      ],
      [
        0,
        1,
        3,
        4,
        5
      ],
      [
        4
      ],
      [],
      [
        0,
        1,
        3,
        4
      ],
      [
        0,
        1,
        2,
        3,
        4,
        5,
        7
      ],
      [
        0,
        1,
        2,
        3,
        4,
        5
      ]
    ]
  },
  "directions": {
    "right": [
      0.6563112735748291,
      0.7544902563095093,
      -0.0
    ],
    "front": [
      0.754490315914154,
      -0.6563112735748291,
      -0.0
    ],
    "behind": [
      -0.754490315914154,
      0.6563112735748291,
      0.0
    ],
    "above": [
      0.0,
      0.0,
      1.0
    ],
    "below": [
      -0.0,
      -0.0,
      -1.0
    ],
    "left": [
      -0.6563112735748291,
      -0.7544902563095093,
      0.0
    ]
  },
  "red_cube_pos": [
    [
      217,
      138
    ],
    [
      241,
      164
    ]
  ],
  "image_filename": "CLEVR_new_001110.png",
  "split": "new",
  "objects": [
    {
      "size": "large",
      "pixel_coords": [
        149,
        71,
        12.757508277893066
      ],
      "color": "brown",
      "material": "rubber",
      "rotation": 225.24021972659182,
      "3d_coords": [
        -2.009143352508545,
        1.179851770401001,
        0.699999988079071
      ],
      "shape": "cube"
    },
    {
      "size": "large",
      "pixel_coords": [
        113,
        117,
        9.949143409729004
      ],
      "color": "green",
      "material": "rubber",
      "rotation": 295.3311944204573,
      "3d_coords": [
        -0.10744999349117279,
        -1.6727397441864014,
        0.699999988079071
      ],
      "shape": "cube"
    },
    {
      "size": "small",
      "pixel_coords": [
        203,
        166,
        8.640280723571777
      ],
      "color": "yellow",
      "material": "rubber",
      "rotation": 231.14906843186014,
      "3d_coords": [
        2.7840898036956787,
        -0.9635133743286133,
        0.3499999940395355
      ],
      "shape": "sphere"
    },
    {
      "size": "small",
      "pixel_coords": [
        86,
        153,
        9.095526695251465
      ],
      "color": "purple",
      "material": "metal",
      "rotation": 46.00018521551896,
      "3d_coords": [
        0.45450523495674133,
        -2.8910820484161377,
        0.3499999940395355
      ],
      "shape": "sphere"
    },
    {
      "size": "large",
      "pixel_coords": [
        62,
        85,
        11.718749046325684
      ],
      "color": "blue",
      "material": "rubber",
      "rotation": 331.46363047097543,
      "3d_coords": [
        -2.945374011993408,
        -1.8139512538909912,
        0.699999988079071
      ],
      "shape": "cube"
    },
    {
      "size": "large",
      "pixel_coords": [
        169,
        108,
        10.397588729858398
      ],
      "color": "brown",
      "material": "metal",
      "rotation": 108.80690373326156,
      "3d_coords": [
        0.5285454988479614,
        -0.10618332773447037,
        0.699999988079071
      ],
      "shape": "cylinder"
    },
    {
      "size": "large",
      "pixel_coords": [
        277,
        102,
        10.743454933166504
      ],
      "color": "red",
      "material": "metal",
      "rotation": 77.90168959281085,
      "3d_coords": [
        2.3614718914031982,
        2.6892879009246826,
        0.699999988079071
      ],
      "shape": "sphere"
    },
    {
      "size": "small",
      "pixel_coords": [
        230,
        88,
        12.308198928833008
      ],
      "color": "red",
      "material": "rubber",
      "rotation": 112.01752431439297,
      "3d_coords": [
        0.3915753662586212,
        2.87003493309021,
        0.3499999940395355
      ],
      "shape": "cube"
    }
  ]
}