{
  "image_index": 1319,
  "relationships": {
    "right": [
      [
        3
      ],
      [
        0,
        3
      ],
      [
        0,
        1,
        3,
        4,
        6
      ],
      [],
      [
        0,
        1,
        3,
        6
      ],
      [
        0,
        1,
        2,
        3,
        4,
        6
      ],
      [
        0,
        1,
        3
      ]
    ],
    "front": [
      [
        1,
        2,
        3,
        5
      ],
      [],
      [
        1
      ],
      [
        1,
        2
      ],
      [
        0,
        1,
        2,
        3,
        5
      ],
      [
        1,
        2,
        3
      ],
      [
        0,
        1,
        2,
        3,
        4,
        5
      ]
    ],
    "behind": [
      [
        4,
        6
      ],
      [
        0,
        2,
        3,
        4,
        5,
        6
      ],
      [
        0,
        3,
        4,
        5,
        6
      ],
      [
        0,
        4,
        5,
        6
      ],
      [
        6
      ],
      [
        0,
        4,
        6
      ],
      []
    ],
    "left": [
      [
        1,
        2,
        4,
        5,
        6
      ],
      [
        2,
        4,
        5,
        6
      ],
      [
        5
      ],
      [
        0,
        1,
        2,
        4,
        5,
        6
      ],
      [
        2,
        5
      ],
      [],
      [
        2,
        4,
        5
      ]
    ]
  },
  "directions": {
    "right": [
      0.6563112735748291,
      0.7544902563095093,
      -0.0
    ],
    "front": [
      0.754490315914154,
      -0.6563112735748291,
      -0.0
    ],
    "behind": [
      -0.754490315914154,
      0.6563112735748291,
      0.0
    ],
    "above": [
      0.0,
      0.0,
      1.0
    ],
    "below": [
      -0.0,
      -0.0,
      -1.0
    ],
    "left": [
      -0.6563112735748291,
      -0.7544902563095093,
      0.0
    ]
  },
  "red_cube_pos": [
    [
      133,
      150
    ],
    [
      151,
      174
    ]
  ],
  "image_filename": "CLEVR_new_001319.png",
  "split": "new",
  "objects": [
    {
      "size": "large",
      "pixel_coords": [
        199,
        93,
        11.508790969848633
      ],
      "color": "purple",
      "material": "metal",
      "rotation": 114.50049919002943,
      "3d_coords": [
        0.41652703285217285,
        1.3422828912734985,
        0.699999988079071
      ],
      "shape": "cylinder"
    },
    {
      "size": "small",
      "pixel_coords": [
        167,
        138,
        9.681853294372559
      ],
      "color": "gray",
      "material": "rubber",
      "rotation": 176.23086661637805,
      "3d_coords": [
        1.3660411834716797,
        -0.9798842668533325,
        0.3499999940395355
      ],
      "shape": "cylinder"
    },
    {
      "size": "small",
      "pixel_coords": [
        92,
        127,
        10.18680477142334
      ],
      "color": "red",
      "material": "rubber",
      "rotation": 126.38907553499352,
      "3d_coords": [
        -0.5247729420661926,
        -2.187727689743042,
        0.3499999940395355
      ],
      "shape": "sphere"
    },
    {
      "size": "large",
      "pixel_coords": [
        295,
        104,
        10.778371810913086
      ],
      "color": "yellow",
      "material": "rubber",
      "rotation": 158.79430360767032,
      "3d_coords": [
        2.9758517742156982,
        2.898191452026367,
        0.699999988079071
      ],
      "shape": "cube"
    },
    {
      "size": "large",
      "pixel_coords": [
        113,
        83,
        12.221688270568848
      ],
      "color": "red",
      "material": "metal",
      "rotation": 275.7887453544378,
      "3d_coords": [
        -2.1428122520446777,
        -0.24312405288219452,
        0.699999988079071
      ],
      "shape": "cylinder"
    },
    {
      "size": "large",
      "pixel_coords": [
        49,
        101,
        10.953147888183594
      ],
      "color": "green",
      "material": "rubber",
      "rotation": 43.54453647903189,
      "3d_coords": [
        -2.323723793029785,
        -2.5743184089660645,
        0.699999988079071
      ],
      "shape": "cube"
    },
    {
      "size": "small",
      "pixel_coords": [
        140,
        78,
        13.618010520935059
      ],
      "color": "red",
      "material": "rubber",
      "rotation": 209.1079262792104,
      "3d_coords": [
        -2.60490083694458,
        1.3219084739685059,
        0.3499999940395355
      ],
      "shape": "cube"
    }
  ]
}