{
  "image_index": 1219,
  "relationships": {
    "right": [
      [],
      [
        0
      ],
      [
        0,
        1,
        3,
        4,
        5,
        6
      ],
      [
        0,
        1,
        4,
        5,
        6
      ],
      [
        0,
        1
      ],
      [
        0,
        1,
        4,
        6
      ],
      [
        0,
        1,
        4
      ],
      [
        0,
        1,
        2,
        3,
        4,
        5,
        6
      ]
    ],
    "front": [
      [
        4,
        6,
        7
      ],
      [
        0,
        4,
        6,
        7
      ],
      [
        0,
        1,
        3,
        4,
        6,
        7
      ],
      [
        0,
        1,
        4,
        6,
        7
      ],
      [
        6
      ],
      [
        0,
        1,
        2,
        3,
        4,
        6,
        7
      ],
      [],
      [
        4,
        6
      ]
    ],
    "behind": [
      [
        1,
        2,
        3,
        5
      ],
      [
        2,
        3,
        5
      ],
      [
        5
      ],
      [
        2,
        5
      ],
      [
        0,
        1,
        2,
        3,
        5,
        7
      ],
      [],
      [
        0,
        1,
        2,
        3,
        4,
        5,
        7
      ],
      [
        0,
        1,
        2,
        3,
        5
      ]
    ],
    "left": [
      [
        1,
        2,
        3,
        4,
        5,
        6,
        7
      ],
      [
        2,
        3,
        4,
        5,
        6,
        7
      ],
      [
        7
      ],
      [
        2,
        7
      ],
      [
        2,
        3,
        5,
        6,
        7
      ],
      [
        2,
        3,
        7
      ],
      [
        2,
        3,
        5,
        7
      ],
      []
    ]
  },
  "directions": {
    "right": [
      0.6563112735748291,
      0.7544902563095093,
      -0.0
    ],
    "front": [
      0.754490315914154,
      -0.6563112735748291,
      -0.0
    ],
    "behind": [
      -0.754490315914154,
      0.6563112735748291,
      0.0
    ],
    "above": [
      0.0,
      0.0,
      1.0
    ],
    "below": [
      -0.0,
      -0.0,
      -1.0
    ],
    "left": [
      -0.6563112735748291,
      -0.7544902563095093,
      0.0
    ]
  },
  "red_cube_pos": [
    [
      41,
      105
    ],
    [
      72,
      136
    ]
  ],
  "image_filename": "CLEVR_new_001219.png",
  "split": "new",
  "objects": [
    {
      "size": "small",
      "pixel_coords": [
        276,
        115,
        11.01937198638916
      ],
      "color": "purple",
      "material": "rubber",
      "rotation": 218.2787590828551,
      "3d_coords": [
        2.577523946762085,
        2.6076362133026123,
        0.3499999940395355
      ],
      "shape": "cube"
    },
    {
      "size": "large",
      "pixel_coords": [
        215,
        99,
        11.270401954650879
      ],
      "color": "gray",
      "material": "rubber",
      "rotation": 343.165861851192,
      "3d_coords": [
        1.0047011375427246,
        1.4471875429153442,
        0.699999988079071
      ],
      "shape": "cube"
    },
    {
      "size": "large",
      "pixel_coords": [
        99,
        84,
        12.413121223449707
      ],
      "color": "brown",
      "material": "rubber",
      "rotation": 60.189111353234296,
      "3d_coords": [
        -2.4977264404296875,
        -0.7490232586860657,
        0.699999988079071
      ],
      "shape": "sphere"
    },
    {
      "size": "small",
      "pixel_coords": [
        129,
        101,
        11.918858528137207
      ],
      "color": "green",
      "material": "rubber",
      "rotation": 15.163000908080427,
      "3d_coords": [
        -1.2124590873718262,
        -0.36622968316078186,
        0.3499999940395355
      ],
      "shape": "cylinder"
    },
    {
      "size": "small",
      "pixel_coords": [
        194,
        130,
        10.185310363769531
      ],
      "color": "brown",
      "material": "metal",
      "rotation": 163.87491780769045,
      "3d_coords": [
        1.599621295928955,
        -0.04917962849140167,
        0.3499999940395355
      ],
      "shape": "sphere"
    },
    {
      "size": "large",
      "pixel_coords": [
        149,
        65,
        14.191910743713379
      ],
      "color": "green",
      "material": "metal",
      "rotation": 263.1009706232437,
      "3d_coords": [
        -2.9534051418304443,
        1.8542290925979614,
        0.699999988079071
      ],
      "shape": "cube"
    },
    {
      "size": "large",
      "pixel_coords": [
        172,
        145,
        8.772282600402832
      ],
      "color": "green",
      "material": "metal",
      "rotation": 320.87654560810233,
      "3d_coords": [
        2.2459654808044434,
        -1.4840502738952637,
        0.699999988079071
      ],
      "shape": "sphere"
    },
    {
      "size": "small",
      "pixel_coords": [
        57,
        119,
        10.796533584594727
      ],
      "color": "red",
      "material": "rubber",
      "rotation": 157.10542819637658,
      "3d_coords": [
        -1.5842751264572144,
        -2.8034183979034424,
        0.3499999940395355
      ],
      "shape": "cube"
    }
  ]
}