{
  "image_index": 1298,
  "relationships": {
    "right": [
      [
        1,
        2,
        3,
        4,
        5,
        6
      ],
      [
        2,
        3,
        4,
        5,
        6
      ],
      [
        3,
        5
      ],
      [],
      [
        2,
        3,
        5
      ],
      [
        3
      ],
      [
        2,
        3,
        4,
        5
      ]
    ],
    "front": [
      [
        1,
        2,
        3,
        4,
        6
      ],
      [
        2,
        4,
        6
      ],
      [
        4,
        6
      ],
      [
        1,
        2,
        4,
        6
      ],
      [],
      [
        0,
        1,
        2,
        3,
        4,
        6
      ],
      [
        4
      ]
    ],
    "behind": [
      [
        5
      ],
      [
        0,
        3,
        5
      ],
      [
        0,
        1,
        3,
        5
      ],
      [
        0,
        5
      ],
      [
        0,
        1,
        2,
        3,
        5,
        6
      ],
      [],
      [
        0,
        1,
        2,
        3,
        5
      ]
    ],
    "left": [
      [],
      [
        0
      ],
      [
        0,
        1,
        4,
        6
      ],
      [
        0,
        1,
        2,
        4,
        5,
        6
      ],
      [
        0,
        1,
        6
      ],
      [
        0,
        1,
        2,
        4,
        6
      ],
      [
        0,
        1
      ]
    ]
  },
  "directions": {
    "right": [
      0.6563112735748291,
      0.7544902563095093,
      -0.0
    ],
    "front": [
      0.754490315914154,
      -0.6563112735748291,
      -0.0
    ],
    "behind": [
      -0.754490315914154,
      0.6563112735748291,
      0.0
    ],
    "above": [
      0.0,
      0.0,
      1.0
    ],
    "below": [
      -0.0,
      -0.0,
      -1.0
    ],
    "left": [
      -0.6563112735748291,
      -0.7544902563095093,
      0.0
    ]
  },
  "red_cube_pos": [
    [
      108,
      65
    ],
    [
      135,
      100
    ]
  ],
  "image_filename": "CLEVR_new_001298.png",
  "split": "new",
  "objects": [
    {
      "size": "large",
      "pixel_coords": [
        103,
        84,
        12.902046203613281
      ],
      "color": "yellow",
      "material": "metal",
      "rotation": 176.98774198767143,
      "3d_coords": [
        -2.521322250366211,
        -0.5700163841247559,
        0.699999988079071
      ],
      "shape": "sphere"
    },
    {
      "size": "small",
      "pixel_coords": [
        110,
        114,
        11.5305757522583
      ],
      "color": "yellow",
      "material": "rubber",
      "rotation": 316.97056117549937,
      "3d_coords": [
        -0.9180418252944946,
        -1.3984214067459106,
        0.3499999940395355
      ],
      "shape": "cylinder"
    },
    {
      "size": "small",
      "pixel_coords": [
        192,
        124,
        10.970993041992188
      ],
      "color": "brown",
      "material": "rubber",
      "rotation": 22.90188656612922,
      "3d_coords": [
        1.3170220851898193,
        0.15298892557621002,
        0.3499999940395355
      ],
      "shape": "sphere"
    },
    {
      "size": "small",
      "pixel_coords": [
        260,
        104,
        12.237970352172852
      ],
      "color": "gray",
      "material": "metal",
      "rotation": 283.63465577391526,
      "3d_coords": [
        1.9012095928192139,
        2.9725589752197266,
        0.3499999940395355
      ],
      "shape": "cube"
    },
    {
      "size": "small",
      "pixel_coords": [
        154,
        172,
        8.75546932220459
      ],
      "color": "purple",
      "material": "metal",
      "rotation": 205.50707200657263,
      "3d_coords": [
        2.440309524536133,
        -2.3714396953582764,
        0.3499999940395355
      ],
      "shape": "cylinder"
    },
    {
      "size": "small",
      "pixel_coords": [
        194,
        80,
        14.13325309753418
      ],
      "color": "brown",
      "material": "metal",
      "rotation": 324.852464274563,
      "3d_coords": [
        -1.1034866571426392,
        2.839404821395874,
        0.3499999940395355
      ],
      "shape": "cylinder"
    },
    {
      "size": "small",
      "pixel_coords": [
        122,
        157,
        9.365228652954102
      ],
      "color": "red",
      "material": "rubber",
      "rotation": 68.44548710464878,
      "3d_coords": [
        1.348584532737732,
        -2.554547071456909,
        0.3499999940395355
      ],
      "shape": "cube"
    }
  ]
}