{
  "image_index": 1188,
  "relationships": {
    "right": [
      [
        1,
        2,
        3,
        4,
        5,
        6,
        7
      ],
      [
        3,
        5,
        6
      ],
      [
        1,
        3,
        4,
        5,
        6,
        7
      ],
      [
        5
      ],
      [
        1,
        3,
        5,
        6
      ],
      [],
      [
        3,
        5
      ],
      [
        1,
        3,
        4,
        5,
        6
      ]
    ],
    "front": [
      [
        1,
        2,
        5,
        6
      ],
      [
        2,
        6
      ],
      [
        6
      ],
      [
        0,
        1,
        2,
        4,
        5,
        6,
        7
      ],
      [
        0,
        1,
        2,
        5,
        6
      ],
      [
        1,
        2,
        6
      ],
      [],
      [
        0,
        1,
        2,
        4,
        5,
        6
      ]
    ],
    "behind": [
      [
        3,
        4,
        7
      ],
      [
        0,
        3,
        4,
        5,
        7
      ],
      [
        0,
        1,
        3,
        4,
        5,
        7
      ],
      [],
      [
        3,
        7
      ],
      [
        0,
        3,
        4,
        7
      ],
      [
        0,
        1,
        2,
        3,
        4,
        5,
        7
      ],
      [
        3
      ]
    ],
    "left": [
      [],
      [
        0,
        2,
        4,
        7
      ],
      [
        0
      ],
      [
        0,
        1,
        2,
        4,
        6,
        7
      ],
      [
        0,
        2,
        7
      ],
      [
        0,
        1,
        2,
        3,
        4,
        6,
        7
      ],
      [
        0,
        1,
        2,
        4,
        7
      ],
      [
        0,
        2
      ]
    ]
  },
  "directions": {
    "right": [
      0.6563112735748291,
      0.7544902563095093,
      -0.0
    ],
    "front": [
      0.754490315914154,
      -0.6563112735748291,
      -0.0
    ],
    "behind": [
      -0.754490315914154,
      0.6563112735748291,
      0.0
    ],
    "above": [
      0.0,
      0.0,
      1.0
    ],
    "below": [
      -0.0,
      -0.0,
      -1.0
    ],
    "left": [
      -0.6563112735748291,
      -0.7544902563095093,
      0.0
    ]
  },
  "red_cube_pos": [
    [
      98,
      143
    ],
    [
      123,
      168
    ]
  ],
  "image_filename": "CLEVR_new_001188.png",
  "split": "new",
  "objects": [
    {
      "size": "large",
      "pixel_coords": [
        63,
        93,
        11.259973526000977
      ],
      "color": "purple",
      "material": "metal",
      "rotation": 206.5574922428577,
      "3d_coords": [
        -2.324808120727539,
        -2.1622188091278076,
        0.699999988079071
      ],
      "shape": "sphere"
    },
    {
      "size": "large",
      "pixel_coords": [
        149,
        108,
        10.212270736694336
      ],
      "color": "gray",
      "material": "rubber",
      "rotation": 171.65854450545834,
      "3d_coords": [
        0.3043747544288635,
        -0.6490688323974609,
        0.699999988079071
      ],
      "shape": "cylinder"
    },
    {
      "size": "small",
      "pixel_coords": [
        71,
        129,
        9.832413673400879
      ],
      "color": "gray",
      "material": "metal",
      "rotation": 333.2836741924195,
      "3d_coords": [
        -0.529242992401123,
        -2.7342793941497803,
        0.3499999940395355
      ],
      "shape": "cylinder"
    },
    {
      "size": "large",
      "pixel_coords": [
        189,
        69,
        13.407865524291992
      ],
      "color": "blue",
      "material": "rubber",
      "rotation": 281.81916363303367,
      "3d_coords": [
        -1.6667726039886475,
        2.666632652282715,
        0.699999988079071
      ],
      "shape": "cube"
    },
    {
      "size": "small",
      "pixel_coords": [
        120,
        96,
        11.927897453308105
      ],
      "color": "gray",
      "material": "metal",
      "rotation": 164.11068832511572,
      "3d_coords": [
        -1.7149574756622314,
        -0.419924259185791,
        0.3499999940395355
      ],
      "shape": "cylinder"
    },
    {
      "size": "small",
      "pixel_coords": [
        227,
        113,
        10.73082160949707
      ],
      "color": "red",
      "material": "metal",
      "rotation": 58.36837241209872,
      "3d_coords": [
        1.4233063459396362,
        1.4849787950515747,
        0.3499999940395355
      ],
      "shape": "cylinder"
    },
    {
      "size": "small",
      "pixel_coords": [
        170,
        171,
        8.013443946838379
      ],
      "color": "purple",
      "material": "rubber",
      "rotation": 71.38505824703834,
      "3d_coords": [
        2.7353787422180176,
        -1.8119728565216064,
        0.3499999940395355
      ],
      "shape": "cube"
    },
    {
      "size": "small",
      "pixel_coords": [
        111,
        84,
        13.007918357849121
      ],
      "color": "red",
      "material": "rubber",
      "rotation": 160.22033827875924,
      "3d_coords": [
        -2.9428319931030273,
        -0.03585077077150345,
        0.3499999940395355
      ],
      "shape": "cube"
    }
  ]
}