{
  "image_index": 1050,
  "relationships": {
    "right": [
      [],
      [
        0
      ],
      [
        0,
        1,
        3
      ],
      [
        0,
        1
      ],
      [
        0,
        1,
        2,
        3
      ],
      [
        0,
        1,
        2,
        3,
        4,
        6
      ],
      [
        0,
        1,
        2,
        3,
        4
      ]
    ],
    "front": [
      [
        3,
        4
      ],
      [
        0,
        2,
        3,
        4,
        5
      ],
      [
        0,
        3,
        4,
        5
      ],
      [],
      [
        3
      ],
      [
        0,
        3,
        4
      ],
      [
        0,
        1,
        2,
        3,
        4,
        5
      ]
    ],
    "behind": [
      [
        1,
        2,
        5,
        6
      ],
      [
        6
      ],
      [
        1,
        6
      ],
      [
        0,
        1,
        2,
        4,
        5,
        6
      ],
      [
        0,
        1,
        2,
        5,
        6
      ],
      [
        1,
        2,
        6
      ],
      []
    ],
    "left": [
      [
        1,
        2,
        3,
        4,
        5,
        6
      ],
      [
        2,
        3,
        4,
        5,
        6
      ],
      [
        4,
        5,
        6
      ],
      [
        2,
        4,
        5,
        6
      ],
      [
        5,
        6
      ],
      [],
      [
        5
      ]
    ]
  },
  "directions": {
    "right": [
      0.6563112735748291,
      0.7544902563095093,
      -0.0
    ],
    "front": [
      0.754490315914154,
      -0.6563112735748291,
      -0.0
    ],
    "behind": [
      -0.754490315914154,
      0.6563112735748291,
      0.0
    ],
    "above": [
      0.0,
      0.0,
      1.0
    ],
    "below": [
      -0.0,
      -0.0,
      -1.0
    ],
    "left": [
      -0.6563112735748291,
      -0.7544902563095093,
      0.0
    ]
  },
  "red_cube_pos": [
    [
      108,
      145
    ],
    [
      130,
      168
    ]
  ],
  "image_filename": "CLEVR_new_001050.png",
  "split": "new",
  "objects": [
    {
      "size": "small",
      "pixel_coords": [
        246,
        116,
        11.010148048400879
      ],
      "color": "brown",
      "material": "metal",
      "rotation": 171.29558789466466,
      "3d_coords": [
        2.1156928539276123,
        1.734181523323059,
        0.3499999940395355
      ],
      "shape": "cylinder"
    },
    {
      "size": "small",
      "pixel_coords": [
        215,
        90,
        12.714367866516113
      ],
      "color": "blue",
      "material": "rubber",
      "rotation": 221.03395900489153,
      "3d_coords": [
        0.19387832283973694,
        2.5445616245269775,
        0.3499999940395355
      ],
      "shape": "cube"
    },
    {
      "size": "small",
      "pixel_coords": [
        150,
        100,
        11.973982810974121
      ],
      "color": "green",
      "material": "rubber",
      "rotation": 285.12844618516834,
      "3d_coords": [
        -0.7730507850646973,
        0.28009507060050964,
        0.3499999940395355
      ],
      "shape": "sphere"
    },
    {
      "size": "small",
      "pixel_coords": [
        183,
        154,
        9.175395011901855
      ],
      "color": "red",
      "material": "metal",
      "rotation": 278.6558783382185,
      "3d_coords": [
        2.2004876136779785,
        -1.2442339658737183,
        0.3499999940395355
      ],
      "shape": "sphere"
    },
    {
      "size": "small",
      "pixel_coords": [
        136,
        129,
        10.285429954528809
      ],
      "color": "yellow",
      "material": "metal",
      "rotation": 152.4120549558115,
      "3d_coords": [
        0.36966297030448914,
        -1.330986738204956,
        0.3499999940395355
      ],
      "shape": "cylinder"
    },
    {
      "size": "small",
      "pixel_coords": [
        34,
        108,
        11.473074913024902
      ],
      "color": "yellow",
      "material": "metal",
      "rotation": 182.06007777357044,
      "3d_coords": [
        -2.9575905799865723,
        -2.8761913776397705,
        0.3499999940395355
      ],
      "shape": "sphere"
    },
    {
      "size": "small",
      "pixel_coords": [
        120,
        83,
        13.308183670043945
      ],
      "color": "red",
      "material": "rubber",
      "rotation": 3.79281926041505,
      "3d_coords": [
        -2.7029361724853516,
        0.4630947411060333,
        0.3499999940395355
      ],
      "shape": "cube"
    }
  ]
}