{
  "image_index": 1017,
  "relationships": {
    "right": [
      [
        5
      ],
      [
        0,
        3,
        5
      ],
      [
        0,
        1,
        3,
        5,
        6
      ],
      [
        0,
        5
      ],
      [
        0,
        1,
        2,
        3,
        5,
        6
      ],
      [],
      [
        0,
        1,
        3,
        5
      ]
    ],
    "front": [
      [
        1
      ],
      [],
      [
        0,
        1,
        3,
        5
      ],
      [
        0,
        1,
        5
      ],
      [
        0,
        1,
        2,
        3,
        5
      ],
      [
        0,
        1
      ],
      [
        0,
        1,
        2,
        3,
        4,
        5
      ]
    ],
    "behind": [
      [
        2,
        3,
        4,
        5,
        6
      ],
      [
        0,
        2,
        3,
        4,
        5,
        6
      ],
      [
        4,
        6
      ],
      [
        2,
        4,
        6
      ],
      [
        6
      ],
      [
        2,
        3,
        4,
        6
      ],
      []
    ],
    "left": [
      [
        1,
        2,
        3,
        4,
        6
      ],
      [
        2,
        4,
        6
      ],
      [
        4
      ],
      [
        1,
        2,
        4,
        6
      ],
      [],
      [
        0,
        1,
        2,
        3,
        4,
        6
      ],
      [
        2,
        4
      ]
    ]
  },
  "directions": {
    "right": [
      0.6563112735748291,
      0.7544902563095093,
      -0.0
    ],
    "front": [
      0.754490315914154,
      -0.6563112735748291,
      -0.0
    ],
    "behind": [
      -0.754490315914154,
      0.6563112735748291,
      0.0
    ],
    "above": [
      0.0,
      0.0,
      1.0
    ],
    "below": [
      -0.0,
      -0.0,
      -1.0
    ],
    "left": [
      -0.6563112735748291,
      -0.7544902563095093,
      0.0
    ]
  },
  "red_cube_pos": [
    [
      118,
      145
    ],
    [
      136,
      167
    ]
  ],
  "image_filename": "CLEVR_new_001017.png",
  "split": "new",
  "objects": [
    {
      "size": "small",
      "pixel_coords": [
        183,
        164,
        8.816916465759277
      ],
      "color": "purple",
      "material": "metal",
      "rotation": 125.14110953714452,
      "3d_coords": [
        2.714700698852539,
        -1.6478915214538574,
        0.3499999940395355
      ],
      "shape": "cylinder"
    },
    {
      "size": "small",
      "pixel_coords": [
        139,
        175,
        8.395498275756836
      ],
      "color": "brown",
      "material": "rubber",
      "rotation": 266.10825890240324,
      "3d_coords": [
        2.3494393825531006,
        -2.7683372497558594,
        0.3499999940395355
      ],
      "shape": "cylinder"
    },
    {
      "size": "small",
      "pixel_coords": [
        105,
        106,
        11.928574562072754
      ],
      "color": "blue",
      "material": "metal",
      "rotation": 69.07422418149541,
      "3d_coords": [
        -1.5337070226669312,
        -1.1614104509353638,
        0.3499999940395355
      ],
      "shape": "cube"
    },
    {
      "size": "large",
      "pixel_coords": [
        160,
        101,
        11.431828498840332
      ],
      "color": "yellow",
      "material": "rubber",
      "rotation": 3.913510855685649,
      "3d_coords": [
        -0.002663406077772379,
        -0.014306195080280304,
        0.699999988079071
      ],
      "shape": "sphere"
    },
    {
      "size": "large",
      "pixel_coords": [
        96,
        83,
        12.874229431152344
      ],
      "color": "brown",
      "material": "metal",
      "rotation": 341.73618656907405,
      "3d_coords": [
        -2.7638518810272217,
        -0.6765583157539368,
        0.699999988079071
      ],
      "shape": "cube"
    },
    {
      "size": "large",
      "pixel_coords": [
        231,
        136,
        9.398506164550781
      ],
      "color": "gray",
      "material": "rubber",
      "rotation": 20.24662464893568,
      "3d_coords": [
        2.9841420650482178,
        -0.09601037204265594,
        0.699999988079071
      ],
      "shape": "cylinder"
    },
    {
      "size": "small",
      "pixel_coords": [
        128,
        83,
        13.81495475769043
      ],
      "color": "red",
      "material": "rubber",
      "rotation": 167.46380073560547,
      "3d_coords": [
        -2.7076663970947266,
        0.704815685749054,
        0.3499999940395355
      ],
      "shape": "cube"
    }
  ]
}