{
  "image_index": 1212,
  "relationships": {
    "right": [
      [
        3
      ],
      [
        0,
        3
      ],
      [
        0,
        1,
        3,
        6
      ],
      [],
      [
        0,
        1,
        2,
        3,
        5,
        6
      ],
      [
        0,
        1,
        2,
        3,
        6
      ],
      [
        0,
        1,
        3
      ]
    ],
    "front": [
      [
        1,
        2
      ],
      [],
      [
        1
      ],
      [
        0,
        1,
        2
      ],
      [
        0,
        1,
        2,
        3
      ],
      [
        0,
        1,
        2,
        3,
        4
      ],
      [
        0,
        1,
        2,
        3,
        4,
        5
      ]
    ],
    "behind": [
      [
        3,
        4,
        5,
        6
      ],
      [
        0,
        2,
        3,
        4,
        5,
        6
      ],
      [
        0,
        3,
        4,
        5,
        6
      ],
      [
        4,
        5,
        6
      ],
      [
        5,
        6
      ],
      [
        6
      ],
      []
    ],
    "left": [
      [
        1,
        2,
        4,
        5,
        6
      ],
      [
        2,
        4,
        5,
        6
      ],
      [
        4,
        5
      ],
      [
        0,
        1,
        2,
        4,
        5,
        6
      ],
      [],
      [
        4
      ],
      [
        2,
        4,
        5
      ]
    ]
  },
  "directions": {
    "right": [
      0.6563112735748291,
      0.7544902563095093,
      -0.0
    ],
    "front": [
      0.754490315914154,
      -0.6563112735748291,
      -0.0
    ],
    "behind": [
      -0.754490315914154,
      0.6563112735748291,
      0.0
    ],
    "above": [
      0.0,
      0.0,
      1.0
    ],
    "below": [
      -0.0,
      -0.0,
      -1.0
    ],
    "left": [
      -0.6563112735748291,
      -0.7544902563095093,
      0.0
    ]
  },
  "red_cube_pos": [
    [
      135,
      148
    ],
    [
      157,
      171
    ]
  ],
  "image_filename": "CLEVR_new_001212.png",
  "split": "new",
  "objects": [
    {
      "size": "large",
      "pixel_coords": [
        198,
        114,
        10.115017890930176
      ],
      "color": "gray",
      "material": "metal",
      "rotation": 49.2331481638348,
      "3d_coords": [
        1.4912246465682983,
        0.11653392761945724,
        0.699999988079071
      ],
      "shape": "cube"
    },
    {
      "size": "small",
      "pixel_coords": [
        178,
        148,
        9.109557151794434
      ],
      "color": "brown",
      "material": "metal",
      "rotation": 86.26429471655926,
      "3d_coords": [
        1.9886372089385986,
        -1.2473127841949463,
        0.3499999940395355
      ],
      "shape": "sphere"
    },
    {
      "size": "large",
      "pixel_coords": [
        111,
        125,
        9.467845916748047
      ],
      "color": "yellow",
      "material": "metal",
      "rotation": 186.68428567128592,
      "3d_coords": [
        0.34457358717918396,
        -2.144011974334717,
        0.699999988079071
      ],
      "shape": "sphere"
    },
    {
      "size": "small",
      "pixel_coords": [
        232,
        112,
        11.028117179870605
      ],
      "color": "brown",
      "material": "rubber",
      "rotation": 9.885829892645495,
      "3d_coords": [
        1.6679980754852295,
        1.532118797302246,
        0.3499999940395355
      ],
      "shape": "cube"
    },
    {
      "size": "small",
      "pixel_coords": [
        58,
        102,
        11.781005859375
      ],
      "color": "gray",
      "material": "metal",
      "rotation": 285.5982647005972,
      "3d_coords": [
        -2.8552255630493164,
        -2.0134694576263428,
        0.3499999940395355
      ],
      "shape": "sphere"
    },
    {
      "size": "large",
      "pixel_coords": [
        105,
        78,
        12.860326766967773
      ],
      "color": "purple",
      "material": "rubber",
      "rotation": 35.11718436930826,
      "3d_coords": [
        -2.8959262371063232,
        -0.048081837594509125,
        0.699999988079071
      ],
      "shape": "sphere"
    },
    {
      "size": "small",
      "pixel_coords": [
        147,
        80,
        13.69773006439209
      ],
      "color": "red",
      "material": "rubber",
      "rotation": 157.53868640877923,
      "3d_coords": [
        -2.411343812942505,
        1.5690356492996216,
        0.3499999940395355
      ],
      "shape": "cube"
    }
  ]
}