{
  "image_index": 1005,
  "relationships": {
    "right": [
      [
        1,
        5,
        7
      ],
      [
        5,
        7
      ],
      [
        0,
        1,
        4,
        5,
        6,
        7
      ],
      [
        0,
        1,
        2,
        4,
        5,
        6,
        7
      ],
      [
        0,
        1,
        5,
        7
      ],
      [
        7
      ],
      [
        0,
        1,
        4,
        5,
        7
      ],
      []
    ],
    "front": [
      [
        1,
        2,
        3,
        4,
        5,
        6,
        7
      ],
      [],
      [
        1
      ],
      [
        1,
        2,
        5
      ],
      [
        1,
        2,
        3,
        5,
        7
      ],
      [
        1,
        2
      ],
      [
        1,
        2,
        3,
        4,
        5,
        7
      ],
      [
        1,
        2,
        3,
        5
      ]
    ],
    "behind": [
      [],
      [
        0,
        2,
        3,
        4,
        5,
        6,
        7
      ],
      [
        0,
        3,
        4,
        5,
        6,
        7
      ],
      [
        0,
        4,
        6,
        7
      ],
      [
        0,
        6
      ],
      [
        0,
        3,
        4,
        6,
        7
      ],
      [
        0
      ],
      [
        0,
        4,
        6
      ]
    ],
    "left": [
      [
        2,
        3,
        4,
        6
      ],
      [
        0,
        2,
        3,
        4,
        6
      ],
      [
        3
      ],
      [],
      [
        2,
        3,
        6
      ],
      [
        0,
        1,
        2,
        3,
        4,
        6
      ],
      [
        2,
        3
      ],
      [
        0,
        1,
        2,
        3,
        4,
        5,
        6
      ]
    ]
  },
  "directions": {
    "right": [
      0.6563112735748291,
      0.7544902563095093,
      -0.0
    ],
    "front": [
      0.754490315914154,
      -0.6563112735748291,
      -0.0
    ],
    "behind": [
      -0.754490315914154,
      0.6563112735748291,
      0.0
    ],
    "above": [
      0.0,
      0.0,
      1.0
    ],
    "below": [
      -0.0,
      -0.0,
      -1.0
    ],
    "left": [
      -0.6563112735748291,
      -0.7544902563095093,
      0.0
    ]
  },
  "red_cube_pos": [
    [
      233,
      127
    ],
    [
      262,
      155
    ]
  ],
  "image_filename": "CLEVR_new_001005.png",
  "split": "new",
  "objects": [
    {
      "size": "small",
      "pixel_coords": [
        153,
        70,
        14.435851097106934
      ],
      "color": "brown",
      "material": "metal",
      "rotation": 75.5247133020482,
      "3d_coords": [
        -2.965514898300171,
        2.280792713165283,
        0.3499999940395355
      ],
      "shape": "cube"
    },
    {
      "size": "small",
      "pixel_coords": [
        172,
        158,
        8.779144287109375
      ],
      "color": "purple",
      "material": "metal",
      "rotation": 197.86746059780592,
      "3d_coords": [
        2.1785693168640137,
        -1.5754517316818237,
        0.3499999940395355
      ],
      "shape": "cylinder"
    },
    {
      "size": "small",
      "pixel_coords": [
        85,
        139,
        9.579009056091309
      ],
      "color": "yellow",
      "material": "metal",
      "rotation": 246.42808355201345,
      "3d_coords": [
        -0.0759814903140068,
        -2.7130837440490723,
        0.3499999940395355
      ],
      "shape": "cylinder"
    },
    {
      "size": "large",
      "pixel_coords": [
        57,
        106,
        10.623770713806152
      ],
      "color": "blue",
      "material": "rubber",
      "rotation": 6.586185410318279,
      "3d_coords": [
        -1.8153290748596191,
        -2.594815254211426,
        0.699999988079071
      ],
      "shape": "cylinder"
    },
    {
      "size": "small",
      "pixel_coords": [
        138,
        93,
        12.392913818359375
      ],
      "color": "blue",
      "material": "metal",
      "rotation": 1.7592473436339073,
      "3d_coords": [
        -1.5772701501846313,
        0.3706566393375397,
        0.3499999940395355
      ],
      "shape": "cube"
    },
    {
      "size": "small",
      "pixel_coords": [
        212,
        125,
        10.2764253616333
      ],
      "color": "yellow",
      "material": "metal",
      "rotation": 221.14985662213954,
      "3d_coords": [
        1.7492976188659668,
        0.4726613163948059,
        0.3499999940395355
      ],
      "shape": "cylinder"
    },
    {
      "size": "small",
      "pixel_coords": [
        125,
        84,
        13.093255043029785
      ],
      "color": "blue",
      "material": "metal",
      "rotation": 355.8578661995937,
      "3d_coords": [
        -2.5212466716766357,
        0.5096681118011475,
        0.3499999940395355
      ],
      "shape": "cube"
    },
    {
      "size": "small",
      "pixel_coords": [
        248,
        98,
        11.973827362060547
      ],
      "color": "red",
      "material": "rubber",
      "rotation": 78.4650417800734,
      "3d_coords": [
        1.3250120878219604,
        2.863238573074341,
        0.3499999940395355
      ],
      "shape": "cube"
    }
  ]
}