{
  "image_index": 1072,
  "relationships": {
    "right": [
      [
        2,
        3,
        7
      ],
      [
        0,
        2,
        3,
        4,
        6,
        7
      ],
      [
        3,
        7
      ],
      [
        7
      ],
      [
        0,
        2,
        3,
        6,
        7
      ],
      [
        0,
        1,
        2,
        3,
        4,
        6,
        7
      ],
      [
        0,
        2,
        3,
        7
      ],
      []
    ],
    "front": [
      [
        1,
        2,
        3,
        4,
        5,
        6,
        7
      ],
      [
        2,
        6,
        7
      ],
      [
        6
      ],
      [
        1,
        2,
        5,
        6,
        7
      ],
      [
        1,
        2,
        3,
        5,
        6,
        7
      ],
      [
        1,
        2,
        6,
        7
      ],
      [],
      [
        2,
        6
      ]
    ],
    "behind": [
      [],
      [
        0,
        3,
        4,
        5
      ],
      [
        0,
        1,
        3,
        4,
        5,
        7
      ],
      [
        0,
        4
      ],
      [
        0
      ],
      [
        0,
        3,
        4
      ],
      [
        0,
        1,
        2,
        3,
        4,
        5,
        7
      ],
      [
        0,
        1,
        3,
        4,
        5
      ]
    ],
    "left": [
      [
        1,
        4,
        5,
        6
      ],
      [
        5
      ],
      [
        0,
        1,
        4,
        5,
        6
      ],
      [
        0,
        1,
        2,
        4,
        5,
        6
      ],
      [
        1,
        5
      ],
      [],
      [
        1,
        4,
        5
      ],
      [
        0,
        1,
        2,
        3,
        4,
        5,
        6
      ]
    ]
  },
  "directions": {
    "right": [
      0.6563112735748291,
      0.7544902563095093,
      -0.0
    ],
    "front": [
      0.754490315914154,
      -0.6563112735748291,
      -0.0
    ],
    "behind": [
      -0.754490315914154,
      0.6563112735748291,
      0.0
    ],
    "above": [
      0.0,
      0.0,
      1.0
    ],
    "below": [
      -0.0,
      -0.0,
      -1.0
    ],
    "left": [
      -0.6563112735748291,
      -0.7544902563095093,
      0.0
    ]
  },
  "red_cube_pos": [
    [
      260,
      99
    ],
    [
      288,
      132
    ]
  ],
  "image_filename": "CLEVR_new_001072.png",
  "split": "new",
  "objects": [
    {
      "size": "small",
      "pixel_coords": [
        178,
        75,
        13.303715705871582
      ],
      "color": "blue",
      "material": "rubber",
      "rotation": 304.5697149478455,
      "3d_coords": [
        -1.7442706823349,
        2.3505311012268066,
        0.3499999940395355
      ],
      "shape": "sphere"
    },
    {
      "size": "large",
      "pixel_coords": [
        105,
        102,
        10.551647186279297
      ],
      "color": "gray",
      "material": "rubber",
      "rotation": 301.1734356140285,
      "3d_coords": [
        -0.9529251456260681,
        -1.344733476638794,
        0.699999988079071
      ],
      "shape": "cube"
    },
    {
      "size": "small",
      "pixel_coords": [
        204,
        136,
        9.554574966430664
      ],
      "color": "red",
      "material": "rubber",
      "rotation": 175.76726047088897,
      "3d_coords": [
        1.8958147764205933,
        -0.02036135084927082,
        0.3499999940395355
      ],
      "shape": "cylinder"
    },
    {
      "size": "large",
      "pixel_coords": [
        223,
        82,
        11.828004837036133
      ],
      "color": "green",
      "material": "rubber",
      "rotation": 268.87543002860974,
      "3d_coords": [
        0.31508156657218933,
        2.485189437866211,
        0.699999988079071
      ],
      "shape": "cube"
    },
    {
      "size": "large",
      "pixel_coords": [
        134,
        72,
        12.640079498291016
      ],
      "color": "green",
      "material": "rubber",
      "rotation": 231.0238156998165,
      "3d_coords": [
        -2.350834608078003,
        0.7352239489555359,
        0.699999988079071
      ],
      "shape": "cube"
    },
    {
      "size": "large",
      "pixel_coords": [
        41,
        92,
        11.15262222290039
      ],
      "color": "purple",
      "material": "rubber",
      "rotation": 173.20561352140484,
      "3d_coords": [
        -2.858347177505493,
        -2.5584301948547363,
        0.699999988079071
      ],
      "shape": "cylinder"
    },
    {
      "size": "small",
      "pixel_coords": [
        165,
        167,
        8.328023910522461
      ],
      "color": "brown",
      "material": "metal",
      "rotation": 229.35621505066396,
      "3d_coords": [
        2.297557830810547,
        -1.7474020719528198,
        0.3499999940395355
      ],
      "shape": "cylinder"
    },
    {
      "size": "small",
      "pixel_coords": [
        274,
        123,
        10.127098083496094
      ],
      "color": "red",
      "material": "rubber",
      "rotation": 338.3180182929117,
      "3d_coords": [
        2.7408645153045654,
        2.030668020248413,
        0.3499999940395355
      ],
      "shape": "cube"
    }
  ]
}