{
  "image_index": 1325,
  "relationships": {
    "right": [
      [
        6
      ],
      [
        0,
        2,
        3,
        4,
        6
      ],
      [
        0,
        3,
        4,
        6
      ],
      [
        0,
        6
      ],
      [
        0,
        3,
        6
      ],
      [
        0,
        1,
        2,
        3,
        4,
        6
      ],
      [],
      [
        0,
        1,
        2,
        3,
        4,
        5,
        6
      ]
    ],
    "front": [
      [
        2,
        3,
        5,
        6
      ],
      [
        0,
        2,
        3,
        5,
        6
      ],
      [],
      [
        2
      ],
      [
        0,
        1,
        2,
        3,
        5,
        6,
        7
      ],
      [
        2,
        3
      ],
      [
        2,
        3,
        5
      ],
      [
        0,
        1,
        2,
        3,
        5,
        6
      ]
    ],
    "behind": [
      [
        1,
        4,
        7
      ],
      [
        4,
        7
      ],
      [
        0,
        1,
        3,
        4,
        5,
        6,
        7
      ],
      [
        0,
        1,
        4,
        5,
        6,
        7
      ],
      [],
      [
        0,
        1,
        4,
        6,
        7
      ],
      [
        0,
        1,
        4,
        7
      ],
      [
        4
      ]
    ],
    "left": [
      [
        1,
        2,
        3,
        4,
        5,
        7
      ],
      [
        5,
        7
      ],
      [
        1,
        5,
        7
      ],
      [
        1,
        2,
        4,
        5,
        7
      ],
      [
        1,
        2,
        5,
        7
      ],
      [
        7
      ],
      [
        0,
        1,
        2,
        3,
        4,
        5,
        7
      ],
      []
    ]
  },
  "directions": {
    "right": [
      0.6563112735748291,
      0.7544902563095093,
      -0.0
    ],
    "front": [
      0.754490315914154,
      -0.6563112735748291,
      -0.0
    ],
    "behind": [
      -0.754490315914154,
      0.6563112735748291,
      0.0
    ],
    "above": [
      0.0,
      0.0,
      1.0
    ],
    "below": [
      -0.0,
      -0.0,
      -1.0
    ],
    "left": [
      -0.6563112735748291,
      -0.7544902563095093,
      0.0
    ]
  },
  "red_cube_pos": [
    [
      76,
      135
    ],
    [
      102,
      160
    ]
  ],
  "image_filename": "CLEVR_new_001325.png",
  "split": "new",
  "objects": [
    {
      "size": "small",
      "pixel_coords": [
        237,
        101,
        11.993132591247559
      ],
      "color": "purple",
      "material": "rubber",
      "rotation": 333.8638783260631,
      "3d_coords": [
        1.2435988187789917,
        2.4654541015625,
        0.3499999940395355
      ],
      "shape": "cylinder"
    },
    {
      "size": "large",
      "pixel_coords": [
        133,
        87,
        12.123122215270996
      ],
      "color": "yellow",
      "material": "metal",
      "rotation": 145.54649788307822,
      "3d_coords": [
        -1.4407150745391846,
        0.05307940021157265,
        0.699999988079071
      ],
      "shape": "sphere"
    },
    {
      "size": "small",
      "pixel_coords": [
        145,
        167,
        8.533472061157227
      ],
      "color": "red",
      "material": "rubber",
      "rotation": 6.029924734371885,
      "3d_coords": [
        2.0504188537597656,
        -2.408972978591919,
        0.3499999940395355
      ],
      "shape": "sphere"
    },
    {
      "size": "small",
      "pixel_coords": [
        198,
        154,
        9.033987045288086
      ],
      "color": "blue",
      "material": "rubber",
      "rotation": 309.49001328364227,
      "3d_coords": [
        2.5560457706451416,
        -1.03196382522583,
        0.3499999940395355
      ],
      "shape": "cylinder"
    },
    {
      "size": "large",
      "pixel_coords": [
        168,
        72,
        13.49608325958252
      ],
      "color": "blue",
      "material": "metal",
      "rotation": 328.6323043291141,
      "3d_coords": [
        -1.7403483390808105,
        2.009674549102783,
        0.699999988079071
      ],
      "shape": "sphere"
    },
    {
      "size": "large",
      "pixel_coords": [
        110,
        111,
        10.505141258239746
      ],
      "color": "brown",
      "material": "metal",
      "rotation": 127.47036245519381,
      "3d_coords": [
        -0.4742080867290497,
        -1.5905355215072632,
        0.699999988079071
      ],
      "shape": "sphere"
    },
    {
      "size": "small",
      "pixel_coords": [
        267,
        105,
        11.649118423461914
      ],
      "color": "brown",
      "material": "rubber",
      "rotation": 278.59501750311637,
      "3d_coords": [
        2.152069330215454,
        2.8748350143432617,
        0.3499999940395355
      ],
      "shape": "cube"
    },
    {
      "size": "small",
      "pixel_coords": [
        91,
        93,
        12.61401081085205
      ],
      "color": "red",
      "material": "rubber",
      "rotation": 333.2747766786069,
      "3d_coords": [
        -2.773280620574951,
        -0.8396172523498535,
        0.3499999940395355
      ],
      "shape": "cube"
    }
  ]
}