{
  "image_index": 1272,
  "relationships": {
    "right": [
      [
        1,
        2,
        5
      ],
      [
        2,
        5
      ],
      [],
      [
        0,
        1,
        2,
        4,
        5
      ],
      [
        0,
        1,
        2,
        5
      ],
      [
        2
      ],
      [
        0,
        1,
        2,
        3,
        4,
        5
      ]
    ],
    "front": [
      [
        1,
        2,
        3,
        4,
        5,
        6
      ],
      [
        4
      ],
      [
        1,
        3,
        4
      ],
      [
        1,
        4
      ],
      [],
      [
        1,
        2,
        3,
        4,
        6
      ],
      [
        1,
        2,
        3,
        4
      ]
    ],
    "behind": [
      [],
      [
        0,
        2,
        3,
        5,
        6
      ],
      [
        0,
        5,
        6
      ],
      [
        0,
        2,
        5,
        6
      ],
      [
        0,
        1,
        2,
        3,
        5,
        6
      ],
      [
        0
      ],
      [
        0,
        5
      ]
    ],
    "left": [
      [
        3,
        4,
        6
      ],
      [
        0,
        3,
        4,
        6
      ],
      [
        0,
        1,
        3,
        4,
        5,
        6
      ],
      [
        6
      ],
      [
        3,
        6
      ],
      [
        0,
        1,
        3,
        4,
        6
      ],
      []
    ]
  },
  "directions": {
    "right": [
      0.6563112735748291,
      0.7544902563095093,
      -0.0
    ],
    "front": [
      0.754490315914154,
      -0.6563112735748291,
      -0.0
    ],
    "behind": [
      -0.754490315914154,
      0.6563112735748291,
      0.0
    ],
    "above": [
      0.0,
      0.0,
      1.0
    ],
    "below": [
      -0.0,
      -0.0,
      -1.0
    ],
    "left": [
      -0.6563112735748291,
      -0.7544902563095093,
      0.0
    ]
  },
  "red_cube_pos": [
    [
      44,
      98
    ],
    [
      72,
      130
    ]
  ],
  "image_filename": "CLEVR_new_001272.png",
  "split": "new",
  "objects": [
    {
      "size": "large",
      "pixel_coords": [
        171,
        76,
        12.804947853088379
      ],
      "color": "blue",
      "material": "metal",
      "rotation": 192.42549788638985,
      "3d_coords": [
        -1.132200837135315,
        1.6519132852554321,
        0.699999988079071
      ],
      "shape": "cube"
    },
    {
      "size": "large",
      "pixel_coords": [
        207,
        140,
        9.218750953674316
      ],
      "color": "brown",
      "material": "rubber",
      "rotation": 188.9320765393771,
      "3d_coords": [
        2.4504940509796143,
        -0.6306264400482178,
        0.699999988079071
      ],
      "shape": "sphere"
    },
    {
      "size": "small",
      "pixel_coords": [
        263,
        130,
        10.260526657104492
      ],
      "color": "gray",
      "material": "metal",
      "rotation": 295.09589925119826,
      "3d_coords": [
        2.9522128105163574,
        1.3340063095092773,
        0.3499999940395355
      ],
      "shape": "cylinder"
    },
    {
      "size": "large",
      "pixel_coords": [
        121,
        133,
        9.491724967956543
      ],
      "color": "yellow",
      "material": "metal",
      "rotation": 325.8049362488127,
      "3d_coords": [
        0.6222366690635681,
        -2.0692200660705566,
        0.699999988079071
      ],
      "shape": "sphere"
    },
    {
      "size": "large",
      "pixel_coords": [
        165,
        184,
        7.704066276550293
      ],
      "color": "brown",
      "material": "metal",
      "rotation": 191.87724543802474,
      "3d_coords": [
        2.9195327758789062,
        -2.6769771575927734,
        0.699999988079071
      ],
      "shape": "cube"
    },
    {
      "size": "small",
      "pixel_coords": [
        236,
        107,
        11.51225757598877
      ],
      "color": "green",
      "material": "metal",
      "rotation": 216.34376024760167,
      "3d_coords": [
        1.5615588426589966,
        1.985445499420166,
        0.3499999940395355
      ],
      "shape": "sphere"
    },
    {
      "size": "small",
      "pixel_coords": [
        58,
        125,
        10.525876998901367
      ],
      "color": "red",
      "material": "rubber",
      "rotation": 230.5113643736497,
      "3d_coords": [
        -1.4871128797531128,
        -2.823721408843994,
        0.3499999940395355
      ],
      "shape": "cube"
    }
  ]
}