{
  "image_index": 1318,
  "relationships": {
    "right": [
      [
        3,
        4,
        5,
        6
      ],
      [
        0,
        2,
        3,
        4,
        5,
        6,
        7
      ],
      [
        0,
        3,
        4,
        5,
        6
      ],
      [
        5
      ],
      [
        3,
        5,
        6
      ],
      [],
      [
        3,
        5
      ],
      [
        0,
        2,
        3,
        4,
        5,
        6
      ]
    ],
    "front": [
      [],
      [
        0,
        3,
        7
      ],
      [
        0,
        1,
        3,
        5,
        6,
        7
      ],
      [
        0,
        7
      ],
      [
        0,
        1,
        2,
        3,
        5,
        6,
        7
      ],
      [
        0,
        1,
        3,
        6,
        7
      ],
      [
        0,
        1,
        3,
        7
      ],
      [
        0
      ]
    ],
    "behind": [
      [
        1,
        2,
        3,
        4,
        5,
        6,
        7
      ],
      [
        2,
        4,
        5,
        6
      ],
      [
        4
      ],
      [
        1,
        2,
        4,
        5,
        6
      ],
      [],
      [
        2,
        4
      ],
      [
        2,
        4,
        5
      ],
      [
        1,
        2,
        3,
        4,
        5,
        6
      ]
    ],
    "left": [
      [
        1,
        2,
        7
      ],
      [],
      [
        1,
        7
      ],
      [
        0,
        1,
        2,
        4,
        6,
        7
      ],
      [
        0,
        1,
        2,
        7
      ],
      [
        0,
        1,
        2,
        3,
        4,
        6,
        7
      ],
      [
        0,
        1,
        2,
        4,
        7
      ],
      [
        1
      ]
    ]
  },
  "directions": {
    "right": [
      0.6563112735748291,
      0.7544902563095093,
      -0.0
    ],
    "front": [
      0.754490315914154,
      -0.6563112735748291,
      -0.0
    ],
    "behind": [
      -0.754490315914154,
      0.6563112735748291,
      0.0
    ],
    "above": [
      0.0,
      0.0,
      1.0
    ],
    "below": [
      -0.0,
      -0.0,
      -1.0
    ],
    "left": [
      -0.6563112735748291,
      -0.7544902563095093,
      0.0
    ]
  },
  "red_cube_pos": [
    [
      60,
      87
    ],
    [
      95,
      122
    ]
  ],
  "image_filename": "CLEVR_new_001318.png",
  "split": "new",
  "objects": [
    {
      "size": "small",
      "pixel_coords": [
        142,
        149,
        9.14653491973877
      ],
      "color": "brown",
      "material": "metal",
      "rotation": 88.81301425255707,
      "3d_coords": [
        1.5223968029022217,
        -1.9428921937942505,
        0.3499999940395355
      ],
      "shape": "cylinder"
    },
    {
      "size": "small",
      "pixel_coords": [
        69,
        115,
        11.031848907470703
      ],
      "color": "blue",
      "material": "metal",
      "rotation": 248.53688470006838,
      "3d_coords": [
        -1.6491622924804688,
        -2.3813886642456055,
        0.3499999940395355
      ],
      "shape": "cylinder"
    },
    {
      "size": "large",
      "pixel_coords": [
        117,
        81,
        12.840910911560059
      ],
      "color": "red",
      "material": "metal",
      "rotation": 49.994918838176325,
      "3d_coords": [
        -2.4307665824890137,
        0.03691292926669121,
        0.699999988079071
      ],
      "shape": "sphere"
    },
    {
      "size": "small",
      "pixel_coords": [
        236,
        125,
        10.373468399047852
      ],
      "color": "red",
      "material": "metal",
      "rotation": 277.5803267571312,
      "3d_coords": [
        2.284475564956665,
        0.996699333190918,
        0.3499999940395355
      ],
      "shape": "sphere"
    },
    {
      "size": "large",
      "pixel_coords": [
        178,
        66,
        14.477385520935059
      ],
      "color": "brown",
      "material": "metal",
      "rotation": 239.1811794469059,
      "3d_coords": [
        -2.269742727279663,
        2.9815495014190674,
        0.699999988079071
      ],
      "shape": "cylinder"
    },
    {
      "size": "small",
      "pixel_coords": [
        235,
        95,
        12.518266677856445
      ],
      "color": "gray",
      "material": "rubber",
      "rotation": 11.47104385963785,
      "3d_coords": [
        0.7727589011192322,
        2.890092372894287,
        0.3499999940395355
      ],
      "shape": "cube"
    },
    {
      "size": "small",
      "pixel_coords": [
        214,
        106,
        11.623857498168945
      ],
      "color": "purple",
      "material": "rubber",
      "rotation": 242.5918037642757,
      "3d_coords": [
        0.9402360320091248,
        1.5722553730010986,
        0.3499999940395355
      ],
      "shape": "cylinder"
    },
    {
      "size": "small",
      "pixel_coords": [
        79,
        134,
        9.845449447631836
      ],
      "color": "red",
      "material": "rubber",
      "rotation": 292.55326957881437,
      "3d_coords": [
        -0.26678094267845154,
        -2.8054635524749756,
        0.3499999940395355
      ],
      "shape": "cube"
    }
  ]
}