{
  "image_index": 1277,
  "relationships": {
    "right": [
      [
        1,
        2,
        3,
        4,
        5,
        6
      ],
      [
        5
      ],
      [
        1,
        5,
        6
      ],
      [
        1,
        2,
        4,
        5,
        6
      ],
      [
        1,
        2,
        5,
        6
      ],
      [],
      [
        1,
        5
      ]
    ],
    "front": [
      [
        1,
        3
      ],
      [
        3
      ],
      [
        0,
        1,
        3,
        4,
        5,
        6
      ],
      [],
      [
        0,
        1,
        3,
        5,
        6
      ],
      [
        0,
        1,
        3,
        6
      ],
      [
        0,
        1,
        3
      ]
    ],
    "behind": [
      [
        2,
        4,
        5,
        6
      ],
      [
        0,
        2,
        4,
        5,
        6
      ],
      [],
      [
        0,
        1,
        2,
        4,
        5,
        6
      ],
      [
        2
      ],
      [
        2,
        4
      ],
      [
        2,
        4,
        5
      ]
    ],
    "left": [
      [],
      [
        0,
        2,
        3,
        4,
        6
      ],
      [
        0,
        3,
        4
      ],
      [
        0
      ],
      [
        0,
        3
      ],
      [
        0,
        1,
        2,
        3,
        4,
        6
      ],
      [
        0,
        2,
        3,
        4
      ]
    ]
  },
  "directions": {
    "right": [
      0.6563112735748291,
      0.7544902563095093,
      -0.0
    ],
    "front": [
      0.754490315914154,
      -0.6563112735748291,
      -0.0
    ],
    "behind": [
      -0.754490315914154,
      0.6563112735748291,
      0.0
    ],
    "above": [
      0.0,
      0.0,
      1.0
    ],
    "below": [
      -0.0,
      -0.0,
      -1.0
    ],
    "left": [
      -0.6563112735748291,
      -0.7544902563095093,
      0.0
    ]
  },
  "red_cube_pos": [
    [
      167,
      109
    ],
    [
      198,
      141
    ]
  ],
  "image_filename": "CLEVR_new_001277.png",
  "split": "new",
  "objects": [
    {
      "size": "large",
      "pixel_coords": [
        73,
        111,
        9.869997024536133
      ],
      "color": "red",
      "material": "metal",
      "rotation": 254.10982751101932,
      "3d_coords": [
        -1.045783281326294,
        -2.354196071624756,
        0.699999988079071
      ],
      "shape": "sphere"
    },
    {
      "size": "large",
      "pixel_coords": [
        241,
        120,
        9.398697853088379
      ],
      "color": "purple",
      "material": "rubber",
      "rotation": 279.8321883007938,
      "3d_coords": [
        2.4604861736297607,
        0.7184799909591675,
        0.699999988079071
      ],
      "shape": "cylinder"
    },
    {
      "size": "small",
      "pixel_coords": [
        165,
        81,
        12.9137601852417
      ],
      "color": "green",
      "material": "rubber",
      "rotation": 117.53710259304128,
      "3d_coords": [
        -1.6802564859390259,
        1.7765178680419922,
        0.3499999940395355
      ],
      "shape": "cube"
    },
    {
      "size": "small",
      "pixel_coords": [
        97,
        145,
        8.917976379394531
      ],
      "color": "blue",
      "material": "rubber",
      "rotation": 37.95621953438557,
      "3d_coords": [
        0.447380930185318,
        -2.573922872543335,
        0.3499999940395355
      ],
      "shape": "cube"
    },
    {
      "size": "large",
      "pixel_coords": [
        142,
        91,
        11.210286140441895
      ],
      "color": "green",
      "material": "metal",
      "rotation": 326.11362608884514,
      "3d_coords": [
        -0.8968603610992432,
        0.0552142933011055,
        0.699999988079071
      ],
      "shape": "sphere"
    },
    {
      "size": "large",
      "pixel_coords": [
        254,
        96,
        10.812126159667969
      ],
      "color": "brown",
      "material": "metal",
      "rotation": 258.0205441028498,
      "3d_coords": [
        1.7670944929122925,
        2.3225905895233154,
        0.699999988079071
      ],
      "shape": "sphere"
    },
    {
      "size": "small",
      "pixel_coords": [
        183,
        114,
        10.48324203491211
      ],
      "color": "red",
      "material": "rubber",
      "rotation": 101.92575662321434,
      "3d_coords": [
        0.6792786121368408,
        0.30378538370132446,
        0.3499999940395355
      ],
      "shape": "cube"
    }
  ]
}