{
  "image_index": 1206,
  "relationships": {
    "right": [
      [
        2,
        4,
        5
      ],
      [
        0,
        2,
        4,
        5,
        6
      ],
      [],
      [
        0,
        1,
        2,
        4,
        5,
        6
      ],
      [
        2,
        5
      ],
      [
        2
      ],
      [
        0,
        2,
        4,
        5
      ]
    ],
    "front": [
      [
        1,
        2,
        3,
        4,
        5,
        6
      ],
      [
        4
      ],
      [
        1,
        3,
        4
      ],
      [
        1,
        4
      ],
      [],
      [
        1,
        2,
        3,
        4,
        6
      ],
      [
        1,
        2,
        3,
        4
      ]
    ],
    "behind": [
      [],
      [
        0,
        2,
        3,
        5,
        6
      ],
      [
        0,
        5,
        6
      ],
      [
        0,
        2,
        5,
        6
      ],
      [
        0,
        1,
        2,
        3,
        5,
        6
      ],
      [
        0
      ],
      [
        0,
        5
      ]
    ],
    "left": [
      [
        1,
        3,
        6
      ],
      [
        3
      ],
      [
        0,
        1,
        3,
        4,
        5,
        6
      ],
      [],
      [
        0,
        1,
        3,
        6
      ],
      [
        0,
        1,
        3,
        4,
        6
      ],
      [
        1,
        3
      ]
    ]
  },
  "directions": {
    "right": [
      0.6563112735748291,
      0.7544902563095093,
      -0.0
    ],
    "front": [
      0.754490315914154,
      -0.6563112735748291,
      -0.0
    ],
    "behind": [
      -0.754490315914154,
      0.6563112735748291,
      0.0
    ],
    "above": [
      0.0,
      0.0,
      1.0
    ],
    "below": [
      -0.0,
      -0.0,
      -1.0
    ],
    "left": [
      -0.6563112735748291,
      -0.7544902563095093,
      0.0
    ]
  },
  "red_cube_pos": [
    [
      117,
      127
    ],
    [
      138,
      152
    ]
  ],
  "image_filename": "CLEVR_new_001206.png",
  "split": "new",
  "objects": [
    {
      "size": "large",
      "pixel_coords": [
        144,
        75,
        13.38846206665039
      ],
      "color": "blue",
      "material": "metal",
      "rotation": 80.94027547570721,
      "3d_coords": [
        -2.195943832397461,
        1.0498818159103394,
        0.699999988079071
      ],
      "shape": "cube"
    },
    {
      "size": "small",
      "pixel_coords": [
        90,
        132,
        10.214537620544434
      ],
      "color": "brown",
      "material": "rubber",
      "rotation": 348.09617678563194,
      "3d_coords": [
        -0.21576429903507233,
        -2.4614672660827637,
        0.3499999940395355
      ],
      "shape": "cube"
    },
    {
      "size": "small",
      "pixel_coords": [
        256,
        109,
        11.562919616699219
      ],
      "color": "green",
      "material": "metal",
      "rotation": 45.60383844687684,
      "3d_coords": [
        1.9368449449539185,
        2.5193116664886475,
        0.3499999940395355
      ],
      "shape": "cube"
    },
    {
      "size": "large",
      "pixel_coords": [
        64,
        105,
        10.995894432067871
      ],
      "color": "yellow",
      "material": "rubber",
      "rotation": 109.18781527599343,
      "3d_coords": [
        -1.668091058731079,
        -2.5444247722625732,
        0.699999988079071
      ],
      "shape": "cube"
    },
    {
      "size": "large",
      "pixel_coords": [
        158,
        169,
        7.987885475158691
      ],
      "color": "green",
      "material": "rubber",
      "rotation": 103.56882419807934,
      "3d_coords": [
        2.839528799057007,
        -2.4269464015960693,
        0.699999988079071
      ],
      "shape": "sphere"
    },
    {
      "size": "small",
      "pixel_coords": [
        185,
        88,
        13.162628173828125
      ],
      "color": "green",
      "material": "metal",
      "rotation": 72.69853062286644,
      "3d_coords": [
        -0.8886141777038574,
        1.940329670906067,
        0.3499999940395355
      ],
      "shape": "cylinder"
    },
    {
      "size": "small",
      "pixel_coords": [
        128,
        100,
        12.215803146362305
      ],
      "color": "red",
      "material": "rubber",
      "rotation": 132.8857670852455,
      "3d_coords": [
        -1.364079475402832,
        -0.3074891269207001,
        0.3499999940395355
      ],
      "shape": "cube"
    }
  ]
}