{
  "image_index": 1146,
  "relationships": {
    "right": [
      [
        1,
        2,
        3,
        5,
        6,
        7
      ],
      [
        2,
        3,
        5,
        6,
        7
      ],
      [],
      [
        2,
        5,
        6,
        7
      ],
      [
        0,
        1,
        2,
        3,
        5,
        6,
        7
      ],
      [
        2,
        6,
        7
      ],
      [
        2
      ],
      [
        2,
        6
      ]
    ],
    "front": [
      [
        3,
        6
      ],
      [
        0,
        2,
        3,
        4,
        6
      ],
      [
        0,
        3,
        6
      ],
      [
        6
      ],
      [
        0,
        2,
        3,
        6
      ],
      [
        0,
        1,
        2,
        3,
        4,
        6,
        7
      ],
      [],
      [
        0,
        1,
        2,
        3,
        4,
        6
      ]
    ],
    "behind": [
      [
        1,
        2,
        4,
        5,
        7
      ],
      [
        5,
        7
      ],
      [
        1,
        4,
        5,
        7
      ],
      [
        0,
        1,
        2,
        4,
        5,
        7
      ],
      [
        1,
        5,
        7
      ],
      [],
      [
        0,
        1,
        2,
        3,
        4,
        5,
        7
      ],
      [
        5
      ]
    ],
    "left": [
      [
        4
      ],
      [
        0,
        4
      ],
      [
        0,
        1,
        3,
        4,
        5,
        6,
        7
      ],
      [
        0,
        1,
        4
      ],
      [],
      [
        0,
        1,
        3,
        4
      ],
      [
        0,
        1,
        3,
        4,
        5,
        7
      ],
      [
        0,
        1,
        3,
        4,
        5
      ]
    ]
  },
  "directions": {
    "right": [
      0.6563112735748291,
      0.7544902563095093,
      -0.0
    ],
    "front": [
      0.754490315914154,
      -0.6563112735748291,
      -0.0
    ],
    "behind": [
      -0.754490315914154,
      0.6563112735748291,
      0.0
    ],
    "above": [
      0.0,
      0.0,
      1.0
    ],
    "below": [
      -0.0,
      -0.0,
      -1.0
    ],
    "left": [
      -0.6563112735748291,
      -0.7544902563095093,
      0.0
    ]
  },
  "red_cube_pos": [
    [
      180,
      150
    ],
    [
      204,
      175
    ]
  ],
  "image_filename": "CLEVR_new_001146.png",
  "split": "new",
  "objects": [
    {
      "size": "large",
      "pixel_coords": [
        115,
        112,
        10.387507438659668
      ],
      "color": "red",
      "material": "metal",
      "rotation": 11.32535698599142,
      "3d_coords": [
        -0.30546215176582336,
        -1.487868309020996,
        0.699999988079071
      ],
      "shape": "cylinder"
    },
    {
      "size": "small",
      "pixel_coords": [
        137,
        83,
        12.981134414672852
      ],
      "color": "gray",
      "material": "metal",
      "rotation": 333.25075991151743,
      "3d_coords": [
        -2.1559460163116455,
        0.6797585487365723,
        0.3499999940395355
      ],
      "shape": "cube"
    },
    {
      "size": "large",
      "pixel_coords": [
        242,
        92,
        11.54620361328125
      ],
      "color": "brown",
      "material": "metal",
      "rotation": 242.33362397382086,
      "3d_coords": [
        1.2420010566711426,
        2.4807136058807373,
        0.699999988079071
      ],
      "shape": "sphere"
    },
    {
      "size": "small",
      "pixel_coords": [
        157,
        139,
        9.776599884033203
      ],
      "color": "purple",
      "material": "rubber",
      "rotation": 212.58391945178988,
      "3d_coords": [
        1.207916498184204,
        -1.1044442653656006,
        0.3499999940395355
      ],
      "shape": "cylinder"
    },
    {
      "size": "large",
      "pixel_coords": [
        97,
        82,
        12.220654487609863
      ],
      "color": "purple",
      "material": "metal",
      "rotation": 280.426235326729,
      "3d_coords": [
        -2.5014350414276123,
        -0.7939181327819824,
        0.699999988079071
      ],
      "shape": "sphere"
    },
    {
      "size": "small",
      "pixel_coords": [
        176,
        69,
        14.16882038116455
      ],
      "color": "gray",
      "material": "metal",
      "rotation": 186.29011267057928,
      "3d_coords": [
        -2.2456531524658203,
        2.7323687076568604,
        0.3499999940395355
      ],
      "shape": "cylinder"
    },
    {
      "size": "large",
      "pixel_coords": [
        230,
        144,
        8.952366828918457
      ],
      "color": "brown",
      "material": "metal",
      "rotation": 41.69127552840671,
      "3d_coords": [
        2.982767343521118,
        -0.14437133073806763,
        0.699999988079071
      ],
      "shape": "cube"
    },
    {
      "size": "small",
      "pixel_coords": [
        193,
        77,
        13.455379486083984
      ],
      "color": "red",
      "material": "rubber",
      "rotation": 248.38021072853675,
      "3d_coords": [
        -1.226989984512329,
        2.659519672393799,
        0.3499999940395355
      ],
      "shape": "cube"
    }
  ]
}