{
  "image_index": 1349,
  "relationships": {
    "right": [
      [
        2,
        6
      ],
      [
        0,
        2,
        4,
        5,
        6
      ],
      [],
      [
        0,
        1,
        2,
        4,
        5,
        6
      ],
      [
        0,
        2,
        5,
        6
      ],
      [
        0,
        2,
        6
      ],
      [
        2
      ]
    ],
    "front": [
      [
        1,
        5
      ],
      [
        5
      ],
      [
        0,
        1,
        5
      ],
      [
        0,
        1,
        2,
        5
      ],
      [
        0,
        1,
        2,
        3,
        5,
        6
      ],
      [],
      [
        0,
        1,
        2,
        3,
        5
      ]
    ],
    "behind": [
      [
        2,
        3,
        4,
        6
      ],
      [
        0,
        2,
        3,
        4,
        6
      ],
      [
        3,
        4,
        6
      ],
      [
        4,
        6
      ],
      [],
      [
        0,
        1,
        2,
        3,
        4,
        6
      ],
      [
        4
      ]
    ],
    "left": [
      [
        1,
        3,
        4,
        5
      ],
      [
        3
      ],
      [
        0,
        1,
        3,
        4,
        5,
        6
      ],
      [],
      [
        1,
        3
      ],
      [
        1,
        3,
        4
      ],
      [
        0,
        1,
        3,
        4,
        5
      ]
    ]
  },
  "directions": {
    "right": [
      0.6563112735748291,
      0.7544902563095093,
      -0.0
    ],
    "front": [
      0.754490315914154,
      -0.6563112735748291,
      -0.0
    ],
    "behind": [
      -0.754490315914154,
      0.6563112735748291,
      0.0
    ],
    "above": [
      0.0,
      0.0,
      1.0
    ],
    "below": [
      -0.0,
      -0.0,
      -1.0
    ],
    "left": [
      -0.6563112735748291,
      -0.7544902563095093,
      0.0
    ]
  },
  "red_cube_pos": [
    [
      188,
      137
    ],
    [
      215,
      164
    ]
  ],
  "image_filename": "CLEVR_new_001349.png",
  "split": "new",
  "objects": [
    {
      "size": "small",
      "pixel_coords": [
        195,
        117,
        10.117222785949707
      ],
      "color": "green",
      "material": "rubber",
      "rotation": 11.277853034190901,
      "3d_coords": [
        0.9993810057640076,
        0.47424647212028503,
        0.3499999940395355
      ],
      "shape": "sphere"
    },
    {
      "size": "large",
      "pixel_coords": [
        133,
        113,
        9.561962127685547
      ],
      "color": "blue",
      "material": "rubber",
      "rotation": 23.479096248091036,
      "3d_coords": [
        0.18150070309638977,
        -1.1334389448165894,
        0.699999988079071
      ],
      "shape": "cube"
    },
    {
      "size": "large",
      "pixel_coords": [
        275,
        93,
        10.715283393859863
      ],
      "color": "purple",
      "material": "metal",
      "rotation": 33.97907370745101,
      "3d_coords": [
        1.9967232942581177,
        2.941253185272217,
        0.699999988079071
      ],
      "shape": "sphere"
    },
    {
      "size": "large",
      "pixel_coords": [
        113,
        85,
        11.288241386413574
      ],
      "color": "purple",
      "material": "rubber",
      "rotation": 186.8181615868086,
      "3d_coords": [
        -1.8182106018066406,
        -0.4344736933708191,
        0.699999988079071
      ],
      "shape": "sphere"
    },
    {
      "size": "small",
      "pixel_coords": [
        158,
        80,
        12.605144500732422
      ],
      "color": "gray",
      "material": "rubber",
      "rotation": 142.7878191752689,
      "3d_coords": [
        -1.8562500476837158,
        1.5117775201797485,
        0.3499999940395355
      ],
      "shape": "cube"
    },
    {
      "size": "large",
      "pixel_coords": [
        183,
        157,
        7.696249961853027
      ],
      "color": "blue",
      "material": "rubber",
      "rotation": 198.02231450152823,
      "3d_coords": [
        2.6024937629699707,
        -1.5914645195007324,
        0.699999988079071
      ],
      "shape": "cylinder"
    },
    {
      "size": "small",
      "pixel_coords": [
        202,
        89,
        11.879427909851074
      ],
      "color": "red",
      "material": "rubber",
      "rotation": 207.59032313084447,
      "3d_coords": [
        -0.24966727197170258,
        2.0948076248168945,
        0.3499999940395355
      ],
      "shape": "cube"
    }
  ]
}