{
  "image_index": 1011,
  "relationships": {
    "right": [
      [
        1,
        2,
        3,
        4,
        5,
        6,
        7
      ],
      [
        2,
        3,
        4
      ],
      [
        3,
        4
      ],
      [
        4
      ],
      [],
      [
        1,
        2,
        3,
        4,
        7
      ],
      [
        1,
        2,
        3,
        4,
        5,
        7
      ],
      [
        1,
        2,
        3,
        4
      ]
    ],
    "front": [
      [
        1,
        2,
        4,
        6,
        7
      ],
      [
        2,
        4,
        6,
        7
      ],
      [
        6
      ],
      [
        0,
        1,
        2,
        4,
        6,
        7
      ],
      [
        2,
        6,
        7
      ],
      [
        0,
        1,
        2,
        3,
        4,
        6,
        7
      ],
      [],
      [
        2,
        6
      ]
    ],
    "behind": [
      [
        3,
        5
      ],
      [
        0,
        3,
        5
      ],
      [
        0,
        1,
        3,
        4,
        5,
        7
      ],
      [
        5
      ],
      [
        0,
        1,
        3,
        5
      ],
      [],
      [
        0,
        1,
        2,
        3,
        4,
        5,
        7
      ],
      [
        0,
        1,
        3,
        4,
        5
      ]
    ],
    "left": [
      [],
      [
        0,
        5,
        6,
        7
      ],
      [
        0,
        1,
        5,
        6,
        7
      ],
      [
        0,
        1,
        2,
        5,
        6,
        7
      ],
      [
        0,
        1,
        2,
        3,
        5,
        6,
        7
      ],
      [
        0,
        6
      ],
      [
        0
      ],
      [
        0,
        5,
        6
      ]
    ]
  },
  "directions": {
    "right": [
      0.6563112735748291,
      0.7544902563095093,
      -0.0
    ],
    "front": [
      0.754490315914154,
      -0.6563112735748291,
      -0.0
    ],
    "behind": [
      -0.754490315914154,
      0.6563112735748291,
      0.0
    ],
    "above": [
      0.0,
      0.0,
      1.0
    ],
    "below": [
      -0.0,
      -0.0,
      -1.0
    ],
    "left": [
      -0.6563112735748291,
      -0.7544902563095093,
      0.0
    ]
  },
  "red_cube_pos": [
    [
      108,
      101
    ],
    [
      139,
      133
    ]
  ],
  "image_filename": "CLEVR_new_001011.png",
  "split": "new",
  "objects": [
    {
      "size": "small",
      "pixel_coords": [
        73,
        98,
        12.353387832641602
      ],
      "color": "brown",
      "material": "metal",
      "rotation": 56.88639040601485,
      "3d_coords": [
        -2.824634552001953,
        -1.629897117614746,
        0.3499999940395355
      ],
      "shape": "cube"
    },
    {
      "size": "large",
      "pixel_coords": [
        158,
        98,
        11.396527290344238
      ],
      "color": "purple",
      "material": "metal",
      "rotation": 275.0820153379304,
      "3d_coords": [
        -0.15584075450897217,
        0.06820324063301086,
        0.699999988079071
      ],
      "shape": "cube"
    },
    {
      "size": "small",
      "pixel_coords": [
        177,
        131,
        10.096663475036621
      ],
      "color": "blue",
      "material": "rubber",
      "rotation": 173.9246148988852,
      "3d_coords": [
        1.4172685146331787,
        -0.5719834566116333,
        0.3499999940395355
      ],
      "shape": "cube"
    },
    {
      "size": "large",
      "pixel_coords": [
        193,
        81,
        12.94180679321289
      ],
      "color": "green",
      "material": "rubber",
      "rotation": 98.68724768533983,
      "3d_coords": [
        -0.6125959157943726,
        2.1466689109802246,
        0.699999988079071
      ],
      "shape": "sphere"
    },
    {
      "size": "large",
      "pixel_coords": [
        234,
        103,
        11.025212287902832
      ],
      "color": "gray",
      "material": "rubber",
      "rotation": 303.02740215575113,
      "3d_coords": [
        1.7186135053634644,
        1.5893958806991577,
        0.699999988079071
      ],
      "shape": "cube"
    },
    {
      "size": "small",
      "pixel_coords": [
        120,
        86,
        13.533138275146484
      ],
      "color": "yellow",
      "material": "rubber",
      "rotation": 85.79112380696489,
      "3d_coords": [
        -2.786079168319702,
        0.40034744143486023,
        0.3499999940395355
      ],
      "shape": "cube"
    },
    {
      "size": "large",
      "pixel_coords": [
        76,
        127,
        9.525400161743164
      ],
      "color": "green",
      "material": "rubber",
      "rotation": 171.45170721683013,
      "3d_coords": [
        -0.06521347910165787,
        -2.9780492782592773,
        0.699999988079071
      ],
      "shape": "cylinder"
    },
    {
      "size": "small",
      "pixel_coords": [
        124,
        122,
        10.595038414001465
      ],
      "color": "red",
      "material": "rubber",
      "rotation": 339.60941632037725,
      "3d_coords": [
        -0.0440492108464241,
        -1.4062198400497437,
        0.3499999940395355
      ],
      "shape": "cube"
    }
  ]
}