{
  "image_index": 1130,
  "relationships": {
    "right": [
      [
        1,
        2,
        3
      ],
      [
        2
      ],
      [],
      [
        1,
        2
      ],
      [
        0,
        1,
        2,
        3,
        5,
        6
      ],
      [
        0,
        1,
        2,
        3
      ],
      [
        0,
        1,
        2,
        3,
        5
      ]
    ],
    "front": [
      [
        1,
        2,
        4,
        5,
        6
      ],
      [
        5,
        6
      ],
      [
        1,
        5,
        6
      ],
      [
        0,
        1,
        2,
        4,
        5,
        6
      ],
      [
        1,
        2,
        5,
        6
      ],
      [
        6
      ],
      []
    ],
    "behind": [
      [
        3
      ],
      [
        0,
        2,
        3,
        4
      ],
      [
        0,
        3,
        4
      ],
      [],
      [
        0,
        3
      ],
      [
        0,
        1,
        2,
        3,
        4
      ],
      [
        0,
        1,
        2,
        3,
        4,
        5
      ]
    ],
    "left": [
      [
        4,
        5,
        6
      ],
      [
        0,
        3,
        4,
        5,
        6
      ],
      [
        0,
        1,
        3,
        4,
        5,
        6
      ],
      [
        0,
        4,
        5,
        6
      ],
      [],
      [
        4,
        6
      ],
      [
        4
      ]
    ]
  },
  "directions": {
    "right": [
      0.6563112735748291,
      0.7544902563095093,
      -0.0
    ],
    "front": [
      0.754490315914154,
      -0.6563112735748291,
      -0.0
    ],
    "behind": [
      -0.754490315914154,
      0.6563112735748291,
      0.0
    ],
    "above": [
      0.0,
      0.0,
      1.0
    ],
    "below": [
      -0.0,
      -0.0,
      -1.0
    ],
    "left": [
      -0.6563112735748291,
      -0.7544902563095093,
      0.0
    ]
  },
  "red_cube_pos": [
    [
      87,
      55
    ],
    [
      127,
      98
    ]
  ],
  "image_filename": "CLEVR_new_001130.png",
  "split": "new",
  "objects": [
    {
      "size": "small",
      "pixel_coords": [
        170,
        97,
        11.463800430297852
      ],
      "color": "yellow",
      "material": "rubber",
      "rotation": 294.48453020851474,
      "3d_coords": [
        -0.47295087575912476,
        0.8204934597015381,
        0.3499999940395355
      ],
      "shape": "cylinder"
    },
    {
      "size": "small",
      "pixel_coords": [
        223,
        118,
        10.23933219909668
      ],
      "color": "brown",
      "material": "rubber",
      "rotation": 221.59374450412398,
      "3d_coords": [
        1.5764799118041992,
        1.100337266921997,
        0.3499999940395355
      ],
      "shape": "cube"
    },
    {
      "size": "large",
      "pixel_coords": [
        263,
        101,
        10.470098495483398
      ],
      "color": "gray",
      "material": "metal",
      "rotation": 91.66255243075356,
      "3d_coords": [
        2.009302854537964,
        2.3538002967834473,
        0.699999988079071
      ],
      "shape": "cube"
    },
    {
      "size": "small",
      "pixel_coords": [
        182,
        80,
        12.707365989685059
      ],
      "color": "yellow",
      "material": "rubber",
      "rotation": 39.34429342802887,
      "3d_coords": [
        -1.2707476615905762,
        2.09714937210083,
        0.3499999940395355
      ],
      "shape": "cube"
    },
    {
      "size": "large",
      "pixel_coords": [
        78,
        92,
        11.010772705078125
      ],
      "color": "purple",
      "material": "rubber",
      "rotation": 279.316238864325,
      "3d_coords": [
        -2.0715818405151367,
        -1.6317334175109863,
        0.699999988079071
      ],
      "shape": "sphere"
    },
    {
      "size": "small",
      "pixel_coords": [
        147,
        136,
        9.37596607208252
      ],
      "color": "yellow",
      "material": "rubber",
      "rotation": 295.58657179944885,
      "3d_coords": [
        0.937532901763916,
        -1.2364932298660278,
        0.3499999940395355
      ],
      "shape": "sphere"
    },
    {
      "size": "small",
      "pixel_coords": [
        108,
        162,
        8.351350784301758
      ],
      "color": "red",
      "material": "rubber",
      "rotation": 34.87988471882948,
      "3d_coords": [
        1.2810776233673096,
        -2.6699376106262207,
        0.3499999940395355
      ],
      "shape": "cube"
    }
  ]
}