{
  "image_index": 1211,
  "relationships": {
    "right": [
      [
        5
      ],
      [
        0,
        4,
        5,
        6
      ],
      [
        0,
        1,
        3,
        4,
        5,
        6
      ],
      [
        0,
        1,
        4,
        5,
        6
      ],
      [
        0,
        5,
        6
      ],
      [],
      [
        0,
        5
      ]
    ],
    "front": [
      [
        1,
        2,
        3,
        5,
        6
      ],
      [],
      [
        1,
        3,
        5
      ],
      [
        1,
        5
      ],
      [
        0,
        1,
        2,
        3,
        5,
        6
      ],
      [
        1
      ],
      [
        1,
        2,
        3,
        5
      ]
    ],
    "behind": [
      [
        4
      ],
      [
        0,
        2,
        3,
        4,
        5,
        6
      ],
      [
        0,
        4,
        6
      ],
      [
        0,
        2,
        4,
        6
      ],
      [],
      [
        0,
        2,
        3,
        4,
        6
      ],
      [
        0,
        4
      ]
    ],
    "left": [
      [
        1,
        2,
        3,
        4,
        6
      ],
      [
        2,
        3
      ],
      [],
      [
        2
      ],
      [
        1,
        2,
        3
      ],
      [
        0,
        1,
        2,
        3,
        4,
        6
      ],
      [
        1,
        2,
        3,
        4
      ]
    ]
  },
  "directions": {
    "right": [
      0.6563112735748291,
      0.7544902563095093,
      -0.0
    ],
    "front": [
      0.754490315914154,
      -0.6563112735748291,
      -0.0
    ],
    "behind": [
      -0.754490315914154,
      0.6563112735748291,
      0.0
    ],
    "above": [
      0.0,
      0.0,
      1.0
    ],
    "below": [
      -0.0,
      -0.0,
      -1.0
    ],
    "left": [
      -0.6563112735748291,
      -0.7544902563095093,
      0.0
    ]
  },
  "red_cube_pos": [
    [
      177,
      129
    ],
    [
      200,
      155
    ]
  ],
  "image_filename": "CLEVR_new_001211.png",
  "split": "new",
  "objects": [
    {
      "size": "small",
      "pixel_coords": [
        203,
        84,
        13.241425514221191
      ],
      "color": "red",
      "material": "rubber",
      "rotation": 339.49841668731955,
      "3d_coords": [
        -0.42140519618988037,
        2.6147725582122803,
        0.3499999940395355
      ],
      "shape": "sphere"
    },
    {
      "size": "large",
      "pixel_coords": [
        131,
        140,
        9.291823387145996
      ],
      "color": "purple",
      "material": "metal",
      "rotation": 230.65571775867122,
      "3d_coords": [
        1.151800274848938,
        -2.102721929550171,
        0.699999988079071
      ],
      "shape": "cube"
    },
    {
      "size": "small",
      "pixel_coords": [
        48,
        107,
        11.64980697631836
      ],
      "color": "blue",
      "material": "metal",
      "rotation": 351.3737892890129,
      "3d_coords": [
        -2.7108166217803955,
        -2.5671751499176025,
        0.3499999940395355
      ],
      "shape": "cube"
    },
    {
      "size": "small",
      "pixel_coords": [
        90,
        116,
        11.113497734069824
      ],
      "color": "blue",
      "material": "metal",
      "rotation": 71.5112184659999,
      "3d_coords": [
        -1.2331563234329224,
        -1.8813611268997192,
        0.3499999940395355
      ],
      "shape": "sphere"
    },
    {
      "size": "small",
      "pixel_coords": [
        159,
        76,
        13.992578506469727
      ],
      "color": "brown",
      "material": "metal",
      "rotation": 154.7394456429672,
      "3d_coords": [
        -2.191683769226074,
        1.977882742881775,
        0.3499999940395355
      ],
      "shape": "sphere"
    },
    {
      "size": "small",
      "pixel_coords": [
        269,
        124,
        10.695966720581055
      ],
      "color": "blue",
      "material": "metal",
      "rotation": 273.87416136223374,
      "3d_coords": [
        2.883423089981079,
        1.8598507642745972,
        0.3499999940395355
      ],
      "shape": "cylinder"
    },
    {
      "size": "small",
      "pixel_coords": [
        188,
        97,
        12.309747695922852
      ],
      "color": "red",
      "material": "rubber",
      "rotation": 128.26684529032136,
      "3d_coords": [
        -0.06348052620887756,
        1.417535424232483,
        0.3499999940395355
      ],
      "shape": "cube"
    }
  ]
}