{
  "image_index": 1220,
  "relationships": {
    "right": [
      [
        1,
        2,
        3,
        4,
        5,
        7
      ],
      [
        3,
        4,
        5,
        7
      ],
      [
        1,
        3,
        4,
        5,
        7
      ],
      [
        4
      ],
      [],
      [
        3,
        4
      ],
      [
        0,
        1,
        2,
        3,
        4,
        5,
        7
      ],
      [
        3,
        4,
        5
      ]
    ],
    "front": [
      [
        1,
        2,
        3,
        4,
        5,
        6
      ],
      [],
      [
        1
      ],
      [
        1,
        2,
        4,
        6
      ],
      [
        1,
        2
      ],
      [
        1,
        2,
        3,
        4,
        6
      ],
      [
        1,
        2,
        4
      ],
      [
        0,
        1,
        2,
        3,
        4,
        5,
        6
      ]
    ],
    "behind": [
      [
        7
      ],
      [
        0,
        2,
        3,
        4,
        5,
        6,
        7
      ],
      [
        0,
        3,
        4,
        5,
        6,
        7
      ],
      [
        0,
        5,
        7
      ],
      [
        0,
        3,
        5,
        6,
        7
      ],
      [
        0,
        7
      ],
      [
        0,
        3,
        5,
        7
      ],
      []
    ],
    "left": [
      [
        6
      ],
      [
        0,
        2,
        6
      ],
      [
        0,
        6
      ],
      [
        0,
        1,
        2,
        5,
        6,
        7
      ],
      [
        0,
        1,
        2,
        3,
        5,
        6,
        7
      ],
      [
        0,
        1,
        2,
        6,
        7
      ],
      [],
      [
        0,
        1,
        2,
        6
      ]
    ]
  },
  "directions": {
    "right": [
      0.6563112735748291,
      0.7544902563095093,
      -0.0
    ],
    "front": [
      0.754490315914154,
      -0.6563112735748291,
      -0.0
    ],
    "behind": [
      -0.754490315914154,
      0.6563112735748291,
      0.0
    ],
    "above": [
      0.0,
      0.0,
      1.0
    ],
    "below": [
      -0.0,
      -0.0,
      -1.0
    ],
    "left": [
      -0.6563112735748291,
      -0.7544902563095093,
      0.0
    ]
  },
  "red_cube_pos": [
    [
      178,
      149
    ],
    [
      202,
      174
    ]
  ],
  "image_filename": "CLEVR_new_001220.png",
  "split": "new",
  "objects": [
    {
      "size": "small",
      "pixel_coords": [
        144,
        88,
        12.455471992492676
      ],
      "color": "gray",
      "material": "metal",
      "rotation": 62.44842036800316,
      "3d_coords": [
        -1.696015477180481,
        0.601187527179718,
        0.3499999940395355
      ],
      "shape": "cube"
    },
    {
      "size": "small",
      "pixel_coords": [
        179,
        160,
        8.626718521118164
      ],
      "color": "yellow",
      "material": "rubber",
      "rotation": 115.39898054054676,
      "3d_coords": [
        2.397167205810547,
        -1.2771121263504028,
        0.3499999940395355
      ],
      "shape": "sphere"
    },
    {
      "size": "small",
      "pixel_coords": [
        163,
        135,
        9.665127754211426
      ],
      "color": "blue",
      "material": "rubber",
      "rotation": 206.48676968961183,
      "3d_coords": [
        1.2240667343139648,
        -0.8477973937988281,
        0.3499999940395355
      ],
      "shape": "sphere"
    },
    {
      "size": "small",
      "pixel_coords": [
        232,
        107,
        11.14845085144043
      ],
      "color": "green",
      "material": "rubber",
      "rotation": 271.71709347363714,
      "3d_coords": [
        1.2476364374160767,
        1.927016258239746,
        0.3499999940395355
      ],
      "shape": "cube"
    },
    {
      "size": "large",
      "pixel_coords": [
        293,
        112,
        10.117409706115723
      ],
      "color": "brown",
      "material": "rubber",
      "rotation": 273.8106672727403,
      "3d_coords": [
        2.993842363357544,
        2.554593801498413,
        0.699999988079071
      ],
      "shape": "cylinder"
    },
    {
      "size": "small",
      "pixel_coords": [
        206,
        97,
        11.80839729309082
      ],
      "color": "brown",
      "material": "rubber",
      "rotation": 212.66214848217862,
      "3d_coords": [
        0.2009381353855133,
        1.8167871236801147,
        0.3499999940395355
      ],
      "shape": "cube"
    },
    {
      "size": "small",
      "pixel_coords": [
        105,
        110,
        10.965625762939453
      ],
      "color": "brown",
      "material": "rubber",
      "rotation": 0.3685703209908864,
      "3d_coords": [
        -1.0602506399154663,
        -1.3470019102096558,
        0.3499999940395355
      ],
      "shape": "cube"
    },
    {
      "size": "small",
      "pixel_coords": [
        191,
        78,
        13.297533988952637
      ],
      "color": "red",
      "material": "rubber",
      "rotation": 337.71012498899074,
      "3d_coords": [
        -1.3808642625808716,
        2.560274600982666,
        0.3499999940395355
      ],
      "shape": "cube"
    }
  ]
}