{
  "image_index": 1043,
  "relationships": {
    "right": [
      [
        1,
        2,
        3,
        4,
        6
      ],
      [
        2,
        6
      ],
      [
        6
      ],
      [
        1,
        2,
        6
      ],
      [
        1,
        2,
        3,
        6
      ],
      [
        0,
        1,
        2,
        3,
        4,
        6
      ],
      []
    ],
    "front": [
      [
        1,
        3,
        5,
        6
      ],
      [
        3,
        6
      ],
      [
        0,
        1,
        3,
        5,
        6
      ],
      [],
      [
        0,
        1,
        2,
        3,
        5,
        6
      ],
      [
        1,
        3,
        6
      ],
      [
        3
      ]
    ],
    "behind": [
      [
        2,
        4
      ],
      [
        0,
        2,
        4,
        5
      ],
      [
        4
      ],
      [
        0,
        1,
        2,
        4,
        5,
        6
      ],
      [],
      [
        0,
        2,
        4
      ],
      [
        0,
        1,
        2,
        4,
        5
      ]
    ],
    "left": [
      [
        5
      ],
      [
        0,
        3,
        4,
        5
      ],
      [
        0,
        1,
        3,
        4,
        5
      ],
      [
        0,
        4,
        5
      ],
      [
        0,
        5
      ],
      [],
      [
        0,
        1,
        2,
        3,
        4,
        5
      ]
    ]
  },
  "directions": {
    "right": [
      0.6563112735748291,
      0.7544902563095093,
      -0.0
    ],
    "front": [
      0.754490315914154,
      -0.6563112735748291,
      -0.0
    ],
    "behind": [
      -0.754490315914154,
      0.6563112735748291,
      0.0
    ],
    "above": [
      0.0,
      0.0,
      1.0
    ],
    "below": [
      -0.0,
      -0.0,
      -1.0
    ],
    "left": [
      -0.6563112735748291,
      -0.7544902563095093,
      0.0
    ]
  },
  "red_cube_pos": [
    [
      206,
      87
    ],
    [
      234,
      121
    ]
  ],
  "image_filename": "CLEVR_new_001043.png",
  "split": "new",
  "objects": [
    {
      "size": "small",
      "pixel_coords": [
        101,
        94,
        11.644131660461426
      ],
      "color": "purple",
      "material": "metal",
      "rotation": 125.72527552166467,
      "3d_coords": [
        -2.1056034564971924,
        -0.7751378417015076,
        0.3499999940395355
      ],
      "shape": "sphere"
    },
    {
      "size": "large",
      "pixel_coords": [
        168,
        108,
        10.119512557983398
      ],
      "color": "green",
      "material": "metal",
      "rotation": 192.77765280794736,
      "3d_coords": [
        0.5208683013916016,
        -0.13746106624603271,
        0.699999988079071
      ],
      "shape": "cube"
    },
    {
      "size": "large",
      "pixel_coords": [
        179,
        71,
        12.450746536254883
      ],
      "color": "purple",
      "material": "metal",
      "rotation": 116.12739601622874,
      "3d_coords": [
        -1.244323492050171,
        1.958220362663269,
        0.699999988079071
      ],
      "shape": "sphere"
    },
    {
      "size": "small",
      "pixel_coords": [
        141,
        144,
        9.157968521118164
      ],
      "color": "blue",
      "material": "rubber",
      "rotation": 247.0473278437352,
      "3d_coords": [
        1.0429835319519043,
        -1.55368173122406,
        0.3499999940395355
      ],
      "shape": "sphere"
    },
    {
      "size": "small",
      "pixel_coords": [
        128,
        73,
        13.196524620056152
      ],
      "color": "gray",
      "material": "rubber",
      "rotation": 1.5813516472471267,
      "3d_coords": [
        -2.970679759979248,
        0.9774410724639893,
        0.3499999940395355
      ],
      "shape": "cube"
    },
    {
      "size": "large",
      "pixel_coords": [
        56,
        99,
        10.583166122436523
      ],
      "color": "green",
      "material": "rubber",
      "rotation": 42.769318323605525,
      "3d_coords": [
        -2.1028621196746826,
        -2.3349530696868896,
        0.699999988079071
      ],
      "shape": "sphere"
    },
    {
      "size": "small",
      "pixel_coords": [
        220,
        135,
        9.510170936584473
      ],
      "color": "red",
      "material": "rubber",
      "rotation": 264.66741628953565,
      "3d_coords": [
        2.120720386505127,
        0.3094581663608551,
        0.3499999940395355
      ],
      "shape": "cube"
    }
  ]
}