{
  "image_index": 1240,
  "relationships": {
    "right": [
      [
        1,
        2,
        3
      ],
      [
        2
      ],
      [],
      [
        1,
        2
      ],
      [
        0,
        1,
        2,
        3
      ],
      [
        0,
        1,
        2,
        3,
        4
      ],
      [
        0,
        1,
        2,
        3,
        4,
        5
      ],
      [
        0,
        1,
        2,
        3,
        4,
        5,
        6
      ]
    ],
    "front": [
      [
        1,
        2,
        3,
        4,
        6,
        7
      ],
      [],
      [
        1,
        4,
        6
      ],
      [
        1,
        2,
        4,
        6,
        7
      ],
      [
        1,
        6
      ],
      [
        0,
        1,
        2,
        3,
        4,
        6,
        7
      ],
      [
        1
      ],
      [
        1,
        2,
        4,
        6
      ]
    ],
    "behind": [
      [
        5
      ],
      [
        0,
        2,
        3,
        4,
        5,
        6,
        7
      ],
      [
        0,
        3,
        5,
        7
      ],
      [
        0,
        5
      ],
      [
        0,
        2,
        3,
        5,
        7
      ],
      [],
      [
        0,
        2,
        3,
        4,
        5,
        7
      ],
      [
        0,
        3,
        5
      ]
    ],
    "left": [
      [
        4,
        5,
        6,
        7
      ],
      [
        0,
        3,
        4,
        5,
        6,
        7
      ],
      [
        0,
        1,
        3,
        4,
        5,
        6,
        7
      ],
      [
        0,
        4,
        5,
        6,
        7
      ],
      [
        5,
        6,
        7
      ],
      [
        6,
        7
      ],
      [
        7
      ],
      []
    ]
  },
  "directions": {
    "right": [
      0.6563112735748291,
      0.7544902563095093,
      -0.0
    ],
    "front": [
      0.754490315914154,
      -0.6563112735748291,
      -0.0
    ],
    "behind": [
      -0.754490315914154,
      0.6563112735748291,
      0.0
    ],
    "above": [
      0.0,
      0.0,
      1.0
    ],
    "below": [
      -0.0,
      -0.0,
      -1.0
    ],
    "left": [
      -0.6563112735748291,
      -0.7544902563095093,
      0.0
    ]
  },
  "red_cube_pos": [
    [
      72,
      138
    ],
    [
      99,
      157
    ]
  ],
  "image_filename": "CLEVR_new_001240.png",
  "split": "new",
  "objects": [
    {
      "size": "small",
      "pixel_coords": [
        172,
        83,
        13.456382751464844
      ],
      "color": "gray",
      "material": "rubber",
      "rotation": 110.72247890138566,
      "3d_coords": [
        -1.3445667028427124,
        1.8455839157104492,
        0.3499999940395355
      ],
      "shape": "cube"
    },
    {
      "size": "small",
      "pixel_coords": [
        236,
        143,
        9.855090141296387
      ],
      "color": "red",
      "material": "metal",
      "rotation": 242.95408260986073,
      "3d_coords": [
        2.841923952102661,
        0.29335668683052063,
        0.3499999940395355
      ],
      "shape": "cylinder"
    },
    {
      "size": "large",
      "pixel_coords": [
        241,
        90,
        12.113176345825195
      ],
      "color": "purple",
      "material": "metal",
      "rotation": 188.2377137853802,
      "3d_coords": [
        1.2223790884017944,
        2.6706535816192627,
        0.699999988079071
      ],
      "shape": "cube"
    },
    {
      "size": "small",
      "pixel_coords": [
        204,
        89,
        12.968491554260254
      ],
      "color": "green",
      "material": "metal",
      "rotation": 175.41591584898723,
      "3d_coords": [
        -0.13742908835411072,
        2.3403730392456055,
        0.3499999940395355
      ],
      "shape": "sphere"
    },
    {
      "size": "small",
      "pixel_coords": [
        161,
        118,
        11.0953950881958
      ],
      "color": "green",
      "material": "metal",
      "rotation": 2.0523423610125535,
      "3d_coords": [
        0.3714076280593872,
        -0.30537649989128113,
        0.3499999940395355
      ],
      "shape": "cube"
    },
    {
      "size": "large",
      "pixel_coords": [
        139,
        67,
        13.985840797424316
      ],
      "color": "gray",
      "material": "metal",
      "rotation": 152.866278083389,
      "3d_coords": [
        -2.8171279430389404,
        1.4257596731185913,
        0.699999988079071
      ],
      "shape": "sphere"
    },
    {
      "size": "large",
      "pixel_coords": [
        94,
        117,
        10.451272964477539
      ],
      "color": "blue",
      "material": "rubber",
      "rotation": 287.3826632236107,
      "3d_coords": [
        -0.574169397354126,
        -2.153526544570923,
        0.699999988079071
      ],
      "shape": "sphere"
    },
    {
      "size": "small",
      "pixel_coords": [
        86,
        95,
        12.535591125488281
      ],
      "color": "red",
      "material": "rubber",
      "rotation": 265.6935987083632,
      "3d_coords": [
        -2.643216609954834,
        -1.1614058017730713,
        0.3499999940395355
      ],
      "shape": "cube"
    }
  ]
}