{
  "image_index": 1165,
  "relationships": {
    "right": [
      [
        2,
        4
      ],
      [
        0,
        2,
        3,
        4,
        5
      ],
      [
        4
      ],
      [
        0,
        2,
        4,
        5
      ],
      [],
      [
        0,
        2,
        4
      ],
      [
        0,
        1,
        2,
        3,
        4,
        5
      ]
    ],
    "front": [
      [
        1,
        2,
        3,
        4,
        5,
        6
      ],
      [
        3,
        4,
        6
      ],
      [
        1,
        3,
        4,
        6
      ],
      [],
      [
        3,
        6
      ],
      [
        1,
        2,
        3,
        4,
        6
      ],
      [
        3
      ]
    ],
    "behind": [
      [],
      [
        0,
        2,
        5
      ],
      [
        0,
        5
      ],
      [
        0,
        1,
        2,
        4,
        5,
        6
      ],
      [
        0,
        1,
        2,
        5
      ],
      [
        0
      ],
      [
        0,
        1,
        2,
        4,
        5
      ]
    ],
    "left": [
      [
        1,
        3,
        5,
        6
      ],
      [
        6
      ],
      [
        0,
        1,
        3,
        5,
        6
      ],
      [
        1,
        6
      ],
      [
        0,
        1,
        2,
        3,
        5,
        6
      ],
      [
        1,
        3,
        6
      ],
      []
    ]
  },
  "directions": {
    "right": [
      0.6563112735748291,
      0.7544902563095093,
      -0.0
    ],
    "front": [
      0.754490315914154,
      -0.6563112735748291,
      -0.0
    ],
    "behind": [
      -0.754490315914154,
      0.6563112735748291,
      0.0
    ],
    "above": [
      0.0,
      0.0,
      1.0
    ],
    "below": [
      -0.0,
      -0.0,
      -1.0
    ],
    "left": [
      -0.6563112735748291,
      -0.7544902563095093,
      0.0
    ]
  },
  "red_cube_pos": [
    [
      48,
      87
    ],
    [
      82,
      124
    ]
  ],
  "image_filename": "CLEVR_new_001165.png",
  "split": "new",
  "objects": [
    {
      "size": "large",
      "pixel_coords": [
        176,
        66,
        13.518105506896973
      ],
      "color": "brown",
      "material": "rubber",
      "rotation": 120.22224748466907,
      "3d_coords": [
        -1.9346214532852173,
        2.5753173828125,
        0.699999988079071
      ],
      "shape": "cylinder"
    },
    {
      "size": "large",
      "pixel_coords": [
        102,
        102,
        10.569721221923828
      ],
      "color": "blue",
      "material": "metal",
      "rotation": 202.18465696620325,
      "3d_coords": [
        -1.0569204092025757,
        -1.3984124660491943,
        0.699999988079071
      ],
      "shape": "sphere"
    },
    {
      "size": "small",
      "pixel_coords": [
        216,
        103,
        11.316658973693848
      ],
      "color": "purple",
      "material": "metal",
      "rotation": 74.66619769536602,
      "3d_coords": [
        0.8293246626853943,
        1.6751984357833862,
        0.3499999940395355
      ],
      "shape": "cube"
    },
    {
      "size": "large",
      "pixel_coords": [
        126,
        152,
        8.041677474975586
      ],
      "color": "blue",
      "material": "rubber",
      "rotation": 104.26467498650526,
      "3d_coords": [
        1.6934044361114502,
        -2.59322190284729,
        0.699999988079071
      ],
      "shape": "cylinder"
    },
    {
      "size": "large",
      "pixel_coords": [
        246,
        110,
        10.032511711120605
      ],
      "color": "yellow",
      "material": "rubber",
      "rotation": 352.47544929082943,
      "3d_coords": [
        2.2073113918304443,
        1.315401554107666,
        0.699999988079071
      ],
      "shape": "sphere"
    },
    {
      "size": "large",
      "pixel_coords": [
        163,
        82,
        12.058645248413086
      ],
      "color": "gray",
      "material": "rubber",
      "rotation": 204.53372515620256,
      "3d_coords": [
        -1.050953984260559,
        1.1057733297348022,
        0.699999988079071
      ],
      "shape": "cylinder"
    },
    {
      "size": "small",
      "pixel_coords": [
        66,
        133,
        9.546745300292969
      ],
      "color": "red",
      "material": "rubber",
      "rotation": 329.74357470179683,
      "3d_coords": [
        -0.6222585439682007,
        -2.9012668132781982,
        0.3499999940395355
      ],
      "shape": "cube"
    }
  ]
}