{
  "image_index": 1169,
  "relationships": {
    "right": [
      [
        1,
        2,
        3,
        4,
        5,
        6,
        7
      ],
      [
        2,
        3,
        4,
        5,
        6,
        7
      ],
      [
        3,
        7
      ],
      [],
      [
        2,
        3,
        7
      ],
      [
        2,
        3,
        4,
        6,
        7
      ],
      [
        2,
        3,
        4,
        7
      ],
      [
        3
      ]
    ],
    "front": [
      [
        1,
        2,
        3,
        4
      ],
      [
        2,
        4
      ],
      [],
      [
        1,
        2,
        4
      ],
      [
        2
      ],
      [
        0,
        1,
        2,
        3,
        4
      ],
      [
        0,
        1,
        2,
        3,
        4,
        5,
        7
      ],
      [
        0,
        1,
        2,
        3,
        4,
        5
      ]
    ],
    "behind": [
      [
        5,
        6,
        7
      ],
      [
        0,
        3,
        5,
        6,
        7
      ],
      [
        0,
        1,
        3,
        4,
        5,
        6,
        7
      ],
      [
        0,
        5,
        6,
        7
      ],
      [
        0,
        1,
        3,
        5,
        6,
        7
      ],
      [
        6,
        7
      ],
      [],
      [
        6
      ]
    ],
    "left": [
      [],
      [
        0
      ],
      [
        0,
        1,
        4,
        5,
        6
      ],
      [
        0,
        1,
        2,
        4,
        5,
        6,
        7
      ],
      [
        0,
        1,
        5,
        6
      ],
      [
        0,
        1
      ],
      [
        0,
        1,
        5
      ],
      [
        0,
        1,
        2,
        4,
        5,
        6
      ]
    ]
  },
  "directions": {
    "right": [
      0.6563112735748291,
      0.7544902563095093,
      -0.0
    ],
    "front": [
      0.754490315914154,
      -0.6563112735748291,
      -0.0
    ],
    "behind": [
      -0.754490315914154,
      0.6563112735748291,
      0.0
    ],
    "above": [
      0.0,
      0.0,
      1.0
    ],
    "below": [
      -0.0,
      -0.0,
      -1.0
    ],
    "left": [
      -0.6563112735748291,
      -0.7544902563095093,
      0.0
    ]
  },
  "red_cube_pos": [
    [
      185,
      140
    ],
    [
      212,
      167
    ]
  ],
  "image_filename": "CLEVR_new_001169.png",
  "split": "new",
  "objects": [
    {
      "size": "large",
      "pixel_coords": [
        41,
        100,
        10.096248626708984
      ],
      "color": "gray",
      "material": "rubber",
      "rotation": 25.447761658985524,
      "3d_coords": [
        -2.156907558441162,
        -2.681413173675537,
        0.699999988079071
      ],
      "shape": "cube"
    },
    {
      "size": "small",
      "pixel_coords": [
        62,
        134,
        9.068636894226074
      ],
      "color": "blue",
      "material": "rubber",
      "rotation": 338.9792615686649,
      "3d_coords": [
        -0.5455878376960754,
        -2.8758668899536133,
        0.3499999940395355
      ],
      "shape": "cube"
    },
    {
      "size": "small",
      "pixel_coords": [
        194,
        165,
        7.859500408172607
      ],
      "color": "blue",
      "material": "rubber",
      "rotation": 346.8828247016245,
      "3d_coords": [
        2.6466073989868164,
        -1.2636443376541138,
        0.3499999940395355
      ],
      "shape": "cylinder"
    },
    {
      "size": "large",
      "pixel_coords": [
        225,
        113,
        9.393845558166504
      ],
      "color": "green",
      "material": "rubber",
      "rotation": 192.1316835790383,
      "3d_coords": [
        1.8272336721420288,
        0.7304645776748657,
        0.699999988079071
      ],
      "shape": "cylinder"
    },
    {
      "size": "large",
      "pixel_coords": [
        153,
        131,
        8.508912086486816
      ],
      "color": "brown",
      "material": "rubber",
      "rotation": 23.36956643485256,
      "3d_coords": [
        1.3302241563796997,
        -1.382597804069519,
        0.699999988079071
      ],
      "shape": "sphere"
    },
    {
      "size": "small",
      "pixel_coords": [
        97,
        101,
        10.871955871582031
      ],
      "color": "blue",
      "material": "rubber",
      "rotation": 13.419793940059677,
      "3d_coords": [
        -1.722091794013977,
        -1.1144013404846191,
        0.3499999940395355
      ],
      "shape": "sphere"
    },
    {
      "size": "large",
      "pixel_coords": [
        140,
        63,
        13.060524940490723
      ],
      "color": "brown",
      "material": "metal",
      "rotation": 175.3515693640119,
      "3d_coords": [
        -2.9454452991485596,
        1.5452948808670044,
        0.699999988079071
      ],
      "shape": "sphere"
    },
    {
      "size": "small",
      "pixel_coords": [
        199,
        86,
        12.011322975158691
      ],
      "color": "red",
      "material": "rubber",
      "rotation": 100.40541242279514,
      "3d_coords": [
        -0.5528555512428284,
        2.2214157581329346,
        0.3499999940395355
      ],
      "shape": "cube"
    }
  ]
}