{
  "image_index": 1215,
  "relationships": {
    "right": [
      [
        6
      ],
      [
        0,
        2,
        3,
        4,
        5,
        6,
        7
      ],
      [
        0,
        4,
        6
      ],
      [
        0,
        2,
        4,
        5,
        6,
        7
      ],
      [
        0,
        6
      ],
      [
        0,
        2,
        4,
        6
      ],
      [],
      [
        0,
        2,
        4,
        5,
        6
      ]
    ],
    "front": [
      [
        1,
        2,
        3,
        6
      ],
      [
        3
      ],
      [
        1,
        3,
        6
      ],
      [],
      [
        0,
        1,
        2,
        3,
        6,
        7
      ],
      [
        0,
        1,
        2,
        3,
        4,
        6,
        7
      ],
      [
        1,
        3
      ],
      [
        0,
        1,
        2,
        3,
        6
      ]
    ],
    "behind": [
      [
        4,
        5,
        7
      ],
      [
        0,
        2,
        4,
        5,
        6,
        7
      ],
      [
        0,
        4,
        5,
        7
      ],
      [
        0,
        1,
        2,
        4,
        5,
        6,
        7
      ],
      [
        5
      ],
      [],
      [
        0,
        2,
        4,
        5,
        7
      ],
      [
        4,
        5
      ]
    ],
    "left": [
      [
        1,
        2,
        3,
        4,
        5,
        7
      ],
      [],
      [
        1,
        3,
        5,
        7
      ],
      [
        1
      ],
      [
        1,
        2,
        3,
        5,
        7
      ],
      [
        1,
        3,
        7
      ],
      [
        0,
        1,
        2,
        3,
        4,
        5,
        7
      ],
      [
        1,
        3
      ]
    ]
  },
  "directions": {
    "right": [
      0.6563112735748291,
      0.7544902563095093,
      -0.0
    ],
    "front": [
      0.754490315914154,
      -0.6563112735748291,
      -0.0
    ],
    "behind": [
      -0.754490315914154,
      0.6563112735748291,
      0.0
    ],
    "above": [
      0.0,
      0.0,
      1.0
    ],
    "below": [
      -0.0,
      -0.0,
      -1.0
    ],
    "left": [
      -0.6563112735748291,
      -0.7544902563095093,
      0.0
    ]
  },
  "red_cube_pos": [
    [
      141,
      132
    ],
    [
      162,
      156
    ]
  ],
  "image_filename": "CLEVR_new_001215.png",
  "split": "new",
  "objects": [
    {
      "size": "small",
      "pixel_coords": [
        223,
        101,
        12.327835083007812
      ],
      "color": "purple",
      "material": "rubber",
      "rotation": 214.1534073290042,
      "3d_coords": [
        0.9214005470275879,
        2.163878917694092,
        0.3499999940395355
      ],
      "shape": "cube"
    },
    {
      "size": "large",
      "pixel_coords": [
        76,
        128,
        9.907804489135742
      ],
      "color": "red",
      "material": "rubber",
      "rotation": 239.9555243616805,
      "3d_coords": [
        -0.21967829763889313,
        -2.9731719493865967,
        0.699999988079071
      ],
      "shape": "sphere"
    },
    {
      "size": "small",
      "pixel_coords": [
        188,
        110,
        11.715256690979004
      ],
      "color": "gray",
      "material": "rubber",
      "rotation": 299.34203185710356,
      "3d_coords": [
        0.5807309746742249,
        0.7344232201576233,
        0.3499999940395355
      ],
      "shape": "cylinder"
    },
    {
      "size": "small",
      "pixel_coords": [
        136,
        149,
        9.578937530517578
      ],
      "color": "blue",
      "material": "rubber",
      "rotation": 214.58716671355066,
      "3d_coords": [
        1.3339204788208008,
        -2.059349298477173,
        0.3499999940395355
      ],
      "shape": "cube"
    },
    {
      "size": "large",
      "pixel_coords": [
        194,
        77,
        13.49349308013916
      ],
      "color": "red",
      "material": "rubber",
      "rotation": 284.6472816683579,
      "3d_coords": [
        -0.8102836012840271,
        2.476372480392456,
        0.699999988079071
      ],
      "shape": "sphere"
    },
    {
      "size": "small",
      "pixel_coords": [
        164,
        77,
        14.467371940612793
      ],
      "color": "purple",
      "material": "metal",
      "rotation": 189.95259258407242,
      "3d_coords": [
        -2.2554476261138916,
        2.227243185043335,
        0.3499999940395355
      ],
      "shape": "cylinder"
    },
    {
      "size": "large",
      "pixel_coords": [
        259,
        106,
        11.177762031555176
      ],
      "color": "brown",
      "material": "rubber",
      "rotation": 308.4260616644291,
      "3d_coords": [
        2.377614736557007,
        2.124939441680908,
        0.699999988079071
      ],
      "shape": "cube"
    },
    {
      "size": "small",
      "pixel_coords": [
        152,
        95,
        12.791333198547363
      ],
      "color": "red",
      "material": "rubber",
      "rotation": 96.47196962173717,
      "3d_coords": [
        -1.1354163885116577,
        0.6326891183853149,
        0.3499999940395355
      ],
      "shape": "cube"
    }
  ]
}