{
  "image_index": 1046,
  "relationships": {
    "right": [
      [
        2,
        3,
        5,
        7
      ],
      [
        0,
        2,
        3,
        5,
        7
      ],
      [
        3,
        7
      ],
      [
        7
      ],
      [
        0,
        1,
        2,
        3,
        5,
        7
      ],
      [
        2,
        3,
        7
      ],
      [
        0,
        1,
        2,
        3,
        4,
        5,
        7
      ],
      []
    ],
    "front": [
      [
        2,
        4,
        7
      ],
      [
        0,
        2,
        3,
        4,
        5,
        6,
        7
      ],
      [
        4,
        7
      ],
      [
        0,
        2,
        4,
        6,
        7
      ],
      [],
      [
        0,
        2,
        3,
        4,
        6,
        7
      ],
      [
        0,
        2,
        4,
        7
      ],
      [
        4
      ]
    ],
    "behind": [
      [
        1,
        3,
        5,
        6
      ],
      [],
      [
        0,
        1,
        3,
        5,
        6
      ],
      [
        1,
        5
      ],
      [
        0,
        1,
        2,
        3,
        5,
        6,
        7
      ],
      [
        1
      ],
      [
        1,
        3,
        5
      ],
      [
        0,
        1,
        2,
        3,
        5,
        6
      ]
    ],
    "left": [
      [
        1,
        4,
        6
      ],
      [
        4,
        6
      ],
      [
        0,
        1,
        4,
        5,
        6
      ],
      [
        0,
        1,
        2,
        4,
        5,
        6
      ],
      [
        6
      ],
      [
        0,
        1,
        4,
        6
      ],
      [],
      [
        0,
        1,
        2,
        3,
        4,
        5,
        6
      ]
    ]
  },
  "directions": {
    "right": [
      0.6563112735748291,
      0.7544902563095093,
      -0.0
    ],
    "front": [
      0.754490315914154,
      -0.6563112735748291,
      -0.0
    ],
    "behind": [
      -0.754490315914154,
      0.6563112735748291,
      0.0
    ],
    "above": [
      0.0,
      0.0,
      1.0
    ],
    "below": [
      -0.0,
      -0.0,
      -1.0
    ],
    "left": [
      -0.6563112735748291,
      -0.7544902563095093,
      0.0
    ]
  },
  "red_cube_pos": [
    [
      238,
      84
    ],
    [
      268,
      118
    ]
  ],
  "image_filename": "CLEVR_new_001046.png",
  "split": "new",
  "objects": [
    {
      "size": "small",
      "pixel_coords": [
        158,
        116,
        10.677434921264648
      ],
      "color": "green",
      "material": "metal",
      "rotation": 334.4019808717119,
      "3d_coords": [
        0.3019903302192688,
        -0.3234744369983673,
        0.3499999940395355
      ],
      "shape": "cube"
    },
    {
      "size": "small",
      "pixel_coords": [
        142,
        75,
        13.892410278320312
      ],
      "color": "blue",
      "material": "rubber",
      "rotation": 198.6791684184648,
      "3d_coords": [
        -2.9319908618927,
        1.4289186000823975,
        0.3499999940395355
      ],
      "shape": "cylinder"
    },
    {
      "size": "small",
      "pixel_coords": [
        193,
        129,
        9.996119499206543
      ],
      "color": "blue",
      "material": "rubber",
      "rotation": 260.99074261063686,
      "3d_coords": [
        1.525243878364563,
        -0.01599302887916565,
        0.3499999940395355
      ],
      "shape": "sphere"
    },
    {
      "size": "large",
      "pixel_coords": [
        222,
        83,
        12.149198532104492
      ],
      "color": "gray",
      "material": "rubber",
      "rotation": 309.1658000175243,
      "3d_coords": [
        0.23093129694461823,
        2.5502305030822754,
        0.699999988079071
      ],
      "shape": "cylinder"
    },
    {
      "size": "small",
      "pixel_coords": [
        105,
        147,
        9.09543228149414
      ],
      "color": "brown",
      "material": "metal",
      "rotation": 84.12937590052026,
      "3d_coords": [
        0.8563961386680603,
        -2.4944159984588623,
        0.3499999940395355
      ],
      "shape": "sphere"
    },
    {
      "size": "large",
      "pixel_coords": [
        174,
        72,
        13.185688972473145
      ],
      "color": "blue",
      "material": "metal",
      "rotation": 222.75041987795657,
      "3d_coords": [
        -1.6888738870620728,
        2.008176326751709,
        0.699999988079071
      ],
      "shape": "cylinder"
    },
    {
      "size": "small",
      "pixel_coords": [
        76,
        103,
        11.572203636169434
      ],
      "color": "yellow",
      "material": "metal",
      "rotation": 143.27308789879993,
      "3d_coords": [
        -2.169236421585083,
        -1.818587064743042,
        0.3499999940395355
      ],
      "shape": "cube"
    },
    {
      "size": "small",
      "pixel_coords": [
        253,
        138,
        9.507841110229492
      ],
      "color": "red",
      "material": "rubber",
      "rotation": 176.67302953976463,
      "3d_coords": [
        2.944524049758911,
        0.8891474604606628,
        0.3499999940395355
      ],
      "shape": "cube"
    }
  ]
}