{
  "image_index": 1052,
  "relationships": {
    "right": [
      [
        1,
        2,
        3,
        4,
        5,
        6
      ],
      [
        4
      ],
      [
        1,
        4,
        5,
        6
      ],
      [
        1,
        2,
        4,
        5,
        6
      ],
      [],
      [
        1,
        4
      ],
      [
        1,
        4,
        5
      ]
    ],
    "front": [
      [
        1,
        3,
        6
      ],
      [
        3,
        6
      ],
      [
        0,
        1,
        3,
        4,
        6
      ],
      [
        6
      ],
      [
        0,
        1,
        3,
        6
      ],
      [
        0,
        1,
        2,
        3,
        4,
        6
      ],
      []
    ],
    "behind": [
      [
        2,
        4,
        5
      ],
      [
        0,
        2,
        4,
        5
      ],
      [
        5
      ],
      [
        0,
        1,
        2,
        4,
        5
      ],
      [
        2,
        5
      ],
      [],
      [
        0,
        1,
        2,
        3,
        4,
        5
      ]
    ],
    "left": [
      [],
      [
        0,
        2,
        3,
        5,
        6
      ],
      [
        0,
        3
      ],
      [
        0
      ],
      [
        0,
        1,
        2,
        3,
        5,
        6
      ],
      [
        0,
        2,
        3,
        6
      ],
      [
        0,
        2,
        3
      ]
    ]
  },
  "directions": {
    "right": [
      0.6563112735748291,
      0.7544902563095093,
      -0.0
    ],
    "front": [
      0.754490315914154,
      -0.6563112735748291,
      -0.0
    ],
    "behind": [
      -0.754490315914154,
      0.6563112735748291,
      0.0
    ],
    "above": [
      0.0,
      0.0,
      1.0
    ],
    "below": [
      -0.0,
      -0.0,
      -1.0
    ],
    "left": [
      -0.6563112735748291,
      -0.7544902563095093,
      0.0
    ]
  },
  "red_cube_pos": [
    [
      114,
      36
    ],
    [
      154,
      82
    ]
  ],
  "image_filename": "CLEVR_new_001052.png",
  "split": "new",
  "objects": [
    {
      "size": "small",
      "pixel_coords": [
        93,
        120,
        10.587472915649414
      ],
      "color": "red",
      "material": "rubber",
      "rotation": 118.06766777453788,
      "3d_coords": [
        -0.7308758497238159,
        -2.0348241329193115,
        0.3499999940395355
      ],
      "shape": "sphere"
    },
    {
      "size": "large",
      "pixel_coords": [
        195,
        126,
        9.45101261138916
      ],
      "color": "gray",
      "material": "metal",
      "rotation": 149.52899335026143,
      "3d_coords": [
        2.0127060413360596,
        -0.43976595997810364,
        0.699999988079071
      ],
      "shape": "sphere"
    },
    {
      "size": "large",
      "pixel_coords": [
        134,
        81,
        12.6664457321167
      ],
      "color": "red",
      "material": "rubber",
      "rotation": 338.67257210291876,
      "3d_coords": [
        -1.9356077909469604,
        0.4057777523994446,
        0.699999988079071
      ],
      "shape": "sphere"
    },
    {
      "size": "small",
      "pixel_coords": [
        94,
        153,
        8.87488842010498
      ],
      "color": "blue",
      "material": "metal",
      "rotation": 65.29508409403792,
      "3d_coords": [
        0.9699841141700745,
        -2.970078229904175,
        0.3499999940395355
      ],
      "shape": "cube"
    },
    {
      "size": "large",
      "pixel_coords": [
        270,
        104,
        10.7913236618042
      ],
      "color": "blue",
      "material": "metal",
      "rotation": 243.88372796810052,
      "3d_coords": [
        2.4332118034362793,
        2.404717445373535,
        0.699999988079071
      ],
      "shape": "cube"
    },
    {
      "size": "small",
      "pixel_coords": [
        165,
        82,
        13.649639129638672
      ],
      "color": "yellow",
      "material": "metal",
      "rotation": 357.3235641700865,
      "3d_coords": [
        -1.9337526559829712,
        1.8545187711715698,
        0.3499999940395355
      ],
      "shape": "cube"
    },
    {
      "size": "small",
      "pixel_coords": [
        135,
        180,
        7.856678485870361
      ],
      "color": "red",
      "material": "rubber",
      "rotation": 83.1133289178287,
      "3d_coords": [
        2.5424468517303467,
        -2.849276065826416,
        0.3499999940395355
      ],
      "shape": "cube"
    }
  ]
}