{
  "image_index": 1191,
  "relationships": {
    "right": [
      [
        1,
        2,
        3,
        4,
        6
      ],
      [],
      [
        1,
        3,
        4,
        6
      ],
      [
        1,
        4
      ],
      [
        1
      ],
      [
        0,
        1,
        2,
        3,
        4,
        6
      ],
      [
        1,
        3,
        4
      ],
      [
        0,
        1,
        2,
        3,
        4,
        5,
        6
      ]
    ],
    "front": [
      [
        1,
        4,
        5,
        6,
        7
      ],
      [
        4,
        5,
        6
      ],
      [
        0,
        1,
        3,
        4,
        5,
        6,
        7
      ],
      [
        0,
        1,
        4,
        5,
        6,
        7
      ],
      [
        6
      ],
      [
        4,
        6
      ],
      [],
      [
        1,
        4,
        5,
        6
      ]
    ],
    "behind": [
      [
        2,
        3
      ],
      [
        0,
        2,
        3,
        7
      ],
      [],
      [
        2
      ],
      [
        0,
        1,
        2,
        3,
        5,
        7
      ],
      [
        0,
        1,
        2,
        3,
        7
      ],
      [
        0,
        1,
        2,
        3,
        4,
        5,
        7
      ],
      [
        0,
        2,
        3
      ]
    ],
    "left": [
      [
        5,
        7
      ],
      [
        0,
        2,
        3,
        4,
        5,
        6,
        7
      ],
      [
        0,
        5,
        7
      ],
      [
        0,
        2,
        5,
        6,
        7
      ],
      [
        0,
        2,
        3,
        5,
        6,
        7
      ],
      [
        7
      ],
      [
        0,
        2,
        5,
        7
      ],
      []
    ]
  },
  "directions": {
    "right": [
      0.6563112735748291,
      0.7544902563095093,
      -0.0
    ],
    "front": [
      0.754490315914154,
      -0.6563112735748291,
      -0.0
    ],
    "behind": [
      -0.754490315914154,
      0.6563112735748291,
      0.0
    ],
    "above": [
      0.0,
      0.0,
      1.0
    ],
    "below": [
      -0.0,
      -0.0,
      -1.0
    ],
    "left": [
      -0.6563112735748291,
      -0.7544902563095093,
      0.0
    ]
  },
  "red_cube_pos": [
    [
      19,
      117
    ],
    [
      52,
      148
    ]
  ],
  "image_filename": "CLEVR_new_001191.png",
  "split": "new",
  "objects": [
    {
      "size": "large",
      "pixel_coords": [
        105,
        83,
        11.701272964477539
      ],
      "color": "purple",
      "material": "rubber",
      "rotation": 41.08874186391081,
      "3d_coords": [
        -2.127821922302246,
        -0.5780208706855774,
        0.699999988079071
      ],
      "shape": "cube"
    },
    {
      "size": "large",
      "pixel_coords": [
        279,
        109,
        10.226131439208984
      ],
      "color": "purple",
      "material": "metal",
      "rotation": 182.65907102881675,
      "3d_coords": [
        2.6780550479888916,
        2.269888401031494,
        0.699999988079071
      ],
      "shape": "cube"
    },
    {
      "size": "large",
      "pixel_coords": [
        145,
        60,
        13.416736602783203
      ],
      "color": "blue",
      "material": "rubber",
      "rotation": 229.00564005064163,
      "3d_coords": [
        -2.8213841915130615,
        1.6896522045135498,
        0.699999988079071
      ],
      "shape": "sphere"
    },
    {
      "size": "large",
      "pixel_coords": [
        180,
        73,
        12.374943733215332
      ],
      "color": "purple",
      "material": "metal",
      "rotation": 57.65155696067576,
      "3d_coords": [
        -1.0551893711090088,
        1.8455144166946411,
        0.699999988079071
      ],
      "shape": "sphere"
    },
    {
      "size": "large",
      "pixel_coords": [
        226,
        127,
        9.40995979309082
      ],
      "color": "gray",
      "material": "rubber",
      "rotation": 292.3683381826209,
      "3d_coords": [
        2.2763888835906982,
        0.35707080364227295,
        0.699999988079071
      ],
      "shape": "cube"
    },
    {
      "size": "small",
      "pixel_coords": [
        77,
        128,
        10.0148286819458
      ],
      "color": "brown",
      "material": "rubber",
      "rotation": 348.8081115349076,
      "3d_coords": [
        -0.8380746245384216,
        -2.4425766468048096,
        0.3499999940395355
      ],
      "shape": "cylinder"
    },
    {
      "size": "large",
      "pixel_coords": [
        156,
        163,
        8.093356132507324
      ],
      "color": "brown",
      "material": "rubber",
      "rotation": 105.89663029386908,
      "3d_coords": [
        2.2183945178985596,
        -2.056161403656006,
        0.699999988079071
      ],
      "shape": "sphere"
    },
    {
      "size": "small",
      "pixel_coords": [
        36,
        107,
        11.035025596618652
      ],
      "color": "red",
      "material": "rubber",
      "rotation": 160.59565493493596,
      "3d_coords": [
        -2.7355542182922363,
        -2.7865726947784424,
        0.3499999940395355
      ],
      "shape": "cube"
    }
  ]
}