{
  "image_index": 1203,
  "relationships": {
    "right": [
      [
        1,
        2,
        3,
        4,
        5
      ],
      [
        5
      ],
      [
        1,
        5
      ],
      [
        1,
        2,
        5
      ],
      [
        1,
        2,
        3,
        5
      ],
      [],
      [
        0,
        1,
        2,
        3,
        4,
        5
      ]
    ],
    "front": [
      [
        1,
        2,
        4,
        5,
        6
      ],
      [
        2,
        4
      ],
      [
        4
      ],
      [
        0,
        1,
        2,
        4,
        5,
        6
      ],
      [],
      [
        1,
        2,
        4,
        6
      ],
      [
        1,
        2,
        4
      ]
    ],
    "behind": [
      [
        3
      ],
      [
        0,
        3,
        5,
        6
      ],
      [
        0,
        1,
        3,
        5,
        6
      ],
      [],
      [
        0,
        1,
        2,
        3,
        5,
        6
      ],
      [
        0,
        3
      ],
      [
        0,
        3,
        5
      ]
    ],
    "left": [
      [
        6
      ],
      [
        0,
        2,
        3,
        4,
        6
      ],
      [
        0,
        3,
        4,
        6
      ],
      [
        0,
        4,
        6
      ],
      [
        0,
        6
      ],
      [
        0,
        1,
        2,
        3,
        4,
        6
      ],
      []
    ]
  },
  "directions": {
    "right": [
      0.6563112735748291,
      0.7544902563095093,
      -0.0
    ],
    "front": [
      0.754490315914154,
      -0.6563112735748291,
      -0.0
    ],
    "behind": [
      -0.754490315914154,
      0.6563112735748291,
      0.0
    ],
    "above": [
      0.0,
      0.0,
      1.0
    ],
    "below": [
      -0.0,
      -0.0,
      -1.0
    ],
    "left": [
      -0.6563112735748291,
      -0.7544902563095093,
      0.0
    ]
  },
  "red_cube_pos": [
    [
      38,
      118
    ],
    [
      65,
      147
    ]
  ],
  "image_filename": "CLEVR_new_001203.png",
  "split": "new",
  "objects": [
    {
      "size": "large",
      "pixel_coords": [
        130,
        73,
        12.945167541503906
      ],
      "color": "green",
      "material": "metal",
      "rotation": 3.0485987807204706,
      "3d_coords": [
        -2.5432255268096924,
        0.8579372763633728,
        0.699999988079071
      ],
      "shape": "cube"
    },
    {
      "size": "small",
      "pixel_coords": [
        224,
        111,
        10.8817138671875
      ],
      "color": "green",
      "material": "metal",
      "rotation": 172.70840778489915,
      "3d_coords": [
        1.4087474346160889,
        1.403200387954712,
        0.3499999940395355
      ],
      "shape": "cylinder"
    },
    {
      "size": "large",
      "pixel_coords": [
        216,
        144,
        8.452698707580566
      ],
      "color": "yellow",
      "material": "rubber",
      "rotation": 195.8569057940658,
      "3d_coords": [
        2.830000162124634,
        -0.8170158863067627,
        0.699999988079071
      ],
      "shape": "cylinder"
    },
    {
      "size": "large",
      "pixel_coords": [
        159,
        61,
        14.13677978515625
      ],
      "color": "purple",
      "material": "rubber",
      "rotation": 219.54388440259265,
      "3d_coords": [
        -2.794614791870117,
        2.5524165630340576,
        0.699999988079071
      ],
      "shape": "sphere"
    },
    {
      "size": "small",
      "pixel_coords": [
        143,
        185,
        7.6235737800598145
      ],
      "color": "brown",
      "material": "metal",
      "rotation": 184.99221406090209,
      "3d_coords": [
        2.473161220550537,
        -2.8283090591430664,
        0.3499999940395355
      ],
      "shape": "cube"
    },
    {
      "size": "small",
      "pixel_coords": [
        252,
        99,
        11.721772193908691
      ],
      "color": "yellow",
      "material": "rubber",
      "rotation": 130.14180748074097,
      "3d_coords": [
        1.4700953960418701,
        2.851860284805298,
        0.3499999940395355
      ],
      "shape": "cube"
    },
    {
      "size": "small",
      "pixel_coords": [
        52,
        107,
        11.14328670501709
      ],
      "color": "red",
      "material": "rubber",
      "rotation": 84.48390960428073,
      "3d_coords": [
        -2.511604070663452,
        -2.341459035873413,
        0.3499999940395355
      ],
      "shape": "cube"
    }
  ]
}