{
  "image_index": 1331,
  "relationships": {
    "right": [
      [],
      [
        0,
        3
      ],
      [
        0,
        1,
        3,
        5,
        6
      ],
      [
        0
      ],
      [
        0,
        1,
        2,
        3,
        5,
        6
      ],
      [
        0,
        1,
        3
      ],
      [
        0,
        1,
        3,
        5
      ]
    ],
    "front": [
      [
        2,
        6
      ],
      [
        0,
        2,
        3,
        4,
        5,
        6
      ],
      [
        6
      ],
      [
        0,
        2,
        6
      ],
      [
        0,
        2,
        3,
        6
      ],
      [
        0,
        2,
        3,
        4,
        6
      ],
      []
    ],
    "behind": [
      [
        1,
        3,
        4,
        5
      ],
      [],
      [
        0,
        1,
        3,
        4,
        5
      ],
      [
        1,
        4,
        5
      ],
      [
        1,
        5
      ],
      [
        1
      ],
      [
        0,
        1,
        2,
        3,
        4,
        5
      ]
    ],
    "left": [
      [
        1,
        2,
        3,
        4,
        5,
        6
      ],
      [
        2,
        4,
        5,
        6
      ],
      [
        4
      ],
      [
        1,
        2,
        4,
        5,
        6
      ],
      [],
      [
        2,
        4,
        6
      ],
      [
        2,
        4
      ]
    ]
  },
  "directions": {
    "right": [
      0.6563112735748291,
      0.7544902563095093,
      -0.0
    ],
    "front": [
      0.754490315914154,
      -0.6563112735748291,
      -0.0
    ],
    "behind": [
      -0.754490315914154,
      0.6563112735748291,
      0.0
    ],
    "above": [
      0.0,
      0.0,
      1.0
    ],
    "below": [
      -0.0,
      -0.0,
      -1.0
    ],
    "left": [
      -0.6563112735748291,
      -0.7544902563095093,
      0.0
    ]
  },
  "red_cube_pos": [
    [
      98,
      70
    ],
    [
      130,
      106
    ]
  ],
  "image_filename": "CLEVR_new_001331.png",
  "split": "new",
  "objects": [
    {
      "size": "small",
      "pixel_coords": [
        255,
        127,
        10.214835166931152
      ],
      "color": "yellow",
      "material": "metal",
      "rotation": 312.7399231690081,
      "3d_coords": [
        2.7032630443573,
        1.331794023513794,
        0.3499999940395355
      ],
      "shape": "cylinder"
    },
    {
      "size": "large",
      "pixel_coords": [
        159,
        68,
        14.292196273803711
      ],
      "color": "purple",
      "material": "metal",
      "rotation": 251.48399810611247,
      "3d_coords": [
        -2.681358814239502,
        2.1997015476226807,
        0.699999988079071
      ],
      "shape": "sphere"
    },
    {
      "size": "small",
      "pixel_coords": [
        83,
        136,
        9.664226531982422
      ],
      "color": "purple",
      "material": "metal",
      "rotation": 274.55501592303534,
      "3d_coords": [
        -0.0029403408989310265,
        -2.7988333702087402,
        0.3499999940395355
      ],
      "shape": "cylinder"
    },
    {
      "size": "small",
      "pixel_coords": [
        193,
        114,
        11.014152526855469
      ],
      "color": "green",
      "material": "metal",
      "rotation": 40.86443911028557,
      "3d_coords": [
        0.923535943031311,
        0.5984714031219482,
        0.3499999940395355
      ],
      "shape": "cylinder"
    },
    {
      "size": "small",
      "pixel_coords": [
        38,
        107,
        11.539166450500488
      ],
      "color": "brown",
      "material": "rubber",
      "rotation": 357.9649758949843,
      "3d_coords": [
        -2.791762590408325,
        -2.885148048400879,
        0.3499999940395355
      ],
      "shape": "cube"
    },
    {
      "size": "small",
      "pixel_coords": [
        145,
        94,
        12.61838150024414
      ],
      "color": "blue",
      "material": "metal",
      "rotation": 139.15777446281757,
      "3d_coords": [
        -1.4569867849349976,
        0.5312680602073669,
        0.3499999940395355
      ],
      "shape": "sphere"
    },
    {
      "size": "small",
      "pixel_coords": [
        115,
        151,
        8.923880577087402
      ],
      "color": "red",
      "material": "rubber",
      "rotation": 63.598917605072984,
      "3d_coords": [
        1.26268470287323,
        -2.570909261703491,
        0.3499999940395355
      ],
      "shape": "cube"
    }
  ]
}