{
  "image_index": 1066,
  "relationships": {
    "right": [
      [
        2,
        4,
        6
      ],
      [
        0,
        2,
        4,
        6
      ],
      [],
      [
        0,
        1,
        2,
        4,
        6,
        7
      ],
      [
        2,
        6
      ],
      [
        0,
        1,
        2,
        3,
        4,
        6,
        7
      ],
      [
        2
      ],
      [
        0,
        1,
        2,
        4,
        6
      ]
    ],
    "front": [
      [
        1,
        2,
        3,
        4,
        5,
        6,
        7
      ],
      [
        2,
        3,
        4,
        5,
        6,
        7
      ],
      [
        3,
        4,
        7
      ],
      [
        4,
        7
      ],
      [],
      [
        2,
        3,
        4,
        7
      ],
      [
        2,
        3,
        4,
        5,
        7
      ],
      [
        4
      ]
    ],
    "behind": [
      [],
      [
        0
      ],
      [
        0,
        1,
        5,
        6
      ],
      [
        0,
        1,
        2,
        5,
        6
      ],
      [
        0,
        1,
        2,
        3,
        5,
        6,
        7
      ],
      [
        0,
        1,
        6
      ],
      [
        0,
        1
      ],
      [
        0,
        1,
        2,
        3,
        5,
        6
      ]
    ],
    "left": [
      [
        1,
        3,
        5,
        7
      ],
      [
        3,
        5,
        7
      ],
      [
        0,
        1,
        3,
        4,
        5,
        6,
        7
      ],
      [
        5
      ],
      [
        0,
        1,
        3,
        5,
        7
      ],
      [],
      [
        0,
        1,
        3,
        4,
        5,
        7
      ],
      [
        3,
        5
      ]
    ]
  },
  "directions": {
    "right": [
      0.6563112735748291,
      0.7544902563095093,
      -0.0
    ],
    "front": [
      0.754490315914154,
      -0.6563112735748291,
      -0.0
    ],
    "behind": [
      -0.754490315914154,
      0.6563112735748291,
      0.0
    ],
    "above": [
      0.0,
      0.0,
      1.0
    ],
    "below": [
      -0.0,
      -0.0,
      -1.0
    ],
    "left": [
      -0.6563112735748291,
      -0.7544902563095093,
      0.0
    ]
  },
  "red_cube_pos": [
    [
      83,
      85
    ],
    [
      117,
      121
    ]
  ],
  "image_filename": "CLEVR_new_001066.png",
  "split": "new",
  "objects": [
    {
      "size": "large",
      "pixel_coords": [
        164,
        58,
        14.544609069824219
      ],
      "color": "red",
      "material": "rubber",
      "rotation": 60.600248083426365,
      "3d_coords": [
        -2.865190267562866,
        2.8234784603118896,
        0.699999988079071
      ],
      "shape": "sphere"
    },
    {
      "size": "large",
      "pixel_coords": [
        131,
        71,
        13.242483139038086
      ],
      "color": "purple",
      "material": "metal",
      "rotation": 93.37051455723959,
      "3d_coords": [
        -2.619683027267456,
        0.8753948211669922,
        0.699999988079071
      ],
      "shape": "cube"
    },
    {
      "size": "small",
      "pixel_coords": [
        270,
        113,
        11.043524742126465
      ],
      "color": "brown",
      "material": "metal",
      "rotation": 225.31010273762445,
      "3d_coords": [
        2.4723105430603027,
        2.452439308166504,
        0.3499999940395355
      ],
      "shape": "cube"
    },
    {
      "size": "small",
      "pixel_coords": [
        77,
        125,
        10.41071605682373
      ],
      "color": "blue",
      "material": "metal",
      "rotation": 276.3893221405078,
      "3d_coords": [
        -0.9850740432739258,
        -2.4378371238708496,
        0.3499999940395355
      ],
      "shape": "cylinder"
    },
    {
      "size": "large",
      "pixel_coords": [
        196,
        160,
        8.252717971801758
      ],
      "color": "brown",
      "material": "rubber",
      "rotation": 348.4892451965491,
      "3d_coords": [
        2.920790195465088,
        -1.5182329416275024,
        0.699999988079071
      ],
      "shape": "cylinder"
    },
    {
      "size": "large",
      "pixel_coords": [
        60,
        92,
        11.57294750213623
      ],
      "color": "gray",
      "material": "metal",
      "rotation": 121.19967543936683,
      "3d_coords": [
        -2.669922113418579,
        -2.0248219966888428,
        0.699999988079071
      ],
      "shape": "cube"
    },
    {
      "size": "large",
      "pixel_coords": [
        226,
        79,
        12.572279930114746
      ],
      "color": "red",
      "material": "rubber",
      "rotation": 262.73236843256785,
      "3d_coords": [
        0.2995527684688568,
        2.952044725418091,
        0.699999988079071
      ],
      "shape": "sphere"
    },
    {
      "size": "small",
      "pixel_coords": [
        101,
        136,
        9.836109161376953
      ],
      "color": "red",
      "material": "rubber",
      "rotation": 306.4024911147099,
      "3d_coords": [
        0.043627262115478516,
        -2.282733917236328,
        0.3499999940395355
      ],
      "shape": "cube"
    }
  ]
}