{
  "image_index": 1121,
  "relationships": {
    "right": [
      [
        2,
        5,
        6
      ],
      [
        0,
        2,
        5,
        6
      ],
      [
        5,
        6
      ],
      [
        0,
        1,
        2,
        4,
        5,
        6
      ],
      [
        0,
        1,
        2,
        5,
        6
      ],
      [
        6
      ],
      []
    ],
    "front": [
      [
        1,
        2,
        3,
        5
      ],
      [
        2,
        5
      ],
      [],
      [
        1,
        2,
        5
      ],
      [
        0,
        1,
        2,
        3,
        5,
        6
      ],
      [
        2
      ],
      [
        0,
        1,
        2,
        3,
        5
      ]
    ],
    "behind": [
      [
        4,
        6
      ],
      [
        0,
        3,
        4,
        6
      ],
      [
        0,
        1,
        3,
        4,
        5,
        6
      ],
      [
        0,
        4,
        6
      ],
      [],
      [
        0,
        1,
        3,
        4,
        6
      ],
      [
        4
      ]
    ],
    "left": [
      [
        1,
        3,
        4
      ],
      [
        3,
        4
      ],
      [
        0,
        1,
        3,
        4
      ],
      [],
      [
        3
      ],
      [
        0,
        1,
        2,
        3,
        4
      ],
      [
        0,
        1,
        2,
        3,
        4,
        5
      ]
    ]
  },
  "directions": {
    "right": [
      0.6563112735748291,
      0.7544902563095093,
      -0.0
    ],
    "front": [
      0.754490315914154,
      -0.6563112735748291,
      -0.0
    ],
    "behind": [
      -0.754490315914154,
      0.6563112735748291,
      0.0
    ],
    "above": [
      0.0,
      0.0,
      1.0
    ],
    "below": [
      -0.0,
      -0.0,
      -1.0
    ],
    "left": [
      -0.6563112735748291,
      -0.7544902563095093,
      0.0
    ]
  },
  "red_cube_pos": [
    [
      232,
      132
    ],
    [
      258,
      157
    ]
  ],
  "image_filename": "CLEVR_new_001121.png",
  "split": "new",
  "objects": [
    {
      "size": "large",
      "pixel_coords": [
        167,
        99,
        10.893362998962402
      ],
      "color": "red",
      "material": "metal",
      "rotation": 55.1914297433725,
      "3d_coords": [
        0.10487468540668488,
        0.18182487785816193,
        0.699999988079071
      ],
      "shape": "sphere"
    },
    {
      "size": "small",
      "pixel_coords": [
        120,
        134,
        9.63829517364502
      ],
      "color": "brown",
      "material": "rubber",
      "rotation": 43.39356300510916,
      "3d_coords": [
        0.36572957038879395,
        -1.8574010133743286,
        0.3499999940395355
      ],
      "shape": "cube"
    },
    {
      "size": "small",
      "pixel_coords": [
        204,
        168,
        8.23026180267334
      ],
      "color": "purple",
      "material": "metal",
      "rotation": 92.3413485341941,
      "3d_coords": [
        2.9868671894073486,
        -1.3960593938827515,
        0.3499999940395355
      ],
      "shape": "sphere"
    },
    {
      "size": "large",
      "pixel_coords": [
        55,
        109,
        10.278776168823242
      ],
      "color": "green",
      "material": "metal",
      "rotation": 187.67022764968283,
      "3d_coords": [
        -1.6551318168640137,
        -2.6785125732421875,
        0.699999988079071
      ],
      "shape": "cylinder"
    },
    {
      "size": "large",
      "pixel_coords": [
        111,
        78,
        12.569769859313965
      ],
      "color": "red",
      "material": "metal",
      "rotation": 222.08270445457225,
      "3d_coords": [
        -2.620374917984009,
        0.04949647933244705,
        0.699999988079071
      ],
      "shape": "sphere"
    },
    {
      "size": "large",
      "pixel_coords": [
        228,
        130,
        9.140386581420898
      ],
      "color": "blue",
      "material": "metal",
      "rotation": 229.4802752681042,
      "3d_coords": [
        2.626007556915283,
        -0.026227669790387154,
        0.699999988079071
      ],
      "shape": "sphere"
    },
    {
      "size": "small",
      "pixel_coords": [
        245,
        95,
        12.057769775390625
      ],
      "color": "red",
      "material": "rubber",
      "rotation": 2.4481772919031286,
      "3d_coords": [
        1.1658055782318115,
        2.941793203353882,
        0.3499999940395355
      ],
      "shape": "cube"
    }
  ]
}