{
  "split": "new",
  "intruder_pos": [
    [
      232,
      122
    ],
    [
      276,
      164
    ]
  ],
  "relationships": {
    "front": [
      [
        1,
        3
      ],
      [],
      [
        0,
        1,
        3,
        4,
        5,
        6
      ],
      [
        1
      ],
      [
        0,
        1,
        3
      ],
      [
        0,
        1,
        3,
        4,
        6
      ],
      [
        0,
        1,
        3,
        4
      ]
    ],
    "left": [
      [
        3
      ],
      [
        0,
        2,
        3,
        4,
        5
      ],
      [
        0,
        3,
        4,
        5
      ],
      [],
      [
        0,
        3,
        5
      ],
      [
        0,
        3
      ],
      [
        0,
        1,
        2,
        3,
        4,
        5
      ]
    ],
    "behind": [
      [
        2,
        4,
        5,
        6
      ],
      [
        0,
        2,
        3,
        4,
        5,
        6
      ],
      [],
      [
        0,
        2,
        4,
        5,
        6
      ],
      [
        2,
        5,
        6
      ],
      [
        2
      ],
      [
        2,
        5
      ]
    ],
    "right": [
      [
        1,
        2,
        4,
        5,
        6
      ],
      [
        6
      ],
      [
        1,
        6
      ],
      [
        0,
        1,
        2,
        4,
        5,
        6
      ],
      [
        1,
        2,
        6
      ],
      [
        1,
        2,
        4,
        6
      ],
      []
    ]
  },
  "directions": {
    "front": [
      0.754490315914154,
      -0.6563112735748291,
      -0.0
    ],
    "above": [
      0.0,
      0.0,
      1.0
    ],
    "behind": [
      -0.754490315914154,
      0.6563112735748291,
      0.0
    ],
    "below": [
      -0.0,
      -0.0,
      -1.0
    ],
    "right": [
      0.6563112735748291,
      0.7544902563095093,
      -0.0
    ],
    "left": [
      -0.6563112735748291,
      -0.7544902563095093,
      0.0
    ]
  },
  "image_index": 278,
  "image_filename": "CLEVR_new_000278.png",
  "objects": [
    {
      "pixel_coords": [
        103,
        116,
        10.87658405303955
      ],
      "rotation": 42.431537055652385,
      "material": "rubber",
      "size": "small",
      "shape": "cube",
      "color": "green",
      "3d_coords": [
        -0.8065305948257446,
        -1.6221438646316528,
        0.3499999940395355
      ]
    },
    {
      "pixel_coords": [
        224,
        141,
        9.667494773864746
      ],
      "rotation": 38.50624756406927,
      "material": "rubber",
      "size": "small",
      "shape": "sphere",
      "color": "green",
      "3d_coords": [
        2.4685661792755127,
        0.30988600850105286,
        0.3499999940395355
      ]
    },
    {
      "pixel_coords": [
        192,
        63,
        13.834624290466309
      ],
      "rotation": 77.67425686192287,
      "material": "rubber",
      "size": "large",
      "shape": "sphere",
      "color": "green",
      "3d_coords": [
        -1.8066456317901611,
        2.9960663318634033,
        0.699999988079071
      ]
    },
    {
      "pixel_coords": [
        66,
        125,
        10.427382469177246
      ],
      "rotation": 324.16680251338335,
      "material": "rubber",
      "size": "small",
      "shape": "sphere",
      "color": "green",
      "3d_coords": [
        -1.0235974788665771,
        -2.74735689163208,
        0.3499999940395355
      ]
    },
    {
      "pixel_coords": [
        179,
        106,
        11.094381332397461
      ],
      "rotation": 65.02965763964042,
      "material": "rubber",
      "size": "medium",
      "shape": "cylinder",
      "color": "green",
      "3d_coords": [
        0.3784703016281128,
        0.47700002789497375,
        0.5249999761581421
      ]
    },
    {
      "pixel_coords": [
        138,
        82,
        12.295327186584473
      ],
      "rotation": 92.41483532625492,
      "material": "rubber",
      "size": "large",
      "shape": "sphere",
      "color": "green",
      "3d_coords": [
        -1.636498212814331,
        0.3150538206100464,
        0.699999988079071
      ]
    },
    {
      "pixel_coords": [
        254,
        97,
        11.26565933227539
      ],
      "rotation": 29.4018982744348,
      "material": "rubber",
      "size": "large",
      "shape": "sphere",
      "color": "blue",
      "3d_coords": [
        1.6292434930801392,
        2.573051929473877,
        0.699999988079071
      ]
    }
  ]
}