{
  "relationships": {
    "front": [
      [
        2,
        5,
        6
      ],
      [
        0,
        2,
        3,
        4,
        5,
        6
      ],
      [
        5,
        6
      ],
      [
        0,
        2,
        5,
        6
      ],
      [
        0,
        2,
        3,
        5,
        6
      ],
      [],
      [
        5
      ]
    ],
    "right": [
      [
        6
      ],
      [
        0,
        5,
        6
      ],
      [
        0,
        1,
        5,
        6
      ],
      [
        0,
        1,
        2,
        4,
        5,
        6
      ],
      [
        0,
        1,
        2,
        5,
        6
      ],
      [
        0,
        6
      ],
      []
    ],
    "left": [
      [
        1,
        2,
        3,
        4,
        5
      ],
      [
        2,
        3,
        4
      ],
      [
        3,
        4
      ],
      [],
      [
        3
      ],
      [
        1,
        2,
        3,
        4
      ],
      [
        0,
        1,
        2,
        3,
        4,
        5
      ]
    ],
    "behind": [
      [
        1,
        3,
        4
      ],
      [],
      [
        0,
        1,
        3,
        4
      ],
      [
        1,
        4
      ],
      [
        1
      ],
      [
        0,
        1,
        2,
        3,
        4,
        6
      ],
      [
        0,
        1,
        2,
        3,
        4
      ]
    ]
  },
  "intruder_pos": [
    [
      205,
      80
    ],
    [
      232,
      113
    ]
  ],
  "image_filename": "CLEVR_new_001022.png",
  "directions": {
    "below": [
      -0.0,
      -0.0,
      -1.0
    ],
    "right": [
      0.6563112735748291,
      0.7544902563095093,
      -0.0
    ],
    "behind": [
      -0.754490315914154,
      0.6563112735748291,
      0.0
    ],
    "front": [
      0.754490315914154,
      -0.6563112735748291,
      -0.0
    ],
    "above": [
      0.0,
      0.0,
      1.0
    ],
    "left": [
      -0.6563112735748291,
      -0.7544902563095093,
      0.0
    ]
  },
  "image_index": 1022,
  "split": "new",
  "objects": [
    {
      "3d_coords": [
        0.78859943151474,
        0.7469790577888489,
        0.699999988079071
      ],
      "pixel_coords": [
        194,
        102,
        11.075965881347656
      ],
      "material": "rubber",
      "rotation": 59.949373850103164,
      "shape": "cube",
      "color": "red",
      "size": "large"
    },
    {
      "3d_coords": [
        -2.491551637649536,
        1.9900875091552734,
        0.3499999940395355
      ],
      "pixel_coords": [
        156,
        73,
        14.083109855651855
      ],
      "material": "rubber",
      "rotation": 14.875853298850306,
      "shape": "cube",
      "color": "green",
      "size": "small"
    },
    {
      "3d_coords": [
        0.45528846979141235,
        -1.22508704662323,
        0.5249999761581421
      ],
      "pixel_coords": [
        139,
        124,
        10.250017166137695
      ],
      "material": "rubber",
      "rotation": 152.96074067068886,
      "shape": "cube",
      "color": "red",
      "size": "medium"
    },
    {
      "3d_coords": [
        -2.8504772186279297,
        -2.7596473693847656,
        0.699999988079071
      ],
      "pixel_coords": [
        39,
        97,
        11.41770076751709
      ],
      "material": "rubber",
      "rotation": 102.85088781942707,
      "shape": "cube",
      "color": "blue",
      "size": "large"
    },
    {
      "3d_coords": [
        -2.80656361579895,
        -0.8289409875869751,
        0.699999988079071
      ],
      "pixel_coords": [
        90,
        81,
        12.495203018188477
      ],
      "material": "rubber",
      "rotation": 276.1622022993821,
      "shape": "cube",
      "color": "blue",
      "size": "large"
    },
    {
      "3d_coords": [
        2.0889477729797363,
        -1.249561071395874,
        0.3499999940395355
      ],
      "pixel_coords": [
        177,
        154,
        9.269262313842773
      ],
      "material": "rubber",
      "rotation": 286.6979820474985,
      "shape": "cube",
      "color": "green",
      "size": "small"
    },
    {
      "3d_coords": [
        2.4685561656951904,
        -0.003618799149990082,
        0.3499999940395355
      ],
      "pixel_coords": [
        219,
        143,
        9.737743377685547
      ],
      "material": "rubber",
      "rotation": 193.6108387487887,
      "shape": "cylinder",
      "color": "red",
      "size": "small"
    }
  ]
}