{
  "relationships": {
    "front": [
      [
        3,
        4,
        6
      ],
      [
        0,
        2,
        3,
        4,
        5,
        6
      ],
      [
        0,
        3,
        4,
        5,
        6
      ],
      [
        6
      ],
      [
        3,
        6
      ],
      [
        0,
        3,
        4,
        6
      ],
      []
    ],
    "right": [
      [
        1,
        2,
        3,
        4,
        6
      ],
      [
        2,
        3
      ],
      [],
      [
        2
      ],
      [
        1,
        2,
        3
      ],
      [
        0,
        1,
        2,
        3,
        4,
        6
      ],
      [
        1,
        2,
        3,
        4
      ]
    ],
    "left": [
      [
        5
      ],
      [
        0,
        4,
        5,
        6
      ],
      [
        0,
        1,
        3,
        4,
        5,
        6
      ],
      [
        0,
        1,
        4,
        5,
        6
      ],
      [
        0,
        5,
        6
      ],
      [],
      [
        0,
        5
      ]
    ],
    "behind": [
      [
        1,
        2,
        5
      ],
      [],
      [
        1
      ],
      [
        0,
        1,
        2,
        4,
        5
      ],
      [
        0,
        1,
        2,
        5
      ],
      [
        1,
        2
      ],
      [
        0,
        1,
        2,
        3,
        4,
        5
      ]
    ]
  },
  "intruder_pos": [
    [
      70,
      42
    ],
    [
      153,
      133
    ]
  ],
  "image_filename": "CLEVR_new_001355.png",
  "directions": {
    "below": [
      -0.0,
      -0.0,
      -1.0
    ],
    "right": [
      0.6563112735748291,
      0.7544902563095093,
      -0.0
    ],
    "behind": [
      -0.754490315914154,
      0.6563112735748291,
      0.0
    ],
    "front": [
      0.754490315914154,
      -0.6563112735748291,
      -0.0
    ],
    "above": [
      0.0,
      0.0,
      1.0
    ],
    "left": [
      -0.6563112735748291,
      -0.7544902563095093,
      0.0
    ]
  },
  "image_index": 1355,
  "split": "new",
  "objects": [
    {
      "3d_coords": [
        -1.1405454874038696,
        -1.633547067642212,
        0.5249999761581421
      ],
      "pixel_coords": [
        93,
        108,
        10.348814964294434
      ],
      "material": "rubber",
      "rotation": 45.611409551120026,
      "shape": "sphere",
      "color": "blue",
      "size": "medium"
    },
    {
      "3d_coords": [
        -1.2159533500671387,
        2.2887122631073,
        0.5249999761581421
      ],
      "pixel_coords": [
        187,
        74,
        12.591521263122559
      ],
      "material": "rubber",
      "rotation": 39.89239133625639,
      "shape": "cube",
      "color": "blue",
      "size": "medium"
    },
    {
      "3d_coords": [
        0.48568615317344666,
        2.769376754760742,
        0.5249999761581421
      ],
      "pixel_coords": [
        232,
        85,
        11.734513282775879
      ],
      "material": "rubber",
      "rotation": 306.7559117583661,
      "shape": "sphere",
      "color": "blue",
      "size": "medium"
    },
    {
      "3d_coords": [
        2.4367637634277344,
        -0.07997384667396545,
        0.3499999940395355
      ],
      "pixel_coords": [
        219,
        146,
        8.93823528289795
      ],
      "material": "rubber",
      "rotation": 248.35215164954084,
      "shape": "cylinder",
      "color": "blue",
      "size": "small"
    },
    {
      "3d_coords": [
        0.6994361877441406,
        -0.9335158467292786,
        0.5249999761581421
      ],
      "pixel_coords": [
        150,
        124,
        9.522927284240723
      ],
      "material": "rubber",
      "rotation": 251.0271104273922,
      "shape": "cylinder",
      "color": "blue",
      "size": "medium"
    },
    {
      "3d_coords": [
        -2.7461087703704834,
        -2.6123714447021484,
        0.699999988079071
      ],
      "pixel_coords": [
        38,
        94,
        10.77629566192627
      ],
      "material": "rubber",
      "rotation": 243.99836783959026,
      "shape": "cylinder",
      "color": "blue",
      "size": "large"
    },
    {
      "3d_coords": [
        1.2783243656158447,
        -2.5036797523498535,
        0.699999988079071
      ],
      "pixel_coords": [
        113,
        150,
        8.174665451049805
      ],
      "material": "rubber",
      "rotation": 207.44178239336804,
      "shape": "cube",
      "color": "green",
      "size": "large"
    }
  ]
}