{
  "image_filename": "CLEVR_new_001464.png",
  "directions": {
    "left": [
      -0.6563112735748291,
      -0.7544902563095093,
      0.0
    ],
    "right": [
      0.6563112735748291,
      0.7544902563095093,
      -0.0
    ],
    "front": [
      0.754490315914154,
      -0.6563112735748291,
      -0.0
    ],
    "behind": [
      -0.754490315914154,
      0.6563112735748291,
      0.0
    ],
    "below": [
      -0.0,
      -0.0,
      -1.0
    ],
    "above": [
      0.0,
      0.0,
      1.0
    ]
  },
  "intruder_pos": [
    [
      205,
      87
    ],
    [
      247,
      136
    ]
  ],
  "image_index": 1464,
  "split": "new",
  "relationships": {
    "left": [
      [
        2,
        3,
        4
      ],
      [
        0,
        2,
        3,
        4
      ],
      [],
      [
        2
      ],
      [
        2,
        3
      ],
      [
        0,
        1,
        2,
        3,
        4,
        7
      ],
      [
        0,
        1,
        2,
        3,
        4,
        5,
        7
      ],
      [
        0,
        1,
        2,
        3,
        4
      ]
    ],
    "right": [
      [
        1,
        5,
        6,
        7
      ],
      [
        5,
        6,
        7
      ],
      [
        0,
        1,
        3,
        4,
        5,
        6,
        7
      ],
      [
        0,
        1,
        4,
        5,
        6,
        7
      ],
      [
        0,
        1,
        5,
        6,
        7
      ],
      [
        6
      ],
      [],
      [
        5,
        6
      ]
    ],
    "front": [
      [
        1,
        4,
        7
      ],
      [
        4
      ],
      [
        0,
        1,
        4,
        6,
        7
      ],
      [
        0,
        1,
        2,
        4,
        5,
        6,
        7
      ],
      [],
      [
        0,
        1,
        2,
        4,
        6,
        7
      ],
      [
        0,
        1,
        4,
        7
      ],
      [
        1,
        4
      ]
    ],
    "behind": [
      [
        2,
        3,
        5,
        6
      ],
      [
        0,
        2,
        3,
        5,
        6,
        7
      ],
      [
        3,
        5
      ],
      [],
      [
        0,
        1,
        2,
        3,
        5,
        6,
        7
      ],
      [
        3
      ],
      [
        2,
        3,
        5
      ],
      [
        0,
        2,
        3,
        5,
        6
      ]
    ]
  },
  "objects": [
    {
      "color": "red",
      "material": "rubber",
      "pixel_coords": [
        160,
        117,
        10.285953521728516
      ],
      "3d_coords": [
        0.5743041634559631,
        -0.5252360701560974,
        0.5249999761581421
      ],
      "size": "medium",
      "rotation": 112.55416838565533,
      "shape": "sphere"
    },
    {
      "color": "red",
      "material": "rubber",
      "pixel_coords": [
        197,
        147,
        8.566905975341797
      ],
      "3d_coords": [
        2.570168972015381,
        -1.0942455530166626,
        0.699999988079071
      ],
      "size": "large",
      "rotation": 216.9664768879477,
      "shape": "cylinder"
    },
    {
      "color": "red",
      "material": "rubber",
      "pixel_coords": [
        45,
        100,
        11.295148849487305
      ],
      "3d_coords": [
        -2.741183280944824,
        -2.5097813606262207,
        0.5249999761581421
      ],
      "size": "medium",
      "rotation": 197.77746996927652,
      "shape": "cylinder"
    },
    {
      "color": "red",
      "material": "rubber",
      "pixel_coords": [
        126,
        73,
        12.907931327819824
      ],
      "3d_coords": [
        -2.5723695755004883,
        0.5956428647041321,
        0.699999988079071
      ],
      "size": "large",
      "rotation": 116.29452841120855,
      "shape": "sphere"
    },
    {
      "color": "red",
      "material": "rubber",
      "pixel_coords": [
        134,
        179,
        8.048036575317383
      ],
      "3d_coords": [
        2.169985055923462,
        -2.7257299423217773,
        0.3499999940395355
      ],
      "size": "small",
      "rotation": 310.36099974959507,
      "shape": "cube"
    },
    {
      "color": "red",
      "material": "rubber",
      "pixel_coords": [
        222,
        87,
        12.250813484191895
      ],
      "3d_coords": [
        0.34401577711105347,
        2.5917131900787354,
        0.5249999761581421
      ],
      "size": "medium",
      "rotation": 292.5995549675807,
      "shape": "sphere"
    },
    {
      "color": "red",
      "material": "rubber",
      "pixel_coords": [
        265,
        108,
        10.803069114685059
      ],
      "3d_coords": [
        2.3008716106414795,
        2.299299955368042,
        0.5249999761581421
      ],
      "size": "medium",
      "rotation": 130.09055691922043,
      "shape": "cylinder"
    },
    {
      "color": "green",
      "material": "rubber",
      "pixel_coords": [
        224,
        128,
        9.744120597839355
      ],
      "3d_coords": [
        2.2336931228637695,
        0.40491944551467896,
        0.5249999761581421
      ],
      "size": "medium",
      "rotation": 102.87990364777997,
      "shape": "cube"
    }
  ]
}