{
  "split": "new",
  "intruder_pos": [
    [
      245,
      99
    ],
    [
      284,
      136
    ]
  ],
  "relationships": {
    "front": [
      [
        1,
        2,
        3,
        4,
        5,
        6
      ],
      [
        5,
        6
      ],
      [
        1,
        5,
        6
      ],
      [
        1,
        2,
        5,
        6
      ],
      [
        1,
        2,
        3,
        5,
        6
      ],
      [],
      [
        5
      ]
    ],
    "left": [
      [
        4
      ],
      [
        0,
        3,
        4
      ],
      [
        0,
        1,
        3,
        4,
        5
      ],
      [
        0,
        4
      ],
      [],
      [
        0,
        1,
        3,
        4
      ],
      [
        0,
        1,
        2,
        3,
        4,
        5
      ]
    ],
    "behind": [
      [],
      [
        0,
        2,
        3,
        4
      ],
      [
        0,
        3,
        4
      ],
      [
        0,
        4
      ],
      [
        0
      ],
      [
        0,
        1,
        2,
        3,
        4,
        6
      ],
      [
        0,
        1,
        2,
        3,
        4
      ]
    ],
    "right": [
      [
        1,
        2,
        3,
        5,
        6
      ],
      [
        2,
        5,
        6
      ],
      [
        6
      ],
      [
        1,
        2,
        5,
        6
      ],
      [
        0,
        1,
        2,
        3,
        5,
        6
      ],
      [
        2,
        6
      ],
      []
    ]
  },
  "directions": {
    "front": [
      0.754490315914154,
      -0.6563112735748291,
      -0.0
    ],
    "above": [
      0.0,
      0.0,
      1.0
    ],
    "behind": [
      -0.754490315914154,
      0.6563112735748291,
      0.0
    ],
    "below": [
      -0.0,
      -0.0,
      -1.0
    ],
    "right": [
      0.6563112735748291,
      0.7544902563095093,
      -0.0
    ],
    "left": [
      -0.6563112735748291,
      -0.7544902563095093,
      0.0
    ]
  },
  "image_index": 138,
  "image_filename": "CLEVR_new_000138.png",
  "objects": [
    {
      "pixel_coords": [
        139,
        75,
        13.049345016479492
      ],
      "rotation": 229.41838627711815,
      "material": "rubber",
      "size": "medium",
      "shape": "cube",
      "color": "blue",
      "3d_coords": [
        -2.5045721530914307,
        1.1383450031280518,
        0.5249999761581421
      ]
    },
    {
      "pixel_coords": [
        185,
        112,
        10.277936935424805
      ],
      "rotation": 178.29066851604128,
      "material": "rubber",
      "size": "medium",
      "shape": "sphere",
      "color": "blue",
      "3d_coords": [
        0.8455185294151306,
        0.24339129030704498,
        0.5249999761581421
      ]
    },
    {
      "pixel_coords": [
        239,
        94,
        11.035030364990234
      ],
      "rotation": 275.4637681280849,
      "material": "rubber",
      "size": "large",
      "shape": "cube",
      "color": "blue",
      "3d_coords": [
        1.27996027469635,
        2.2032535076141357,
        0.699999988079071
      ]
    },
    {
      "pixel_coords": [
        169,
        97,
        11.648639678955078
      ],
      "rotation": 298.5881312221938,
      "material": "rubber",
      "size": "small",
      "shape": "cylinder",
      "color": "blue",
      "3d_coords": [
        -0.5318737626075745,
        0.8718439936637878,
        0.3499999940395355
      ]
    },
    {
      "pixel_coords": [
        114,
        88,
        12.36396598815918
      ],
      "rotation": 338.5516580434746,
      "material": "rubber",
      "size": "small",
      "shape": "sphere",
      "color": "blue",
      "3d_coords": [
        -2.4038331508636475,
        -0.07263953983783722,
        0.3499999940395355
      ]
    },
    {
      "pixel_coords": [
        239,
        141,
        8.799911499023438
      ],
      "rotation": 81.10520381989616,
      "material": "rubber",
      "size": "medium",
      "shape": "sphere",
      "color": "blue",
      "3d_coords": [
        2.922292709350586,
        0.10468252748250961,
        0.5249999761581421
      ]
    },
    {
      "pixel_coords": [
        265,
        122,
        9.691903114318848
      ],
      "rotation": 225.63219981319213,
      "material": "rubber",
      "size": "medium",
      "shape": "sphere",
      "color": "red",
      "3d_coords": [
        2.752699375152588,
        1.453117847442627,
        0.5249999761581421
      ]
    }
  ]
}