{
  "split": "new",
  "intruder_pos": [
    [
      100,
      75
    ],
    [
      154,
      144
    ]
  ],
  "relationships": {
    "front": [
      [],
      [
        0,
        2,
        4,
        5,
        6
      ],
      [
        0,
        6
      ],
      [
        0,
        1,
        2,
        4,
        5,
        6
      ],
      [
        0,
        2,
        6
      ],
      [
        0,
        2,
        4,
        6
      ],
      [
        0
      ]
    ],
    "left": [
      [
        1,
        3,
        4,
        5,
        6
      ],
      [
        4
      ],
      [
        0,
        1,
        3,
        4,
        5,
        6
      ],
      [
        1,
        4,
        6
      ],
      [],
      [
        1,
        3,
        4,
        6
      ],
      [
        1,
        4
      ]
    ],
    "behind": [
      [
        1,
        2,
        3,
        4,
        5,
        6
      ],
      [
        3
      ],
      [
        1,
        3,
        4,
        5
      ],
      [],
      [
        1,
        3,
        5
      ],
      [
        1,
        3
      ],
      [
        1,
        2,
        3,
        4,
        5
      ]
    ],
    "right": [
      [
        2
      ],
      [
        0,
        2,
        3,
        5,
        6
      ],
      [],
      [
        0,
        2,
        5
      ],
      [
        0,
        1,
        2,
        3,
        5,
        6
      ],
      [
        0,
        2
      ],
      [
        0,
        2,
        3,
        5
      ]
    ]
  },
  "directions": {
    "front": [
      0.754490315914154,
      -0.6563112735748291,
      -0.0
    ],
    "above": [
      0.0,
      0.0,
      1.0
    ],
    "behind": [
      -0.754490315914154,
      0.6563112735748291,
      0.0
    ],
    "below": [
      -0.0,
      -0.0,
      -1.0
    ],
    "right": [
      0.6563112735748291,
      0.7544902563095093,
      -0.0
    ],
    "left": [
      -0.6563112735748291,
      -0.7544902563095093,
      0.0
    ]
  },
  "image_index": 107,
  "image_filename": "CLEVR_new_000107.png",
  "objects": [
    {
      "pixel_coords": [
        191,
        158,
        8.805370330810547
      ],
      "rotation": 9.64380558381388,
      "material": "rubber",
      "size": "small",
      "shape": "cube",
      "color": "blue",
      "3d_coords": [
        2.5556347370147705,
        -1.2372463941574097,
        0.3499999940395355
      ]
    },
    {
      "pixel_coords": [
        121,
        88,
        12.892401695251465
      ],
      "rotation": 340.0154311707279,
      "material": "rubber",
      "size": "small",
      "shape": "cube",
      "color": "blue",
      "3d_coords": [
        -2.3493244647979736,
        0.1841730922460556,
        0.3499999940395355
      ]
    },
    {
      "pixel_coords": [
        209,
        122,
        10.153231620788574
      ],
      "rotation": 205.41547718295203,
      "material": "rubber",
      "size": "medium",
      "shape": "sphere",
      "color": "blue",
      "3d_coords": [
        1.778426170349121,
        0.3152463734149933,
        0.5249999761581421
      ]
    },
    {
      "pixel_coords": [
        149,
        71,
        14.012145042419434
      ],
      "rotation": 332.26636248399296,
      "material": "rubber",
      "size": "medium",
      "shape": "cube",
      "color": "blue",
      "3d_coords": [
        -2.697185516357422,
        1.83246910572052,
        0.5249999761581421
      ]
    },
    {
      "pixel_coords": [
        50,
        94,
        11.508121490478516
      ],
      "rotation": 48.28264508791085,
      "material": "rubber",
      "size": "large",
      "shape": "cylinder",
      "color": "blue",
      "3d_coords": [
        -2.7661068439483643,
        -2.361363649368286,
        0.699999988079071
      ]
    },
    {
      "pixel_coords": [
        162,
        83,
        12.365706443786621
      ],
      "rotation": 356.98857722961594,
      "material": "rubber",
      "size": "large",
      "shape": "cylinder",
      "color": "blue",
      "3d_coords": [
        -1.0457521677017212,
        1.0322017669677734,
        0.699999988079071
      ]
    },
    {
      "pixel_coords": [
        129,
        129,
        9.398016929626465
      ],
      "rotation": 78.4719804266482,
      "material": "rubber",
      "size": "large",
      "shape": "cylinder",
      "color": "green",
      "3d_coords": [
        0.8462594151496887,
        -1.8794610500335693,
        0.699999988079071
      ]
    }
  ]
}