{
  "split": "new",
  "intruder_pos": [
    [
      90,
      142
    ],
    [
      124,
      179
    ]
  ],
  "relationships": {
    "front": [
      [
        2
      ],
      [
        0,
        2,
        5
      ],
      [],
      [
        0,
        1,
        2,
        4,
        5
      ],
      [
        0,
        1,
        2,
        5
      ],
      [
        0,
        2
      ],
      [
        0,
        1,
        2,
        3,
        4,
        5,
        7
      ],
      [
        0,
        1,
        2,
        3,
        4,
        5
      ]
    ],
    "left": [
      [
        4,
        7
      ],
      [
        0,
        2,
        4,
        6,
        7
      ],
      [
        0,
        4,
        6,
        7
      ],
      [
        0,
        1,
        2,
        4,
        6,
        7
      ],
      [],
      [
        0,
        1,
        2,
        3,
        4,
        6,
        7
      ],
      [
        0,
        4,
        7
      ],
      [
        4
      ]
    ],
    "behind": [
      [
        1,
        3,
        4,
        5,
        6,
        7
      ],
      [
        3,
        4,
        6,
        7
      ],
      [
        0,
        1,
        3,
        4,
        5,
        6,
        7
      ],
      [
        6,
        7
      ],
      [
        3,
        6,
        7
      ],
      [
        1,
        3,
        4,
        6,
        7
      ],
      [],
      [
        6
      ]
    ],
    "right": [
      [
        1,
        2,
        3,
        5,
        6
      ],
      [
        3,
        5
      ],
      [
        1,
        3,
        5
      ],
      [
        5
      ],
      [
        0,
        1,
        2,
        3,
        5,
        6,
        7
      ],
      [],
      [
        1,
        2,
        3,
        5
      ],
      [
        0,
        1,
        2,
        3,
        5,
        6
      ]
    ]
  },
  "directions": {
    "front": [
      0.754490315914154,
      -0.6563112735748291,
      -0.0
    ],
    "above": [
      0.0,
      0.0,
      1.0
    ],
    "behind": [
      -0.754490315914154,
      0.6563112735748291,
      0.0
    ],
    "below": [
      -0.0,
      -0.0,
      -1.0
    ],
    "right": [
      0.6563112735748291,
      0.7544902563095093,
      -0.0
    ],
    "left": [
      -0.6563112735748291,
      -0.7544902563095093,
      0.0
    ]
  },
  "image_index": 239,
  "image_filename": "CLEVR_new_000239.png",
  "objects": [
    {
      "pixel_coords": [
        98,
        136,
        9.07021713256836
      ],
      "rotation": 77.64500437404836,
      "material": "rubber",
      "size": "large",
      "shape": "cylinder",
      "color": "red",
      "3d_coords": [
        0.6516985297203064,
        -2.5941617488861084,
        0.699999988079071
      ]
    },
    {
      "pixel_coords": [
        170,
        108,
        10.887283325195312
      ],
      "rotation": 185.1812121181076,
      "material": "rubber",
      "size": "medium",
      "shape": "cylinder",
      "color": "blue",
      "3d_coords": [
        0.3226810097694397,
        0.15926876664161682,
        0.5249999761581421
      ]
    },
    {
      "pixel_coords": [
        147,
        169,
        7.81725549697876
      ],
      "rotation": 328.28894989970775,
      "material": "rubber",
      "size": "large",
      "shape": "cylinder",
      "color": "red",
      "3d_coords": [
        2.603783369064331,
        -2.4428341388702393,
        0.699999988079071
      ]
    },
    {
      "pixel_coords": [
        193,
        89,
        12.12033748626709
      ],
      "rotation": 115.05733438038918,
      "material": "rubber",
      "size": "medium",
      "shape": "cylinder",
      "color": "red",
      "3d_coords": [
        -0.2607220411300659,
        1.682102918624878,
        0.5249999761581421
      ]
    },
    {
      "pixel_coords": [
        87,
        98,
        11.882170677185059
      ],
      "rotation": 339.7562540849476,
      "material": "rubber",
      "size": "small",
      "shape": "cylinder",
      "color": "green",
      "3d_coords": [
        -2.2504565715789795,
        -1.3934612274169922,
        0.3499999940395355
      ]
    },
    {
      "pixel_coords": [
        266,
        119,
        10.24621295928955
      ],
      "rotation": 125.45587767439554,
      "material": "rubber",
      "size": "medium",
      "shape": "cylinder",
      "color": "blue",
      "3d_coords": [
        2.619920015335083,
        1.8594610691070557,
        0.5249999761581421
      ]
    },
    {
      "pixel_coords": [
        149,
        73,
        13.502488136291504
      ],
      "rotation": 124.01786936192964,
      "material": "rubber",
      "size": "medium",
      "shape": "cylinder",
      "color": "red",
      "3d_coords": [
        -2.479924201965332,
        1.4328850507736206,
        0.5249999761581421
      ]
    },
    {
      "pixel_coords": [
        108,
        78,
        13.00694751739502
      ],
      "rotation": 329.56107996629845,
      "material": "rubber",
      "size": "medium",
      "shape": "cube",
      "color": "green",
      "3d_coords": [
        -2.983670473098755,
        -0.10168834030628204,
        0.5249999761581421
      ]
    }
  ]
}