{
  "split": "new",
  "intruder_pos": [
    [
      207,
      125
    ],
    [
      252,
      178
    ]
  ],
  "relationships": {
    "front": [
      [
        1,
        2,
        3,
        4,
        5,
        6,
        7
      ],
      [
        2,
        4
      ],
      [],
      [
        1,
        2,
        4,
        5,
        6,
        7
      ],
      [
        2
      ],
      [
        1,
        2,
        4
      ],
      [
        1,
        2,
        4,
        5
      ],
      [
        1,
        2,
        4,
        5,
        6
      ]
    ],
    "left": [
      [
        1,
        2,
        3,
        4,
        6
      ],
      [],
      [
        1
      ],
      [
        1,
        2,
        6
      ],
      [
        1,
        2,
        3,
        6
      ],
      [
        0,
        1,
        2,
        3,
        4,
        6,
        7
      ],
      [
        1,
        2
      ],
      [
        0,
        1,
        2,
        3,
        4,
        6
      ]
    ],
    "behind": [
      [],
      [
        0,
        3,
        5,
        6,
        7
      ],
      [
        0,
        1,
        3,
        4,
        5,
        6,
        7
      ],
      [
        0
      ],
      [
        0,
        1,
        3,
        5,
        6,
        7
      ],
      [
        0,
        3,
        6,
        7
      ],
      [
        0,
        3,
        7
      ],
      [
        0,
        3
      ]
    ],
    "right": [
      [
        5,
        7
      ],
      [
        0,
        2,
        3,
        4,
        5,
        6,
        7
      ],
      [
        0,
        3,
        4,
        5,
        6,
        7
      ],
      [
        0,
        4,
        5,
        7
      ],
      [
        0,
        5,
        7
      ],
      [],
      [
        0,
        3,
        4,
        5,
        7
      ],
      [
        5
      ]
    ]
  },
  "directions": {
    "front": [
      0.754490315914154,
      -0.6563112735748291,
      -0.0
    ],
    "above": [
      0.0,
      0.0,
      1.0
    ],
    "behind": [
      -0.754490315914154,
      0.6563112735748291,
      0.0
    ],
    "below": [
      -0.0,
      -0.0,
      -1.0
    ],
    "right": [
      0.6563112735748291,
      0.7544902563095093,
      -0.0
    ],
    "left": [
      -0.6563112735748291,
      -0.7544902563095093,
      0.0
    ]
  },
  "image_index": 242,
  "image_filename": "CLEVR_new_000242.png",
  "objects": [
    {
      "pixel_coords": [
        200,
        82,
        13.169610023498535
      ],
      "rotation": 23.31662028024004,
      "material": "rubber",
      "size": "small",
      "shape": "sphere",
      "color": "green",
      "3d_coords": [
        -0.8927174210548401,
        2.6590754985809326,
        0.3499999940395355
      ]
    },
    {
      "pixel_coords": [
        50,
        109,
        10.39070987701416
      ],
      "rotation": 320.94036369813927,
      "material": "rubber",
      "size": "large",
      "shape": "sphere",
      "color": "green",
      "3d_coords": [
        -1.5713446140289307,
        -2.9195799827575684,
        0.699999988079071
      ]
    },
    {
      "pixel_coords": [
        90,
        134,
        9.118249893188477
      ],
      "rotation": 68.39459307393882,
      "material": "rubber",
      "size": "large",
      "shape": "sphere",
      "color": "red",
      "3d_coords": [
        0.4646666347980499,
        -2.6999263763427734,
        0.699999988079071
      ]
    },
    {
      "pixel_coords": [
        160,
        89,
        12.554179191589355
      ],
      "rotation": 168.6701492742328,
      "material": "rubber",
      "size": "small",
      "shape": "sphere",
      "color": "blue",
      "3d_coords": [
        -1.3048700094223022,
        1.0315649509429932,
        0.3499999940395355
      ]
    },
    {
      "pixel_coords": [
        174,
        127,
        9.445322036743164
      ],
      "rotation": 272.544111352719,
      "material": "rubber",
      "size": "large",
      "shape": "sphere",
      "color": "blue",
      "3d_coords": [
        1.5557260513305664,
        -0.752668023109436,
        0.699999988079071
      ]
    },
    {
      "pixel_coords": [
        276,
        111,
        10.69107437133789
      ],
      "rotation": 190.9873285884288,
      "material": "rubber",
      "size": "medium",
      "shape": "sphere",
      "color": "blue",
      "3d_coords": [
        2.5116875171661377,
        2.541449546813965,
        0.5249999761581421
      ]
    },
    {
      "pixel_coords": [
        119,
        96,
        11.197566032409668
      ],
      "rotation": 257.5875563979414,
      "material": "rubber",
      "size": "large",
      "shape": "sphere",
      "color": "green",
      "3d_coords": [
        -1.0628429651260376,
        -0.8253716826438904,
        0.699999988079071
      ]
    },
    {
      "pixel_coords": [
        230,
        87,
        11.836791038513184
      ],
      "rotation": 356.9757321954735,
      "material": "rubber",
      "size": "large",
      "shape": "cylinder",
      "color": "red",
      "3d_coords": [
        0.6682012677192688,
        2.482238292694092,
        0.699999988079071
      ]
    }
  ]
}