{
  "relationships": {
    "front": [
      [
        1,
        2,
        3,
        4,
        5,
        6,
        7
      ],
      [
        2,
        3,
        5,
        7
      ],
      [
        5,
        7
      ],
      [
        2,
        5,
        7
      ],
      [
        1,
        2,
        3,
        5,
        6,
        7
      ],
      [],
      [
        1,
        2,
        3,
        5,
        7
      ],
      [
        5
      ]
    ],
    "right": [
      [
        4,
        7
      ],
      [
        0,
        4,
        5,
        7
      ],
      [
        0,
        1,
        4,
        5,
        7
      ],
      [
        0,
        1,
        2,
        4,
        5,
        6,
        7
      ],
      [],
      [
        0,
        4,
        7
      ],
      [
        0,
        1,
        2,
        4,
        5,
        7
      ],
      [
        4
      ]
    ],
    "left": [
      [
        1,
        2,
        3,
        5,
        6
      ],
      [
        2,
        3,
        6
      ],
      [
        3,
        6
      ],
      [],
      [
        0,
        1,
        2,
        3,
        5,
        6,
        7
      ],
      [
        1,
        2,
        3,
        6
      ],
      [
        3
      ],
      [
        0,
        1,
        2,
        3,
        5,
        6
      ]
    ],
    "behind": [
      [],
      [
        0,
        4,
        6
      ],
      [
        0,
        1,
        3,
        4,
        6
      ],
      [
        0,
        1,
        4,
        6
      ],
      [
        0
      ],
      [
        0,
        1,
        2,
        3,
        4,
        6,
        7
      ],
      [
        0,
        4
      ],
      [
        0,
        1,
        2,
        3,
        4,
        6
      ]
    ]
  },
  "intruder_pos": [
    [
      186,
      57
    ],
    [
      245,
      132
    ]
  ],
  "image_filename": "CLEVR_new_001131.png",
  "directions": {
    "below": [
      -0.0,
      -0.0,
      -1.0
    ],
    "right": [
      0.6563112735748291,
      0.7544902563095093,
      -0.0
    ],
    "behind": [
      -0.754490315914154,
      0.6563112735748291,
      0.0
    ],
    "front": [
      0.754490315914154,
      -0.6563112735748291,
      -0.0
    ],
    "above": [
      0.0,
      0.0,
      1.0
    ],
    "left": [
      -0.6563112735748291,
      -0.7544902563095093,
      0.0
    ]
  },
  "image_index": 1131,
  "split": "new",
  "objects": [
    {
      "3d_coords": [
        -1.6448898315429688,
        2.780360698699951,
        0.5249999761581421
      ],
      "pixel_coords": [
        190,
        71,
        13.785597801208496
      ],
      "material": "rubber",
      "rotation": 268.12825406168804,
      "shape": "sphere",
      "color": "green",
      "size": "medium"
    },
    {
      "3d_coords": [
        -0.46462997794151306,
        0.24854162335395813,
        0.3499999940395355
      ],
      "pixel_coords": [
        157,
        103,
        11.705031394958496
      ],
      "material": "rubber",
      "rotation": 297.50731587120356,
      "shape": "cylinder",
      "color": "green",
      "size": "small"
    },
    {
      "3d_coords": [
        0.6798023581504822,
        -1.4393563270568848,
        0.5249999761581421
      ],
      "pixel_coords": [
        135,
        128,
        9.92880630493164
      ],
      "material": "rubber",
      "rotation": 252.30833717834105,
      "shape": "cylinder",
      "color": "green",
      "size": "medium"
    },
    {
      "3d_coords": [
        -1.6121852397918701,
        -2.7397377490997314,
        0.3499999940395355
      ],
      "pixel_coords": [
        59,
        117,
        10.898702621459961
      ],
      "material": "rubber",
      "rotation": 40.92116463570205,
      "shape": "cube",
      "color": "green",
      "size": "small"
    },
    {
      "3d_coords": [
        0.7779202461242676,
        2.915879249572754,
        0.699999988079071
      ],
      "pixel_coords": [
        240,
        86,
        12.103041648864746
      ],
      "material": "rubber",
      "rotation": 296.6162919746676,
      "shape": "cube",
      "color": "green",
      "size": "large"
    },
    {
      "3d_coords": [
        2.935011625289917,
        -1.7570596933364868,
        0.3499999940395355
      ],
      "pixel_coords": [
        177,
        177,
        8.290867805480957
      ],
      "material": "rubber",
      "rotation": 211.72234423824776,
      "shape": "cylinder",
      "color": "green",
      "size": "small"
    },
    {
      "3d_coords": [
        -2.173982620239258,
        -1.0964947938919067,
        0.699999988079071
      ],
      "pixel_coords": [
        96,
        87,
        11.992605209350586
      ],
      "material": "rubber",
      "rotation": 315.03502977683445,
      "shape": "cylinder",
      "color": "green",
      "size": "large"
    },
    {
      "3d_coords": [
        2.8199548721313477,
        -0.42926907539367676,
        0.699999988079071
      ],
      "pixel_coords": [
        215,
        144,
        8.908384323120117
      ],
      "material": "rubber",
      "rotation": 293.4706119403075,
      "shape": "cylinder",
      "color": "blue",
      "size": "large"
    }
  ]
}