{
  "split": "new",
  "intruder_pos": [
    [
      175,
      112
    ],
    [
      208,
      155
    ]
  ],
  "relationships": {
    "front": [
      [],
      [
        0,
        2,
        3,
        5,
        6
      ],
      [
        0
      ],
      [
        0,
        2,
        6
      ],
      [
        0,
        1,
        2,
        3,
        5,
        6
      ],
      [
        0,
        2,
        3,
        6
      ],
      [
        0,
        2
      ]
    ],
    "left": [
      [
        1,
        3
      ],
      [
        3
      ],
      [
        0,
        1,
        3,
        4,
        5,
        6
      ],
      [],
      [
        0,
        1,
        3,
        5
      ],
      [
        0,
        1,
        3
      ],
      [
        0,
        1,
        3,
        4,
        5
      ]
    ],
    "behind": [
      [
        1,
        2,
        3,
        4,
        5,
        6
      ],
      [
        4
      ],
      [
        1,
        3,
        4,
        5,
        6
      ],
      [
        1,
        4,
        5
      ],
      [],
      [
        1,
        4
      ],
      [
        1,
        3,
        4,
        5
      ]
    ],
    "right": [
      [
        2,
        4,
        5,
        6
      ],
      [
        0,
        2,
        4,
        5,
        6
      ],
      [],
      [
        0,
        1,
        2,
        4,
        5,
        6
      ],
      [
        2,
        6
      ],
      [
        2,
        4,
        6
      ],
      [
        2
      ]
    ]
  },
  "directions": {
    "front": [
      0.754490315914154,
      -0.6563112735748291,
      -0.0
    ],
    "above": [
      0.0,
      0.0,
      1.0
    ],
    "behind": [
      -0.754490315914154,
      0.6563112735748291,
      0.0
    ],
    "below": [
      -0.0,
      -0.0,
      -1.0
    ],
    "right": [
      0.6563112735748291,
      0.7544902563095093,
      -0.0
    ],
    "left": [
      -0.6563112735748291,
      -0.7544902563095093,
      0.0
    ]
  },
  "image_index": 158,
  "image_filename": "CLEVR_new_000158.png",
  "objects": [
    {
      "pixel_coords": [
        140,
        121,
        9.862929344177246
      ],
      "rotation": 174.8584314120571,
      "material": "rubber",
      "size": "large",
      "shape": "cube",
      "color": "red",
      "3d_coords": [
        0.6682639718055725,
        -1.3702625036239624,
        0.699999988079071
      ]
    },
    {
      "pixel_coords": [
        133,
        83,
        13.356698036193848
      ],
      "rotation": 29.032906731707385,
      "material": "rubber",
      "size": "small",
      "shape": "cylinder",
      "color": "red",
      "3d_coords": [
        -2.4519639015197754,
        0.7830089926719666,
        0.3499999940395355
      ]
    },
    {
      "pixel_coords": [
        235,
        116,
        10.535698890686035
      ],
      "rotation": 218.24509251181104,
      "material": "rubber",
      "size": "medium",
      "shape": "sphere",
      "color": "red",
      "3d_coords": [
        2.0668201446533203,
        1.2005201578140259,
        0.5249999761581421
      ]
    },
    {
      "pixel_coords": [
        94,
        98,
        11.735578536987305
      ],
      "rotation": 187.07945731803113,
      "material": "rubber",
      "size": "medium",
      "shape": "sphere",
      "color": "red",
      "3d_coords": [
        -1.9302667379379272,
        -1.2441654205322266,
        0.5249999761581421
      ]
    },
    {
      "pixel_coords": [
        170,
        64,
        14.296499252319336
      ],
      "rotation": 121.05160690455247,
      "material": "rubber",
      "size": "large",
      "shape": "cube",
      "color": "red",
      "3d_coords": [
        -2.4195449352264404,
        2.6892855167388916,
        0.699999988079071
      ]
    },
    {
      "pixel_coords": [
        154,
        87,
        12.576774597167969
      ],
      "rotation": 266.0578818596304,
      "material": "rubber",
      "size": "medium",
      "shape": "cylinder",
      "color": "red",
      "3d_coords": [
        -1.3017534017562866,
        0.8871449828147888,
        0.5249999761581421
      ]
    },
    {
      "pixel_coords": [
        191,
        106,
        11.18402099609375
      ],
      "rotation": 191.4533176086126,
      "material": "rubber",
      "size": "medium",
      "shape": "cylinder",
      "color": "green",
      "3d_coords": [
        0.6723806262016296,
        0.7373290061950684,
        0.5249999761581421
      ]
    }
  ]
}