{
  "split": "new",
  "intruder_pos": [
    [
      21,
      75
    ],
    [
      99,
      149
    ]
  ],
  "relationships": {
    "front": [
      [],
      [
        0,
        3,
        4,
        5,
        7
      ],
      [
        0,
        1,
        3,
        4,
        5,
        6,
        7
      ],
      [
        0,
        4,
        5,
        7
      ],
      [
        0,
        5,
        7
      ],
      [
        0,
        7
      ],
      [
        0,
        1,
        3,
        4,
        5,
        7
      ],
      [
        0
      ]
    ],
    "left": [
      [
        4,
        6,
        7
      ],
      [
        0,
        4,
        6,
        7
      ],
      [
        0,
        1,
        4,
        6,
        7
      ],
      [
        0,
        1,
        2,
        4,
        6,
        7
      ],
      [
        6,
        7
      ],
      [
        0,
        1,
        2,
        3,
        4,
        6,
        7
      ],
      [
        7
      ],
      []
    ],
    "behind": [
      [
        1,
        2,
        3,
        4,
        5,
        6,
        7
      ],
      [
        2,
        6
      ],
      [],
      [
        1,
        2,
        6
      ],
      [
        1,
        2,
        3,
        6
      ],
      [
        1,
        2,
        3,
        4,
        6
      ],
      [
        2
      ],
      [
        1,
        2,
        3,
        4,
        5,
        6
      ]
    ],
    "right": [
      [
        1,
        2,
        3,
        5
      ],
      [
        2,
        3,
        5
      ],
      [
        3,
        5
      ],
      [
        5
      ],
      [
        0,
        1,
        2,
        3,
        5
      ],
      [],
      [
        0,
        1,
        2,
        3,
        4,
        5
      ],
      [
        0,
        1,
        2,
        3,
        4,
        5,
        6
      ]
    ]
  },
  "directions": {
    "front": [
      0.754490315914154,
      -0.6563112735748291,
      -0.0
    ],
    "above": [
      0.0,
      0.0,
      1.0
    ],
    "behind": [
      -0.754490315914154,
      0.6563112735748291,
      0.0
    ],
    "below": [
      -0.0,
      -0.0,
      -1.0
    ],
    "right": [
      0.6563112735748291,
      0.7544902563095093,
      -0.0
    ],
    "left": [
      -0.6563112735748291,
      -0.7544902563095093,
      0.0
    ]
  },
  "image_index": 77,
  "image_filename": "CLEVR_new_000077.png",
  "objects": [
    {
      "pixel_coords": [
        149,
        168,
        7.270679473876953
      ],
      "rotation": 140.34400342962937,
      "material": "rubber",
      "size": "large",
      "shape": "sphere",
      "color": "blue",
      "3d_coords": [
        2.610691785812378,
        -2.4628610610961914,
        0.699999988079071
      ]
    },
    {
      "pixel_coords": [
        170,
        89,
        11.216306686401367
      ],
      "rotation": 245.0560218469766,
      "material": "rubber",
      "size": "large",
      "shape": "sphere",
      "color": "blue",
      "3d_coords": [
        -0.441723495721817,
        0.7965417504310608,
        0.699999988079071
      ]
    },
    {
      "pixel_coords": [
        184,
        71,
        12.749739646911621
      ],
      "rotation": 330.90451370183735,
      "material": "rubber",
      "size": "large",
      "shape": "sphere",
      "color": "green",
      "3d_coords": [
        -1.4281151294708252,
        2.3053321838378906,
        0.699999988079071
      ]
    },
    {
      "pixel_coords": [
        206,
        110,
        10.62389087677002
      ],
      "rotation": 70.77587925084936,
      "material": "rubber",
      "size": "small",
      "shape": "sphere",
      "color": "blue",
      "3d_coords": [
        0.8918286561965942,
        1.0866507291793823,
        0.3499999940395355
      ]
    },
    {
      "pixel_coords": [
        137,
        112,
        9.681490898132324
      ],
      "rotation": 35.23882548454468,
      "material": "rubber",
      "size": "large",
      "shape": "sphere",
      "color": "red",
      "3d_coords": [
        0.27699893712997437,
        -1.038790225982666,
        0.699999988079071
      ]
    },
    {
      "pixel_coords": [
        265,
        126,
        9.307563781738281
      ],
      "rotation": 245.70103898975108,
      "material": "rubber",
      "size": "medium",
      "shape": "sphere",
      "color": "red",
      "3d_coords": [
        2.846653938293457,
        1.2733535766601562,
        0.5249999761581421
      ]
    },
    {
      "pixel_coords": [
        132,
        77,
        12.210700035095215
      ],
      "rotation": 167.9845966291512,
      "material": "rubber",
      "size": "large",
      "shape": "sphere",
      "color": "blue",
      "3d_coords": [
        -2.1439437866210938,
        0.48834654688835144,
        0.699999988079071
      ]
    },
    {
      "pixel_coords": [
        63,
        126,
        8.947882652282715
      ],
      "rotation": 280.2424319549512,
      "material": "rubber",
      "size": "large",
      "shape": "cube",
      "color": "green",
      "3d_coords": [
        -0.2643793821334839,
        -2.9875316619873047,
        0.699999988079071
      ]
    }
  ]
}