{
  "image_filename": "CLEVR_new_001407.png",
  "directions": {
    "left": [
      -0.6563112735748291,
      -0.7544902563095093,
      0.0
    ],
    "right": [
      0.6563112735748291,
      0.7544902563095093,
      -0.0
    ],
    "front": [
      0.754490315914154,
      -0.6563112735748291,
      -0.0
    ],
    "behind": [
      -0.754490315914154,
      0.6563112735748291,
      0.0
    ],
    "below": [
      -0.0,
      -0.0,
      -1.0
    ],
    "above": [
      0.0,
      0.0,
      1.0
    ]
  },
  "intruder_pos": [
    [
      93,
      151
    ],
    [
      123,
      177
    ]
  ],
  "image_index": 1407,
  "split": "new",
  "relationships": {
    "left": [
      [
        3,
        4,
        5,
        7
      ],
      [
        0,
        2,
        3,
        4,
        5,
        6,
        7
      ],
      [
        0,
        3,
        4,
        5,
        7
      ],
      [
        4,
        5,
        7
      ],
      [
        7
      ],
      [
        4,
        7
      ],
      [
        0,
        2,
        3,
        4,
        5,
        7
      ],
      []
    ],
    "right": [
      [
        1,
        2,
        6
      ],
      [],
      [
        1,
        6
      ],
      [
        0,
        1,
        2,
        6
      ],
      [
        0,
        1,
        2,
        3,
        5,
        6
      ],
      [
        0,
        1,
        2,
        3,
        6
      ],
      [
        1
      ],
      [
        0,
        1,
        2,
        3,
        4,
        5,
        6
      ]
    ],
    "front": [
      [
        1,
        2,
        3,
        4,
        6
      ],
      [
        3,
        4,
        6
      ],
      [
        1,
        3,
        4,
        6
      ],
      [],
      [
        3,
        6
      ],
      [
        0,
        1,
        2,
        3,
        4,
        6,
        7
      ],
      [
        3
      ],
      [
        0,
        1,
        2,
        3,
        4,
        6
      ]
    ],
    "behind": [
      [
        5,
        7
      ],
      [
        0,
        2,
        5,
        7
      ],
      [
        0,
        5,
        7
      ],
      [
        0,
        1,
        2,
        4,
        5,
        6,
        7
      ],
      [
        0,
        1,
        2,
        5,
        7
      ],
      [],
      [
        0,
        1,
        2,
        4,
        5,
        7
      ],
      [
        5
      ]
    ]
  },
  "objects": [
    {
      "color": "green",
      "material": "rubber",
      "pixel_coords": [
        185,
        86,
        11.409770965576172
      ],
      "3d_coords": [
        -0.28023838996887207,
        1.3049235343933105,
        0.699999988079071
      ],
      "size": "large",
      "rotation": 69.95694428631964,
      "shape": "cube"
    },
    {
      "color": "red",
      "material": "rubber",
      "pixel_coords": [
        293,
        116,
        10.290617942810059
      ],
      "3d_coords": [
        2.8106954097747803,
        2.7534492015838623,
        0.3499999940395355
      ],
      "size": "small",
      "rotation": 185.13468068049878,
      "shape": "cube"
    },
    {
      "color": "blue",
      "material": "rubber",
      "pixel_coords": [
        225,
        104,
        10.97879409790039
      ],
      "3d_coords": [
        1.0161367654800415,
        1.8136570453643799,
        0.3499999940395355
      ],
      "size": "small",
      "rotation": 89.75051269528518,
      "shape": "cube"
    },
    {
      "color": "red",
      "material": "rubber",
      "pixel_coords": [
        168,
        141,
        8.339866638183594
      ],
      "3d_coords": [
        1.9709868431091309,
        -1.4089958667755127,
        0.699999988079071
      ],
      "size": "large",
      "rotation": 250.49152700222507,
      "shape": "cube"
    },
    {
      "color": "blue",
      "material": "rubber",
      "pixel_coords": [
        121,
        112,
        9.746583938598633
      ],
      "3d_coords": [
        -0.05826558545231819,
        -1.3628323078155518,
        0.699999988079071
      ],
      "size": "large",
      "rotation": 140.38377344783174,
      "shape": "cube"
    },
    {
      "color": "blue",
      "material": "rubber",
      "pixel_coords": [
        150,
        69,
        12.86734676361084
      ],
      "3d_coords": [
        -2.2968974113464355,
        1.455925464630127,
        0.699999988079071
      ],
      "size": "large",
      "rotation": 184.12831729226417,
      "shape": "cube"
    },
    {
      "color": "red",
      "material": "rubber",
      "pixel_coords": [
        255,
        128,
        9.249490737915039
      ],
      "3d_coords": [
        2.750572681427002,
        0.9879857897758484,
        0.5249999761581421
      ],
      "size": "medium",
      "rotation": 140.5618783715244,
      "shape": "cube"
    },
    {
      "color": "blue",
      "material": "rubber",
      "pixel_coords": [
        109,
        81,
        12.318588256835938
      ],
      "3d_coords": [
        -2.676893472671509,
        -0.11170446127653122,
        0.5249999761581421
      ],
      "size": "medium",
      "rotation": 182.25193613532377,
      "shape": "cylinder"
    }
  ]
}