{
  "image_filename": "CLEVR_new_001428.png",
  "directions": {
    "left": [
      -0.6563112735748291,
      -0.7544902563095093,
      0.0
    ],
    "right": [
      0.6563112735748291,
      0.7544902563095093,
      -0.0
    ],
    "front": [
      0.754490315914154,
      -0.6563112735748291,
      -0.0
    ],
    "behind": [
      -0.754490315914154,
      0.6563112735748291,
      0.0
    ],
    "below": [
      -0.0,
      -0.0,
      -1.0
    ],
    "above": [
      0.0,
      0.0,
      1.0
    ]
  },
  "intruder_pos": [
    [
      251,
      101
    ],
    [
      286,
      133
    ]
  ],
  "image_index": 1428,
  "split": "new",
  "relationships": {
    "left": [
      [
        2,
        3,
        4,
        5,
        6
      ],
      [
        0,
        2,
        3,
        4,
        5,
        6
      ],
      [],
      [
        2,
        4,
        5
      ],
      [
        2,
        5
      ],
      [
        2
      ],
      [
        2,
        3,
        4,
        5
      ],
      [
        0,
        1,
        2,
        3,
        4,
        5,
        6
      ]
    ],
    "right": [
      [
        1,
        7
      ],
      [
        7
      ],
      [
        0,
        1,
        3,
        4,
        5,
        6,
        7
      ],
      [
        0,
        1,
        6,
        7
      ],
      [
        0,
        1,
        3,
        6,
        7
      ],
      [
        0,
        1,
        3,
        4,
        6,
        7
      ],
      [
        0,
        1,
        7
      ],
      []
    ],
    "front": [
      [
        1,
        2,
        3,
        4,
        7
      ],
      [
        3
      ],
      [
        1,
        3,
        7
      ],
      [],
      [
        1,
        2,
        3,
        7
      ],
      [
        0,
        1,
        2,
        3,
        4,
        7
      ],
      [
        0,
        1,
        2,
        3,
        4,
        5,
        7
      ],
      [
        1,
        3
      ]
    ],
    "behind": [
      [
        5,
        6
      ],
      [
        0,
        2,
        4,
        5,
        6,
        7
      ],
      [
        0,
        4,
        5,
        6
      ],
      [
        0,
        1,
        2,
        4,
        5,
        6,
        7
      ],
      [
        0,
        5,
        6
      ],
      [
        6
      ],
      [],
      [
        0,
        2,
        4,
        5,
        6
      ]
    ]
  },
  "objects": [
    {
      "color": "green",
      "material": "rubber",
      "pixel_coords": [
        182,
        96,
        11.689563751220703
      ],
      "3d_coords": [
        -0.09165078401565552,
        1.0332467555999756,
        0.5249999761581421
      ],
      "size": "medium",
      "rotation": 61.70429803034133,
      "shape": "cylinder"
    },
    {
      "color": "blue",
      "material": "rubber",
      "pixel_coords": [
        223,
        131,
        9.60811996459961
      ],
      "3d_coords": [
        2.3515801429748535,
        0.23473191261291504,
        0.5249999761581421
      ],
      "size": "medium",
      "rotation": 180.7149270482361,
      "shape": "cylinder"
    },
    {
      "color": "red",
      "material": "rubber",
      "pixel_coords": [
        45,
        102,
        10.8624267578125
      ],
      "3d_coords": [
        -2.27531361579895,
        -2.7574462890625,
        0.699999988079071
      ],
      "size": "large",
      "rotation": 339.2524400931917,
      "shape": "cylinder"
    },
    {
      "color": "green",
      "material": "rubber",
      "pixel_coords": [
        125,
        160,
        8.414896011352539
      ],
      "3d_coords": [
        1.6957669258117676,
        -2.5811452865600586,
        0.5249999761581421
      ],
      "size": "medium",
      "rotation": 335.396104511085,
      "shape": "cylinder"
    },
    {
      "color": "red",
      "material": "rubber",
      "pixel_coords": [
        106,
        101,
        11.316943168640137
      ],
      "3d_coords": [
        -1.3854700326919556,
        -1.0948752164840698,
        0.5249999761581421
      ],
      "size": "medium",
      "rotation": 145.62738831713605,
      "shape": "cylinder"
    },
    {
      "color": "green",
      "material": "rubber",
      "pixel_coords": [
        90,
        85,
        12.448537826538086
      ],
      "3d_coords": [
        -2.854944944381714,
        -0.8226598501205444,
        0.5249999761581421
      ],
      "size": "medium",
      "rotation": 64.2394985547533,
      "shape": "cylinder"
    },
    {
      "color": "green",
      "material": "rubber",
      "pixel_coords": [
        166,
        80,
        13.349037170410156
      ],
      "3d_coords": [
        -1.7612897157669067,
        1.8450149297714233,
        0.3499999940395355
      ],
      "size": "small",
      "rotation": 97.602783470303,
      "shape": "cylinder"
    },
    {
      "color": "blue",
      "material": "rubber",
      "pixel_coords": [
        268,
        122,
        10.421080589294434
      ],
      "3d_coords": [
        2.7145791053771973,
        1.9131526947021484,
        0.3499999940395355
      ],
      "size": "small",
      "rotation": 304.5132639830041,
      "shape": "cube"
    }
  ]
}