{
  "image_filename": "CLEVR_new_001550.png",
  "directions": {
    "left": [
      -0.6563112735748291,
      -0.7544902563095093,
      0.0
    ],
    "right": [
      0.6563112735748291,
      0.7544902563095093,
      -0.0
    ],
    "front": [
      0.754490315914154,
      -0.6563112735748291,
      -0.0
    ],
    "behind": [
      -0.754490315914154,
      0.6563112735748291,
      0.0
    ],
    "below": [
      -0.0,
      -0.0,
      -1.0
    ],
    "above": [
      0.0,
      0.0,
      1.0
    ]
  },
  "intruder_pos": [
    [
      79,
      132
    ],
    [
      121,
      181
    ]
  ],
  "image_index": 1550,
  "split": "new",
  "relationships": {
    "left": [
      [
        7
      ],
      [
        0,
        2,
        3,
        4,
        6,
        7
      ],
      [
        0,
        3,
        4,
        6,
        7
      ],
      [
        0,
        4,
        6,
        7
      ],
      [
        0,
        7
      ],
      [
        0,
        1,
        2,
        3,
        4,
        6,
        7
      ],
      [
        0,
        4,
        7
      ],
      []
    ],
    "right": [
      [
        1,
        2,
        3,
        4,
        5,
        6
      ],
      [
        5
      ],
      [
        1,
        5
      ],
      [
        1,
        2,
        5
      ],
      [
        1,
        2,
        3,
        5,
        6
      ],
      [],
      [
        1,
        2,
        3,
        5
      ],
      [
        0,
        1,
        2,
        3,
        4,
        5,
        6
      ]
    ],
    "front": [
      [
        2,
        5,
        6
      ],
      [
        0,
        2,
        5,
        6
      ],
      [],
      [
        0,
        1,
        2,
        4,
        5,
        6,
        7
      ],
      [
        0,
        1,
        2,
        5,
        6,
        7
      ],
      [
        2,
        6
      ],
      [
        2
      ],
      [
        0,
        1,
        2,
        5,
        6
      ]
    ],
    "behind": [
      [
        1,
        3,
        4,
        7
      ],
      [
        3,
        4,
        7
      ],
      [
        0,
        1,
        3,
        4,
        5,
        6,
        7
      ],
      [],
      [
        3
      ],
      [
        0,
        1,
        3,
        4,
        7
      ],
      [
        0,
        1,
        3,
        4,
        5,
        7
      ],
      [
        3,
        4
      ]
    ]
  },
  "objects": [
    {
      "color": "blue",
      "material": "rubber",
      "pixel_coords": [
        109,
        106,
        11.496408462524414
      ],
      "3d_coords": [
        -1.3189200162887573,
        -1.0577775239944458,
        0.3499999940395355
      ],
      "size": "small",
      "rotation": 191.91170392880866,
      "shape": "sphere"
    },
    {
      "color": "blue",
      "material": "rubber",
      "pixel_coords": [
        231,
        87,
        12.122856140136719
      ],
      "3d_coords": [
        0.70120769739151,
        2.617814540863037,
        0.699999988079071
      ],
      "size": "large",
      "rotation": 350.3000912360652,
      "shape": "sphere"
    },
    {
      "color": "blue",
      "material": "rubber",
      "pixel_coords": [
        203,
        140,
        8.699642181396484
      ],
      "3d_coords": [
        2.690239429473877,
        -0.8874087929725647,
        0.699999988079071
      ],
      "size": "large",
      "rotation": 286.56179863958357,
      "shape": "sphere"
    },
    {
      "color": "blue",
      "material": "rubber",
      "pixel_coords": [
        167,
        64,
        14.708259582519531
      ],
      "3d_coords": [
        -2.8675425052642822,
        2.8572466373443604,
        0.699999988079071
      ],
      "size": "large",
      "rotation": 61.22161413100644,
      "shape": "cube"
    },
    {
      "color": "blue",
      "material": "rubber",
      "pixel_coords": [
        140,
        79,
        13.964141845703125
      ],
      "3d_coords": [
        -2.8317110538482666,
        1.3771015405654907,
        0.3499999940395355
      ],
      "size": "small",
      "rotation": 305.45435547362837,
      "shape": "sphere"
    },
    {
      "color": "blue",
      "material": "rubber",
      "pixel_coords": [
        283,
        112,
        10.63497543334961
      ],
      "3d_coords": [
        2.8654327392578125,
        2.480620861053467,
        0.5249999761581421
      ],
      "size": "medium",
      "rotation": 188.47762094770314,
      "shape": "cylinder"
    },
    {
      "color": "blue",
      "material": "rubber",
      "pixel_coords": [
        148,
        114,
        10.106678009033203
      ],
      "3d_coords": [
        0.5879949331283569,
        -0.9435925483703613,
        0.699999988079071
      ],
      "size": "large",
      "rotation": 8.537845756735699,
      "shape": "cylinder"
    },
    {
      "color": "red",
      "material": "rubber",
      "pixel_coords": [
        101,
        82,
        12.570619583129883
      ],
      "3d_coords": [
        -2.6439619064331055,
        -0.5183343887329102,
        0.699999988079071
      ],
      "size": "large",
      "rotation": 285.5930129342456,
      "shape": "cylinder"
    }
  ]
}