{
  "split": "new",
  "intruder_pos": [
    [
      161,
      148
    ],
    [
      179,
      166
    ]
  ],
  "relationships": {
    "front": [
      [
        2,
        3,
        4
      ],
      [
        0,
        2,
        3,
        4,
        5,
        6
      ],
      [],
      [
        2
      ],
      [
        2,
        3
      ],
      [
        0,
        2,
        3,
        4
      ],
      [
        0,
        2,
        3,
        4,
        5
      ]
    ],
    "left": [
      [
        4
      ],
      [
        0,
        2,
        4
      ],
      [
        0,
        4
      ],
      [
        0,
        1,
        2,
        4,
        6
      ],
      [],
      [
        0,
        1,
        2,
        3,
        4,
        6
      ],
      [
        0,
        1,
        2,
        4
      ]
    ],
    "behind": [
      [
        1,
        5,
        6
      ],
      [],
      [
        0,
        1,
        3,
        4,
        5,
        6
      ],
      [
        0,
        1,
        4,
        5,
        6
      ],
      [
        0,
        1,
        5,
        6
      ],
      [
        1,
        6
      ],
      [
        1
      ]
    ],
    "right": [
      [
        1,
        2,
        3,
        5,
        6
      ],
      [
        3,
        5,
        6
      ],
      [
        1,
        3,
        5,
        6
      ],
      [
        5
      ],
      [
        0,
        1,
        2,
        3,
        5,
        6
      ],
      [],
      [
        3,
        5
      ]
    ]
  },
  "directions": {
    "front": [
      0.754490315914154,
      -0.6563112735748291,
      -0.0
    ],
    "above": [
      0.0,
      0.0,
      1.0
    ],
    "behind": [
      -0.754490315914154,
      0.6563112735748291,
      0.0
    ],
    "below": [
      -0.0,
      -0.0,
      -1.0
    ],
    "right": [
      0.6563112735748291,
      0.7544902563095093,
      -0.0
    ],
    "left": [
      -0.6563112735748291,
      -0.7544902563095093,
      0.0
    ]
  },
  "image_index": 81,
  "image_filename": "CLEVR_new_000081.png",
  "objects": [
    {
      "pixel_coords": [
        110,
        96,
        11.902083396911621
      ],
      "rotation": 297.0432955133925,
      "material": "rubber",
      "size": "small",
      "shape": "cylinder",
      "color": "green",
      "3d_coords": [
        -1.9178338050842285,
        -0.5629680752754211,
        0.3499999940395355
      ]
    },
    {
      "pixel_coords": [
        150,
        69,
        13.719822883605957
      ],
      "rotation": 107.71615362352806,
      "material": "rubber",
      "size": "medium",
      "shape": "cylinder",
      "color": "red",
      "3d_coords": [
        -2.6269688606262207,
        1.887778401374817,
        0.5249999761581421
      ]
    },
    {
      "pixel_coords": [
        128,
        140,
        9.145797729492188
      ],
      "rotation": 348.5413496764795,
      "material": "rubber",
      "size": "medium",
      "shape": "cylinder",
      "color": "green",
      "3d_coords": [
        0.9191628098487854,
        -1.987243413925171,
        0.5249999761581421
      ]
    },
    {
      "pixel_coords": [
        196,
        125,
        9.476253509521484
      ],
      "rotation": 162.87320009132736,
      "material": "rubber",
      "size": "large",
      "shape": "cylinder",
      "color": "green",
      "3d_coords": [
        1.8060457706451416,
        -0.31139159202575684,
        0.699999988079071
      ]
    },
    {
      "pixel_coords": [
        82,
        104,
        10.62255859375
      ],
      "rotation": 36.58632253958927,
      "material": "rubber",
      "size": "large",
      "shape": "cylinder",
      "color": "blue",
      "3d_coords": [
        -1.4266985654830933,
        -1.9072986841201782,
        0.699999988079071
      ]
    },
    {
      "pixel_coords": [
        226,
        89,
        12.427745819091797
      ],
      "rotation": 329.19188599828885,
      "material": "rubber",
      "size": "small",
      "shape": "cylinder",
      "color": "blue",
      "3d_coords": [
        0.3654021620750427,
        2.829108953475952,
        0.3499999940395355
      ]
    },
    {
      "pixel_coords": [
        170,
        83,
        12.904754638671875
      ],
      "rotation": 84.37971881697989,
      "material": "rubber",
      "size": "small",
      "shape": "sphere",
      "color": "blue",
      "3d_coords": [
        -1.363075613975525,
        1.7453052997589111,
        0.3499999940395355
      ]
    }
  ]
}