{
  "split": "new",
  "intruder_pos": [
    [
      96,
      10
    ],
    [
      183,
      107
    ]
  ],
  "relationships": {
    "front": [
      [
        1,
        2,
        3,
        7
      ],
      [
        7
      ],
      [
        1,
        3,
        7
      ],
      [
        1,
        7
      ],
      [
        0,
        1,
        2,
        3,
        7
      ],
      [
        0,
        1,
        2,
        3,
        4,
        6,
        7
      ],
      [
        0,
        1,
        2,
        3,
        4,
        7
      ],
      []
    ],
    "left": [
      [
        1,
        6
      ],
      [
        6
      ],
      [
        0,
        1,
        6,
        7
      ],
      [
        0,
        1,
        2,
        5,
        6,
        7
      ],
      [
        0,
        1,
        2,
        3,
        5,
        6,
        7
      ],
      [
        0,
        1,
        2,
        6,
        7
      ],
      [],
      [
        0,
        1,
        6
      ]
    ],
    "behind": [
      [
        4,
        5,
        6
      ],
      [
        0,
        2,
        3,
        4,
        5,
        6
      ],
      [
        0,
        4,
        5,
        6
      ],
      [
        0,
        2,
        4,
        5,
        6
      ],
      [
        5,
        6
      ],
      [],
      [
        5
      ],
      [
        0,
        1,
        2,
        3,
        4,
        5,
        6
      ]
    ],
    "right": [
      [
        2,
        3,
        4,
        5,
        7
      ],
      [
        0,
        2,
        3,
        4,
        5,
        7
      ],
      [
        3,
        4,
        5
      ],
      [
        4
      ],
      [],
      [
        3,
        4
      ],
      [
        0,
        1,
        2,
        3,
        4,
        5,
        7
      ],
      [
        2,
        3,
        4,
        5
      ]
    ]
  },
  "directions": {
    "front": [
      0.754490315914154,
      -0.6563112735748291,
      -0.0
    ],
    "above": [
      0.0,
      0.0,
      1.0
    ],
    "behind": [
      -0.754490315914154,
      0.6563112735748291,
      0.0
    ],
    "below": [
      -0.0,
      -0.0,
      -1.0
    ],
    "right": [
      0.6563112735748291,
      0.7544902563095093,
      -0.0
    ],
    "left": [
      -0.6563112735748291,
      -0.7544902563095093,
      0.0
    ]
  },
  "image_index": 314,
  "image_filename": "CLEVR_new_000314.png",
  "objects": [
    {
      "pixel_coords": [
        119,
        101,
        11.06619930267334
      ],
      "rotation": 259.4757073940704,
      "material": "rubber",
      "size": "large",
      "shape": "cylinder",
      "color": "blue",
      "3d_coords": [
        -0.8282507061958313,
        -0.9787434339523315,
        0.699999988079071
      ]
    },
    {
      "pixel_coords": [
        95,
        151,
        8.853443145751953
      ],
      "rotation": 191.3776498257512,
      "material": "rubber",
      "size": "medium",
      "shape": "cylinder",
      "color": "blue",
      "3d_coords": [
        0.847258448600769,
        -2.9980533123016357,
        0.5249999761581421
      ]
    },
    {
      "pixel_coords": [
        163,
        117,
        10.493265151977539
      ],
      "rotation": 269.252837423908,
      "material": "rubber",
      "size": "medium",
      "shape": "cylinder",
      "color": "red",
      "3d_coords": [
        0.6360036134719849,
        -0.4809572398662567,
        0.5249999761581421
      ]
    },
    {
      "pixel_coords": [
        220,
        144,
        9.468606948852539
      ],
      "rotation": 159.8739252190062,
      "material": "rubber",
      "size": "small",
      "shape": "cylinder",
      "color": "blue",
      "3d_coords": [
        2.5974764823913574,
        -0.1982141137123108,
        0.3499999940395355
      ]
    },
    {
      "pixel_coords": [
        245,
        102,
        11.832127571105957
      ],
      "rotation": 258.40599526773025,
      "material": "rubber",
      "size": "small",
      "shape": "cylinder",
      "color": "green",
      "3d_coords": [
        1.4824196100234985,
        2.546574831008911,
        0.3499999940395355
      ]
    },
    {
      "pixel_coords": [
        189,
        77,
        12.897157669067383
      ],
      "rotation": 246.06581531242747,
      "material": "rubber",
      "size": "large",
      "shape": "cylinder",
      "color": "blue",
      "3d_coords": [
        -0.764805793762207,
        2.157874584197998,
        0.699999988079071
      ]
    },
    {
      "pixel_coords": [
        89,
        84,
        12.343362808227539
      ],
      "rotation": 172.6734059009896,
      "material": "rubber",
      "size": "large",
      "shape": "cylinder",
      "color": "green",
      "3d_coords": [
        -2.7162392139434814,
        -0.8961403965950012,
        0.699999988079071
      ]
    },
    {
      "pixel_coords": [
        142,
        178,
        7.588933944702148
      ],
      "rotation": 1.927937130157189,
      "material": "rubber",
      "size": "large",
      "shape": "cube",
      "color": "red",
      "3d_coords": [
        2.676950216293335,
        -2.9852190017700195,
        0.699999988079071
      ]
    }
  ]
}