{
  "image_filename": "CLEVR_new_001445.png",
  "directions": {
    "left": [
      -0.6563112735748291,
      -0.7544902563095093,
      0.0
    ],
    "right": [
      0.6563112735748291,
      0.7544902563095093,
      -0.0
    ],
    "front": [
      0.754490315914154,
      -0.6563112735748291,
      -0.0
    ],
    "behind": [
      -0.754490315914154,
      0.6563112735748291,
      0.0
    ],
    "below": [
      -0.0,
      -0.0,
      -1.0
    ],
    "above": [
      0.0,
      0.0,
      1.0
    ]
  },
  "intruder_pos": [
    [
      94,
      123
    ],
    [
      114,
      148
    ]
  ],
  "image_index": 1445,
  "split": "new",
  "relationships": {
    "left": [
      [
        1,
        4,
        5,
        6
      ],
      [],
      [
        0,
        1,
        4,
        5,
        6
      ],
      [
        0,
        1,
        2,
        4,
        5,
        6
      ],
      [
        1,
        5,
        6
      ],
      [
        1,
        6
      ],
      [
        1
      ]
    ],
    "right": [
      [
        2,
        3
      ],
      [
        0,
        2,
        3,
        4,
        5,
        6
      ],
      [
        3
      ],
      [],
      [
        0,
        2,
        3
      ],
      [
        0,
        2,
        3,
        4
      ],
      [
        0,
        2,
        3,
        4,
        5
      ]
    ],
    "front": [
      [
        1,
        2,
        3,
        4,
        5,
        6
      ],
      [
        2,
        5
      ],
      [
        5
      ],
      [
        1,
        2,
        5
      ],
      [
        1,
        2,
        3,
        5,
        6
      ],
      [],
      [
        1,
        2,
        3,
        5
      ]
    ],
    "behind": [
      [],
      [
        0,
        3,
        4,
        6
      ],
      [
        0,
        1,
        3,
        4,
        6
      ],
      [
        0,
        4,
        6
      ],
      [
        0
      ],
      [
        0,
        1,
        2,
        3,
        4,
        6
      ],
      [
        0,
        4
      ]
    ]
  },
  "objects": [
    {
      "color": "green",
      "material": "rubber",
      "pixel_coords": [
        191,
        73,
        14.288487434387207
      ],
      "3d_coords": [
        -1.4329960346221924,
        2.9375345706939697,
        0.5249999761581421
      ],
      "size": "medium",
      "rotation": 184.01006211744115,
      "shape": "cylinder"
    },
    {
      "color": "green",
      "material": "rubber",
      "pixel_coords": [
        69,
        121,
        10.398935317993164
      ],
      "3d_coords": [
        -0.7604708075523376,
        -2.908268451690674,
        0.699999988079071
      ],
      "size": "large",
      "rotation": 245.4008954920688,
      "shape": "cube"
    },
    {
      "color": "green",
      "material": "rubber",
      "pixel_coords": [
        225,
        144,
        9.928322792053223
      ],
      "3d_coords": [
        2.768036127090454,
        0.05146201699972153,
        0.3499999940395355
      ],
      "size": "small",
      "rotation": 67.73586603203279,
      "shape": "sphere"
    },
    {
      "color": "green",
      "material": "rubber",
      "pixel_coords": [
        251,
        116,
        11.022444725036621
      ],
      "3d_coords": [
        2.4176323413848877,
        1.6970168352127075,
        0.5249999761581421
      ],
      "size": "medium",
      "rotation": 19.62412780577067,
      "shape": "sphere"
    },
    {
      "color": "green",
      "material": "rubber",
      "pixel_coords": [
        177,
        93,
        12.580916404724121
      ],
      "3d_coords": [
        -0.3963630795478821,
        1.162324070930481,
        0.5249999761581421
      ],
      "size": "medium",
      "rotation": 237.79940975891432,
      "shape": "cylinder"
    },
    {
      "color": "green",
      "material": "rubber",
      "pixel_coords": [
        153,
        190,
        8.189549446105957
      ],
      "3d_coords": [
        2.949573278427124,
        -2.764530658721924,
        0.3499999940395355
      ],
      "size": "small",
      "rotation": 347.87009306123014,
      "shape": "cube"
    },
    {
      "color": "red",
      "material": "rubber",
      "pixel_coords": [
        104,
        104,
        12.189847946166992
      ],
      "3d_coords": [
        -1.6615866422653198,
        -1.1238210201263428,
        0.3499999940395355
      ],
      "size": "small",
      "rotation": 30.324604619106637,
      "shape": "cylinder"
    }
  ]
}