{
  "split": "new",
  "intruder_pos": [
    [
      83,
      122
    ],
    [
      105,
      149
    ]
  ],
  "relationships": {
    "front": [
      [
        3,
        5,
        6
      ],
      [
        0,
        2,
        3,
        5,
        6,
        7
      ],
      [
        0,
        3,
        5,
        6,
        7
      ],
      [],
      [
        0,
        1,
        2,
        3,
        5,
        6,
        7
      ],
      [
        3,
        6
      ],
      [
        3
      ],
      [
        0,
        3,
        5,
        6
      ]
    ],
    "left": [
      [
        1,
        3,
        4,
        5,
        6,
        7
      ],
      [
        3,
        4,
        5,
        6,
        7
      ],
      [
        0,
        1,
        3,
        4,
        5,
        6,
        7
      ],
      [
        4,
        5,
        6,
        7
      ],
      [
        6,
        7
      ],
      [
        4,
        6,
        7
      ],
      [
        7
      ],
      []
    ],
    "behind": [
      [
        1,
        2,
        4,
        7
      ],
      [
        4
      ],
      [
        1,
        4
      ],
      [
        0,
        1,
        2,
        4,
        5,
        6,
        7
      ],
      [],
      [
        0,
        1,
        2,
        4,
        7
      ],
      [
        0,
        1,
        2,
        4,
        5,
        7
      ],
      [
        1,
        2,
        4
      ]
    ],
    "right": [
      [
        2
      ],
      [
        0,
        2
      ],
      [],
      [
        0,
        1,
        2
      ],
      [
        0,
        1,
        2,
        3,
        5
      ],
      [
        0,
        1,
        2,
        3
      ],
      [
        0,
        1,
        2,
        3,
        4,
        5
      ],
      [
        0,
        1,
        2,
        3,
        4,
        5,
        6
      ]
    ]
  },
  "directions": {
    "front": [
      0.754490315914154,
      -0.6563112735748291,
      -0.0
    ],
    "above": [
      0.0,
      0.0,
      1.0
    ],
    "behind": [
      -0.754490315914154,
      0.6563112735748291,
      0.0
    ],
    "below": [
      -0.0,
      -0.0,
      -1.0
    ],
    "right": [
      0.6563112735748291,
      0.7544902563095093,
      -0.0
    ],
    "left": [
      -0.6563112735748291,
      -0.7544902563095093,
      0.0
    ]
  },
  "image_index": 18,
  "image_filename": "CLEVR_new_000018.png",
  "objects": [
    {
      "pixel_coords": [
        211,
        112,
        11.044478416442871
      ],
      "rotation": 318.15640384846546,
      "material": "rubber",
      "size": "small",
      "shape": "cylinder",
      "color": "green",
      "3d_coords": [
        1.125800609588623,
        1.151292324066162,
        0.3499999940395355
      ]
    },
    {
      "pixel_coords": [
        178,
        80,
        12.536274909973145
      ],
      "rotation": 197.38297542872292,
      "material": "rubber",
      "size": "large",
      "shape": "cube",
      "color": "green",
      "3d_coords": [
        -0.9323897957801819,
        1.5858291387557983,
        0.699999988079071
      ]
    },
    {
      "pixel_coords": [
        229,
        91,
        12.127263069152832
      ],
      "rotation": 130.71225471617265,
      "material": "rubber",
      "size": "medium",
      "shape": "cube",
      "color": "green",
      "3d_coords": [
        0.6132063865661621,
        2.6043155193328857,
        0.5249999761581421
      ]
    },
    {
      "pixel_coords": [
        147,
        152,
        9.032676696777344
      ],
      "rotation": 283.1074550552475,
      "material": "rubber",
      "size": "small",
      "shape": "cylinder",
      "color": "green",
      "3d_coords": [
        1.668185830116272,
        -1.7805777788162231,
        0.3499999940395355
      ]
    },
    {
      "pixel_coords": [
        127,
        72,
        13.25367259979248
      ],
      "rotation": 220.73387083626156,
      "material": "rubber",
      "size": "large",
      "shape": "cube",
      "color": "green",
      "3d_coords": [
        -2.763982057571411,
        0.6223236322402954,
        0.699999988079071
      ]
    },
    {
      "pixel_coords": [
        129,
        130,
        10.053211212158203
      ],
      "rotation": 41.09781713635575,
      "material": "rubber",
      "size": "small",
      "shape": "cube",
      "color": "green",
      "3d_coords": [
        0.42648035287857056,
        -1.478672981262207,
        0.3499999940395355
      ]
    },
    {
      "pixel_coords": [
        93,
        141,
        9.49697208404541
      ],
      "rotation": 99.5666475618933,
      "material": "rubber",
      "size": "small",
      "shape": "sphere",
      "color": "green",
      "3d_coords": [
        0.31653517484664917,
        -2.6080410480499268,
        0.3499999940395355
      ]
    },
    {
      "pixel_coords": [
        94,
        103,
        11.629812240600586
      ],
      "rotation": 293.2736022817613,
      "material": "rubber",
      "size": "small",
      "shape": "cube",
      "color": "red",
      "3d_coords": [
        -1.7763186693191528,
        -1.3611863851547241,
        0.3499999940395355
      ]
    }
  ]
}