{
  "relationships": {
    "front": [
      [
        1,
        4,
        6
      ],
      [
        6
      ],
      [
        0,
        1,
        4,
        6
      ],
      [
        0,
        1,
        2,
        4,
        5,
        6
      ],
      [
        1,
        6
      ],
      [
        0,
        1,
        2,
        4,
        6
      ],
      []
    ],
    "right": [
      [],
      [
        0,
        3
      ],
      [
        0,
        1,
        3,
        4,
        6
      ],
      [
        0
      ],
      [
        0,
        1,
        3
      ],
      [
        0,
        1,
        2,
        3,
        4,
        6
      ],
      [
        0,
        1,
        3,
        4
      ]
    ],
    "left": [
      [
        1,
        2,
        3,
        4,
        5,
        6
      ],
      [
        2,
        4,
        5,
        6
      ],
      [
        5
      ],
      [
        1,
        2,
        4,
        5,
        6
      ],
      [
        2,
        5,
        6
      ],
      [],
      [
        2,
        5
      ]
    ],
    "behind": [
      [
        2,
        3,
        5
      ],
      [
        0,
        2,
        3,
        4,
        5
      ],
      [
        3,
        5
      ],
      [],
      [
        0,
        2,
        3,
        5
      ],
      [
        3
      ],
      [
        0,
        1,
        2,
        3,
        4,
        5
      ]
    ]
  },
  "intruder_pos": [
    [
      86,
      43
    ],
    [
      166,
      131
    ]
  ],
  "image_filename": "CLEVR_new_001364.png",
  "directions": {
    "below": [
      -0.0,
      -0.0,
      -1.0
    ],
    "right": [
      0.6563112735748291,
      0.7544902563095093,
      -0.0
    ],
    "behind": [
      -0.754490315914154,
      0.6563112735748291,
      0.0
    ],
    "front": [
      0.754490315914154,
      -0.6563112735748291,
      -0.0
    ],
    "above": [
      0.0,
      0.0,
      1.0
    ],
    "left": [
      -0.6563112735748291,
      -0.7544902563095093,
      0.0
    ]
  },
  "image_index": 1364,
  "split": "new",
  "objects": [
    {
      "3d_coords": [
        1.542388916015625,
        1.9324774742126465,
        0.3499999940395355
      ],
      "pixel_coords": [
        240,
        108,
        10.86342716217041
      ],
      "material": "rubber",
      "rotation": 21.15461481873318,
      "shape": "sphere",
      "color": "green",
      "size": "small"
    },
    {
      "3d_coords": [
        1.999964952468872,
        -1.1914005279541016,
        0.3499999940395355
      ],
      "pixel_coords": [
        177,
        148,
        8.705988883972168
      ],
      "material": "rubber",
      "rotation": 63.57994249187192,
      "shape": "sphere",
      "color": "red",
      "size": "small"
    },
    {
      "3d_coords": [
        -1.2271318435668945,
        -0.6321082711219788,
        0.5249999761581421
      ],
      "pixel_coords": [
        120,
        98,
        11.12660026550293
      ],
      "material": "rubber",
      "rotation": 106.06835468161738,
      "shape": "sphere",
      "color": "green",
      "size": "medium"
    },
    {
      "3d_coords": [
        -0.4858408570289612,
        2.3326895236968994,
        0.699999988079071
      ],
      "pixel_coords": [
        201,
        78,
        12.306768417358398
      ],
      "material": "rubber",
      "rotation": 88.35806662117744,
      "shape": "sphere",
      "color": "blue",
      "size": "large"
    },
    {
      "3d_coords": [
        0.6006891131401062,
        -0.9123739004135132,
        0.699999988079071
      ],
      "pixel_coords": [
        150,
        114,
        9.655159950256348
      ],
      "material": "rubber",
      "rotation": 321.7086881672552,
      "shape": "sphere",
      "color": "blue",
      "size": "large"
    },
    {
      "3d_coords": [
        -2.873197078704834,
        -1.153477430343628,
        0.699999988079071
      ],
      "pixel_coords": [
        78,
        83,
        11.845382690429688
      ],
      "material": "rubber",
      "rotation": 23.40706136682085,
      "shape": "sphere",
      "color": "green",
      "size": "large"
    },
    {
      "3d_coords": [
        1.7475559711456299,
        -2.469310998916626,
        0.699999988079071
      ],
      "pixel_coords": [
        129,
        150,
        7.962832927703857
      ],
      "material": "rubber",
      "rotation": 53.89235539574162,
      "shape": "cube",
      "color": "red",
      "size": "large"
    }
  ]
}