{
  "split": "new",
  "intruder_pos": [
    [
      34,
      69
    ],
    [
      93,
      144
    ]
  ],
  "relationships": {
    "front": [
      [
        1,
        2,
        3,
        4,
        5,
        7
      ],
      [],
      [
        1,
        5,
        7
      ],
      [
        1,
        2,
        5,
        7
      ],
      [
        1,
        2,
        3,
        5,
        7
      ],
      [
        1,
        7
      ],
      [
        0,
        1,
        2,
        3,
        4,
        5,
        7
      ],
      [
        1
      ]
    ],
    "left": [
      [
        1,
        3,
        4,
        6,
        7
      ],
      [
        4,
        6,
        7
      ],
      [
        0,
        1,
        3,
        4,
        6,
        7
      ],
      [
        1,
        4,
        6,
        7
      ],
      [],
      [
        0,
        1,
        2,
        3,
        4,
        6,
        7
      ],
      [
        4,
        7
      ],
      [
        4
      ]
    ],
    "behind": [
      [
        6
      ],
      [
        0,
        2,
        3,
        4,
        5,
        6,
        7
      ],
      [
        0,
        3,
        4,
        6
      ],
      [
        0,
        4,
        6
      ],
      [
        0,
        6
      ],
      [
        0,
        2,
        3,
        4,
        6
      ],
      [],
      [
        0,
        2,
        3,
        4,
        5,
        6
      ]
    ],
    "right": [
      [
        2,
        5
      ],
      [
        0,
        2,
        3,
        5
      ],
      [
        5
      ],
      [
        0,
        2,
        5
      ],
      [
        0,
        1,
        2,
        3,
        5,
        6,
        7
      ],
      [],
      [
        0,
        1,
        2,
        3,
        5
      ],
      [
        0,
        1,
        2,
        3,
        5,
        6
      ]
    ]
  },
  "directions": {
    "front": [
      0.754490315914154,
      -0.6563112735748291,
      -0.0
    ],
    "above": [
      0.0,
      0.0,
      1.0
    ],
    "behind": [
      -0.754490315914154,
      0.6563112735748291,
      0.0
    ],
    "below": [
      -0.0,
      -0.0,
      -1.0
    ],
    "right": [
      0.6563112735748291,
      0.7544902563095093,
      -0.0
    ],
    "left": [
      -0.6563112735748291,
      -0.7544902563095093,
      0.0
    ]
  },
  "image_index": 54,
  "image_filename": "CLEVR_new_000054.png",
  "objects": [
    {
      "pixel_coords": [
        183,
        88,
        11.978894233703613
      ],
      "rotation": 342.5760179466124,
      "material": "rubber",
      "size": "small",
      "shape": "cube",
      "color": "blue",
      "3d_coords": [
        -0.7080482244491577,
        1.6712275743484497,
        0.3499999940395355
      ]
    },
    {
      "pixel_coords": [
        126,
        147,
        8.181427955627441
      ],
      "rotation": 232.33355015563794,
      "material": "rubber",
      "size": "large",
      "shape": "cube",
      "color": "red",
      "3d_coords": [
        1.3936434984207153,
        -2.263523578643799,
        0.699999988079071
      ]
    },
    {
      "pixel_coords": [
        206,
        118,
        10.128080368041992
      ],
      "rotation": 347.89384911537775,
      "material": "rubber",
      "size": "small",
      "shape": "cube",
      "color": "red",
      "3d_coords": [
        1.2528964281082153,
        0.6896722912788391,
        0.3499999940395355
      ]
    },
    {
      "pixel_coords": [
        151,
        104,
        10.535449028015137
      ],
      "rotation": 137.66562700829564,
      "material": "rubber",
      "size": "medium",
      "shape": "cube",
      "color": "green",
      "3d_coords": [
        -0.2273467481136322,
        -0.156212717294693,
        0.5249999761581421
      ]
    },
    {
      "pixel_coords": [
        53,
        95,
        11.058152198791504
      ],
      "rotation": 13.479386476079792,
      "material": "rubber",
      "size": "medium",
      "shape": "cube",
      "color": "blue",
      "3d_coords": [
        -2.722379446029663,
        -2.1244871616363525,
        0.5249999761581421
      ]
    },
    {
      "pixel_coords": [
        267,
        128,
        9.641804695129395
      ],
      "rotation": 191.4923718889674,
      "material": "rubber",
      "size": "small",
      "shape": "cube",
      "color": "red",
      "3d_coords": [
        2.723048210144043,
        1.5363937616348267,
        0.3499999940395355
      ]
    },
    {
      "pixel_coords": [
        108,
        72,
        12.334061622619629
      ],
      "rotation": 167.0248244284161,
      "material": "rubber",
      "size": "large",
      "shape": "cube",
      "color": "red",
      "3d_coords": [
        -2.890687942504883,
        0.0722617357969284,
        0.699999988079071
      ]
    },
    {
      "pixel_coords": [
        68,
        132,
        8.778343200683594
      ],
      "rotation": 336.78193237107314,
      "material": "rubber",
      "size": "large",
      "shape": "cylinder",
      "color": "green",
      "3d_coords": [
        -0.11706144362688065,
        -2.9628829956054688,
        0.699999988079071
      ]
    }
  ]
}