{
  "relationships": {
    "front": [
      [],
      [
        0
      ],
      [
        0,
        1,
        3,
        4
      ],
      [
        0,
        1
      ],
      [
        0,
        1,
        3
      ],
      [
        0,
        1,
        2,
        3,
        4,
        6
      ],
      [
        0,
        1,
        2,
        3,
        4
      ]
    ],
    "right": [
      [
        3
      ],
      [
        0,
        2,
        3,
        5
      ],
      [
        0,
        3
      ],
      [],
      [
        0,
        1,
        2,
        3,
        5,
        6
      ],
      [
        0,
        2,
        3
      ],
      [
        0,
        1,
        2,
        3,
        5
      ]
    ],
    "left": [
      [
        1,
        2,
        4,
        5,
        6
      ],
      [
        4,
        6
      ],
      [
        1,
        4,
        5,
        6
      ],
      [
        0,
        1,
        2,
        4,
        5,
        6
      ],
      [],
      [
        1,
        4,
        6
      ],
      [
        4
      ]
    ],
    "behind": [
      [
        1,
        2,
        3,
        4,
        5,
        6
      ],
      [
        2,
        3,
        4,
        5,
        6
      ],
      [
        5,
        6
      ],
      [
        2,
        4,
        5,
        6
      ],
      [
        2,
        5,
        6
      ],
      [],
      [
        5
      ]
    ]
  },
  "intruder_pos": [
    [
      93,
      141
    ],
    [
      123,
      174
    ]
  ],
  "image_filename": "CLEVR_new_001274.png",
  "directions": {
    "below": [
      -0.0,
      -0.0,
      -1.0
    ],
    "right": [
      0.6563112735748291,
      0.7544902563095093,
      -0.0
    ],
    "behind": [
      -0.754490315914154,
      0.6563112735748291,
      0.0
    ],
    "front": [
      0.754490315914154,
      -0.6563112735748291,
      -0.0
    ],
    "above": [
      0.0,
      0.0,
      1.0
    ],
    "left": [
      -0.6563112735748291,
      -0.7544902563095093,
      0.0
    ]
  },
  "image_index": 1274,
  "split": "new",
  "objects": [
    {
      "3d_coords": [
        2.646080255508423,
        0.039831679314374924,
        0.699999988079071
      ],
      "pixel_coords": [
        223,
        134,
        9.435369491577148
      ],
      "material": "rubber",
      "rotation": 333.44744289803884,
      "shape": "cylinder",
      "color": "blue",
      "size": "large"
    },
    {
      "3d_coords": [
        -0.2418999969959259,
        -1.5820900201797485,
        0.5249999761581421
      ],
      "pixel_coords": [
        114,
        118,
        10.59466552734375
      ],
      "material": "rubber",
      "rotation": 58.56037298346098,
      "shape": "cylinder",
      "color": "blue",
      "size": "medium"
    },
    {
      "3d_coords": [
        -0.869904637336731,
        1.0810743570327759,
        0.5249999761581421
      ],
      "pixel_coords": [
        168,
        89,
        12.485130310058594
      ],
      "material": "rubber",
      "rotation": 136.10021698880317,
      "shape": "cylinder",
      "color": "blue",
      "size": "medium"
    },
    {
      "3d_coords": [
        1.790152668952942,
        2.350273847579956,
        0.699999988079071
      ],
      "pixel_coords": [
        252,
        100,
        11.287179946899414
      ],
      "material": "rubber",
      "rotation": 111.77732192377489,
      "shape": "sphere",
      "color": "blue",
      "size": "large"
    },
    {
      "3d_coords": [
        -2.3945798873901367,
        -1.4486868381500244,
        0.3499999940395355
      ],
      "pixel_coords": [
        85,
        98,
        12.217853546142578
      ],
      "material": "rubber",
      "rotation": 171.24246356874346,
      "shape": "cube",
      "color": "blue",
      "size": "small"
    },
    {
      "3d_coords": [
        -2.3576977252960205,
        1.2222797870635986,
        0.5249999761581421
      ],
      "pixel_coords": [
        146,
        76,
        13.575262069702148
      ],
      "material": "rubber",
      "rotation": 6.824521625322677,
      "shape": "sphere",
      "color": "blue",
      "size": "medium"
    },
    {
      "3d_coords": [
        -2.6457810401916504,
        -0.2843131124973297,
        0.5249999761581421
      ],
      "pixel_coords": [
        109,
        83,
        12.943650245666504
      ],
      "material": "rubber",
      "rotation": 235.4386043639003,
      "shape": "cylinder",
      "color": "red",
      "size": "medium"
    }
  ]
}