{
  "relationships": {
    "front": [
      [
        1,
        3,
        4,
        5,
        7
      ],
      [],
      [
        0,
        1,
        3,
        4,
        5,
        7
      ],
      [
        1,
        4,
        5,
        7
      ],
      [
        1,
        5,
        7
      ],
      [
        1
      ],
      [
        0,
        1,
        2,
        3,
        4,
        5,
        7
      ],
      [
        1,
        5
      ]
    ],
    "right": [
      [
        3,
        4,
        5,
        6
      ],
      [
        0,
        3,
        4,
        5,
        6,
        7
      ],
      [
        0,
        1,
        3,
        4,
        5,
        6,
        7
      ],
      [
        4,
        5
      ],
      [],
      [
        4
      ],
      [
        3,
        4,
        5
      ],
      [
        0,
        3,
        4,
        5,
        6
      ]
    ],
    "left": [
      [
        1,
        2,
        7
      ],
      [
        2
      ],
      [],
      [
        0,
        1,
        2,
        6,
        7
      ],
      [
        0,
        1,
        2,
        3,
        5,
        6,
        7
      ],
      [
        0,
        1,
        2,
        3,
        6,
        7
      ],
      [
        0,
        1,
        2,
        7
      ],
      [
        1,
        2
      ]
    ],
    "behind": [
      [
        2,
        6
      ],
      [
        0,
        2,
        3,
        4,
        5,
        6,
        7
      ],
      [
        6
      ],
      [
        0,
        2,
        6
      ],
      [
        0,
        2,
        3,
        6
      ],
      [
        0,
        2,
        3,
        4,
        6,
        7
      ],
      [],
      [
        0,
        2,
        3,
        4,
        6
      ]
    ]
  },
  "intruder_pos": [
    [
      135,
      105
    ],
    [
      155,
      134
    ]
  ],
  "image_filename": "CLEVR_new_001020.png",
  "directions": {
    "below": [
      -0.0,
      -0.0,
      -1.0
    ],
    "right": [
      0.6563112735748291,
      0.7544902563095093,
      -0.0
    ],
    "behind": [
      -0.754490315914154,
      0.6563112735748291,
      0.0
    ],
    "front": [
      0.754490315914154,
      -0.6563112735748291,
      -0.0
    ],
    "above": [
      0.0,
      0.0,
      1.0
    ],
    "left": [
      -0.6563112735748291,
      -0.7544902563095093,
      0.0
    ]
  },
  "image_index": 1020,
  "split": "new",
  "objects": [
    {
      "3d_coords": [
        -0.39413735270500183,
        0.6458211541175842,
        0.5249999761581421
      ],
      "pixel_coords": [
        168,
        96,
        11.786306381225586
      ],
      "material": "rubber",
      "rotation": 45.200542935183286,
      "shape": "sphere",
      "color": "red",
      "size": "medium"
    },
    {
      "3d_coords": [
        0.9367499351501465,
        -1.9796247482299805,
        0.699999988079071
      ],
      "pixel_coords": [
        124,
        132,
        9.339503288269043
      ],
      "material": "rubber",
      "rotation": 291.93878002532676,
      "shape": "sphere",
      "color": "blue",
      "size": "large"
    },
    {
      "3d_coords": [
        -2.4453744888305664,
        -0.017667023465037346,
        0.5249999761581421
      ],
      "pixel_coords": [
        118,
        83,
        12.832724571228027
      ],
      "material": "rubber",
      "rotation": 218.73802629442446,
      "shape": "sphere",
      "color": "red",
      "size": "medium"
    },
    {
      "3d_coords": [
        0.9289264678955078,
        1.4311550855636597,
        0.5249999761581421
      ],
      "pixel_coords": [
        213,
        103,
        11.308465957641602
      ],
      "material": "rubber",
      "rotation": 58.829039381983506,
      "shape": "sphere",
      "color": "red",
      "size": "medium"
    },
    {
      "3d_coords": [
        2.887385368347168,
        2.9474072456359863,
        0.699999988079071
      ],
      "pixel_coords": [
        294,
        106,
        10.713858604431152
      ],
      "material": "rubber",
      "rotation": 12.095513171507788,
      "shape": "sphere",
      "color": "green",
      "size": "large"
    },
    {
      "3d_coords": [
        2.9502785205841064,
        1.13943612575531,
        0.3499999940395355
      ],
      "pixel_coords": [
        257,
        136,
        9.838194847106934
      ],
      "material": "rubber",
      "rotation": 8.513345736486855,
      "shape": "sphere",
      "color": "red",
      "size": "small"
    },
    {
      "3d_coords": [
        -1.0239107608795166,
        2.330801486968994,
        0.3499999940395355
      ],
      "pixel_coords": [
        191,
        84,
        13.23166275024414
      ],
      "material": "rubber",
      "rotation": 205.90961044560942,
      "shape": "sphere",
      "color": "green",
      "size": "small"
    },
    {
      "3d_coords": [
        0.23231591284275055,
        -0.7830310463905334,
        0.3499999940395355
      ],
      "pixel_coords": [
        145,
        120,
        10.64930534362793
      ],
      "material": "rubber",
      "rotation": 216.94541747725356,
      "shape": "cylinder",
      "color": "green",
      "size": "small"
    }
  ]
}