{
  "image_filename": "CLEVR_new_001408.png",
  "directions": {
    "left": [
      -0.6563112735748291,
      -0.7544902563095093,
      0.0
    ],
    "right": [
      0.6563112735748291,
      0.7544902563095093,
      -0.0
    ],
    "front": [
      0.754490315914154,
      -0.6563112735748291,
      -0.0
    ],
    "behind": [
      -0.754490315914154,
      0.6563112735748291,
      0.0
    ],
    "below": [
      -0.0,
      -0.0,
      -1.0
    ],
    "above": [
      0.0,
      0.0,
      1.0
    ]
  },
  "intruder_pos": [
    [
      229,
      122
    ],
    [
      258,
      151
    ]
  ],
  "image_index": 1408,
  "split": "new",
  "relationships": {
    "left": [
      [
        2
      ],
      [
        0,
        2,
        3,
        4,
        5,
        6
      ],
      [],
      [
        0,
        2,
        5,
        6
      ],
      [
        0,
        2,
        3,
        5,
        6
      ],
      [
        0,
        2,
        6
      ],
      [
        0,
        2
      ],
      [
        0,
        1,
        2,
        3,
        4,
        5,
        6
      ]
    ],
    "right": [
      [
        1,
        3,
        4,
        5,
        6,
        7
      ],
      [
        7
      ],
      [
        0,
        1,
        3,
        4,
        5,
        6,
        7
      ],
      [
        1,
        4,
        7
      ],
      [
        1,
        7
      ],
      [
        1,
        3,
        4,
        7
      ],
      [
        1,
        3,
        4,
        5,
        7
      ],
      []
    ],
    "front": [
      [
        4,
        5
      ],
      [
        0,
        2,
        4,
        5,
        7
      ],
      [
        0,
        4,
        5
      ],
      [
        0,
        1,
        2,
        4,
        5,
        6,
        7
      ],
      [],
      [
        4
      ],
      [
        0,
        1,
        2,
        4,
        5,
        7
      ],
      [
        0,
        2,
        4,
        5
      ]
    ],
    "behind": [
      [
        1,
        2,
        3,
        6,
        7
      ],
      [
        3,
        6
      ],
      [
        1,
        3,
        6,
        7
      ],
      [],
      [
        0,
        1,
        2,
        3,
        5,
        6,
        7
      ],
      [
        0,
        1,
        2,
        3,
        6,
        7
      ],
      [
        3
      ],
      [
        1,
        3,
        6
      ]
    ]
  },
  "objects": [
    {
      "color": "blue",
      "material": "rubber",
      "pixel_coords": [
        86,
        112,
        10.255243301391602
      ],
      "3d_coords": [
        -0.7624160647392273,
        -2.198809862136841,
        0.699999988079071
      ],
      "size": "large",
      "rotation": 273.8745494191126,
      "shape": "cylinder"
    },
    {
      "color": "blue",
      "material": "rubber",
      "pixel_coords": [
        201,
        94,
        12.210363388061523
      ],
      "3d_coords": [
        -0.04546035826206207,
        1.880432367324829,
        0.3499999940395355
      ],
      "size": "small",
      "rotation": 205.99308765542327,
      "shape": "cylinder"
    },
    {
      "color": "blue",
      "material": "rubber",
      "pixel_coords": [
        40,
        110,
        11.1551513671875
      ],
      "3d_coords": [
        -2.455704927444458,
        -2.944680690765381,
        0.3499999940395355
      ],
      "size": "small",
      "rotation": 288.6721890769561,
      "shape": "cube"
    },
    {
      "color": "blue",
      "material": "rubber",
      "pixel_coords": [
        158,
        70,
        13.830589294433594
      ],
      "3d_coords": [
        -2.5071277618408203,
        1.9445793628692627,
        0.5249999761581421
      ],
      "size": "medium",
      "rotation": 317.43353258087,
      "shape": "cube"
    },
    {
      "color": "blue",
      "material": "rubber",
      "pixel_coords": [
        179,
        168,
        8.168119430541992
      ],
      "3d_coords": [
        2.823814868927002,
        -1.733049750328064,
        0.5249999761581421
      ],
      "size": "medium",
      "rotation": 262.1538186973839,
      "shape": "sphere"
    },
    {
      "color": "blue",
      "material": "rubber",
      "pixel_coords": [
        129,
        135,
        9.137163162231445
      ],
      "3d_coords": [
        1.0990554094314575,
        -1.94119393825531,
        0.699999988079071
      ],
      "size": "large",
      "rotation": 338.35496351514945,
      "shape": "sphere"
    },
    {
      "color": "blue",
      "material": "rubber",
      "pixel_coords": [
        127,
        84,
        13.005976676940918
      ],
      "3d_coords": [
        -2.4176135063171387,
        0.423013299703598,
        0.3499999940395355
      ],
      "size": "small",
      "rotation": 247.37042311594578,
      "shape": "cube"
    },
    {
      "color": "green",
      "material": "rubber",
      "pixel_coords": [
        244,
        103,
        11.597016334533691
      ],
      "3d_coords": [
        1.3564043045043945,
        2.484804630279541,
        0.3499999940395355
      ],
      "size": "small",
      "rotation": 218.4547156114714,
      "shape": "cube"
    }
  ]
}