{
  "split": "new",
  "intruder_pos": [
    [
      53,
      98
    ],
    [
      109,
      160
    ]
  ],
  "relationships": {
    "front": [
      [
        1,
        2,
        6,
        7
      ],
      [],
      [
        1
      ],
      [
        0,
        1,
        2,
        6,
        7
      ],
      [
        0,
        1,
        2,
        3,
        6,
        7
      ],
      [
        0,
        1,
        2,
        3,
        4,
        6,
        7
      ],
      [
        1,
        2
      ],
      [
        1,
        2,
        6
      ]
    ],
    "left": [
      [
        2,
        3,
        4,
        5,
        7
      ],
      [
        0,
        2,
        3,
        4,
        5,
        7
      ],
      [
        3,
        4,
        7
      ],
      [],
      [
        3,
        7
      ],
      [
        2,
        3,
        4,
        7
      ],
      [
        0,
        1,
        2,
        3,
        4,
        5,
        7
      ],
      [
        3
      ]
    ],
    "behind": [
      [
        3,
        4,
        5
      ],
      [
        0,
        2,
        3,
        4,
        5,
        6,
        7
      ],
      [
        0,
        3,
        4,
        5,
        6,
        7
      ],
      [
        4,
        5
      ],
      [
        5
      ],
      [],
      [
        0,
        3,
        4,
        5,
        7
      ],
      [
        0,
        3,
        4,
        5
      ]
    ],
    "right": [
      [
        1,
        6
      ],
      [
        6
      ],
      [
        0,
        1,
        5,
        6
      ],
      [
        0,
        1,
        2,
        4,
        5,
        6,
        7
      ],
      [
        0,
        1,
        2,
        5,
        6
      ],
      [
        0,
        1,
        6
      ],
      [],
      [
        0,
        1,
        2,
        4,
        5,
        6
      ]
    ]
  },
  "directions": {
    "front": [
      0.754490315914154,
      -0.6563112735748291,
      -0.0
    ],
    "above": [
      0.0,
      0.0,
      1.0
    ],
    "behind": [
      -0.754490315914154,
      0.6563112735748291,
      0.0
    ],
    "below": [
      -0.0,
      -0.0,
      -1.0
    ],
    "right": [
      0.6563112735748291,
      0.7544902563095093,
      -0.0
    ],
    "left": [
      -0.6563112735748291,
      -0.7544902563095093,
      0.0
    ]
  },
  "image_index": 147,
  "image_filename": "CLEVR_new_000147.png",
  "objects": [
    {
      "pixel_coords": [
        178,
        110,
        10.92476749420166
      ],
      "rotation": 285.6271792326582,
      "material": "rubber",
      "size": "small",
      "shape": "sphere",
      "color": "red",
      "3d_coords": [
        0.36667492985725403,
        0.41002488136291504,
        0.3499999940395355
      ]
    },
    {
      "pixel_coords": [
        208,
        142,
        8.890656471252441
      ],
      "rotation": 202.15877552890686,
      "material": "rubber",
      "size": "medium",
      "shape": "sphere",
      "color": "green",
      "3d_coords": [
        2.4678525924682617,
        -0.5158087611198425,
        0.5249999761581421
      ]
    },
    {
      "pixel_coords": [
        135,
        130,
        9.452476501464844
      ],
      "rotation": 186.92506500505766,
      "material": "rubber",
      "size": "medium",
      "shape": "sphere",
      "color": "red",
      "3d_coords": [
        0.7595043778419495,
        -1.5456852912902832,
        0.5249999761581421
      ]
    },
    {
      "pixel_coords": [
        54,
        97,
        11.431450843811035
      ],
      "rotation": 61.014728541353676,
      "material": "rubber",
      "size": "medium",
      "shape": "sphere",
      "color": "red",
      "3d_coords": [
        -2.730747938156128,
        -2.2065505981445312,
        0.5249999761581421
      ]
    },
    {
      "pixel_coords": [
        118,
        81,
        12.69283390045166
      ],
      "rotation": 343.23479592012814,
      "material": "rubber",
      "size": "medium",
      "shape": "sphere",
      "color": "blue",
      "3d_coords": [
        -2.5683376789093018,
        0.17442142963409424,
        0.5249999761581421
      ]
    },
    {
      "pixel_coords": [
        158,
        75,
        13.254666328430176
      ],
      "rotation": 275.72223605435954,
      "material": "rubber",
      "size": "medium",
      "shape": "sphere",
      "color": "blue",
      "3d_coords": [
        -2.097954750061035,
        1.7021969556808472,
        0.5249999761581421
      ]
    },
    {
      "pixel_coords": [
        247,
        117,
        9.7171630859375
      ],
      "rotation": 297.2207592558381,
      "material": "rubber",
      "size": "large",
      "shape": "sphere",
      "color": "green",
      "3d_coords": [
        2.4793405532836914,
        1.072546362876892,
        0.699999988079071
      ]
    },
    {
      "pixel_coords": [
        84,
        109,
        10.164371490478516
      ],
      "rotation": 178.47306123417772,
      "material": "rubber",
      "size": "large",
      "shape": "cube",
      "color": "red",
      "3d_coords": [
        -0.9151403307914734,
        -2.135712146759033,
        0.699999988079071
      ]
    }
  ]
}