{
  "image_filename": "CLEVR_new_001508.png",
  "directions": {
    "left": [
      -0.6563112735748291,
      -0.7544902563095093,
      0.0
    ],
    "right": [
      0.6563112735748291,
      0.7544902563095093,
      -0.0
    ],
    "front": [
      0.754490315914154,
      -0.6563112735748291,
      -0.0
    ],
    "behind": [
      -0.754490315914154,
      0.6563112735748291,
      0.0
    ],
    "below": [
      -0.0,
      -0.0,
      -1.0
    ],
    "above": [
      0.0,
      0.0,
      1.0
    ]
  },
  "intruder_pos": [
    [
      204,
      135
    ],
    [
      235,
      172
    ]
  ],
  "image_index": 1508,
  "split": "new",
  "relationships": {
    "left": [
      [
        1,
        2,
        3,
        4,
        5,
        6,
        7
      ],
      [
        6
      ],
      [
        1,
        3,
        5,
        6
      ],
      [
        1,
        6
      ],
      [
        1,
        2,
        3,
        5,
        6
      ],
      [
        1,
        3,
        6
      ],
      [],
      [
        1,
        2,
        3,
        4,
        5,
        6
      ]
    ],
    "right": [
      [],
      [
        0,
        2,
        3,
        4,
        5,
        7
      ],
      [
        0,
        4,
        7
      ],
      [
        0,
        2,
        4,
        5,
        7
      ],
      [
        0,
        7
      ],
      [
        0,
        2,
        4,
        7
      ],
      [
        0,
        1,
        2,
        3,
        4,
        5,
        7
      ],
      [
        0
      ]
    ],
    "front": [
      [
        1,
        4,
        5
      ],
      [
        4,
        5
      ],
      [
        0,
        1,
        3,
        4,
        5,
        6,
        7
      ],
      [
        0,
        1,
        4,
        5,
        6,
        7
      ],
      [
        5
      ],
      [],
      [
        0,
        1,
        4,
        5
      ],
      [
        0,
        1,
        4,
        5,
        6
      ]
    ],
    "behind": [
      [
        2,
        3,
        6,
        7
      ],
      [
        0,
        2,
        3,
        6,
        7
      ],
      [],
      [
        2
      ],
      [
        0,
        1,
        2,
        3,
        6,
        7
      ],
      [
        0,
        1,
        2,
        3,
        4,
        6,
        7
      ],
      [
        2,
        3,
        7
      ],
      [
        2,
        3
      ]
    ]
  },
  "objects": [
    {
      "color": "red",
      "material": "rubber",
      "pixel_coords": [
        236,
        106,
        11.461042404174805
      ],
      "3d_coords": [
        1.2536262273788452,
        2.1752469539642334,
        0.3499999940395355
      ],
      "size": "small",
      "rotation": 298.5296516003,
      "shape": "cylinder"
    },
    {
      "color": "red",
      "material": "rubber",
      "pixel_coords": [
        80,
        113,
        10.200020790100098
      ],
      "3d_coords": [
        -0.7373310327529907,
        -2.3760361671447754,
        0.699999988079071
      ],
      "size": "large",
      "rotation": 224.41048766639025,
      "shape": "cube"
    },
    {
      "color": "red",
      "material": "rubber",
      "pixel_coords": [
        180,
        67,
        13.73386287689209
      ],
      "3d_coords": [
        -1.9703221321105957,
        2.5181498527526855,
        0.699999988079071
      ],
      "size": "large",
      "rotation": 240.5282943524079,
      "shape": "cube"
    },
    {
      "color": "red",
      "material": "rubber",
      "pixel_coords": [
        148,
        80,
        13.040785789489746
      ],
      "3d_coords": [
        -2.034224271774292,
        1.0195317268371582,
        0.5249999761581421
      ],
      "size": "medium",
      "rotation": 340.85957096644074,
      "shape": "cylinder"
    },
    {
      "color": "red",
      "material": "rubber",
      "pixel_coords": [
        198,
        146,
        9.259294509887695
      ],
      "3d_coords": [
        2.299738645553589,
        -0.5194352269172668,
        0.3499999940395355
      ],
      "size": "small",
      "rotation": 290.1584758776746,
      "shape": "sphere"
    },
    {
      "color": "red",
      "material": "rubber",
      "pixel_coords": [
        150,
        151,
        8.697813987731934
      ],
      "3d_coords": [
        1.9469242095947266,
        -1.8486496210098267,
        0.5249999761581421
      ],
      "size": "medium",
      "rotation": 29.526309623365773,
      "shape": "sphere"
    },
    {
      "color": "red",
      "material": "rubber",
      "pixel_coords": [
        67,
        90,
        12.170578956604004
      ],
      "3d_coords": [
        -2.9831573963165283,
        -1.784018635749817,
        0.5249999761581421
      ],
      "size": "medium",
      "rotation": 322.4082803034465,
      "shape": "sphere"
    },
    {
      "color": "green",
      "material": "rubber",
      "pixel_coords": [
        219,
        86,
        12.499560356140137
      ],
      "3d_coords": [
        0.0322674959897995,
        2.6659929752349854,
        0.5249999761581421
      ],
      "size": "medium",
      "rotation": 72.20819833849714,
      "shape": "cylinder"
    }
  ]
}