{
  "split": "new",
  "intruder_pos": [
    [
      30,
      122
    ],
    [
      79,
      176
    ]
  ],
  "relationships": {
    "front": [
      [
        1,
        2,
        3,
        6
      ],
      [
        2,
        3
      ],
      [
        3
      ],
      [],
      [
        0,
        1,
        2,
        3,
        5,
        6,
        7
      ],
      [
        0,
        1,
        2,
        3,
        6,
        7
      ],
      [
        1,
        2,
        3
      ],
      [
        0,
        1,
        2,
        3,
        6
      ]
    ],
    "left": [
      [
        2,
        3,
        4,
        7
      ],
      [
        0,
        2,
        3,
        4,
        5,
        7
      ],
      [
        4,
        7
      ],
      [
        2,
        4,
        7
      ],
      [
        7
      ],
      [
        0,
        2,
        3,
        4,
        7
      ],
      [
        0,
        1,
        2,
        3,
        4,
        5,
        7
      ],
      []
    ],
    "behind": [
      [
        4,
        5,
        7
      ],
      [
        0,
        4,
        5,
        6,
        7
      ],
      [
        0,
        1,
        4,
        5,
        6,
        7
      ],
      [
        0,
        1,
        2,
        4,
        5,
        6,
        7
      ],
      [],
      [
        4
      ],
      [
        0,
        4,
        5,
        7
      ],
      [
        4,
        5
      ]
    ],
    "right": [
      [
        1,
        5,
        6
      ],
      [
        6
      ],
      [
        0,
        1,
        3,
        5,
        6
      ],
      [
        0,
        1,
        5,
        6
      ],
      [
        0,
        1,
        2,
        3,
        5,
        6
      ],
      [
        1,
        6
      ],
      [],
      [
        0,
        1,
        2,
        3,
        4,
        5,
        6
      ]
    ]
  },
  "directions": {
    "front": [
      0.754490315914154,
      -0.6563112735748291,
      -0.0
    ],
    "above": [
      0.0,
      0.0,
      1.0
    ],
    "behind": [
      -0.754490315914154,
      0.6563112735748291,
      0.0
    ],
    "below": [
      -0.0,
      -0.0,
      -1.0
    ],
    "right": [
      0.6563112735748291,
      0.7544902563095093,
      -0.0
    ],
    "left": [
      -0.6563112735748291,
      -0.7544902563095093,
      0.0
    ]
  },
  "image_index": 196,
  "image_filename": "CLEVR_new_000196.png",
  "objects": [
    {
      "pixel_coords": [
        196,
        108,
        11.038928985595703
      ],
      "rotation": 68.08727272018508,
      "material": "rubber",
      "size": "small",
      "shape": "cube",
      "color": "red",
      "3d_coords": [
        0.655037522315979,
        0.9449355006217957,
        0.3499999940395355
      ]
    },
    {
      "pixel_coords": [
        259,
        118,
        10.022153854370117
      ],
      "rotation": 39.68432719906051,
      "material": "rubber",
      "size": "medium",
      "shape": "cube",
      "color": "red",
      "3d_coords": [
        2.569368362426758,
        1.511775255203247,
        0.5249999761581421
      ]
    },
    {
      "pixel_coords": [
        122,
        135,
        9.451287269592285
      ],
      "rotation": 147.81190136243669,
      "material": "rubber",
      "size": "small",
      "shape": "cube",
      "color": "red",
      "3d_coords": [
        0.5295489430427551,
        -1.849729299545288,
        0.3499999940395355
      ]
    },
    {
      "pixel_coords": [
        174,
        137,
        8.644219398498535
      ],
      "rotation": 242.99087610877956,
      "material": "rubber",
      "size": "large",
      "shape": "cube",
      "color": "blue",
      "3d_coords": [
        1.9898651838302612,
        -1.3094379901885986,
        0.699999988079071
      ]
    },
    {
      "pixel_coords": [
        109,
        78,
        12.495392799377441
      ],
      "rotation": 136.8692376734918,
      "material": "rubber",
      "size": "large",
      "shape": "cube",
      "color": "green",
      "3d_coords": [
        -2.6529643535614014,
        -0.0535920225083828,
        0.699999988079071
      ]
    },
    {
      "pixel_coords": [
        208,
        83,
        12.048526763916016
      ],
      "rotation": 91.99795902718472,
      "material": "rubber",
      "size": "large",
      "shape": "cube",
      "color": "red",
      "3d_coords": [
        0.030102765187621117,
        2.1946940422058105,
        0.699999988079071
      ]
    },
    {
      "pixel_coords": [
        299,
        103,
        10.547661781311035
      ],
      "rotation": 271.91855704331914,
      "material": "rubber",
      "size": "large",
      "shape": "cube",
      "color": "blue",
      "3d_coords": [
        2.9700231552124023,
        2.9674301147460938,
        0.699999988079071
      ]
    },
    {
      "pixel_coords": [
        56,
        90,
        11.478242874145508
      ],
      "rotation": 47.317599672017074,
      "material": "rubber",
      "size": "large",
      "shape": "cylinder",
      "color": "blue",
      "3d_coords": [
        -2.8759007453918457,
        -2.0031778812408447,
        0.699999988079071
      ]
    }
  ]
}