{
  "relationships": {
    "front": [
      [
        6
      ],
      [
        0,
        6
      ],
      [
        0,
        1,
        3,
        4,
        5,
        6,
        7
      ],
      [
        0,
        1,
        6
      ],
      [
        0,
        1,
        3,
        5,
        6
      ],
      [
        0,
        1,
        3,
        6
      ],
      [],
      [
        0,
        1,
        3,
        4,
        5,
        6
      ]
    ],
    "right": [
      [
        1,
        3,
        4
      ],
      [
        3
      ],
      [
        0,
        1,
        3,
        4
      ],
      [],
      [
        1,
        3
      ],
      [
        0,
        1,
        2,
        3,
        4,
        6,
        7
      ],
      [
        0,
        1,
        2,
        3,
        4
      ],
      [
        0,
        1,
        2,
        3,
        4,
        6
      ]
    ],
    "left": [
      [
        2,
        5,
        6,
        7
      ],
      [
        0,
        2,
        4,
        5,
        6,
        7
      ],
      [
        5,
        6,
        7
      ],
      [
        0,
        1,
        2,
        4,
        5,
        6,
        7
      ],
      [
        0,
        2,
        5,
        6,
        7
      ],
      [],
      [
        5,
        7
      ],
      [
        5
      ]
    ],
    "behind": [
      [
        1,
        2,
        3,
        4,
        5,
        7
      ],
      [
        2,
        3,
        4,
        5,
        7
      ],
      [],
      [
        2,
        4,
        5,
        7
      ],
      [
        2,
        7
      ],
      [
        2,
        4,
        7
      ],
      [
        0,
        1,
        2,
        3,
        4,
        5,
        7
      ],
      [
        2
      ]
    ]
  },
  "intruder_pos": [
    [
      95,
      140
    ],
    [
      114,
      158
    ]
  ],
  "image_filename": "CLEVR_new_001029.png",
  "directions": {
    "below": [
      -0.0,
      -0.0,
      -1.0
    ],
    "right": [
      0.6563112735748291,
      0.7544902563095093,
      -0.0
    ],
    "behind": [
      -0.754490315914154,
      0.6563112735748291,
      0.0
    ],
    "front": [
      0.754490315914154,
      -0.6563112735748291,
      -0.0
    ],
    "above": [
      0.0,
      0.0,
      1.0
    ],
    "left": [
      -0.6563112735748291,
      -0.7544902563095093,
      0.0
    ]
  },
  "image_index": 1029,
  "split": "new",
  "objects": [
    {
      "3d_coords": [
        1.4899135828018188,
        -1.0427032709121704,
        0.699999988079071
      ],
      "pixel_coords": [
        167,
        129,
        9.412005424499512
      ],
      "material": "rubber",
      "rotation": 284.3090613792702,
      "shape": "cube",
      "color": "red",
      "size": "large"
    },
    {
      "3d_coords": [
        2.228407859802246,
        0.6070674061775208,
        0.699999988079071
      ],
      "pixel_coords": [
        228,
        120,
        9.878795623779297
      ],
      "material": "rubber",
      "rotation": 196.11847257479766,
      "shape": "cube",
      "color": "red",
      "size": "large"
    },
    {
      "3d_coords": [
        -2.116670846939087,
        1.3434356451034546,
        0.5249999761581421
      ],
      "pixel_coords": [
        150,
        77,
        13.27037239074707
      ],
      "material": "rubber",
      "rotation": 25.664470475209576,
      "shape": "cube",
      "color": "red",
      "size": "medium"
    },
    {
      "3d_coords": [
        2.3555846214294434,
        2.0099639892578125,
        0.3499999940395355
      ],
      "pixel_coords": [
        260,
        117,
        10.773507118225098
      ],
      "material": "rubber",
      "rotation": 115.55366468419594,
      "shape": "cube",
      "color": "blue",
      "size": "small"
    },
    {
      "3d_coords": [
        -0.472586452960968,
        1.2408041954040527,
        0.5249999761581421
      ],
      "pixel_coords": [
        178,
        91,
        12.120452880859375
      ],
      "material": "rubber",
      "rotation": 187.54473090102286,
      "shape": "cube",
      "color": "green",
      "size": "medium"
    },
    {
      "3d_coords": [
        -2.7682018280029297,
        -2.77519154548645,
        0.5249999761581421
      ],
      "pixel_coords": [
        39,
        102,
        11.314393997192383
      ],
      "material": "rubber",
      "rotation": 189.25350525533037,
      "shape": "cube",
      "color": "red",
      "size": "medium"
    },
    {
      "3d_coords": [
        1.138087511062622,
        -2.475468873977661,
        0.3499999940395355
      ],
      "pixel_coords": [
        117,
        154,
        8.980212211608887
      ],
      "material": "rubber",
      "rotation": 297.90250432835796,
      "shape": "cube",
      "color": "blue",
      "size": "small"
    },
    {
      "3d_coords": [
        -2.500319004058838,
        -0.4371589422225952,
        0.3499999940395355
      ],
      "pixel_coords": [
        105,
        90,
        12.57519245147705
      ],
      "material": "rubber",
      "rotation": 49.85632654910607,
      "shape": "sphere",
      "color": "blue",
      "size": "small"
    }
  ]
}