{
  "image_filename": "CLEVR_new_001536.png",
  "directions": {
    "left": [
      -0.6563112735748291,
      -0.7544902563095093,
      0.0
    ],
    "right": [
      0.6563112735748291,
      0.7544902563095093,
      -0.0
    ],
    "front": [
      0.754490315914154,
      -0.6563112735748291,
      -0.0
    ],
    "behind": [
      -0.754490315914154,
      0.6563112735748291,
      0.0
    ],
    "below": [
      -0.0,
      -0.0,
      -1.0
    ],
    "above": [
      0.0,
      0.0,
      1.0
    ]
  },
  "intruder_pos": [
    [
      24,
      111
    ],
    [
      71,
      155
    ]
  ],
  "image_index": 1536,
  "split": "new",
  "relationships": {
    "left": [
      [
        1,
        2,
        3,
        4,
        5,
        6,
        7
      ],
      [
        7
      ],
      [
        1,
        3,
        4,
        5,
        6,
        7
      ],
      [
        1,
        4,
        7
      ],
      [
        1,
        7
      ],
      [
        1,
        3,
        4,
        6,
        7
      ],
      [
        1,
        3,
        4,
        7
      ],
      []
    ],
    "right": [
      [],
      [
        0,
        2,
        3,
        4,
        5,
        6
      ],
      [
        0
      ],
      [
        0,
        2,
        5,
        6
      ],
      [
        0,
        2,
        3,
        5,
        6
      ],
      [
        0,
        2
      ],
      [
        0,
        2,
        5
      ],
      [
        0,
        1,
        2,
        3,
        4,
        5,
        6
      ]
    ],
    "front": [
      [
        3,
        4
      ],
      [
        0,
        2,
        3,
        4,
        7
      ],
      [
        0,
        3,
        4,
        7
      ],
      [],
      [
        3
      ],
      [
        0,
        1,
        2,
        3,
        4,
        7
      ],
      [
        0,
        1,
        2,
        3,
        4,
        5,
        7
      ],
      [
        0,
        3,
        4
      ]
    ],
    "behind": [
      [
        1,
        2,
        5,
        6,
        7
      ],
      [
        5,
        6
      ],
      [
        1,
        5,
        6
      ],
      [
        0,
        1,
        2,
        4,
        5,
        6,
        7
      ],
      [
        0,
        1,
        2,
        5,
        6,
        7
      ],
      [
        6
      ],
      [],
      [
        1,
        2,
        5,
        6
      ]
    ]
  },
  "objects": [
    {
      "color": "green",
      "material": "rubber",
      "pixel_coords": [
        255,
        133,
        9.98267936706543
      ],
      "3d_coords": [
        2.9338088035583496,
        1.068978190422058,
        0.3499999940395355
      ],
      "size": "small",
      "rotation": 199.44227161102535,
      "shape": "sphere"
    },
    {
      "color": "green",
      "material": "rubber",
      "pixel_coords": [
        77,
        86,
        12.43093490600586
      ],
      "3d_coords": [
        -2.9125490188598633,
        -1.4289151430130005,
        0.699999988079071
      ],
      "size": "large",
      "rotation": 301.7256638541855,
      "shape": "cylinder"
    },
    {
      "color": "green",
      "material": "rubber",
      "pixel_coords": [
        209,
        97,
        11.527294158935547
      ],
      "3d_coords": [
        0.7917410135269165,
        1.455845832824707,
        0.699999988079071
      ],
      "size": "large",
      "rotation": 287.74588691961816,
      "shape": "sphere"
    },
    {
      "color": "green",
      "material": "rubber",
      "pixel_coords": [
        138,
        181,
        7.967364311218262
      ],
      "3d_coords": [
        2.623465061187744,
        -2.8236453533172607,
        0.3499999940395355
      ],
      "size": "small",
      "rotation": 96.13212385876385,
      "shape": "cube"
    },
    {
      "color": "green",
      "material": "rubber",
      "pixel_coords": [
        95,
        138,
        9.365256309509277
      ],
      "3d_coords": [
        0.5564635992050171,
        -2.737769365310669,
        0.5249999761581421
      ],
      "size": "medium",
      "rotation": 325.3132408224191,
      "shape": "cube"
    },
    {
      "color": "green",
      "material": "rubber",
      "pixel_coords": [
        180,
        89,
        13.157779693603516
      ],
      "3d_coords": [
        -1.0278644561767578,
        1.8401347398757935,
        0.3499999940395355
      ],
      "size": "small",
      "rotation": 119.6463218729452,
      "shape": "cylinder"
    },
    {
      "color": "green",
      "material": "rubber",
      "pixel_coords": [
        166,
        69,
        14.16150951385498
      ],
      "3d_coords": [
        -2.3498387336730957,
        2.270573616027832,
        0.699999988079071
      ],
      "size": "large",
      "rotation": 110.14068900962653,
      "shape": "cube"
    },
    {
      "color": "red",
      "material": "rubber",
      "pixel_coords": [
        48,
        106,
        10.825105667114258
      ],
      "3d_coords": [
        -1.8494691848754883,
        -2.952021598815918,
        0.699999988079071
      ],
      "size": "large",
      "rotation": 323.80929557425964,
      "shape": "sphere"
    }
  ]
}