{
  "split": "new",
  "intruder_pos": [
    [
      228,
      100
    ],
    [
      253,
      131
    ]
  ],
  "relationships": {
    "front": [
      [
        1,
        2,
        4,
        6
      ],
      [
        2,
        6
      ],
      [],
      [
        0,
        1,
        2,
        4,
        6
      ],
      [
        1,
        2,
        6
      ],
      [
        0,
        1,
        2,
        3,
        4,
        6
      ],
      [
        2
      ]
    ],
    "left": [
      [
        2,
        3,
        4,
        5
      ],
      [
        0,
        2,
        3,
        4,
        5,
        6
      ],
      [
        4
      ],
      [
        2,
        4,
        5
      ],
      [],
      [
        2,
        4
      ],
      [
        0,
        2,
        3,
        4,
        5
      ]
    ],
    "behind": [
      [
        3,
        5
      ],
      [
        0,
        3,
        4,
        5
      ],
      [
        0,
        1,
        3,
        4,
        5,
        6
      ],
      [
        5
      ],
      [
        0,
        3,
        5
      ],
      [],
      [
        0,
        1,
        3,
        4,
        5
      ]
    ],
    "right": [
      [
        1,
        6
      ],
      [],
      [
        0,
        1,
        3,
        5,
        6
      ],
      [
        0,
        1,
        6
      ],
      [
        0,
        1,
        2,
        3,
        5,
        6
      ],
      [
        0,
        1,
        3,
        6
      ],
      [
        1
      ]
    ]
  },
  "directions": {
    "front": [
      0.754490315914154,
      -0.6563112735748291,
      -0.0
    ],
    "above": [
      0.0,
      0.0,
      1.0
    ],
    "behind": [
      -0.754490315914154,
      0.6563112735748291,
      0.0
    ],
    "below": [
      -0.0,
      -0.0,
      -1.0
    ],
    "right": [
      0.6563112735748291,
      0.7544902563095093,
      -0.0
    ],
    "left": [
      -0.6563112735748291,
      -0.7544902563095093,
      0.0
    ]
  },
  "image_index": 267,
  "image_filename": "CLEVR_new_000267.png",
  "objects": [
    {
      "pixel_coords": [
        212,
        90,
        12.29861068725586
      ],
      "rotation": 98.56238259887508,
      "material": "rubber",
      "size": "medium",
      "shape": "cylinder",
      "color": "red",
      "3d_coords": [
        0.3071712255477905,
        2.1807422637939453,
        0.5249999761581421
      ]
    },
    {
      "pixel_coords": [
        276,
        98,
        11.282974243164062
      ],
      "rotation": 347.6740975368986,
      "material": "rubber",
      "size": "large",
      "shape": "sphere",
      "color": "red",
      "3d_coords": [
        2.405961751937866,
        2.886414051055908,
        0.699999988079071
      ]
    },
    {
      "pixel_coords": [
        145,
        149,
        9.056475639343262
      ],
      "rotation": 199.70318452674266,
      "material": "rubber",
      "size": "medium",
      "shape": "sphere",
      "color": "red",
      "3d_coords": [
        1.5583232641220093,
        -1.9598517417907715,
        0.5249999761581421
      ]
    },
    {
      "pixel_coords": [
        195,
        75,
        13.435397148132324
      ],
      "rotation": 354.54458024578025,
      "material": "rubber",
      "size": "medium",
      "shape": "sphere",
      "color": "red",
      "3d_coords": [
        -0.9670541882514954,
        2.723641872406006,
        0.5249999761581421
      ]
    },
    {
      "pixel_coords": [
        131,
        92,
        11.726618766784668
      ],
      "rotation": 283.6973348563668,
      "material": "rubber",
      "size": "large",
      "shape": "cylinder",
      "color": "red",
      "3d_coords": [
        -1.1638840436935425,
        -0.24410775303840637,
        0.699999988079071
      ]
    },
    {
      "pixel_coords": [
        161,
        67,
        14.655364036560059
      ],
      "rotation": 215.89365364438467,
      "material": "rubber",
      "size": "small",
      "shape": "cube",
      "color": "red",
      "3d_coords": [
        -2.7979347705841064,
        2.6561384201049805,
        0.3499999940395355
      ]
    },
    {
      "pixel_coords": [
        240,
        124,
        10.548416137695312
      ],
      "rotation": 295.20288008408096,
      "material": "rubber",
      "size": "small",
      "shape": "cylinder",
      "color": "green",
      "3d_coords": [
        2.27099871635437,
        1.201090693473816,
        0.3499999940395355
      ]
    }
  ]
}