{
  "split": "new",
  "intruder_pos": [
    [
      175,
      158
    ],
    [
      187,
      182
    ]
  ],
  "relationships": {
    "front": [
      [
        5
      ],
      [
        0,
        2,
        3,
        4,
        5,
        6
      ],
      [
        0,
        5
      ],
      [
        0,
        2,
        5,
        6
      ],
      [
        0,
        2,
        3,
        5,
        6
      ],
      [],
      [
        0,
        2,
        5
      ],
      [
        0,
        1,
        2,
        3,
        4,
        5,
        6
      ]
    ],
    "left": [
      [
        4,
        6
      ],
      [
        0,
        4,
        6
      ],
      [
        0,
        1,
        4,
        5,
        6,
        7
      ],
      [
        0,
        1,
        2,
        4,
        5,
        6,
        7
      ],
      [
        6
      ],
      [
        0,
        1,
        4,
        6
      ],
      [],
      [
        0,
        1,
        4,
        5,
        6
      ]
    ],
    "behind": [
      [
        1,
        2,
        3,
        4,
        6,
        7
      ],
      [
        7
      ],
      [
        1,
        3,
        4,
        6,
        7
      ],
      [
        1,
        4,
        7
      ],
      [
        1,
        7
      ],
      [
        0,
        1,
        2,
        3,
        4,
        6,
        7
      ],
      [
        1,
        3,
        4,
        7
      ],
      []
    ],
    "right": [
      [
        1,
        2,
        3,
        5,
        7
      ],
      [
        2,
        3,
        5,
        7
      ],
      [
        3
      ],
      [],
      [
        0,
        1,
        2,
        3,
        5,
        7
      ],
      [
        2,
        3,
        7
      ],
      [
        0,
        1,
        2,
        3,
        4,
        5,
        7
      ],
      [
        2,
        3
      ]
    ]
  },
  "directions": {
    "front": [
      0.754490315914154,
      -0.6563112735748291,
      -0.0
    ],
    "above": [
      0.0,
      0.0,
      1.0
    ],
    "behind": [
      -0.754490315914154,
      0.6563112735748291,
      0.0
    ],
    "below": [
      -0.0,
      -0.0,
      -1.0
    ],
    "right": [
      0.6563112735748291,
      0.7544902563095093,
      -0.0
    ],
    "left": [
      -0.6563112735748291,
      -0.7544902563095093,
      0.0
    ]
  },
  "image_index": 200,
  "image_filename": "CLEVR_new_000200.png",
  "objects": [
    {
      "pixel_coords": [
        121,
        148,
        9.073158264160156
      ],
      "rotation": 94.73402285255305,
      "material": "rubber",
      "size": "small",
      "shape": "cylinder",
      "color": "blue",
      "3d_coords": [
        0.8178501129150391,
        -2.0673229694366455,
        0.3499999940395355
      ]
    },
    {
      "pixel_coords": [
        155,
        75,
        12.134700775146484
      ],
      "rotation": 99.06841646025538,
      "material": "rubber",
      "size": "large",
      "shape": "cylinder",
      "color": "green",
      "3d_coords": [
        -1.4906569719314575,
        1.0791881084442139,
        0.699999988079071
      ]
    },
    {
      "pixel_coords": [
        204,
        125,
        9.405341148376465
      ],
      "rotation": 150.24610052421951,
      "material": "rubber",
      "size": "large",
      "shape": "cylinder",
      "color": "blue",
      "3d_coords": [
        1.817414402961731,
        -0.009711747989058495,
        0.699999988079071
      ]
    },
    {
      "pixel_coords": [
        235,
        102,
        10.48964786529541
      ],
      "rotation": 313.3941014356218,
      "material": "rubber",
      "size": "large",
      "shape": "cylinder",
      "color": "red",
      "3d_coords": [
        1.5579102039337158,
        1.6252005100250244,
        0.699999988079071
      ]
    },
    {
      "pixel_coords": [
        88,
        100,
        10.937661170959473
      ],
      "rotation": 321.2107054282874,
      "material": "rubber",
      "size": "medium",
      "shape": "cylinder",
      "color": "green",
      "3d_coords": [
        -1.7233924865722656,
        -1.4809198379516602,
        0.5249999761581421
      ]
    },
    {
      "pixel_coords": [
        171,
        170,
        8.079042434692383
      ],
      "rotation": 168.605980963499,
      "material": "rubber",
      "size": "medium",
      "shape": "cylinder",
      "color": "red",
      "3d_coords": [
        2.4514694213867188,
        -1.8118817806243896,
        0.5249999761581421
      ]
    },
    {
      "pixel_coords": [
        51,
        128,
        9.925923347473145
      ],
      "rotation": 6.604604708718598,
      "material": "rubber",
      "size": "small",
      "shape": "cylinder",
      "color": "green",
      "3d_coords": [
        -1.31037437915802,
        -2.974949359893799,
        0.3499999940395355
      ]
    },
    {
      "pixel_coords": [
        176,
        69,
        13.460962295532227
      ],
      "rotation": 327.1046721993142,
      "material": "rubber",
      "size": "small",
      "shape": "cube",
      "color": "blue",
      "3d_coords": [
        -1.9685455560684204,
        2.56931734085083,
        0.3499999940395355
      ]
    }
  ]
}