{
  "relationships": {
    "front": [
      [
        1,
        4,
        5,
        6
      ],
      [
        4,
        5
      ],
      [
        0,
        1,
        3,
        4,
        5,
        6,
        7
      ],
      [
        0,
        1,
        4,
        5,
        6
      ],
      [
        5
      ],
      [],
      [
        1,
        4,
        5
      ],
      [
        0,
        1,
        3,
        4,
        5,
        6
      ]
    ],
    "right": [
      [
        1
      ],
      [],
      [
        0,
        1,
        5
      ],
      [
        0,
        1,
        2,
        4,
        5
      ],
      [
        0,
        1,
        2,
        5
      ],
      [
        0,
        1
      ],
      [
        0,
        1,
        2,
        3,
        4,
        5,
        7
      ],
      [
        0,
        1,
        2,
        3,
        4,
        5
      ]
    ],
    "left": [
      [
        2,
        3,
        4,
        5,
        6,
        7
      ],
      [
        0,
        2,
        3,
        4,
        5,
        6,
        7
      ],
      [
        3,
        4,
        6,
        7
      ],
      [
        6,
        7
      ],
      [
        3,
        6,
        7
      ],
      [
        2,
        3,
        4,
        6,
        7
      ],
      [],
      [
        6
      ]
    ],
    "behind": [
      [
        2,
        3,
        7
      ],
      [
        0,
        2,
        3,
        6,
        7
      ],
      [],
      [
        2,
        7
      ],
      [
        0,
        1,
        2,
        3,
        6,
        7
      ],
      [
        0,
        1,
        2,
        3,
        4,
        6,
        7
      ],
      [
        0,
        2,
        3,
        7
      ],
      [
        2
      ]
    ]
  },
  "intruder_pos": [
    [
      79,
      139
    ],
    [
      102,
      165
    ]
  ],
  "image_filename": "CLEVR_new_001194.png",
  "directions": {
    "below": [
      -0.0,
      -0.0,
      -1.0
    ],
    "right": [
      0.6563112735748291,
      0.7544902563095093,
      -0.0
    ],
    "behind": [
      -0.754490315914154,
      0.6563112735748291,
      0.0
    ],
    "front": [
      0.754490315914154,
      -0.6563112735748291,
      -0.0
    ],
    "above": [
      0.0,
      0.0,
      1.0
    ],
    "left": [
      -0.6563112735748291,
      -0.7544902563095093,
      0.0
    ]
  },
  "image_index": 1194,
  "split": "new",
  "objects": [
    {
      "3d_coords": [
        0.9079067707061768,
        1.3731836080551147,
        0.699999988079071
      ],
      "pixel_coords": [
        212,
        98,
        10.99681568145752
      ],
      "material": "rubber",
      "rotation": 205.78243425099328,
      "shape": "cylinder",
      "color": "red",
      "size": "large"
    },
    {
      "3d_coords": [
        2.540428876876831,
        0.9852601289749146,
        0.5249999761581421
      ],
      "pixel_coords": [
        245,
        126,
        9.754928588867188
      ],
      "material": "rubber",
      "rotation": 184.79719547807574,
      "shape": "cylinder",
      "color": "red",
      "size": "medium"
    },
    {
      "3d_coords": [
        -2.795167922973633,
        2.3908259868621826,
        0.699999988079071
      ],
      "pixel_coords": [
        162,
        61,
        14.080000877380371
      ],
      "material": "rubber",
      "rotation": 76.6397672382004,
      "shape": "cylinder",
      "color": "green",
      "size": "large"
    },
    {
      "3d_coords": [
        -1.5777127742767334,
        -0.50906902551651,
        0.5249999761581421
      ],
      "pixel_coords": [
        118,
        93,
        11.720252990722656
      ],
      "material": "rubber",
      "rotation": 86.55167754277355,
      "shape": "cylinder",
      "color": "green",
      "size": "medium"
    },
    {
      "3d_coords": [
        1.2765672206878662,
        -1.9348479509353638,
        0.699999988079071
      ],
      "pixel_coords": [
        133,
        137,
        8.902816772460938
      ],
      "material": "rubber",
      "rotation": 125.08374705659092,
      "shape": "cylinder",
      "color": "red",
      "size": "large"
    },
    {
      "3d_coords": [
        2.9074840545654297,
        -1.327903389930725,
        0.699999988079071
      ],
      "pixel_coords": [
        195,
        157,
        8.13292407989502
      ],
      "material": "rubber",
      "rotation": 173.58563861779447,
      "shape": "cylinder",
      "color": "red",
      "size": "large"
    },
    {
      "3d_coords": [
        -1.8113231658935547,
        -2.5037763118743896,
        0.3499999940395355
      ],
      "pixel_coords": [
        61,
        113,
        10.850884437561035
      ],
      "material": "rubber",
      "rotation": 302.8896457606479,
      "shape": "cylinder",
      "color": "blue",
      "size": "small"
    },
    {
      "3d_coords": [
        -2.9467053413391113,
        -0.7139099836349487,
        0.3499999940395355
      ],
      "pixel_coords": [
        93,
        87,
        12.619787216186523
      ],
      "material": "rubber",
      "rotation": 117.8646092471246,
      "shape": "cube",
      "color": "blue",
      "size": "small"
    }
  ]
}