{
  "split": "new",
  "intruder_pos": [
    [
      240,
      92
    ],
    [
      308,
      160
    ]
  ],
  "relationships": {
    "front": [
      [
        4,
        5,
        6
      ],
      [
        0,
        3,
        4,
        5,
        6
      ],
      [
        0,
        1,
        3,
        4,
        5,
        6
      ],
      [
        0,
        4,
        5,
        6
      ],
      [
        5
      ],
      [],
      [
        4,
        5
      ]
    ],
    "left": [
      [
        3
      ],
      [
        0,
        3
      ],
      [
        0,
        1,
        3,
        5
      ],
      [],
      [
        0,
        1,
        2,
        3,
        5
      ],
      [
        0,
        1,
        3
      ],
      [
        0,
        1,
        2,
        3,
        4,
        5
      ]
    ],
    "behind": [
      [
        1,
        2,
        3
      ],
      [
        2
      ],
      [],
      [
        1,
        2
      ],
      [
        0,
        1,
        2,
        3,
        6
      ],
      [
        0,
        1,
        2,
        3,
        4,
        6
      ],
      [
        0,
        1,
        2,
        3
      ]
    ],
    "right": [
      [
        1,
        2,
        4,
        5,
        6
      ],
      [
        2,
        4,
        5,
        6
      ],
      [
        4,
        6
      ],
      [
        0,
        1,
        2,
        4,
        5,
        6
      ],
      [
        6
      ],
      [
        2,
        4,
        6
      ],
      []
    ]
  },
  "directions": {
    "front": [
      0.754490315914154,
      -0.6563112735748291,
      -0.0
    ],
    "above": [
      0.0,
      0.0,
      1.0
    ],
    "behind": [
      -0.754490315914154,
      0.6563112735748291,
      0.0
    ],
    "below": [
      -0.0,
      -0.0,
      -1.0
    ],
    "right": [
      0.6563112735748291,
      0.7544902563095093,
      -0.0
    ],
    "left": [
      -0.6563112735748291,
      -0.7544902563095093,
      0.0
    ]
  },
  "image_index": 46,
  "image_filename": "CLEVR_new_000046.png",
  "objects": [
    {
      "pixel_coords": [
        67,
        113,
        10.764397621154785
      ],
      "rotation": 270.472454303869,
      "material": "rubber",
      "size": "small",
      "shape": "sphere",
      "color": "blue",
      "3d_coords": [
        -1.618057370185852,
        -2.3637499809265137,
        0.3499999940395355
      ]
    },
    {
      "pixel_coords": [
        127,
        83,
        12.575695037841797
      ],
      "rotation": 96.82351954386374,
      "material": "rubber",
      "size": "medium",
      "shape": "cylinder",
      "color": "blue",
      "3d_coords": [
        -2.1997814178466797,
        0.270241379737854,
        0.5249999761581421
      ]
    },
    {
      "pixel_coords": [
        177,
        80,
        13.38499927520752
      ],
      "rotation": 132.79579694310905,
      "material": "rubber",
      "size": "small",
      "shape": "cylinder",
      "color": "blue",
      "3d_coords": [
        -1.6800177097320557,
        2.197697162628174,
        0.3499999940395355
      ]
    },
    {
      "pixel_coords": [
        49,
        102,
        11.568058013916016
      ],
      "rotation": 259.98374838431675,
      "material": "rubber",
      "size": "small",
      "shape": "cube",
      "color": "blue",
      "3d_coords": [
        -2.8376195430755615,
        -2.4319815635681152,
        0.3499999940395355
      ]
    },
    {
      "pixel_coords": [
        211,
        134,
        9.622136116027832
      ],
      "rotation": 330.1329317890401,
      "material": "rubber",
      "size": "small",
      "shape": "cylinder",
      "color": "blue",
      "3d_coords": [
        2.064622402191162,
        0.11526864767074585,
        0.3499999940395355
      ]
    },
    {
      "pixel_coords": [
        146,
        136,
        8.782212257385254
      ],
      "rotation": 275.927173036059,
      "material": "rubber",
      "size": "large",
      "shape": "sphere",
      "color": "blue",
      "3d_coords": [
        1.5564460754394531,
        -1.7124463319778442,
        0.699999988079071
      ]
    },
    {
      "pixel_coords": [
        273,
        112,
        10.068632125854492
      ],
      "rotation": 116.45934860344855,
      "material": "rubber",
      "size": "large",
      "shape": "cube",
      "color": "green",
      "3d_coords": [
        2.7228755950927734,
        1.9892621040344238,
        0.699999988079071
      ]
    }
  ]
}