{
  "relationships": {
    "front": [
      [],
      [
        0,
        4,
        6
      ],
      [
        0,
        1,
        4,
        6
      ],
      [
        0,
        1,
        2,
        4,
        5,
        6
      ],
      [
        0,
        6
      ],
      [
        0,
        1,
        2,
        4,
        6
      ],
      [
        0
      ]
    ],
    "right": [
      [
        2,
        3,
        5,
        6
      ],
      [
        0,
        2,
        3,
        5,
        6
      ],
      [
        6
      ],
      [
        2,
        5,
        6
      ],
      [
        0,
        1,
        2,
        3,
        5,
        6
      ],
      [
        2,
        6
      ],
      []
    ],
    "left": [
      [
        1,
        4
      ],
      [
        4
      ],
      [
        0,
        1,
        3,
        4,
        5
      ],
      [
        0,
        1,
        4
      ],
      [],
      [
        0,
        1,
        3,
        4
      ],
      [
        0,
        1,
        2,
        3,
        4,
        5
      ]
    ],
    "behind": [
      [
        1,
        2,
        3,
        4,
        5,
        6
      ],
      [
        2,
        3,
        5
      ],
      [
        3,
        5
      ],
      [],
      [
        1,
        2,
        3,
        5
      ],
      [
        3
      ],
      [
        1,
        2,
        3,
        4,
        5
      ]
    ]
  },
  "intruder_pos": [
    [
      248,
      93
    ],
    [
      284,
      127
    ]
  ],
  "image_filename": "CLEVR_new_001366.png",
  "directions": {
    "below": [
      -0.0,
      -0.0,
      -1.0
    ],
    "right": [
      0.6563112735748291,
      0.7544902563095093,
      -0.0
    ],
    "behind": [
      -0.754490315914154,
      0.6563112735748291,
      0.0
    ],
    "front": [
      0.754490315914154,
      -0.6563112735748291,
      -0.0
    ],
    "above": [
      0.0,
      0.0,
      1.0
    ],
    "left": [
      -0.6563112735748291,
      -0.7544902563095093,
      0.0
    ]
  },
  "image_index": 1366,
  "split": "new",
  "objects": [
    {
      "3d_coords": [
        1.4135257005691528,
        -1.669432520866394,
        0.3499999940395355
      ],
      "pixel_coords": [
        145,
        146,
        9.063724517822266
      ],
      "material": "rubber",
      "rotation": 42.380622565812885,
      "shape": "sphere",
      "color": "blue",
      "size": "small"
    },
    {
      "3d_coords": [
        -0.535453736782074,
        -0.9487764835357666,
        0.3499999940395355
      ],
      "pixel_coords": [
        125,
        113,
        10.81033706665039
      ],
      "material": "rubber",
      "rotation": 16.32872372907884,
      "shape": "sphere",
      "color": "green",
      "size": "small"
    },
    {
      "3d_coords": [
        1.2668401002883911,
        2.0283472537994385,
        0.699999988079071
      ],
      "pixel_coords": [
        235,
        96,
        11.107568740844727
      ],
      "material": "rubber",
      "rotation": 107.48985648564168,
      "shape": "sphere",
      "color": "green",
      "size": "large"
    },
    {
      "3d_coords": [
        -2.8675570487976074,
        2.923009157180786,
        0.699999988079071
      ],
      "pixel_coords": [
        170,
        60,
        14.4522123336792
      ],
      "material": "rubber",
      "rotation": 20.14028914382773,
      "shape": "sphere",
      "color": "red",
      "size": "large"
    },
    {
      "3d_coords": [
        -1.0588293075561523,
        -2.2751810550689697,
        0.5249999761581421
      ],
      "pixel_coords": [
        78,
        114,
        10.33581256866455
      ],
      "material": "rubber",
      "rotation": 343.02058312687535,
      "shape": "sphere",
      "color": "red",
      "size": "medium"
    },
    {
      "3d_coords": [
        -1.4322738647460938,
        2.8460304737091064,
        0.3499999940395355
      ],
      "pixel_coords": [
        193,
        78,
        13.582862854003906
      ],
      "material": "rubber",
      "rotation": 243.03122138144943,
      "shape": "sphere",
      "color": "green",
      "size": "small"
    },
    {
      "3d_coords": [
        2.863710880279541,
        1.5139676332473755,
        0.3499999940395355
      ],
      "pixel_coords": [
        266,
        129,
        9.878714561462402
      ],
      "material": "rubber",
      "rotation": 313.89812531511564,
      "shape": "cube",
      "color": "green",
      "size": "small"
    }
  ]
}