{
  "relationships": {
    "front": [
      [
        1,
        2,
        3,
        4,
        5
      ],
      [
        3,
        4
      ],
      [
        1,
        3,
        4,
        5
      ],
      [],
      [
        3
      ],
      [
        1,
        3,
        4
      ],
      [
        0,
        1,
        2,
        3,
        4,
        5
      ],
      [
        0,
        1,
        2,
        3,
        4,
        5,
        6
      ]
    ],
    "right": [
      [
        3,
        5,
        6
      ],
      [
        0,
        3,
        5,
        6,
        7
      ],
      [
        0,
        1,
        3,
        4,
        5,
        6,
        7
      ],
      [
        5,
        6
      ],
      [
        0,
        1,
        3,
        5,
        6,
        7
      ],
      [],
      [
        5
      ],
      [
        0,
        3,
        5,
        6
      ]
    ],
    "left": [
      [
        1,
        2,
        4,
        7
      ],
      [
        2,
        4
      ],
      [],
      [
        0,
        1,
        2,
        4,
        7
      ],
      [
        2
      ],
      [
        0,
        1,
        2,
        3,
        4,
        6,
        7
      ],
      [
        0,
        1,
        2,
        3,
        4,
        7
      ],
      [
        1,
        2,
        4
      ]
    ],
    "behind": [
      [
        6,
        7
      ],
      [
        0,
        2,
        5,
        6,
        7
      ],
      [
        0,
        6,
        7
      ],
      [
        0,
        1,
        2,
        4,
        5,
        6,
        7
      ],
      [
        0,
        1,
        2,
        5,
        6,
        7
      ],
      [
        0,
        2,
        6,
        7
      ],
      [
        7
      ],
      []
    ]
  },
  "intruder_pos": [
    [
      126,
      156
    ],
    [
      161,
      189
    ]
  ],
  "image_filename": "CLEVR_new_001341.png",
  "directions": {
    "below": [
      -0.0,
      -0.0,
      -1.0
    ],
    "right": [
      0.6563112735748291,
      0.7544902563095093,
      -0.0
    ],
    "behind": [
      -0.754490315914154,
      0.6563112735748291,
      0.0
    ],
    "front": [
      0.754490315914154,
      -0.6563112735748291,
      -0.0
    ],
    "above": [
      0.0,
      0.0,
      1.0
    ],
    "left": [
      -0.6563112735748291,
      -0.7544902563095093,
      0.0
    ]
  },
  "image_index": 1341,
  "split": "new",
  "objects": [
    {
      "3d_coords": [
        -0.5874136686325073,
        0.5100169777870178,
        0.699999988079071
      ],
      "pixel_coords": [
        160,
        91,
        11.755061149597168
      ],
      "material": "rubber",
      "rotation": 268.242166869436,
      "shape": "cylinder",
      "color": "blue",
      "size": "large"
    },
    {
      "3d_coords": [
        -0.033873118460178375,
        -1.2943222522735596,
        0.699999988079071
      ],
      "pixel_coords": [
        127,
        113,
        10.33862590789795
      ],
      "material": "rubber",
      "rotation": 223.29863423831074,
      "shape": "cube",
      "color": "blue",
      "size": "large"
    },
    {
      "3d_coords": [
        -2.36095929145813,
        -2.4360554218292236,
        0.5249999761581421
      ],
      "pixel_coords": [
        55,
        104,
        11.277360916137695
      ],
      "material": "rubber",
      "rotation": 0.16660181195871537,
      "shape": "cylinder",
      "color": "blue",
      "size": "medium"
    },
    {
      "3d_coords": [
        2.156019926071167,
        -1.3312383890151978,
        0.699999988079071
      ],
      "pixel_coords": [
        177,
        143,
        8.88490104675293
      ],
      "material": "rubber",
      "rotation": 216.79871248172404,
      "shape": "sphere",
      "color": "blue",
      "size": "large"
    },
    {
      "3d_coords": [
        -0.7679023146629333,
        -2.913869857788086,
        0.3499999940395355
      ],
      "pixel_coords": [
        66,
        132,
        10.040374755859375
      ],
      "material": "rubber",
      "rotation": 23.176618325225572,
      "shape": "cylinder",
      "color": "blue",
      "size": "small"
    },
    {
      "3d_coords": [
        1.6840580701828003,
        1.3018805980682373,
        0.699999988079071
      ],
      "pixel_coords": [
        228,
        106,
        10.732311248779297
      ],
      "material": "rubber",
      "rotation": 299.39690851910046,
      "shape": "cylinder",
      "color": "blue",
      "size": "large"
    },
    {
      "3d_coords": [
        -0.7333350777626038,
        2.73856520652771,
        0.699999988079071
      ],
      "pixel_coords": [
        201,
        73,
        13.15282154083252
      ],
      "material": "rubber",
      "rotation": 331.3596566838485,
      "shape": "cube",
      "color": "blue",
      "size": "large"
    },
    {
      "3d_coords": [
        -2.6124331951141357,
        1.5062891244888306,
        0.699999988079071
      ],
      "pixel_coords": [
        144,
        68,
        13.661595344543457
      ],
      "material": "rubber",
      "rotation": 135.22514815201845,
      "shape": "sphere",
      "color": "green",
      "size": "large"
    }
  ]
}