{
  "split": "new",
  "intruder_pos": [
    [
      173,
      151
    ],
    [
      207,
      187
    ]
  ],
  "relationships": {
    "front": [
      [
        1,
        5,
        6
      ],
      [
        5
      ],
      [
        0,
        1,
        3,
        5,
        6
      ],
      [
        0,
        1,
        5,
        6
      ],
      [
        0,
        1,
        2,
        3,
        5,
        6,
        7
      ],
      [],
      [
        1,
        5
      ],
      [
        0,
        1,
        2,
        3,
        5,
        6
      ]
    ],
    "left": [
      [],
      [
        0,
        3,
        4,
        5
      ],
      [
        0,
        1,
        3,
        4,
        5,
        7
      ],
      [
        0
      ],
      [
        0,
        3,
        5
      ],
      [
        0,
        3
      ],
      [
        0,
        1,
        2,
        3,
        4,
        5,
        7
      ],
      [
        0,
        1,
        3,
        4,
        5
      ]
    ],
    "behind": [
      [
        2,
        3,
        4,
        7
      ],
      [
        0,
        2,
        3,
        4,
        6,
        7
      ],
      [
        4,
        7
      ],
      [
        2,
        4,
        7
      ],
      [],
      [
        0,
        1,
        2,
        3,
        4,
        6,
        7
      ],
      [
        0,
        2,
        3,
        4,
        7
      ],
      [
        4
      ]
    ],
    "right": [
      [
        1,
        2,
        3,
        4,
        5,
        6,
        7
      ],
      [
        2,
        6,
        7
      ],
      [
        6
      ],
      [
        1,
        2,
        4,
        5,
        6,
        7
      ],
      [
        1,
        2,
        6,
        7
      ],
      [
        1,
        2,
        4,
        6,
        7
      ],
      [],
      [
        2,
        6
      ]
    ]
  },
  "directions": {
    "front": [
      0.754490315914154,
      -0.6563112735748291,
      -0.0
    ],
    "above": [
      0.0,
      0.0,
      1.0
    ],
    "behind": [
      -0.754490315914154,
      0.6563112735748291,
      0.0
    ],
    "below": [
      -0.0,
      -0.0,
      -1.0
    ],
    "right": [
      0.6563112735748291,
      0.7544902563095093,
      -0.0
    ],
    "left": [
      -0.6563112735748291,
      -0.7544902563095093,
      0.0
    ]
  },
  "image_index": 35,
  "image_filename": "CLEVR_new_000035.png",
  "objects": [
    {
      "pixel_coords": [
        67,
        94,
        11.539913177490234
      ],
      "rotation": 16.52094162025584,
      "material": "rubber",
      "size": "large",
      "shape": "sphere",
      "color": "green",
      "3d_coords": [
        -2.337672472000122,
        -2.0566041469573975,
        0.699999988079071
      ]
    },
    {
      "pixel_coords": [
        184,
        135,
        9.517721176147461
      ],
      "rotation": 156.18669960338912,
      "material": "rubber",
      "size": "medium",
      "shape": "cylinder",
      "color": "green",
      "3d_coords": [
        1.8737565279006958,
        -0.6866312026977539,
        0.5249999761581421
      ]
    },
    {
      "pixel_coords": [
        228,
        83,
        12.435038566589355
      ],
      "rotation": 334.8349522535816,
      "material": "rubber",
      "size": "large",
      "shape": "cube",
      "color": "green",
      "3d_coords": [
        0.37968572974205017,
        2.8293087482452393,
        0.699999988079071
      ]
    },
    {
      "pixel_coords": [
        118,
        89,
        11.958633422851562
      ],
      "rotation": 291.7204318051835,
      "material": "rubber",
      "size": "large",
      "shape": "cylinder",
      "color": "green",
      "3d_coords": [
        -1.6525765657424927,
        -0.48180797696113586,
        0.699999988079071
      ]
    },
    {
      "pixel_coords": [
        168,
        68,
        14.868643760681152
      ],
      "rotation": 46.463905134443586,
      "material": "rubber",
      "size": "small",
      "shape": "cylinder",
      "color": "green",
      "3d_coords": [
        -2.9399538040161133,
        2.83712100982666,
        0.3499999940395355
      ]
    },
    {
      "pixel_coords": [
        127,
        144,
        9.0972318649292
      ],
      "rotation": 154.78700787747337,
      "material": "rubber",
      "size": "medium",
      "shape": "cube",
      "color": "green",
      "3d_coords": [
        1.266975998878479,
        -2.1695897579193115,
        0.5249999761581421
      ]
    },
    {
      "pixel_coords": [
        279,
        104,
        10.875312805175781
      ],
      "rotation": 35.313145830221906,
      "material": "rubber",
      "size": "large",
      "shape": "sphere",
      "color": "green",
      "3d_coords": [
        2.5590200424194336,
        2.701310873031616,
        0.699999988079071
      ]
    },
    {
      "pixel_coords": [
        191,
        71,
        13.543200492858887
      ],
      "rotation": 187.08768036789166,
      "material": "rubber",
      "size": "large",
      "shape": "sphere",
      "color": "red",
      "3d_coords": [
        -1.3660569190979004,
        2.6808931827545166,
        0.699999988079071
      ]
    }
  ]
}