{
  "relationships": {
    "front": [
      [
        1,
        2,
        3,
        4,
        5
      ],
      [
        2,
        3,
        5
      ],
      [
        5
      ],
      [
        2,
        5
      ],
      [
        1,
        2,
        3,
        5
      ],
      [],
      [
        0,
        1,
        2,
        3,
        4,
        5
      ],
      [
        0,
        1,
        2,
        3,
        4,
        5,
        6
      ]
    ],
    "right": [
      [
        1,
        2,
        3,
        4,
        5,
        6,
        7
      ],
      [],
      [
        1
      ],
      [
        1,
        2,
        4,
        5,
        6,
        7
      ],
      [
        1,
        2,
        7
      ],
      [
        1,
        2,
        4,
        7
      ],
      [
        1,
        2,
        4,
        5,
        7
      ],
      [
        1,
        2
      ]
    ],
    "left": [
      [],
      [
        0,
        2,
        3,
        4,
        5,
        6,
        7
      ],
      [
        0,
        3,
        4,
        5,
        6,
        7
      ],
      [
        0
      ],
      [
        0,
        3,
        5,
        6
      ],
      [
        0,
        3,
        6
      ],
      [
        0,
        3
      ],
      [
        0,
        3,
        4,
        5,
        6
      ]
    ],
    "behind": [
      [
        6,
        7
      ],
      [
        0,
        4,
        6,
        7
      ],
      [
        0,
        1,
        3,
        4,
        6,
        7
      ],
      [
        0,
        1,
        4,
        6,
        7
      ],
      [
        0,
        6,
        7
      ],
      [
        0,
        1,
        2,
        3,
        4,
        6,
        7
      ],
      [
        7
      ],
      []
    ]
  },
  "intruder_pos": [
    [
      154,
      157
    ],
    [
      188,
      201
    ]
  ],
  "image_filename": "CLEVR_new_001305.png",
  "directions": {
    "below": [
      -0.0,
      -0.0,
      -1.0
    ],
    "right": [
      0.6563112735748291,
      0.7544902563095093,
      -0.0
    ],
    "behind": [
      -0.754490315914154,
      0.6563112735748291,
      0.0
    ],
    "front": [
      0.754490315914154,
      -0.6563112735748291,
      -0.0
    ],
    "above": [
      0.0,
      0.0,
      1.0
    ],
    "left": [
      -0.6563112735748291,
      -0.7544902563095093,
      0.0
    ]
  },
  "image_index": 1305,
  "split": "new",
  "objects": [
    {
      "3d_coords": [
        -2.6755146980285645,
        -1.6985241174697876,
        0.699999988079071
      ],
      "pixel_coords": [
        72,
        87,
        11.91744613647461
      ],
      "material": "rubber",
      "rotation": 9.776284350821545,
      "shape": "cylinder",
      "color": "green",
      "size": "large"
    },
    {
      "3d_coords": [
        1.4825807809829712,
        0.9785016775131226,
        0.3499999940395355
      ],
      "pixel_coords": [
        215,
        119,
        10.779654502868652
      ],
      "material": "rubber",
      "rotation": 175.26338738833363,
      "shape": "cylinder",
      "color": "green",
      "size": "small"
    },
    {
      "3d_coords": [
        2.741989850997925,
        -1.2996892929077148,
        0.5249999761581421
      ],
      "pixel_coords": [
        190,
        162,
        8.606852531433105
      ],
      "material": "rubber",
      "rotation": 177.38290347749466,
      "shape": "cube",
      "color": "green",
      "size": "medium"
    },
    {
      "3d_coords": [
        -0.3332774341106415,
        -2.9430041313171387,
        0.699999988079071
      ],
      "pixel_coords": [
        70,
        128,
        9.674501419067383
      ],
      "material": "rubber",
      "rotation": 136.46403948028492,
      "shape": "sphere",
      "color": "green",
      "size": "large"
    },
    {
      "3d_coords": [
        -0.17932350933551788,
        0.012545432895421982,
        0.3499999940395355
      ],
      "pixel_coords": [
        157,
        108,
        11.361997604370117
      ],
      "material": "rubber",
      "rotation": 208.85266653632203,
      "shape": "cylinder",
      "color": "green",
      "size": "small"
    },
    {
      "3d_coords": [
        2.4717423915863037,
        -2.9327526092529297,
        0.5249999761581421
      ],
      "pixel_coords": [
        129,
        185,
        7.895999908447266
      ],
      "material": "rubber",
      "rotation": 234.4650422414184,
      "shape": "cylinder",
      "color": "green",
      "size": "medium"
    },
    {
      "3d_coords": [
        -2.185317039489746,
        0.40775176882743835,
        0.699999988079071
      ],
      "pixel_coords": [
        131,
        76,
        12.739720344543457
      ],
      "material": "rubber",
      "rotation": 61.21302822281087,
      "shape": "cube",
      "color": "green",
      "size": "large"
    },
    {
      "3d_coords": [
        -2.5097663402557373,
        2.626044511795044,
        0.699999988079071
      ],
      "pixel_coords": [
        171,
        60,
        14.167011260986328
      ],
      "material": "rubber",
      "rotation": 164.56599713926576,
      "shape": "cylinder",
      "color": "blue",
      "size": "large"
    }
  ]
}