{
  "split": "new",
  "intruder_pos": [
    [
      172,
      49
    ],
    [
      202,
      90
    ]
  ],
  "relationships": {
    "front": [
      [
        4,
        6,
        7
      ],
      [
        0,
        4,
        6,
        7
      ],
      [
        0,
        1,
        4,
        6,
        7
      ],
      [
        0,
        1,
        2,
        4,
        5,
        6,
        7
      ],
      [
        7
      ],
      [
        0,
        1,
        2,
        4,
        6,
        7
      ],
      [
        4,
        7
      ],
      []
    ],
    "left": [
      [
        2,
        4
      ],
      [
        0,
        2,
        3,
        4,
        5,
        6,
        7
      ],
      [
        4
      ],
      [
        0,
        2,
        4,
        7
      ],
      [],
      [
        0,
        2,
        3,
        4,
        7
      ],
      [
        0,
        2,
        3,
        4,
        5,
        7
      ],
      [
        0,
        2,
        4
      ]
    ],
    "behind": [
      [
        1,
        2,
        3,
        5
      ],
      [
        2,
        3,
        5
      ],
      [
        3,
        5
      ],
      [],
      [
        0,
        1,
        2,
        3,
        5,
        6
      ],
      [
        3
      ],
      [
        0,
        1,
        2,
        3,
        5
      ],
      [
        0,
        1,
        2,
        3,
        4,
        5,
        6
      ]
    ],
    "right": [
      [
        1,
        3,
        5,
        6,
        7
      ],
      [],
      [
        0,
        1,
        3,
        5,
        6,
        7
      ],
      [
        1,
        5,
        6
      ],
      [
        0,
        1,
        2,
        3,
        5,
        6,
        7
      ],
      [
        1,
        6
      ],
      [
        1
      ],
      [
        1,
        3,
        5,
        6
      ]
    ]
  },
  "directions": {
    "front": [
      0.754490315914154,
      -0.6563112735748291,
      -0.0
    ],
    "above": [
      0.0,
      0.0,
      1.0
    ],
    "behind": [
      -0.754490315914154,
      0.6563112735748291,
      0.0
    ],
    "below": [
      -0.0,
      -0.0,
      -1.0
    ],
    "right": [
      0.6563112735748291,
      0.7544902563095093,
      -0.0
    ],
    "left": [
      -0.6563112735748291,
      -0.7544902563095093,
      0.0
    ]
  },
  "image_index": 140,
  "image_filename": "CLEVR_new_000140.png",
  "objects": [
    {
      "pixel_coords": [
        166,
        113,
        10.145235061645508
      ],
      "rotation": 96.47625845998012,
      "material": "rubber",
      "size": "medium",
      "shape": "sphere",
      "color": "green",
      "3d_coords": [
        0.5500376224517822,
        -0.2118820697069168,
        0.5249999761581421
      ]
    },
    {
      "pixel_coords": [
        273,
        101,
        10.44262981414795
      ],
      "rotation": 109.68359955996196,
      "material": "rubber",
      "size": "large",
      "shape": "sphere",
      "color": "green",
      "3d_coords": [
        2.229306697845459,
        2.5428810119628906,
        0.699999988079071
      ]
    },
    {
      "pixel_coords": [
        137,
        82,
        11.717721939086914
      ],
      "rotation": 74.66790242725688,
      "material": "rubber",
      "size": "large",
      "shape": "cube",
      "color": "green",
      "3d_coords": [
        -1.5195451974868774,
        0.24422095715999603,
        0.699999988079071
      ]
    },
    {
      "pixel_coords": [
        202,
        77,
        13.099730491638184
      ],
      "rotation": 186.54930994306574,
      "material": "rubber",
      "size": "small",
      "shape": "sphere",
      "color": "green",
      "3d_coords": [
        -1.113397240638733,
        2.9382240772247314,
        0.3499999940395355
      ]
    },
    {
      "pixel_coords": [
        109,
        141,
        8.849822044372559
      ],
      "rotation": 122.5741651378464,
      "material": "rubber",
      "size": "medium",
      "shape": "sphere",
      "color": "green",
      "3d_coords": [
        0.7624697089195251,
        -2.295353412628174,
        0.5249999761581421
      ]
    },
    {
      "pixel_coords": [
        225,
        87,
        12.241758346557617
      ],
      "rotation": 89.95145529535402,
      "material": "rubber",
      "size": "small",
      "shape": "cylinder",
      "color": "green",
      "3d_coords": [
        0.07922826707363129,
        2.850857734680176,
        0.3499999940395355
      ]
    },
    {
      "pixel_coords": [
        265,
        137,
        9.336145401000977
      ],
      "rotation": 356.1426571187587,
      "material": "rubber",
      "size": "small",
      "shape": "sphere",
      "color": "green",
      "3d_coords": [
        2.99200177192688,
        1.1712043285369873,
        0.3499999940395355
      ]
    },
    {
      "pixel_coords": [
        187,
        170,
        8.081056594848633
      ],
      "rotation": 62.804182722025445,
      "material": "rubber",
      "size": "small",
      "shape": "cylinder",
      "color": "red",
      "3d_coords": [
        2.7351648807525635,
        -1.4158967733383179,
        0.3499999940395355
      ]
    }
  ]
}