{
  "relationships": {
    "front": [
      [
        3
      ],
      [
        0,
        2,
        3,
        5,
        6
      ],
      [
        0,
        3,
        5
      ],
      [],
      [
        0,
        1,
        2,
        3,
        5,
        6
      ],
      [
        0,
        3
      ],
      [
        0,
        2,
        3,
        5
      ],
      [
        0,
        1,
        2,
        3,
        4,
        5,
        6
      ]
    ],
    "right": [
      [
        1,
        3,
        4,
        5,
        7
      ],
      [
        5
      ],
      [
        0,
        1,
        3,
        4,
        5,
        7
      ],
      [
        1,
        4,
        5
      ],
      [
        1,
        5
      ],
      [],
      [
        0,
        1,
        2,
        3,
        4,
        5,
        7
      ],
      [
        1,
        3,
        4,
        5
      ]
    ],
    "left": [
      [
        2,
        6
      ],
      [
        0,
        2,
        3,
        4,
        6,
        7
      ],
      [
        6
      ],
      [
        0,
        2,
        6,
        7
      ],
      [
        0,
        2,
        3,
        6,
        7
      ],
      [
        0,
        1,
        2,
        3,
        4,
        6,
        7
      ],
      [],
      [
        0,
        2,
        6
      ]
    ],
    "behind": [
      [
        1,
        2,
        4,
        5,
        6,
        7
      ],
      [
        4,
        7
      ],
      [
        1,
        4,
        6,
        7
      ],
      [
        0,
        1,
        2,
        4,
        5,
        6,
        7
      ],
      [
        7
      ],
      [
        1,
        2,
        4,
        6,
        7
      ],
      [
        1,
        4,
        7
      ],
      []
    ]
  },
  "intruder_pos": [
    [
      138,
      157
    ],
    [
      164,
      182
    ]
  ],
  "image_filename": "CLEVR_new_001239.png",
  "directions": {
    "below": [
      -0.0,
      -0.0,
      -1.0
    ],
    "right": [
      0.6563112735748291,
      0.7544902563095093,
      -0.0
    ],
    "behind": [
      -0.754490315914154,
      0.6563112735748291,
      0.0
    ],
    "front": [
      0.754490315914154,
      -0.6563112735748291,
      -0.0
    ],
    "above": [
      0.0,
      0.0,
      1.0
    ],
    "left": [
      -0.6563112735748291,
      -0.7544902563095093,
      0.0
    ]
  },
  "image_index": 1239,
  "split": "new",
  "objects": [
    {
      "3d_coords": [
        1.2222630977630615,
        -2.524792194366455,
        0.3499999940395355
      ],
      "pixel_coords": [
        112,
        153,
        8.601607322692871
      ],
      "material": "rubber",
      "rotation": 211.83371552970047,
      "shape": "cylinder",
      "color": "red",
      "size": "small"
    },
    {
      "3d_coords": [
        -0.058161452412605286,
        1.8487046957015991,
        0.699999988079071
      ],
      "pixel_coords": [
        201,
        85,
        11.809036254882812
      ],
      "material": "rubber",
      "rotation": 267.1681166736,
      "shape": "cylinder",
      "color": "red",
      "size": "large"
    },
    {
      "3d_coords": [
        -1.082876205444336,
        -1.456546664237976,
        0.699999988079071
      ],
      "pixel_coords": [
        100,
        101,
        10.652152061462402
      ],
      "material": "rubber",
      "rotation": 240.17990554093413,
      "shape": "cylinder",
      "color": "green",
      "size": "large"
    },
    {
      "3d_coords": [
        2.73818039894104,
        -2.264652729034424,
        0.3499999940395355
      ],
      "pixel_coords": [
        159,
        178,
        7.695224761962891
      ],
      "material": "rubber",
      "rotation": 343.30675972562307,
      "shape": "cylinder",
      "color": "red",
      "size": "small"
    },
    {
      "3d_coords": [
        -1.5991899967193604,
        2.1909234523773193,
        0.3499999940395355
      ],
      "pixel_coords": [
        178,
        81,
        13.228946685791016
      ],
      "material": "rubber",
      "rotation": 135.87706969959126,
      "shape": "cylinder",
      "color": "green",
      "size": "small"
    },
    {
      "3d_coords": [
        2.3740062713623047,
        0.4310542643070221,
        0.5249999761581421
      ],
      "pixel_coords": [
        228,
        128,
        9.394906044006348
      ],
      "material": "rubber",
      "rotation": 270.045818870235,
      "shape": "cylinder",
      "color": "green",
      "size": "medium"
    },
    {
      "3d_coords": [
        -2.9390032291412354,
        -2.766789674758911,
        0.5249999761581421
      ],
      "pixel_coords": [
        36,
        98,
        11.27889633178711
      ],
      "material": "rubber",
      "rotation": 78.96970224495223,
      "shape": "cylinder",
      "color": "blue",
      "size": "medium"
    },
    {
      "3d_coords": [
        -2.8470876216888428,
        1.878104329109192,
        0.5249999761581421
      ],
      "pixel_coords": [
        151,
        70,
        13.84154987335205
      ],
      "material": "rubber",
      "rotation": 2.0696981454072905,
      "shape": "sphere",
      "color": "red",
      "size": "medium"
    }
  ]
}