{
  "relationships": {
    "front": [
      [],
      [
        0,
        2,
        3,
        4,
        5,
        6
      ],
      [
        0
      ],
      [
        0,
        2
      ],
      [
        0,
        2,
        3,
        6
      ],
      [
        0,
        2,
        3,
        4,
        6
      ],
      [
        0,
        2,
        3
      ]
    ],
    "right": [
      [
        3
      ],
      [
        0,
        3,
        5
      ],
      [
        0,
        1,
        3,
        4,
        5,
        6
      ],
      [],
      [
        0,
        1,
        3,
        5,
        6
      ],
      [
        0,
        3
      ],
      [
        0,
        1,
        3,
        5
      ]
    ],
    "left": [
      [
        1,
        2,
        4,
        5,
        6
      ],
      [
        2,
        4,
        6
      ],
      [],
      [
        0,
        1,
        2,
        4,
        5,
        6
      ],
      [
        2
      ],
      [
        1,
        2,
        4,
        6
      ],
      [
        2,
        4
      ]
    ],
    "behind": [
      [
        1,
        2,
        3,
        4,
        5,
        6
      ],
      [],
      [
        1,
        3,
        4,
        5,
        6
      ],
      [
        1,
        4,
        5,
        6
      ],
      [
        1,
        5
      ],
      [
        1
      ],
      [
        1,
        4,
        5
      ]
    ]
  },
  "intruder_pos": [
    [
      126,
      127
    ],
    [
      153,
      156
    ]
  ],
  "image_filename": "CLEVR_new_001063.png",
  "directions": {
    "below": [
      -0.0,
      -0.0,
      -1.0
    ],
    "right": [
      0.6563112735748291,
      0.7544902563095093,
      -0.0
    ],
    "behind": [
      -0.754490315914154,
      0.6563112735748291,
      0.0
    ],
    "front": [
      0.754490315914154,
      -0.6563112735748291,
      -0.0
    ],
    "above": [
      0.0,
      0.0,
      1.0
    ],
    "left": [
      -0.6563112735748291,
      -0.7544902563095093,
      0.0
    ]
  },
  "image_index": 1063,
  "split": "new",
  "objects": [
    {
      "3d_coords": [
        2.4006011486053467,
        0.516424298286438,
        0.699999988079071
      ],
      "pixel_coords": [
        234,
        123,
        9.689777374267578
      ],
      "material": "rubber",
      "rotation": 212.04383778932333,
      "shape": "cylinder",
      "color": "blue",
      "size": "large"
    },
    {
      "3d_coords": [
        -2.4568629264831543,
        2.374569892883301,
        0.3499999940395355
      ],
      "pixel_coords": [
        160,
        70,
        14.015320777893066
      ],
      "material": "rubber",
      "rotation": 32.06487911556681,
      "shape": "cube",
      "color": "blue",
      "size": "small"
    },
    {
      "3d_coords": [
        -1.5325061082839966,
        -2.163459062576294,
        0.699999988079071
      ],
      "pixel_coords": [
        73,
        106,
        10.535274505615234
      ],
      "material": "rubber",
      "rotation": 5.113748359291739,
      "shape": "sphere",
      "color": "blue",
      "size": "large"
    },
    {
      "3d_coords": [
        1.731764554977417,
        2.267679452896118,
        0.5249999761581421
      ],
      "pixel_coords": [
        248,
        101,
        11.247605323791504
      ],
      "material": "rubber",
      "rotation": 277.99488787402345,
      "shape": "cylinder",
      "color": "blue",
      "size": "medium"
    },
    {
      "3d_coords": [
        -2.76660418510437,
        0.07827681303024292,
        0.699999988079071
      ],
      "pixel_coords": [
        108,
        75,
        12.653814315795898
      ],
      "material": "rubber",
      "rotation": 10.680334959422702,
      "shape": "sphere",
      "color": "blue",
      "size": "large"
    },
    {
      "3d_coords": [
        -1.2098878622055054,
        2.901121139526367,
        0.3499999940395355
      ],
      "pixel_coords": [
        192,
        75,
        13.553016662597656
      ],
      "material": "rubber",
      "rotation": 8.793890582414225,
      "shape": "cylinder",
      "color": "blue",
      "size": "small"
    },
    {
      "3d_coords": [
        -1.113127589225769,
        0.1613660305738449,
        0.3499999940395355
      ],
      "pixel_coords": [
        141,
        98,
        11.845454216003418
      ],
      "material": "rubber",
      "rotation": 355.1460049515552,
      "shape": "cube",
      "color": "red",
      "size": "small"
    }
  ]
}