{
  "split": "new",
  "intruder_pos": [
    [
      204,
      63
    ],
    [
      234,
      102
    ]
  ],
  "relationships": {
    "front": [
      [
        1,
        4,
        5,
        6
      ],
      [
        5,
        6
      ],
      [
        0,
        1,
        3,
        4,
        5,
        6
      ],
      [
        0,
        1,
        4,
        5,
        6
      ],
      [
        1,
        5,
        6
      ],
      [
        6
      ],
      []
    ],
    "left": [
      [],
      [
        0,
        2,
        3,
        4
      ],
      [
        0,
        3,
        4
      ],
      [
        0,
        4
      ],
      [
        0
      ],
      [
        0,
        1,
        2,
        3,
        4,
        6
      ],
      [
        0,
        1,
        2,
        3,
        4
      ]
    ],
    "behind": [
      [
        2,
        3
      ],
      [
        0,
        2,
        3,
        4
      ],
      [],
      [
        2
      ],
      [
        0,
        2,
        3
      ],
      [
        0,
        1,
        2,
        3,
        4
      ],
      [
        0,
        1,
        2,
        3,
        4,
        5
      ]
    ],
    "right": [
      [
        1,
        2,
        3,
        4,
        5,
        6
      ],
      [
        5,
        6
      ],
      [
        1,
        5,
        6
      ],
      [
        1,
        2,
        5,
        6
      ],
      [
        1,
        2,
        3,
        5,
        6
      ],
      [],
      [
        5
      ]
    ]
  },
  "directions": {
    "front": [
      0.754490315914154,
      -0.6563112735748291,
      -0.0
    ],
    "above": [
      0.0,
      0.0,
      1.0
    ],
    "behind": [
      -0.754490315914154,
      0.6563112735748291,
      0.0
    ],
    "below": [
      -0.0,
      -0.0,
      -1.0
    ],
    "right": [
      0.6563112735748291,
      0.7544902563095093,
      -0.0
    ],
    "left": [
      -0.6563112735748291,
      -0.7544902563095093,
      0.0
    ]
  },
  "image_index": 16,
  "image_filename": "CLEVR_new_000016.png",
  "objects": [
    {
      "pixel_coords": [
        73,
        92,
        11.710139274597168
      ],
      "rotation": 183.97237306949134,
      "material": "rubber",
      "size": "medium",
      "shape": "sphere",
      "color": "blue",
      "3d_coords": [
        -2.723294734954834,
        -1.446387767791748,
        0.5249999761581421
      ]
    },
    {
      "pixel_coords": [
        183,
        112,
        9.958786010742188
      ],
      "rotation": 118.76921976505574,
      "material": "rubber",
      "size": "large",
      "shape": "sphere",
      "color": "green",
      "3d_coords": [
        1.0696048736572266,
        -0.08765237778425217,
        0.699999988079071
      ]
    },
    {
      "pixel_coords": [
        158,
        61,
        14.125977516174316
      ],
      "rotation": 228.45835671507498,
      "material": "rubber",
      "size": "large",
      "shape": "sphere",
      "color": "red",
      "3d_coords": [
        -2.898481845855713,
        2.5198378562927246,
        0.699999988079071
      ]
    },
    {
      "pixel_coords": [
        135,
        74,
        12.78171443939209
      ],
      "rotation": 207.69636525213116,
      "material": "rubber",
      "size": "large",
      "shape": "sphere",
      "color": "blue",
      "3d_coords": [
        -2.3424317836761475,
        0.8879889249801636,
        0.699999988079071
      ]
    },
    {
      "pixel_coords": [
        109,
        99,
        11.18050479888916
      ],
      "rotation": 111.83757351732497,
      "material": "rubber",
      "size": "medium",
      "shape": "sphere",
      "color": "green",
      "3d_coords": [
        -1.4261419773101807,
        -0.9118895530700684,
        0.5249999761581421
      ]
    },
    {
      "pixel_coords": [
        227,
        136,
        9.423349380493164
      ],
      "rotation": 298.88917566014106,
      "material": "rubber",
      "size": "small",
      "shape": "sphere",
      "color": "green",
      "3d_coords": [
        2.429640293121338,
        0.23890721797943115,
        0.3499999940395355
      ]
    },
    {
      "pixel_coords": [
        219,
        157,
        8.536097526550293
      ],
      "rotation": 64.89495415509997,
      "material": "rubber",
      "size": "small",
      "shape": "cylinder",
      "color": "blue",
      "3d_coords": [
        2.9055283069610596,
        -0.7192447781562805,
        0.3499999940395355
      ]
    }
  ]
}