{
  "split": "new",
  "intruder_pos": [
    [
      264,
      107
    ],
    [
      300,
      141
    ]
  ],
  "relationships": {
    "front": [
      [],
      [
        0,
        2,
        3,
        4,
        7
      ],
      [
        0
      ],
      [
        0,
        2,
        4,
        7
      ],
      [
        0,
        2
      ],
      [
        0,
        1,
        2,
        3,
        4,
        6,
        7
      ],
      [
        0,
        1,
        2,
        3,
        4,
        7
      ],
      [
        0,
        2,
        4
      ]
    ],
    "left": [
      [
        3,
        5
      ],
      [
        0,
        3,
        5
      ],
      [
        0,
        1,
        3,
        5
      ],
      [],
      [
        0,
        1,
        2,
        3,
        5,
        6
      ],
      [
        3
      ],
      [
        0,
        1,
        2,
        3,
        5
      ],
      [
        0,
        1,
        2,
        3,
        4,
        5,
        6
      ]
    ],
    "behind": [
      [
        1,
        2,
        3,
        4,
        5,
        6,
        7
      ],
      [
        5,
        6
      ],
      [
        1,
        3,
        4,
        5,
        6,
        7
      ],
      [
        1,
        5,
        6
      ],
      [
        1,
        3,
        5,
        6,
        7
      ],
      [],
      [
        5
      ],
      [
        1,
        3,
        5,
        6
      ]
    ],
    "right": [
      [
        1,
        2,
        4,
        6,
        7
      ],
      [
        2,
        4,
        6,
        7
      ],
      [
        4,
        6,
        7
      ],
      [
        0,
        1,
        2,
        4,
        5,
        6,
        7
      ],
      [
        7
      ],
      [
        0,
        1,
        2,
        4,
        6,
        7
      ],
      [
        4,
        7
      ],
      []
    ]
  },
  "directions": {
    "front": [
      0.754490315914154,
      -0.6563112735748291,
      -0.0
    ],
    "above": [
      0.0,
      0.0,
      1.0
    ],
    "behind": [
      -0.754490315914154,
      0.6563112735748291,
      0.0
    ],
    "below": [
      -0.0,
      -0.0,
      -1.0
    ],
    "right": [
      0.6563112735748291,
      0.7544902563095093,
      -0.0
    ],
    "left": [
      -0.6563112735748291,
      -0.7544902563095093,
      0.0
    ]
  },
  "image_index": 71,
  "image_filename": "CLEVR_new_000071.png",
  "objects": [
    {
      "pixel_coords": [
        137,
        173,
        8.26887035369873
      ],
      "rotation": 148.43737905729373,
      "material": "rubber",
      "size": "small",
      "shape": "sphere",
      "color": "blue",
      "3d_coords": [
        2.3064467906951904,
        -2.485302448272705,
        0.3499999940395355
      ]
    },
    {
      "pixel_coords": [
        168,
        93,
        12.046170234680176
      ],
      "rotation": 213.44487856749498,
      "material": "rubber",
      "size": "medium",
      "shape": "sphere",
      "color": "blue",
      "3d_coords": [
        -0.6327385902404785,
        0.8354544639587402,
        0.5249999761581421
      ]
    },
    {
      "pixel_coords": [
        192,
        144,
        9.42254638671875
      ],
      "rotation": 186.36447410076974,
      "material": "rubber",
      "size": "small",
      "shape": "cylinder",
      "color": "blue",
      "3d_coords": [
        2.14150333404541,
        -0.5815405249595642,
        0.3499999940395355
      ]
    },
    {
      "pixel_coords": [
        75,
        105,
        11.207185745239258
      ],
      "rotation": 169.13872023438879,
      "material": "rubber",
      "size": "medium",
      "shape": "cylinder",
      "color": "blue",
      "3d_coords": [
        -1.73354172706604,
        -2.107011556625366,
        0.5249999761581421
      ]
    },
    {
      "pixel_coords": [
        239,
        122,
        10.184423446655273
      ],
      "rotation": 192.37359072622547,
      "material": "rubber",
      "size": "medium",
      "shape": "cube",
      "color": "blue",
      "3d_coords": [
        2.2713193893432617,
        1.1298749446868896,
        0.5249999761581421
      ]
    },
    {
      "pixel_coords": [
        123,
        72,
        13.33431339263916
      ],
      "rotation": 290.46297843632533,
      "material": "rubber",
      "size": "large",
      "shape": "cube",
      "color": "blue",
      "3d_coords": [
        -2.891061305999756,
        0.4634416103363037,
        0.699999988079071
      ]
    },
    {
      "pixel_coords": [
        212,
        86,
        12.625476837158203
      ],
      "rotation": 252.15110557874326,
      "material": "rubber",
      "size": "medium",
      "shape": "sphere",
      "color": "blue",
      "3d_coords": [
        -0.16025583446025848,
        2.5001235008239746,
        0.5249999761581421
      ]
    },
    {
      "pixel_coords": [
        282,
        116,
        10.497854232788086
      ],
      "rotation": 326.3446401701708,
      "material": "rubber",
      "size": "medium",
      "shape": "sphere",
      "color": "green",
      "3d_coords": [
        2.8399996757507324,
        2.430063247680664,
        0.5249999761581421
      ]
    }
  ]
}