{
  "image_filename": "CLEVR_new_001433.png",
  "directions": {
    "left": [
      -0.6563112735748291,
      -0.7544902563095093,
      0.0
    ],
    "right": [
      0.6563112735748291,
      0.7544902563095093,
      -0.0
    ],
    "front": [
      0.754490315914154,
      -0.6563112735748291,
      -0.0
    ],
    "behind": [
      -0.754490315914154,
      0.6563112735748291,
      0.0
    ],
    "below": [
      -0.0,
      -0.0,
      -1.0
    ],
    "above": [
      0.0,
      0.0,
      1.0
    ]
  },
  "intruder_pos": [
    [
      174,
      146
    ],
    [
      209,
      181
    ]
  ],
  "image_index": 1433,
  "split": "new",
  "relationships": {
    "left": [
      [
        2,
        4
      ],
      [
        0,
        2,
        4,
        5
      ],
      [
        4
      ],
      [
        0,
        1,
        2,
        4,
        5,
        6,
        7
      ],
      [],
      [
        0,
        2,
        4
      ],
      [
        0,
        1,
        2,
        4,
        5,
        7
      ],
      [
        0,
        1,
        2,
        4,
        5
      ]
    ],
    "right": [
      [
        1,
        3,
        5,
        6,
        7
      ],
      [
        3,
        6,
        7
      ],
      [
        0,
        1,
        3,
        5,
        6,
        7
      ],
      [],
      [
        0,
        1,
        2,
        3,
        5,
        6,
        7
      ],
      [
        1,
        3,
        6,
        7
      ],
      [
        3
      ],
      [
        3,
        6
      ]
    ],
    "front": [
      [
        1
      ],
      [],
      [
        0,
        1,
        3,
        4,
        6
      ],
      [
        0,
        1,
        4
      ],
      [
        0,
        1
      ],
      [
        0,
        1,
        2,
        3,
        4,
        6,
        7
      ],
      [
        0,
        1,
        3,
        4
      ],
      [
        0,
        1,
        2,
        3,
        4,
        6
      ]
    ],
    "behind": [
      [
        2,
        3,
        4,
        5,
        6,
        7
      ],
      [
        0,
        2,
        3,
        4,
        5,
        6,
        7
      ],
      [
        5,
        7
      ],
      [
        2,
        5,
        6,
        7
      ],
      [
        2,
        3,
        5,
        6,
        7
      ],
      [],
      [
        2,
        5,
        7
      ],
      [
        5
      ]
    ]
  },
  "objects": [
    {
      "color": "red",
      "material": "rubber",
      "pixel_coords": [
        146,
        119,
        10.853963851928711
      ],
      "3d_coords": [
        0.379781574010849,
        -0.8853137493133545,
        0.5249999761581421
      ],
      "size": "medium",
      "rotation": 344.7783643633692,
      "shape": "sphere"
    },
    {
      "color": "red",
      "material": "rubber",
      "pixel_coords": [
        189,
        143,
        9.97280502319336
      ],
      "3d_coords": [
        2.0359692573547363,
        -0.6476995944976807,
        0.3499999940395355
      ],
      "size": "small",
      "rotation": 116.11888601090537,
      "shape": "cube"
    },
    {
      "color": "red",
      "material": "rubber",
      "pixel_coords": [
        121,
        79,
        13.202662467956543
      ],
      "3d_coords": [
        -2.415475606918335,
        0.12412846088409424,
        0.699999988079071
      ],
      "size": "large",
      "rotation": 6.866679453947482,
      "shape": "cube"
    },
    {
      "color": "red",
      "material": "rubber",
      "pixel_coords": [
        266,
        107,
        11.960938453674316
      ],
      "3d_coords": [
        2.1277525424957275,
        2.950167179107666,
        0.3499999940395355
      ],
      "size": "small",
      "rotation": 199.71976012194258,
      "shape": "sphere"
    },
    {
      "color": "red",
      "material": "rubber",
      "pixel_coords": [
        57,
        105,
        11.318432807922363
      ],
      "3d_coords": [
        -1.9918538331985474,
        -2.6896779537200928,
        0.699999988079071
      ],
      "size": "large",
      "rotation": 187.29628340279294,
      "shape": "cylinder"
    },
    {
      "color": "red",
      "material": "rubber",
      "pixel_coords": [
        164,
        72,
        14.843733787536621
      ],
      "3d_coords": [
        -2.620851516723633,
        2.4687318801879883,
        0.3499999940395355
      ],
      "size": "small",
      "rotation": 42.63025303026828,
      "shape": "cube"
    },
    {
      "color": "red",
      "material": "rubber",
      "pixel_coords": [
        207,
        91,
        12.686149597167969
      ],
      "3d_coords": [
        0.17198412120342255,
        2.089045524597168,
        0.5249999761581421
      ],
      "size": "medium",
      "rotation": 26.58554646141774,
      "shape": "cylinder"
    },
    {
      "color": "blue",
      "material": "rubber",
      "pixel_coords": [
        192,
        76,
        13.987449645996094
      ],
      "3d_coords": [
        -1.229972004890442,
        2.737355947494507,
        0.5249999761581421
      ],
      "size": "medium",
      "rotation": 279.4787163722424,
      "shape": "cube"
    }
  ]
}