{
  "relationships": {
    "front": [
      [
        1,
        2,
        3,
        4,
        5,
        6,
        7
      ],
      [],
      [
        1
      ],
      [
        1,
        2,
        5,
        6
      ],
      [
        1,
        2,
        3,
        5,
        6
      ],
      [
        1,
        2
      ],
      [
        1,
        2,
        5
      ],
      [
        1,
        2,
        3,
        4,
        5,
        6
      ]
    ],
    "right": [
      [
        2,
        5
      ],
      [
        0,
        2,
        5
      ],
      [
        5
      ],
      [
        0,
        1,
        2,
        5
      ],
      [
        0,
        1,
        2,
        3,
        5,
        6,
        7
      ],
      [],
      [
        0,
        1,
        2,
        3,
        5,
        7
      ],
      [
        0,
        1,
        2,
        3,
        5
      ]
    ],
    "left": [
      [
        1,
        3,
        4,
        6,
        7
      ],
      [
        3,
        4,
        6,
        7
      ],
      [
        0,
        1,
        3,
        4,
        6,
        7
      ],
      [
        4,
        6,
        7
      ],
      [],
      [
        0,
        1,
        2,
        3,
        4,
        6,
        7
      ],
      [
        4
      ],
      [
        4,
        6
      ]
    ],
    "behind": [
      [],
      [
        0,
        2,
        3,
        4,
        5,
        6,
        7
      ],
      [
        0,
        3,
        4,
        5,
        6,
        7
      ],
      [
        0,
        4,
        7
      ],
      [
        0,
        7
      ],
      [
        0,
        3,
        4,
        6,
        7
      ],
      [
        0,
        3,
        4,
        7
      ],
      [
        0
      ]
    ]
  },
  "intruder_pos": [
    [
      109,
      136
    ],
    [
      136,
      172
    ]
  ],
  "image_filename": "CLEVR_new_001078.png",
  "directions": {
    "below": [
      -0.0,
      -0.0,
      -1.0
    ],
    "right": [
      0.6563112735748291,
      0.7544902563095093,
      -0.0
    ],
    "behind": [
      -0.754490315914154,
      0.6563112735748291,
      0.0
    ],
    "front": [
      0.754490315914154,
      -0.6563112735748291,
      -0.0
    ],
    "above": [
      0.0,
      0.0,
      1.0
    ],
    "left": [
      -0.6563112735748291,
      -0.7544902563095093,
      0.0
    ]
  },
  "image_index": 1078,
  "split": "new",
  "objects": [
    {
      "3d_coords": [
        -1.9298486709594727,
        2.7398593425750732,
        0.5249999761581421
      ],
      "pixel_coords": [
        179,
        72,
        14.405374526977539
      ],
      "material": "rubber",
      "rotation": 115.77449631318346,
      "shape": "cylinder",
      "color": "green",
      "size": "medium"
    },
    {
      "3d_coords": [
        1.4882349967956543,
        -1.4904921054840088,
        0.3499999940395355
      ],
      "pixel_coords": [
        155,
        144,
        9.73448657989502
      ],
      "material": "rubber",
      "rotation": 180.0866739564496,
      "shape": "cylinder",
      "color": "blue",
      "size": "small"
    },
    {
      "3d_coords": [
        2.2925949096679688,
        0.6866438388824463,
        0.5249999761581421
      ],
      "pixel_coords": [
        228,
        124,
        10.399266242980957
      ],
      "material": "rubber",
      "rotation": 157.01647090915554,
      "shape": "cylinder",
      "color": "red",
      "size": "medium"
    },
    {
      "3d_coords": [
        -0.6077408194541931,
        -0.47765716910362244,
        0.699999988079071
      ],
      "pixel_coords": [
        137,
        99,
        11.557008743286133
      ],
      "material": "rubber",
      "rotation": 221.0454205961561,
      "shape": "cylinder",
      "color": "red",
      "size": "large"
    },
    {
      "3d_coords": [
        -2.957578420639038,
        -2.4113242626190186,
        0.5249999761581421
      ],
      "pixel_coords": [
        51,
        98,
        12.060005187988281
      ],
      "material": "rubber",
      "rotation": 229.23600739552893,
      "shape": "cylinder",
      "color": "blue",
      "size": "medium"
    },
    {
      "3d_coords": [
        2.8461740016937256,
        2.142894983291626,
        0.3499999940395355
      ],
      "pixel_coords": [
        271,
        121,
        10.969067573547363
      ],
      "material": "rubber",
      "rotation": 287.20209979118516,
      "shape": "cylinder",
      "color": "red",
      "size": "small"
    },
    {
      "3d_coords": [
        -1.580446481704712,
        -2.3073153495788574,
        0.5249999761581421
      ],
      "pixel_coords": [
        73,
        111,
        11.208024978637695
      ],
      "material": "rubber",
      "rotation": 262.8732702307947,
      "shape": "cylinder",
      "color": "blue",
      "size": "medium"
    },
    {
      "3d_coords": [
        -2.2304203510284424,
        0.2013297826051712,
        0.5249999761581421
      ],
      "pixel_coords": [
        125,
        85,
        13.113045692443848
      ],
      "material": "rubber",
      "rotation": 117.29488361249133,
      "shape": "cube",
      "color": "green",
      "size": "medium"
    }
  ]
}