{
  "split": "new",
  "intruder_pos": [
    [
      116,
      51
    ],
    [
      146,
      82
    ]
  ],
  "relationships": {
    "front": [
      [
        1,
        7
      ],
      [
        7
      ],
      [
        0,
        1,
        4,
        6,
        7
      ],
      [
        0,
        1,
        2,
        4,
        6,
        7
      ],
      [
        0,
        1,
        7
      ],
      [
        0,
        1,
        2,
        3,
        4,
        6,
        7
      ],
      [
        0,
        1,
        4,
        7
      ],
      []
    ],
    "left": [
      [],
      [
        0,
        2,
        4,
        7
      ],
      [
        0
      ],
      [
        0,
        1,
        2,
        4,
        5,
        7
      ],
      [
        0,
        2,
        7
      ],
      [
        0,
        1,
        2,
        4,
        7
      ],
      [
        0,
        1,
        2,
        3,
        4,
        5,
        7
      ],
      [
        0,
        2
      ]
    ],
    "behind": [
      [
        2,
        3,
        4,
        5,
        6
      ],
      [
        0,
        2,
        3,
        4,
        5,
        6
      ],
      [
        3,
        5
      ],
      [
        5
      ],
      [
        2,
        3,
        5,
        6
      ],
      [],
      [
        2,
        3,
        5
      ],
      [
        0,
        1,
        2,
        3,
        4,
        5,
        6
      ]
    ],
    "right": [
      [
        1,
        2,
        3,
        4,
        5,
        6,
        7
      ],
      [
        3,
        5,
        6
      ],
      [
        1,
        3,
        4,
        5,
        6,
        7
      ],
      [
        6
      ],
      [
        1,
        3,
        5,
        6
      ],
      [
        3,
        6
      ],
      [],
      [
        1,
        3,
        4,
        5,
        6
      ]
    ]
  },
  "directions": {
    "front": [
      0.754490315914154,
      -0.6563112735748291,
      -0.0
    ],
    "above": [
      0.0,
      0.0,
      1.0
    ],
    "behind": [
      -0.754490315914154,
      0.6563112735748291,
      0.0
    ],
    "below": [
      -0.0,
      -0.0,
      -1.0
    ],
    "right": [
      0.6563112735748291,
      0.7544902563095093,
      -0.0
    ],
    "left": [
      -0.6563112735748291,
      -0.7544902563095093,
      0.0
    ]
  },
  "image_index": 88,
  "image_filename": "CLEVR_new_000088.png",
  "objects": [
    {
      "pixel_coords": [
        50,
        121,
        9.567831993103027
      ],
      "rotation": 151.8690245726902,
      "material": "rubber",
      "size": "medium",
      "shape": "cylinder",
      "color": "green",
      "3d_coords": [
        -1.1861897706985474,
        -2.939985513687134,
        0.5249999761581421
      ]
    },
    {
      "pixel_coords": [
        188,
        139,
        8.406681060791016
      ],
      "rotation": 17.335490243608923,
      "material": "rubber",
      "size": "large",
      "shape": "cylinder",
      "color": "green",
      "3d_coords": [
        2.1364588737487793,
        -0.9323300123214722,
        0.699999988079071
      ]
    },
    {
      "pixel_coords": [
        128,
        101,
        11.10462474822998
      ],
      "rotation": 328.0436755763245,
      "material": "rubber",
      "size": "small",
      "shape": "cylinder",
      "color": "red",
      "3d_coords": [
        -1.1531891822814941,
        -0.3532983660697937,
        0.3499999940395355
      ]
    },
    {
      "pixel_coords": [
        227,
        81,
        11.638849258422852
      ],
      "rotation": 188.21421564192764,
      "material": "rubber",
      "size": "large",
      "shape": "cylinder",
      "color": "blue",
      "3d_coords": [
        0.34042277932167053,
        2.627444267272949,
        0.699999988079071
      ]
    },
    {
      "pixel_coords": [
        167,
        107,
        9.894270896911621
      ],
      "rotation": 319.9313764624985,
      "material": "rubber",
      "size": "large",
      "shape": "cylinder",
      "color": "green",
      "3d_coords": [
        0.5406909584999084,
        -0.1960897147655487,
        0.699999988079071
      ]
    },
    {
      "pixel_coords": [
        191,
        66,
        12.91347885131836
      ],
      "rotation": 281.8825994835591,
      "material": "rubber",
      "size": "large",
      "shape": "cylinder",
      "color": "blue",
      "3d_coords": [
        -1.4499871730804443,
        2.762049913406372,
        0.699999988079071
      ]
    },
    {
      "pixel_coords": [
        272,
        109,
        10.577505111694336
      ],
      "rotation": 136.59116250431245,
      "material": "rubber",
      "size": "small",
      "shape": "cylinder",
      "color": "blue",
      "3d_coords": [
        2.157501459121704,
        2.605679750442505,
        0.3499999940395355
      ]
    },
    {
      "pixel_coords": [
        132,
        173,
        7.798543930053711
      ],
      "rotation": 301.17396146992854,
      "material": "rubber",
      "size": "small",
      "shape": "sphere",
      "color": "red",
      "3d_coords": [
        1.958133578300476,
        -2.49996280670166,
        0.3499999940395355
      ]
    }
  ]
}