{
  "relationships": {
    "front": [
      [
        1,
        2,
        3,
        4,
        5,
        6,
        7
      ],
      [
        3,
        4
      ],
      [
        1,
        3,
        4,
        5,
        6
      ],
      [],
      [
        3
      ],
      [
        1,
        3,
        4,
        6
      ],
      [
        1,
        3,
        4
      ],
      [
        1,
        2,
        3,
        4,
        5,
        6
      ]
    ],
    "right": [
      [
        1,
        2
      ],
      [
        2
      ],
      [],
      [
        0,
        1,
        2,
        6
      ],
      [
        0,
        1,
        2,
        3,
        6,
        7
      ],
      [
        0,
        1,
        2,
        3,
        4,
        6,
        7
      ],
      [
        0,
        1,
        2
      ],
      [
        0,
        1,
        2,
        3,
        6
      ]
    ],
    "left": [
      [
        3,
        4,
        5,
        6,
        7
      ],
      [
        0,
        3,
        4,
        5,
        6,
        7
      ],
      [
        0,
        1,
        3,
        4,
        5,
        6,
        7
      ],
      [
        4,
        5,
        7
      ],
      [
        5
      ],
      [],
      [
        3,
        4,
        5,
        7
      ],
      [
        4,
        5
      ]
    ],
    "behind": [
      [],
      [
        0,
        2,
        5,
        6,
        7
      ],
      [
        0,
        7
      ],
      [
        0,
        1,
        2,
        4,
        5,
        6,
        7
      ],
      [
        0,
        1,
        2,
        5,
        6,
        7
      ],
      [
        0,
        2,
        7
      ],
      [
        0,
        2,
        5,
        7
      ],
      [
        0
      ]
    ]
  },
  "intruder_pos": [
    [
      109,
      142
    ],
    [
      134,
      167
    ]
  ],
  "image_filename": "CLEVR_new_001054.png",
  "directions": {
    "below": [
      -0.0,
      -0.0,
      -1.0
    ],
    "right": [
      0.6563112735748291,
      0.7544902563095093,
      -0.0
    ],
    "behind": [
      -0.754490315914154,
      0.6563112735748291,
      0.0
    ],
    "front": [
      0.754490315914154,
      -0.6563112735748291,
      -0.0
    ],
    "above": [
      0.0,
      0.0,
      1.0
    ],
    "left": [
      -0.6563112735748291,
      -0.7544902563095093,
      0.0
    ]
  },
  "image_index": 1054,
  "split": "new",
  "objects": [
    {
      "3d_coords": [
        -1.3569320440292358,
        2.741729974746704,
        0.5249999761581421
      ],
      "pixel_coords": [
        189,
        74,
        13.36620807647705
      ],
      "material": "rubber",
      "rotation": 291.68305746156204,
      "shape": "sphere",
      "color": "green",
      "size": "medium"
    },
    {
      "3d_coords": [
        2.6276168823242188,
        0.40061041712760925,
        0.5249999761581421
      ],
      "pixel_coords": [
        237,
        131,
        9.332579612731934
      ],
      "material": "rubber",
      "rotation": 309.2467994003434,
      "shape": "cylinder",
      "color": "green",
      "size": "medium"
    },
    {
      "3d_coords": [
        2.138533353805542,
        2.9469642639160156,
        0.5249999761581421
      ],
      "pixel_coords": [
        273,
        100,
        11.179774284362793
      ],
      "material": "rubber",
      "rotation": 207.37698274137458,
      "shape": "sphere",
      "color": "green",
      "size": "medium"
    },
    {
      "3d_coords": [
        2.534510374069214,
        -2.924001455307007,
        0.699999988079071
      ],
      "pixel_coords": [
        138,
        173,
        7.324899196624756
      ],
      "material": "rubber",
      "rotation": 332.9999478380104,
      "shape": "sphere",
      "color": "green",
      "size": "large"
    },
    {
      "3d_coords": [
        0.4970301687717438,
        -2.868884563446045,
        0.699999988079071
      ],
      "pixel_coords": [
        88,
        137,
        8.703946113586426
      ],
      "material": "rubber",
      "rotation": 133.70290208804454,
      "shape": "cube",
      "color": "green",
      "size": "large"
    },
    {
      "3d_coords": [
        -1.6017506122589111,
        -2.2618236541748047,
        0.5249999761581421
      ],
      "pixel_coords": [
        69,
        109,
        10.53314208984375
      ],
      "material": "rubber",
      "rotation": 264.3791174079864,
      "shape": "cylinder",
      "color": "green",
      "size": "medium"
    },
    {
      "3d_coords": [
        0.8746771812438965,
        -0.5575383305549622,
        0.3499999940395355
      ],
      "pixel_coords": [
        166,
        125,
        9.996461868286133
      ],
      "material": "rubber",
      "rotation": 38.81000105213432,
      "shape": "sphere",
      "color": "green",
      "size": "small"
    },
    {
      "3d_coords": [
        -2.5352649688720703,
        0.4366123676300049,
        0.3499999940395355
      ],
      "pixel_coords": [
        122,
        85,
        12.844268798828125
      ],
      "material": "rubber",
      "rotation": 218.6365453476948,
      "shape": "cube",
      "color": "blue",
      "size": "small"
    }
  ]
}