{
  "split": "new",
  "intruder_pos": [
    [
      234,
      95
    ],
    [
      260,
      126
    ]
  ],
  "relationships": {
    "front": [
      [
        2,
        3,
        6
      ],
      [
        0,
        2,
        3,
        4,
        5,
        6
      ],
      [],
      [
        2
      ],
      [
        0,
        2,
        3,
        6
      ],
      [
        0,
        2,
        3,
        4,
        6
      ],
      [
        2,
        3
      ]
    ],
    "left": [
      [],
      [
        0,
        2,
        3,
        4,
        5
      ],
      [
        0,
        3,
        4
      ],
      [
        0,
        4
      ],
      [
        0
      ],
      [
        0,
        2,
        3,
        4
      ],
      [
        0,
        1,
        2,
        3,
        4,
        5
      ]
    ],
    "behind": [
      [
        1,
        4,
        5
      ],
      [],
      [
        0,
        1,
        3,
        4,
        5,
        6
      ],
      [
        0,
        1,
        4,
        5,
        6
      ],
      [
        1,
        5
      ],
      [
        1
      ],
      [
        0,
        1,
        4,
        5
      ]
    ],
    "right": [
      [
        1,
        2,
        3,
        4,
        5,
        6
      ],
      [
        6
      ],
      [
        1,
        5,
        6
      ],
      [
        1,
        2,
        5,
        6
      ],
      [
        1,
        2,
        3,
        5,
        6
      ],
      [
        1,
        6
      ],
      []
    ]
  },
  "directions": {
    "front": [
      0.754490315914154,
      -0.6563112735748291,
      -0.0
    ],
    "above": [
      0.0,
      0.0,
      1.0
    ],
    "behind": [
      -0.754490315914154,
      0.6563112735748291,
      0.0
    ],
    "below": [
      -0.0,
      -0.0,
      -1.0
    ],
    "right": [
      0.6563112735748291,
      0.7544902563095093,
      -0.0
    ],
    "left": [
      -0.6563112735748291,
      -0.7544902563095093,
      0.0
    ]
  },
  "image_index": 277,
  "image_filename": "CLEVR_new_000277.png",
  "objects": [
    {
      "pixel_coords": [
        50,
        115,
        11.11616325378418
      ],
      "rotation": 29.050429841968246,
      "material": "rubber",
      "size": "small",
      "shape": "sphere",
      "color": "green",
      "3d_coords": [
        -2.048196792602539,
        -2.8304545879364014,
        0.3499999940395355
      ]
    },
    {
      "pixel_coords": [
        195,
        77,
        13.935734748840332
      ],
      "rotation": 26.05238897265881,
      "material": "rubber",
      "size": "small",
      "shape": "sphere",
      "color": "blue",
      "3d_coords": [
        -1.3024694919586182,
        2.9624998569488525,
        0.3499999940395355
      ]
    },
    {
      "pixel_coords": [
        163,
        175,
        8.150799751281738
      ],
      "rotation": 143.79554984469297,
      "material": "rubber",
      "size": "medium",
      "shape": "sphere",
      "color": "blue",
      "3d_coords": [
        2.770339250564575,
        -2.2865099906921387,
        0.5249999761581421
      ]
    },
    {
      "pixel_coords": [
        126,
        128,
        9.719503402709961
      ],
      "rotation": 207.81694056001766,
      "material": "rubber",
      "size": "large",
      "shape": "sphere",
      "color": "red",
      "3d_coords": [
        0.6667380928993225,
        -1.8321001529693604,
        0.699999988079071
      ]
    },
    {
      "pixel_coords": [
        107,
        98,
        11.367754936218262
      ],
      "rotation": 163.24635184868362,
      "material": "rubber",
      "size": "large",
      "shape": "sphere",
      "color": "blue",
      "3d_coords": [
        -1.2622647285461426,
        -1.18442964553833,
        0.699999988079071
      ]
    },
    {
      "pixel_coords": [
        185,
        97,
        12.292354583740234
      ],
      "rotation": 101.28205692415072,
      "material": "rubber",
      "size": "small",
      "shape": "sphere",
      "color": "blue",
      "3d_coords": [
        -0.2249380648136139,
        1.3372888565063477,
        0.3499999940395355
      ]
    },
    {
      "pixel_coords": [
        247,
        129,
        10.343542098999023
      ],
      "rotation": 233.23074043807753,
      "material": "rubber",
      "size": "small",
      "shape": "cylinder",
      "color": "green",
      "3d_coords": [
        2.5750813484191895,
        1.172851324081421,
        0.3499999940395355
      ]
    }
  ]
}