{
  "split": "new",
  "intruder_pos": [
    [
      114,
      50
    ],
    [
      182,
      129
    ]
  ],
  "relationships": {
    "front": [
      [
        7
      ],
      [
        0,
        2,
        3,
        6,
        7
      ],
      [
        0,
        7
      ],
      [
        0,
        2,
        7
      ],
      [
        0,
        1,
        2,
        3,
        6,
        7
      ],
      [
        0,
        1,
        2,
        3,
        4,
        6,
        7
      ],
      [
        0,
        2,
        3,
        7
      ],
      []
    ],
    "left": [
      [
        1,
        2,
        3,
        4,
        5,
        7
      ],
      [
        3
      ],
      [
        1,
        3,
        5,
        7
      ],
      [],
      [
        1,
        2,
        3,
        5,
        7
      ],
      [
        1,
        3
      ],
      [
        0,
        1,
        2,
        3,
        4,
        5,
        7
      ],
      [
        1,
        3,
        5
      ]
    ],
    "behind": [
      [
        1,
        2,
        3,
        4,
        5,
        6
      ],
      [
        4,
        5
      ],
      [
        1,
        3,
        4,
        5,
        6
      ],
      [
        1,
        4,
        5,
        6
      ],
      [
        5
      ],
      [],
      [
        1,
        4,
        5
      ],
      [
        0,
        1,
        2,
        3,
        4,
        5,
        6
      ]
    ],
    "right": [
      [
        6
      ],
      [
        0,
        2,
        4,
        5,
        6,
        7
      ],
      [
        0,
        4,
        6
      ],
      [
        0,
        1,
        2,
        4,
        5,
        6,
        7
      ],
      [
        0,
        6
      ],
      [
        0,
        2,
        4,
        6,
        7
      ],
      [],
      [
        0,
        2,
        4,
        6
      ]
    ]
  },
  "directions": {
    "front": [
      0.754490315914154,
      -0.6563112735748291,
      -0.0
    ],
    "above": [
      0.0,
      0.0,
      1.0
    ],
    "behind": [
      -0.754490315914154,
      0.6563112735748291,
      0.0
    ],
    "below": [
      -0.0,
      -0.0,
      -1.0
    ],
    "right": [
      0.6563112735748291,
      0.7544902563095093,
      -0.0
    ],
    "left": [
      -0.6563112735748291,
      -0.7544902563095093,
      0.0
    ]
  },
  "image_index": 155,
  "image_filename": "CLEVR_new_000155.png",
  "objects": [
    {
      "pixel_coords": [
        242,
        116,
        10.201469421386719
      ],
      "rotation": 277.2317563197038,
      "material": "rubber",
      "size": "large",
      "shape": "cylinder",
      "color": "red",
      "3d_coords": [
        2.2966036796569824,
        1.229569435119629,
        0.699999988079071
      ]
    },
    {
      "pixel_coords": [
        136,
        82,
        12.890280723571777
      ],
      "rotation": 54.52925972036389,
      "material": "rubber",
      "size": "medium",
      "shape": "cylinder",
      "color": "blue",
      "3d_coords": [
        -2.0754330158233643,
        0.5049732327461243,
        0.5249999761581421
      ]
    },
    {
      "pixel_coords": [
        176,
        116,
        10.94372844696045
      ],
      "rotation": 347.252591040988,
      "material": "rubber",
      "size": "small",
      "shape": "cylinder",
      "color": "blue",
      "3d_coords": [
        0.619987964630127,
        0.16230598092079163,
        0.3499999940395355
      ]
    },
    {
      "pixel_coords": [
        109,
        105,
        11.655330657958984
      ],
      "rotation": 45.83402840890206,
      "material": "rubber",
      "size": "small",
      "shape": "cylinder",
      "color": "blue",
      "3d_coords": [
        -1.3876925706863403,
        -1.065207839012146,
        0.3499999940395355
      ]
    },
    {
      "pixel_coords": [
        193,
        75,
        13.920174598693848
      ],
      "rotation": 142.0567104160357,
      "material": "rubber",
      "size": "small",
      "shape": "cylinder",
      "color": "blue",
      "3d_coords": [
        -1.5645197629928589,
        2.898608446121216,
        0.3499999940395355
      ]
    },
    {
      "pixel_coords": [
        151,
        67,
        14.268037796020508
      ],
      "rotation": 272.98800125410077,
      "material": "rubber",
      "size": "medium",
      "shape": "cylinder",
      "color": "green",
      "3d_coords": [
        -2.985093832015991,
        1.9001736640930176,
        0.5249999761581421
      ]
    },
    {
      "pixel_coords": [
        246,
        88,
        12.00210189819336
      ],
      "rotation": 213.61227176302475,
      "material": "rubber",
      "size": "large",
      "shape": "cylinder",
      "color": "red",
      "3d_coords": [
        1.0349162817001343,
        2.9607462882995605,
        0.699999988079071
      ]
    },
    {
      "pixel_coords": [
        150,
        148,
        8.755959510803223
      ],
      "rotation": 239.39532210914334,
      "material": "rubber",
      "size": "large",
      "shape": "cube",
      "color": "green",
      "3d_coords": [
        1.9671008586883545,
        -1.8606666326522827,
        0.699999988079071
      ]
    }
  ]
}