{
  "image_filename": "CLEVR_new_001517.png",
  "directions": {
    "left": [
      -0.6563112735748291,
      -0.7544902563095093,
      0.0
    ],
    "right": [
      0.6563112735748291,
      0.7544902563095093,
      -0.0
    ],
    "front": [
      0.754490315914154,
      -0.6563112735748291,
      -0.0
    ],
    "behind": [
      -0.754490315914154,
      0.6563112735748291,
      0.0
    ],
    "below": [
      -0.0,
      -0.0,
      -1.0
    ],
    "above": [
      0.0,
      0.0,
      1.0
    ]
  },
  "intruder_pos": [
    [
      37,
      100
    ],
    [
      66,
      132
    ]
  ],
  "image_index": 1517,
  "split": "new",
  "relationships": {
    "left": [
      [
        1,
        3,
        4,
        5,
        6,
        7
      ],
      [
        5,
        6,
        7
      ],
      [
        0,
        1,
        3,
        4,
        5,
        6,
        7
      ],
      [
        1,
        4,
        5,
        6,
        7
      ],
      [
        1,
        5,
        6,
        7
      ],
      [
        7
      ],
      [
        5,
        7
      ],
      []
    ],
    "right": [
      [
        2
      ],
      [
        0,
        2,
        3,
        4
      ],
      [],
      [
        0,
        2
      ],
      [
        0,
        2,
        3
      ],
      [
        0,
        1,
        2,
        3,
        4,
        6
      ],
      [
        0,
        1,
        2,
        3,
        4
      ],
      [
        0,
        1,
        2,
        3,
        4,
        5,
        6
      ]
    ],
    "front": [
      [
        1,
        3
      ],
      [],
      [
        0,
        1,
        3,
        7
      ],
      [
        1
      ],
      [
        0,
        1,
        2,
        3,
        7
      ],
      [
        0,
        1,
        2,
        3,
        4,
        7
      ],
      [
        0,
        1,
        2,
        3,
        4,
        5,
        7
      ],
      [
        0,
        1,
        3
      ]
    ],
    "behind": [
      [
        2,
        4,
        5,
        6,
        7
      ],
      [
        0,
        2,
        3,
        4,
        5,
        6,
        7
      ],
      [
        4,
        5,
        6
      ],
      [
        0,
        2,
        4,
        5,
        6,
        7
      ],
      [
        5,
        6
      ],
      [
        6
      ],
      [],
      [
        2,
        4,
        5,
        6
      ]
    ]
  },
  "objects": [
    {
      "color": "green",
      "material": "rubber",
      "pixel_coords": [
        251,
        139,
        9.668882369995117
      ],
      "3d_coords": [
        2.831153154373169,
        0.8997964262962341,
        0.3499999940395355
      ],
      "size": "small",
      "rotation": 66.36394158207565,
      "shape": "sphere"
    },
    {
      "color": "green",
      "material": "rubber",
      "pixel_coords": [
        145,
        177,
        8.007231712341309
      ],
      "3d_coords": [
        2.3824405670166016,
        -2.467315435409546,
        0.5249999761581421
      ],
      "size": "medium",
      "rotation": 130.8657702802058,
      "shape": "sphere"
    },
    {
      "color": "green",
      "material": "rubber",
      "pixel_coords": [
        266,
        108,
        10.773160934448242
      ],
      "3d_coords": [
        2.2581801414489746,
        2.379805088043213,
        0.5249999761581421
      ],
      "size": "medium",
      "rotation": 218.29104521077414,
      "shape": "sphere"
    },
    {
      "color": "red",
      "material": "rubber",
      "pixel_coords": [
        194,
        160,
        8.830527305603027
      ],
      "3d_coords": [
        2.5074644088745117,
        -0.9960492253303528,
        0.3499999940395355
      ],
      "size": "small",
      "rotation": 229.2703160812485,
      "shape": "sphere"
    },
    {
      "color": "blue",
      "material": "rubber",
      "pixel_coords": [
        170,
        93,
        11.289108276367188
      ],
      "3d_coords": [
        -0.19802364706993103,
        0.5738986730575562,
        0.699999988079071
      ],
      "size": "large",
      "rotation": 129.63791805953807,
      "shape": "sphere"
    },
    {
      "color": "green",
      "material": "rubber",
      "pixel_coords": [
        81,
        91,
        12.200220108032227
      ],
      "3d_coords": [
        -2.837472438812256,
        -1.2233437299728394,
        0.3499999940395355
      ],
      "size": "small",
      "rotation": 344.82119273065103,
      "shape": "sphere"
    },
    {
      "color": "green",
      "material": "rubber",
      "pixel_coords": [
        137,
        72,
        13.666816711425781
      ],
      "3d_coords": [
        -2.9256415367126465,
        1.3204675912857056,
        0.3499999940395355
      ],
      "size": "small",
      "rotation": 73.66081115756072,
      "shape": "sphere"
    },
    {
      "color": "green",
      "material": "rubber",
      "pixel_coords": [
        52,
        123,
        10.36455249786377
      ],
      "3d_coords": [
        -1.4845119714736938,
        -2.9400577545166016,
        0.3499999940395355
      ],
      "size": "small",
      "rotation": 87.64139142719223,
      "shape": "cube"
    }
  ]
}