{
  "relationships": {
    "front": [
      [
        4,
        5,
        6
      ],
      [
        0,
        2,
        3,
        4,
        5,
        6
      ],
      [
        0,
        4,
        5,
        6
      ],
      [
        0,
        2,
        4,
        5,
        6
      ],
      [
        6
      ],
      [
        4,
        6
      ],
      []
    ],
    "right": [
      [
        1,
        2,
        4
      ],
      [
        2
      ],
      [],
      [
        0,
        1,
        2,
        4,
        5,
        6
      ],
      [
        1,
        2
      ],
      [
        0,
        1,
        2,
        4,
        6
      ],
      [
        0,
        1,
        2,
        4
      ]
    ],
    "left": [
      [
        3,
        5,
        6
      ],
      [
        0,
        3,
        4,
        5,
        6
      ],
      [
        0,
        1,
        3,
        4,
        5,
        6
      ],
      [],
      [
        0,
        3,
        5,
        6
      ],
      [
        3
      ],
      [
        3,
        5
      ]
    ],
    "behind": [
      [
        1,
        2,
        3
      ],
      [],
      [
        1,
        3
      ],
      [
        1
      ],
      [
        0,
        1,
        2,
        3,
        5
      ],
      [
        0,
        1,
        2,
        3
      ],
      [
        0,
        1,
        2,
        3,
        4,
        5
      ]
    ]
  },
  "intruder_pos": [
    [
      144,
      43
    ],
    [
      173,
      83
    ]
  ],
  "image_filename": "CLEVR_new_001138.png",
  "directions": {
    "below": [
      -0.0,
      -0.0,
      -1.0
    ],
    "right": [
      0.6563112735748291,
      0.7544902563095093,
      -0.0
    ],
    "behind": [
      -0.754490315914154,
      0.6563112735748291,
      0.0
    ],
    "front": [
      0.754490315914154,
      -0.6563112735748291,
      -0.0
    ],
    "above": [
      0.0,
      0.0,
      1.0
    ],
    "left": [
      -0.6563112735748291,
      -0.7544902563095093,
      0.0
    ]
  },
  "image_index": 1138,
  "split": "new",
  "objects": [
    {
      "3d_coords": [
        1.1805750131607056,
        -0.30257725715637207,
        0.699999988079071
      ],
      "pixel_coords": [
        178,
        118,
        10.173810005187988
      ],
      "material": "rubber",
      "rotation": 349.79560749449894,
      "shape": "cube",
      "color": "green",
      "size": "large"
    },
    {
      "3d_coords": [
        -0.16089805960655212,
        2.8687429428100586,
        0.5249999761581421
      ],
      "pixel_coords": [
        216,
        81,
        12.93627643585205
      ],
      "material": "rubber",
      "rotation": 60.62076060800863,
      "shape": "cube",
      "color": "blue",
      "size": "medium"
    },
    {
      "3d_coords": [
        2.4900174140930176,
        2.2517590522766113,
        0.5249999761581421
      ],
      "pixel_coords": [
        268,
        112,
        10.838754653930664
      ],
      "material": "rubber",
      "rotation": 155.6589047146413,
      "shape": "cube",
      "color": "red",
      "size": "medium"
    },
    {
      "3d_coords": [
        -2.8733978271484375,
        -1.5352451801300049,
        0.3499999940395355
      ],
      "pixel_coords": [
        74,
        95,
        12.326332092285156
      ],
      "material": "rubber",
      "rotation": 185.3870440264461,
      "shape": "cube",
      "color": "blue",
      "size": "small"
    },
    {
      "3d_coords": [
        2.838538408279419,
        -0.8640614748001099,
        0.5249999761581421
      ],
      "pixel_coords": [
        207,
        155,
        8.849576950073242
      ],
      "material": "rubber",
      "rotation": 118.10397611418074,
      "shape": "cube",
      "color": "blue",
      "size": "medium"
    },
    {
      "3d_coords": [
        0.4740382730960846,
        -2.0153443813323975,
        0.3499999940395355
      ],
      "pixel_coords": [
        117,
        139,
        9.846506118774414
      ],
      "material": "rubber",
      "rotation": 258.1777183278174,
      "shape": "cube",
      "color": "green",
      "size": "small"
    },
    {
      "3d_coords": [
        2.5319924354553223,
        -2.190613031387329,
        0.3499999940395355
      ],
      "pixel_coords": [
        159,
        177,
        8.389636039733887
      ],
      "material": "rubber",
      "rotation": 35.33588439387776,
      "shape": "cylinder",
      "color": "green",
      "size": "small"
    }
  ]
}