{
  "relationships": {
    "front": [
      [
        6
      ],
      [
        0,
        6
      ],
      [
        0,
        1,
        3,
        4,
        5,
        6
      ],
      [
        0,
        1,
        4,
        5,
        6
      ],
      [
        0,
        1,
        6
      ],
      [
        0,
        1,
        4,
        6
      ],
      []
    ],
    "right": [
      [
        1,
        2,
        3,
        4,
        5,
        6
      ],
      [
        5
      ],
      [
        1,
        3,
        5
      ],
      [
        1,
        5
      ],
      [
        1,
        2,
        3,
        5,
        6
      ],
      [],
      [
        1,
        2,
        3,
        5
      ]
    ],
    "left": [
      [],
      [
        0,
        2,
        3,
        4,
        6
      ],
      [
        0,
        4,
        6
      ],
      [
        0,
        2,
        4,
        6
      ],
      [
        0
      ],
      [
        0,
        1,
        2,
        3,
        4,
        6
      ],
      [
        0,
        4
      ]
    ],
    "behind": [
      [
        1,
        2,
        3,
        4,
        5
      ],
      [
        2,
        3,
        4,
        5
      ],
      [],
      [
        2
      ],
      [
        2,
        3,
        5
      ],
      [
        2,
        3
      ],
      [
        0,
        1,
        2,
        3,
        4,
        5
      ]
    ]
  },
  "intruder_pos": [
    [
      108,
      57
    ],
    [
      151,
      101
    ]
  ],
  "image_filename": "CLEVR_new_001270.png",
  "directions": {
    "below": [
      -0.0,
      -0.0,
      -1.0
    ],
    "right": [
      0.6563112735748291,
      0.7544902563095093,
      -0.0
    ],
    "behind": [
      -0.754490315914154,
      0.6563112735748291,
      0.0
    ],
    "front": [
      0.754490315914154,
      -0.6563112735748291,
      -0.0
    ],
    "above": [
      0.0,
      0.0,
      1.0
    ],
    "left": [
      -0.6563112735748291,
      -0.7544902563095093,
      0.0
    ]
  },
  "image_index": 1270,
  "split": "new",
  "objects": [
    {
      "3d_coords": [
        0.1651383638381958,
        -2.8241524696350098,
        0.5249999761581421
      ],
      "pixel_coords": [
        87,
        136,
        9.393722534179688
      ],
      "material": "rubber",
      "rotation": 85.13171887356982,
      "shape": "cube",
      "color": "green",
      "size": "medium"
    },
    {
      "3d_coords": [
        1.367620587348938,
        0.6245805621147156,
        0.5249999761581421
      ],
      "pixel_coords": [
        205,
        113,
        10.708842277526855
      ],
      "material": "rubber",
      "rotation": 147.5552330302436,
      "shape": "cylinder",
      "color": "green",
      "size": "medium"
    },
    {
      "3d_coords": [
        -2.1258673667907715,
        1.5489383935928345,
        0.699999988079071
      ],
      "pixel_coords": [
        152,
        74,
        13.486385345458984
      ],
      "material": "rubber",
      "rotation": 351.8451133826723,
      "shape": "sphere",
      "color": "green",
      "size": "large"
    },
    {
      "3d_coords": [
        -0.7023131847381592,
        1.4557133913040161,
        0.3499999940395355
      ],
      "pixel_coords": [
        176,
        93,
        12.65137004852295
      ],
      "material": "rubber",
      "rotation": 310.96961148369144,
      "shape": "sphere",
      "color": "green",
      "size": "small"
    },
    {
      "3d_coords": [
        -0.6600304841995239,
        -1.0393739938735962,
        0.699999988079071
      ],
      "pixel_coords": [
        121,
        103,
        10.945950508117676
      ],
      "material": "rubber",
      "rotation": 111.87353048524318,
      "shape": "cylinder",
      "color": "green",
      "size": "large"
    },
    {
      "3d_coords": [
        1.4372620582580566,
        2.4725847244262695,
        0.5249999761581421
      ],
      "pixel_coords": [
        243,
        98,
        11.790513038635254
      ],
      "material": "rubber",
      "rotation": 24.130894644294333,
      "shape": "cylinder",
      "color": "green",
      "size": "medium"
    },
    {
      "3d_coords": [
        1.876516342163086,
        -2.7091281414031982,
        0.5249999761581421
      ],
      "pixel_coords": [
        130,
        160,
        8.341364860534668
      ],
      "material": "rubber",
      "rotation": 259.89795067358864,
      "shape": "sphere",
      "color": "red",
      "size": "medium"
    }
  ]
}