{
  "split": "new",
  "intruder_pos": [
    [
      146,
      145
    ],
    [
      174,
      180
    ]
  ],
  "relationships": {
    "front": [
      [
        5
      ],
      [
        0,
        2,
        5
      ],
      [
        0,
        5
      ],
      [
        0,
        1,
        2,
        4,
        5,
        6
      ],
      [
        0,
        1,
        2,
        5
      ],
      [],
      [
        0,
        1,
        2,
        4,
        5
      ],
      [
        0,
        1,
        2,
        3,
        4,
        5,
        6
      ]
    ],
    "left": [
      [
        1,
        6
      ],
      [],
      [
        0,
        1,
        3,
        4,
        5,
        6,
        7
      ],
      [
        0,
        1,
        4,
        5,
        6,
        7
      ],
      [
        0,
        1,
        5,
        6
      ],
      [
        0,
        1,
        6
      ],
      [
        1
      ],
      [
        0,
        1,
        4,
        5,
        6
      ]
    ],
    "behind": [
      [
        1,
        2,
        3,
        4,
        6,
        7
      ],
      [
        3,
        4,
        6,
        7
      ],
      [
        1,
        3,
        4,
        6,
        7
      ],
      [
        7
      ],
      [
        3,
        6,
        7
      ],
      [
        0,
        1,
        2,
        3,
        4,
        6,
        7
      ],
      [
        3,
        7
      ],
      []
    ],
    "right": [
      [
        2,
        3,
        4,
        5,
        7
      ],
      [
        0,
        2,
        3,
        4,
        5,
        6,
        7
      ],
      [],
      [
        2
      ],
      [
        2,
        3,
        7
      ],
      [
        2,
        3,
        4,
        7
      ],
      [
        0,
        2,
        3,
        4,
        5,
        7
      ],
      [
        2,
        3
      ]
    ]
  },
  "directions": {
    "front": [
      0.754490315914154,
      -0.6563112735748291,
      -0.0
    ],
    "above": [
      0.0,
      0.0,
      1.0
    ],
    "behind": [
      -0.754490315914154,
      0.6563112735748291,
      0.0
    ],
    "below": [
      -0.0,
      -0.0,
      -1.0
    ],
    "right": [
      0.6563112735748291,
      0.7544902563095093,
      -0.0
    ],
    "left": [
      -0.6563112735748291,
      -0.7544902563095093,
      0.0
    ]
  },
  "image_index": 83,
  "image_filename": "CLEVR_new_000083.png",
  "objects": [
    {
      "pixel_coords": [
        84,
        142,
        9.348401069641113
      ],
      "rotation": 190.4206262496345,
      "material": "rubber",
      "size": "small",
      "shape": "cube",
      "color": "blue",
      "3d_coords": [
        0.2372787743806839,
        -2.7804784774780273,
        0.3499999940395355
      ]
    },
    {
      "pixel_coords": [
        58,
        117,
        10.619135856628418
      ],
      "rotation": 218.66724294015742,
      "material": "rubber",
      "size": "small",
      "shape": "cube",
      "color": "red",
      "3d_coords": [
        -1.5557866096496582,
        -2.7157657146453857,
        0.3499999940395355
      ]
    },
    {
      "pixel_coords": [
        219,
        118,
        9.819880485534668
      ],
      "rotation": 110.26446137256298,
      "material": "rubber",
      "size": "large",
      "shape": "cube",
      "color": "blue",
      "3d_coords": [
        1.9704158306121826,
        0.5411247611045837,
        0.699999988079071
      ]
    },
    {
      "pixel_coords": [
        194,
        89,
        12.072900772094727
      ],
      "rotation": 167.78339469156612,
      "material": "rubber",
      "size": "medium",
      "shape": "cube",
      "color": "green",
      "3d_coords": [
        -0.24552416801452637,
        1.7103233337402344,
        0.5249999761581421
      ]
    },
    {
      "pixel_coords": [
        143,
        100,
        11.328372955322266
      ],
      "rotation": 41.8204985864717,
      "material": "rubber",
      "size": "medium",
      "shape": "cube",
      "color": "red",
      "3d_coords": [
        -0.6692201495170593,
        -0.17060554027557373,
        0.5249999761581421
      ]
    },
    {
      "pixel_coords": [
        110,
        173,
        8.146991729736328
      ],
      "rotation": 103.34120749181892,
      "material": "rubber",
      "size": "small",
      "shape": "cube",
      "color": "green",
      "3d_coords": [
        1.8330464363098145,
        -2.966019630432129,
        0.3499999940395355
      ]
    },
    {
      "pixel_coords": [
        89,
        93,
        11.809057235717773
      ],
      "rotation": 24.009683342415666,
      "material": "rubber",
      "size": "medium",
      "shape": "cube",
      "color": "red",
      "3d_coords": [
        -2.2489230632781982,
        -1.2730352878570557,
        0.5249999761581421
      ]
    },
    {
      "pixel_coords": [
        160,
        77,
        13.100248336791992
      ],
      "rotation": 197.41866635388658,
      "material": "rubber",
      "size": "medium",
      "shape": "cylinder",
      "color": "red",
      "3d_coords": [
        -1.8821454048156738,
        1.5288848876953125,
        0.5249999761581421
      ]
    }
  ]
}