{
  "split": "new",
  "intruder_pos": [
    [
      150,
      110
    ],
    [
      176,
      137
    ]
  ],
  "relationships": {
    "front": [
      [
        2,
        3,
        4,
        6,
        7
      ],
      [
        0,
        2,
        3,
        4,
        5,
        6,
        7
      ],
      [],
      [
        2,
        6
      ],
      [
        2,
        3,
        6,
        7
      ],
      [
        0,
        2,
        3,
        4,
        6,
        7
      ],
      [
        2
      ],
      [
        2,
        3,
        6
      ]
    ],
    "left": [
      [
        1,
        2,
        3,
        4,
        5,
        6,
        7
      ],
      [
        4,
        6
      ],
      [
        1,
        4,
        6
      ],
      [
        1,
        2,
        4,
        5,
        6,
        7
      ],
      [],
      [
        1,
        2,
        4,
        6,
        7
      ],
      [
        4
      ],
      [
        1,
        2,
        4,
        6
      ]
    ],
    "behind": [
      [
        1,
        5
      ],
      [],
      [
        0,
        1,
        3,
        4,
        5,
        6,
        7
      ],
      [
        0,
        1,
        4,
        5,
        7
      ],
      [
        0,
        1,
        5
      ],
      [
        1
      ],
      [
        0,
        1,
        3,
        4,
        5,
        7
      ],
      [
        0,
        1,
        4,
        5
      ]
    ],
    "right": [
      [],
      [
        0,
        2,
        3,
        5,
        7
      ],
      [
        0,
        3,
        5,
        7
      ],
      [
        0
      ],
      [
        0,
        1,
        2,
        3,
        5,
        6,
        7
      ],
      [
        0,
        3
      ],
      [
        0,
        1,
        2,
        3,
        5,
        7
      ],
      [
        0,
        3,
        5
      ]
    ]
  },
  "directions": {
    "front": [
      0.754490315914154,
      -0.6563112735748291,
      -0.0
    ],
    "above": [
      0.0,
      0.0,
      1.0
    ],
    "behind": [
      -0.754490315914154,
      0.6563112735748291,
      0.0
    ],
    "below": [
      -0.0,
      -0.0,
      -1.0
    ],
    "right": [
      0.6563112735748291,
      0.7544902563095093,
      -0.0
    ],
    "left": [
      -0.6563112735748291,
      -0.7544902563095093,
      0.0
    ]
  },
  "image_index": 366,
  "image_filename": "CLEVR_new_000366.png",
  "objects": [
    {
      "pixel_coords": [
        238,
        90,
        11.484903335571289
      ],
      "rotation": 78.86728640941811,
      "material": "rubber",
      "size": "large",
      "shape": "cube",
      "color": "blue",
      "3d_coords": [
        1.0383669137954712,
        2.4839184284210205,
        0.699999988079071
      ]
    },
    {
      "pixel_coords": [
        129,
        74,
        13.434271812438965
      ],
      "rotation": 330.27072749802477,
      "material": "rubber",
      "size": "medium",
      "shape": "sphere",
      "color": "blue",
      "3d_coords": [
        -2.9894511699676514,
        1.0024707317352295,
        0.5249999761581421
      ]
    },
    {
      "pixel_coords": [
        140,
        149,
        8.161648750305176
      ],
      "rotation": 272.9173638721149,
      "material": "rubber",
      "size": "large",
      "shape": "cube",
      "color": "blue",
      "3d_coords": [
        1.8946197032928467,
        -2.232693910598755,
        0.699999988079071
      ]
    },
    {
      "pixel_coords": [
        223,
        124,
        9.30049991607666
      ],
      "rotation": 312.83574363483774,
      "material": "rubber",
      "size": "large",
      "shape": "cube",
      "color": "blue",
      "3d_coords": [
        2.3129286766052246,
        0.2139684408903122,
        0.699999988079071
      ]
    },
    {
      "pixel_coords": [
        40,
        97,
        10.953956604003906
      ],
      "rotation": 126.15820121322787,
      "material": "rubber",
      "size": "large",
      "shape": "cylinder",
      "color": "blue",
      "3d_coords": [
        -2.61454176902771,
        -2.690737009048462,
        0.699999988079071
      ]
    },
    {
      "pixel_coords": [
        186,
        86,
        12.731390953063965
      ],
      "rotation": 144.76021594200634,
      "material": "rubber",
      "size": "small",
      "shape": "cube",
      "color": "blue",
      "3d_coords": [
        -0.9293162822723389,
        2.0617728233337402,
        0.3499999940395355
      ]
    },
    {
      "pixel_coords": [
        90,
        149,
        8.815531730651855
      ],
      "rotation": 324.3827858773052,
      "material": "rubber",
      "size": "small",
      "shape": "sphere",
      "color": "blue",
      "3d_coords": [
        0.6200789213180542,
        -2.8654112815856934,
        0.3499999940395355
      ]
    },
    {
      "pixel_coords": [
        163,
        118,
        10.410613059997559
      ],
      "rotation": 334.0563619094669,
      "material": "rubber",
      "size": "small",
      "shape": "cube",
      "color": "green",
      "3d_coords": [
        0.4773055613040924,
        -0.28866061568260193,
        0.3499999940395355
      ]
    }
  ]
}