{
  "relationships": {
    "front": [
      [
        1,
        4,
        6
      ],
      [
        6
      ],
      [
        0,
        1,
        3,
        4,
        6,
        7
      ],
      [
        0,
        1,
        4,
        6,
        7
      ],
      [
        1,
        6
      ],
      [
        0,
        1,
        2,
        3,
        4,
        6,
        7
      ],
      [],
      [
        0,
        1,
        4,
        6
      ]
    ],
    "right": [
      [
        1,
        7
      ],
      [
        7
      ],
      [
        0,
        1,
        5,
        6,
        7
      ],
      [
        0,
        1,
        2,
        4,
        5,
        6,
        7
      ],
      [
        0,
        1,
        2,
        5,
        6,
        7
      ],
      [
        0,
        1,
        6,
        7
      ],
      [
        0,
        1,
        7
      ],
      []
    ],
    "left": [
      [
        2,
        3,
        4,
        5,
        6
      ],
      [
        0,
        2,
        3,
        4,
        5,
        6
      ],
      [
        3,
        4
      ],
      [],
      [
        3
      ],
      [
        2,
        3,
        4
      ],
      [
        2,
        3,
        4,
        5
      ],
      [
        0,
        1,
        2,
        3,
        4,
        5,
        6
      ]
    ],
    "behind": [
      [
        2,
        3,
        5,
        7
      ],
      [
        0,
        2,
        3,
        4,
        5,
        7
      ],
      [
        5
      ],
      [
        2,
        5
      ],
      [
        0,
        2,
        3,
        5,
        7
      ],
      [],
      [
        0,
        1,
        2,
        3,
        4,
        5,
        7
      ],
      [
        2,
        3,
        5
      ]
    ]
  },
  "intruder_pos": [
    [
      202,
      123
    ],
    [
      228,
      149
    ]
  ],
  "image_filename": "CLEVR_new_001130.png",
  "directions": {
    "below": [
      -0.0,
      -0.0,
      -1.0
    ],
    "right": [
      0.6563112735748291,
      0.7544902563095093,
      -0.0
    ],
    "behind": [
      -0.754490315914154,
      0.6563112735748291,
      0.0
    ],
    "front": [
      0.754490315914154,
      -0.6563112735748291,
      -0.0
    ],
    "above": [
      0.0,
      0.0,
      1.0
    ],
    "left": [
      -0.6563112735748291,
      -0.7544902563095093,
      0.0
    ]
  },
  "image_index": 1130,
  "split": "new",
  "objects": [
    {
      "3d_coords": [
        0.5431851744651794,
        0.34158360958099365,
        0.699999988079071
      ],
      "pixel_coords": [
        179,
        104,
        11.1363525390625
      ],
      "material": "rubber",
      "rotation": 84.65502778907296,
      "shape": "cylinder",
      "color": "blue",
      "size": "large"
    },
    {
      "3d_coords": [
        2.5162298679351807,
        -0.320525586605072,
        0.5249999761581421
      ],
      "pixel_coords": [
        213,
        141,
        9.575581550598145
      ],
      "material": "rubber",
      "rotation": 74.0976339923018,
      "shape": "cylinder",
      "color": "blue",
      "size": "medium"
    },
    {
      "3d_coords": [
        -1.6910279989242554,
        0.19417694211006165,
        0.3499999940395355
      ],
      "pixel_coords": [
        132,
        93,
        12.654998779296875
      ],
      "material": "rubber",
      "rotation": 110.16748727827772,
      "shape": "cylinder",
      "color": "red",
      "size": "small"
    },
    {
      "3d_coords": [
        -2.945199966430664,
        -2.1125617027282715,
        0.699999988079071
      ],
      "pixel_coords": [
        56,
        91,
        11.93701171875
      ],
      "material": "rubber",
      "rotation": 225.23317422068098,
      "shape": "cylinder",
      "color": "blue",
      "size": "large"
    },
    {
      "3d_coords": [
        -0.043989405035972595,
        -2.0203332901000977,
        0.5249999761581421
      ],
      "pixel_coords": [
        108,
        127,
        10.222310066223145
      ],
      "material": "rubber",
      "rotation": 328.9671979785436,
      "shape": "cylinder",
      "color": "red",
      "size": "medium"
    },
    {
      "3d_coords": [
        -2.2724883556365967,
        1.5047465562820435,
        0.3499999940395355
      ],
      "pixel_coords": [
        149,
        78,
        13.79123306274414
      ],
      "material": "rubber",
      "rotation": 65.53748651278698,
      "shape": "cylinder",
      "color": "green",
      "size": "small"
    },
    {
      "3d_coords": [
        2.7722887992858887,
        -2.2494921684265137,
        0.3499999940395355
      ],
      "pixel_coords": [
        169,
        182,
        8.374534606933594
      ],
      "material": "rubber",
      "rotation": 136.77179074915864,
      "shape": "cylinder",
      "color": "green",
      "size": "small"
    },
    {
      "3d_coords": [
        0.946552038192749,
        1.6833674907684326,
        0.3499999940395355
      ],
      "pixel_coords": [
        216,
        105,
        11.835959434509277
      ],
      "material": "rubber",
      "rotation": 265.80243084773775,
      "shape": "cube",
      "color": "red",
      "size": "small"
    }
  ]
}