{
  "split": "new",
  "intruder_pos": [
    [
      193,
      92
    ],
    [
      231,
      130
    ]
  ],
  "relationships": {
    "front": [
      [],
      [
        0,
        2,
        3,
        4,
        5,
        6,
        7
      ],
      [
        0,
        3,
        5,
        6,
        7
      ],
      [
        0,
        5,
        6,
        7
      ],
      [
        0,
        2,
        3,
        5,
        6,
        7
      ],
      [
        0,
        6,
        7
      ],
      [
        0,
        7
      ],
      [
        0
      ]
    ],
    "left": [
      [
        1,
        2,
        3
      ],
      [
        2,
        3
      ],
      [
        3
      ],
      [],
      [
        0,
        1,
        2,
        3,
        5,
        7
      ],
      [
        0,
        1,
        2,
        3
      ],
      [
        0,
        1,
        2,
        3,
        4,
        5,
        7
      ],
      [
        0,
        1,
        2,
        3,
        5
      ]
    ],
    "behind": [
      [
        1,
        2,
        3,
        4,
        5,
        6,
        7
      ],
      [],
      [
        1,
        4
      ],
      [
        1,
        2,
        4
      ],
      [
        1
      ],
      [
        1,
        2,
        3,
        4
      ],
      [
        1,
        2,
        3,
        4,
        5
      ],
      [
        1,
        2,
        3,
        4,
        5,
        6
      ]
    ],
    "right": [
      [
        4,
        5,
        6,
        7
      ],
      [
        0,
        4,
        5,
        6,
        7
      ],
      [
        0,
        1,
        4,
        5,
        6,
        7
      ],
      [
        0,
        1,
        2,
        4,
        5,
        6,
        7
      ],
      [
        6
      ],
      [
        4,
        6,
        7
      ],
      [],
      [
        4,
        6
      ]
    ]
  },
  "directions": {
    "front": [
      0.754490315914154,
      -0.6563112735748291,
      -0.0
    ],
    "above": [
      0.0,
      0.0,
      1.0
    ],
    "behind": [
      -0.754490315914154,
      0.6563112735748291,
      0.0
    ],
    "below": [
      -0.0,
      -0.0,
      -1.0
    ],
    "right": [
      0.6563112735748291,
      0.7544902563095093,
      -0.0
    ],
    "left": [
      -0.6563112735748291,
      -0.7544902563095093,
      0.0
    ]
  },
  "image_index": 226,
  "image_filename": "CLEVR_new_000226.png",
  "objects": [
    {
      "pixel_coords": [
        141,
        159,
        8.022636413574219
      ],
      "rotation": 233.09271175252394,
      "material": "rubber",
      "size": "medium",
      "shape": "sphere",
      "color": "red",
      "3d_coords": [
        2.05033016204834,
        -2.227839231491089,
        0.5249999761581421
      ]
    },
    {
      "pixel_coords": [
        133,
        70,
        13.019041061401367
      ],
      "rotation": 347.36818229454633,
      "material": "rubber",
      "size": "large",
      "shape": "sphere",
      "color": "red",
      "3d_coords": [
        -2.7373671531677246,
        0.9077234864234924,
        0.699999988079071
      ]
    },
    {
      "pixel_coords": [
        114,
        92,
        12.061647415161133
      ],
      "rotation": 165.72100411689325,
      "material": "rubber",
      "size": "small",
      "shape": "sphere",
      "color": "red",
      "3d_coords": [
        -2.130882978439331,
        -0.33489033579826355,
        0.3499999940395355
      ]
    },
    {
      "pixel_coords": [
        71,
        97,
        11.634815216064453
      ],
      "rotation": 353.8096305213239,
      "material": "rubber",
      "size": "small",
      "shape": "sphere",
      "color": "red",
      "3d_coords": [
        -2.607801675796509,
        -1.6886602640151978,
        0.3499999940395355
      ]
    },
    {
      "pixel_coords": [
        216,
        80,
        12.588743209838867
      ],
      "rotation": 289.26567914167583,
      "material": "rubber",
      "size": "medium",
      "shape": "cylinder",
      "color": "red",
      "3d_coords": [
        -0.3844636380672455,
        2.9132652282714844,
        0.5249999761581421
      ]
    },
    {
      "pixel_coords": [
        173,
        111,
        10.700544357299805
      ],
      "rotation": 1.673739278258859,
      "material": "rubber",
      "size": "small",
      "shape": "cylinder",
      "color": "red",
      "3d_coords": [
        0.3163204789161682,
        0.2661493420600891,
        0.3499999940395355
      ]
    },
    {
      "pixel_coords": [
        251,
        118,
        9.860197067260742
      ],
      "rotation": 23.74458113972154,
      "material": "rubber",
      "size": "medium",
      "shape": "cube",
      "color": "red",
      "3d_coords": [
        2.3276634216308594,
        1.399277925491333,
        0.5249999761581421
      ]
    },
    {
      "pixel_coords": [
        212,
        128,
        9.327789306640625
      ],
      "rotation": 80.9575487356141,
      "material": "rubber",
      "size": "medium",
      "shape": "sphere",
      "color": "blue",
      "3d_coords": [
        2.0655758380889893,
        0.12312764674425125,
        0.5249999761581421
      ]
    }
  ]
}