{
  "relationships": {
    "front": [
      [],
      [
        0,
        2,
        3,
        4,
        5,
        6,
        7
      ],
      [
        0,
        3,
        5
      ],
      [
        0,
        5
      ],
      [
        0,
        2,
        3,
        5,
        6,
        7
      ],
      [
        0
      ],
      [
        0,
        2,
        3,
        5,
        7
      ],
      [
        0,
        2,
        3,
        5
      ]
    ],
    "right": [
      [],
      [
        0,
        2,
        6
      ],
      [
        0,
        6
      ],
      [
        0,
        1,
        2,
        6
      ],
      [
        0,
        1,
        2,
        3,
        6
      ],
      [
        0,
        1,
        2,
        3,
        4,
        6
      ],
      [
        0
      ],
      [
        0,
        1,
        2,
        3,
        4,
        5,
        6
      ]
    ],
    "left": [
      [
        1,
        2,
        3,
        4,
        5,
        6,
        7
      ],
      [
        3,
        4,
        5,
        7
      ],
      [
        1,
        3,
        4,
        5,
        7
      ],
      [
        4,
        5,
        7
      ],
      [
        5,
        7
      ],
      [
        7
      ],
      [
        1,
        2,
        3,
        4,
        5,
        7
      ],
      []
    ],
    "behind": [
      [
        1,
        2,
        3,
        4,
        5,
        6,
        7
      ],
      [],
      [
        1,
        4,
        6,
        7
      ],
      [
        1,
        2,
        4,
        6,
        7
      ],
      [
        1
      ],
      [
        1,
        2,
        3,
        4,
        6,
        7
      ],
      [
        1,
        4
      ],
      [
        1,
        4,
        6
      ]
    ]
  },
  "intruder_pos": [
    [
      51,
      138
    ],
    [
      90,
      173
    ]
  ],
  "image_filename": "CLEVR_new_001091.png",
  "directions": {
    "below": [
      -0.0,
      -0.0,
      -1.0
    ],
    "right": [
      0.6563112735748291,
      0.7544902563095093,
      -0.0
    ],
    "behind": [
      -0.754490315914154,
      0.6563112735748291,
      0.0
    ],
    "front": [
      0.754490315914154,
      -0.6563112735748291,
      -0.0
    ],
    "above": [
      0.0,
      0.0,
      1.0
    ],
    "left": [
      -0.6563112735748291,
      -0.7544902563095093,
      0.0
    ]
  },
  "image_index": 1091,
  "split": "new",
  "objects": [
    {
      "3d_coords": [
        2.9943032264709473,
        0.7203806638717651,
        0.3499999940395355
      ],
      "pixel_coords": [
        253,
        136,
        9.600240707397461
      ],
      "material": "rubber",
      "rotation": 348.3852814930787,
      "shape": "cylinder",
      "color": "green",
      "size": "small"
    },
    {
      "3d_coords": [
        -2.4728589057922363,
        2.4983160495758057,
        0.5249999761581421
      ],
      "pixel_coords": [
        164,
        70,
        14.20162296295166
      ],
      "material": "rubber",
      "rotation": 305.92621791174633,
      "shape": "cube",
      "color": "green",
      "size": "medium"
    },
    {
      "3d_coords": [
        0.29737311601638794,
        0.9556897878646851,
        0.5249999761581421
      ],
      "pixel_coords": [
        188,
        100,
        11.439658164978027
      ],
      "material": "rubber",
      "rotation": 93.93576759169129,
      "shape": "cylinder",
      "color": "green",
      "size": "medium"
    },
    {
      "3d_coords": [
        -0.39666566252708435,
        -0.4689655900001526,
        0.3499999940395355
      ],
      "pixel_coords": [
        141,
        110,
        11.105148315429688
      ],
      "material": "rubber",
      "rotation": 238.9501717475308,
      "shape": "cylinder",
      "color": "green",
      "size": "small"
    },
    {
      "3d_coords": [
        -2.867018938064575,
        0.2533740997314453,
        0.699999988079071
      ],
      "pixel_coords": [
        113,
        76,
        13.014952659606934
      ],
      "material": "rubber",
      "rotation": 209.09751482438597,
      "shape": "cylinder",
      "color": "green",
      "size": "large"
    },
    {
      "3d_coords": [
        -0.880052387714386,
        -2.167363166809082,
        0.699999988079071
      ],
      "pixel_coords": [
        85,
        111,
        10.232810020446777
      ],
      "material": "rubber",
      "rotation": 86.63123910645567,
      "shape": "cylinder",
      "color": "green",
      "size": "large"
    },
    {
      "3d_coords": [
        -0.020394442602992058,
        2.677213430404663,
        0.699999988079071
      ],
      "pixel_coords": [
        214,
        80,
        12.62047290802002
      ],
      "material": "rubber",
      "rotation": 264.30531049626546,
      "shape": "sphere",
      "color": "green",
      "size": "large"
    },
    {
      "3d_coords": [
        -2.9083125591278076,
        -1.4301077127456665,
        0.699999988079071
      ],
      "pixel_coords": [
        72,
        87,
        12.01595687866211
      ],
      "material": "rubber",
      "rotation": 123.82111446436997,
      "shape": "sphere",
      "color": "blue",
      "size": "large"
    }
  ]
}