{
  "relationships": {
    "front": [
      [
        2,
        5
      ],
      [
        0,
        2,
        3,
        4,
        5,
        6
      ],
      [
        5
      ],
      [
        0,
        2,
        5
      ],
      [
        0,
        2,
        3,
        5
      ],
      [],
      [
        0,
        2,
        3,
        4,
        5
      ]
    ],
    "right": [
      [
        1,
        2,
        3,
        4,
        5,
        6
      ],
      [
        3,
        4
      ],
      [
        1,
        3,
        4
      ],
      [
        4
      ],
      [],
      [
        1,
        2,
        3,
        4
      ],
      [
        1,
        2,
        3,
        4,
        5
      ]
    ],
    "left": [
      [],
      [
        0,
        2,
        5,
        6
      ],
      [
        0,
        5,
        6
      ],
      [
        0,
        1,
        2,
        5,
        6
      ],
      [
        0,
        1,
        2,
        3,
        5,
        6
      ],
      [
        0,
        6
      ],
      [
        0
      ]
    ],
    "behind": [
      [
        1,
        3,
        4,
        6
      ],
      [],
      [
        0,
        1,
        3,
        4,
        6
      ],
      [
        1,
        4,
        6
      ],
      [
        1,
        6
      ],
      [
        0,
        1,
        2,
        3,
        4,
        6
      ],
      [
        1
      ]
    ]
  },
  "intruder_pos": [
    [
      107,
      140
    ],
    [
      138,
      178
    ]
  ],
  "image_filename": "CLEVR_new_001178.png",
  "directions": {
    "below": [
      -0.0,
      -0.0,
      -1.0
    ],
    "right": [
      0.6563112735748291,
      0.7544902563095093,
      -0.0
    ],
    "behind": [
      -0.754490315914154,
      0.6563112735748291,
      0.0
    ],
    "front": [
      0.754490315914154,
      -0.6563112735748291,
      -0.0
    ],
    "above": [
      0.0,
      0.0,
      1.0
    ],
    "left": [
      -0.6563112735748291,
      -0.7544902563095093,
      0.0
    ]
  },
  "image_index": 1178,
  "split": "new",
  "objects": [
    {
      "3d_coords": [
        -0.6554543972015381,
        -1.7844289541244507,
        0.5249999761581421
      ],
      "pixel_coords": [
        97,
        115,
        9.921947479248047
      ],
      "material": "rubber",
      "rotation": 57.76954214328482,
      "shape": "cylinder",
      "color": "blue",
      "size": "medium"
    },
    {
      "3d_coords": [
        -1.3625961542129517,
        1.938905954360962,
        0.699999988079071
      ],
      "pixel_coords": [
        177,
        71,
        12.393547058105469
      ],
      "material": "rubber",
      "rotation": 220.8215119693109,
      "shape": "cylinder",
      "color": "red",
      "size": "large"
    },
    {
      "3d_coords": [
        0.5793808102607727,
        -1.043133020401001,
        0.3499999940395355
      ],
      "pixel_coords": [
        144,
        129,
        9.598474502563477
      ],
      "material": "rubber",
      "rotation": 43.54025869335676,
      "shape": "cylinder",
      "color": "red",
      "size": "small"
    },
    {
      "3d_coords": [
        0.8325448632240295,
        0.9733714461326599,
        0.699999988079071
      ],
      "pixel_coords": [
        203,
        100,
        10.38714599609375
      ],
      "material": "rubber",
      "rotation": 203.36092455863732,
      "shape": "cylinder",
      "color": "green",
      "size": "large"
    },
    {
      "3d_coords": [
        1.5289201736450195,
        2.9663610458374023,
        0.699999988079071
      ],
      "pixel_coords": [
        263,
        89,
        11.038383483886719
      ],
      "material": "rubber",
      "rotation": 330.45171298694305,
      "shape": "cylinder",
      "color": "blue",
      "size": "large"
    },
    {
      "3d_coords": [
        2.0273566246032715,
        -2.8696916103363037,
        0.5249999761581421
      ],
      "pixel_coords": [
        118,
        176,
        7.522885322570801
      ],
      "material": "rubber",
      "rotation": 282.9284743868244,
      "shape": "cylinder",
      "color": "red",
      "size": "medium"
    },
    {
      "3d_coords": [
        -2.234365701675415,
        0.22421613335609436,
        0.5249999761581421
      ],
      "pixel_coords": [
        123,
        80,
        12.101109504699707
      ],
      "material": "rubber",
      "rotation": 164.31124213036784,
      "shape": "cube",
      "color": "blue",
      "size": "medium"
    }
  ]
}