{
  "image_filename": "CLEVR_new_001414.png",
  "directions": {
    "left": [
      -0.6563112735748291,
      -0.7544902563095093,
      0.0
    ],
    "right": [
      0.6563112735748291,
      0.7544902563095093,
      -0.0
    ],
    "front": [
      0.754490315914154,
      -0.6563112735748291,
      -0.0
    ],
    "behind": [
      -0.754490315914154,
      0.6563112735748291,
      0.0
    ],
    "below": [
      -0.0,
      -0.0,
      -1.0
    ],
    "above": [
      0.0,
      0.0,
      1.0
    ]
  },
  "intruder_pos": [
    [
      100,
      101
    ],
    [
      137,
      138
    ]
  ],
  "image_index": 1414,
  "split": "new",
  "relationships": {
    "left": [
      [
        2,
        3,
        6
      ],
      [
        0,
        2,
        3,
        5,
        6
      ],
      [],
      [
        2,
        6
      ],
      [
        0,
        1,
        2,
        3,
        5,
        6
      ],
      [
        0,
        2,
        3,
        6
      ],
      [
        2
      ]
    ],
    "right": [
      [
        1,
        4,
        5
      ],
      [
        4
      ],
      [
        0,
        1,
        3,
        4,
        5,
        6
      ],
      [
        0,
        1,
        4,
        5
      ],
      [],
      [
        1,
        4
      ],
      [
        0,
        1,
        3,
        4,
        5
      ]
    ],
    "front": [
      [
        1
      ],
      [],
      [
        0,
        1,
        4,
        6
      ],
      [
        0,
        1,
        2,
        4,
        6
      ],
      [
        0,
        1,
        6
      ],
      [
        0,
        1,
        2,
        3,
        4,
        6
      ],
      [
        0,
        1
      ]
    ],
    "behind": [
      [
        2,
        3,
        4,
        5,
        6
      ],
      [
        0,
        2,
        3,
        4,
        5,
        6
      ],
      [
        3,
        5
      ],
      [
        5
      ],
      [
        2,
        3,
        5
      ],
      [],
      [
        2,
        3,
        4,
        5
      ]
    ]
  },
  "objects": [
    {
      "color": "blue",
      "material": "rubber",
      "pixel_coords": [
        164,
        137,
        9.285106658935547
      ],
      "3d_coords": [
        1.2736138105392456,
        -1.0422296524047852,
        0.3499999940395355
      ],
      "size": "small",
      "rotation": 9.539200746878302,
      "shape": "sphere"
    },
    {
      "color": "blue",
      "material": "rubber",
      "pixel_coords": [
        206,
        162,
        8.221871376037598
      ],
      "3d_coords": [
        2.8191285133361816,
        -1.1398123502731323,
        0.3499999940395355
      ],
      "size": "small",
      "rotation": 230.8539125961943,
      "shape": "sphere"
    },
    {
      "color": "blue",
      "material": "rubber",
      "pixel_coords": [
        80,
        108,
        10.843071937561035
      ],
      "3d_coords": [
        -1.7718801498413086,
        -1.7371970415115356,
        0.3499999940395355
      ],
      "size": "small",
      "rotation": 244.60403032405443,
      "shape": "cube"
    },
    {
      "color": "blue",
      "material": "rubber",
      "pixel_coords": [
        145,
        79,
        12.130462646484375
      ],
      "3d_coords": [
        -1.6333580017089844,
        0.8035760521888733,
        0.699999988079071
      ],
      "size": "large",
      "rotation": 182.22095525656135,
      "shape": "cylinder"
    },
    {
      "color": "blue",
      "material": "rubber",
      "pixel_coords": [
        246,
        107,
        10.526740074157715
      ],
      "3d_coords": [
        1.8850445747375488,
        1.797594666481018,
        0.5249999761581421
      ],
      "size": "medium",
      "rotation": 343.54929634919256,
      "shape": "cylinder"
    },
    {
      "color": "blue",
      "material": "rubber",
      "pixel_coords": [
        168,
        63,
        14.216026306152344
      ],
      "3d_coords": [
        -2.6954751014709473,
        2.975620746612549,
        0.5249999761581421
      ],
      "size": "medium",
      "rotation": 312.0076472910172,
      "shape": "cube"
    },
    {
      "color": "red",
      "material": "rubber",
      "pixel_coords": [
        120,
        120,
        9.749360084533691
      ],
      "3d_coords": [
        -0.015664486214518547,
        -1.5261350870132446,
        0.5249999761581421
      ],
      "size": "medium",
      "rotation": 277.33813586571205,
      "shape": "sphere"
    }
  ]
}