{
  "split": "new",
  "intruder_pos": [
    [
      212,
      134
    ],
    [
      234,
      159
    ]
  ],
  "relationships": {
    "front": [
      [
        3,
        4,
        5
      ],
      [
        0,
        3,
        4,
        5
      ],
      [
        0,
        1,
        3,
        4,
        5,
        6
      ],
      [],
      [
        3
      ],
      [
        3,
        4
      ],
      [
        0,
        1,
        3,
        4,
        5
      ]
    ],
    "left": [
      [
        5
      ],
      [
        0,
        3,
        5
      ],
      [
        0,
        1,
        3,
        5
      ],
      [
        0,
        5
      ],
      [
        0,
        1,
        2,
        3,
        5
      ],
      [],
      [
        0,
        1,
        2,
        3,
        4,
        5
      ]
    ],
    "behind": [
      [
        1,
        2,
        6
      ],
      [
        2,
        6
      ],
      [],
      [
        0,
        1,
        2,
        4,
        5,
        6
      ],
      [
        0,
        1,
        2,
        5,
        6
      ],
      [
        0,
        1,
        2,
        6
      ],
      [
        2
      ]
    ],
    "right": [
      [
        1,
        2,
        3,
        4,
        6
      ],
      [
        2,
        4,
        6
      ],
      [
        4,
        6
      ],
      [
        1,
        2,
        4,
        6
      ],
      [
        6
      ],
      [
        0,
        1,
        2,
        3,
        4,
        6
      ],
      []
    ]
  },
  "directions": {
    "front": [
      0.754490315914154,
      -0.6563112735748291,
      -0.0
    ],
    "above": [
      0.0,
      0.0,
      1.0
    ],
    "behind": [
      -0.754490315914154,
      0.6563112735748291,
      0.0
    ],
    "below": [
      -0.0,
      -0.0,
      -1.0
    ],
    "right": [
      0.6563112735748291,
      0.7544902563095093,
      -0.0
    ],
    "left": [
      -0.6563112735748291,
      -0.7544902563095093,
      0.0
    ]
  },
  "image_index": 106,
  "image_filename": "CLEVR_new_000106.png",
  "objects": [
    {
      "pixel_coords": [
        114,
        114,
        10.978029251098633
      ],
      "rotation": 30.320468162939168,
      "material": "rubber",
      "size": "small",
      "shape": "cylinder",
      "color": "red",
      "3d_coords": [
        -0.70079106092453,
        -1.286604642868042,
        0.3499999940395355
      ]
    },
    {
      "pixel_coords": [
        159,
        91,
        11.675630569458008
      ],
      "rotation": 163.48237742765926,
      "material": "rubber",
      "size": "large",
      "shape": "cube",
      "color": "red",
      "3d_coords": [
        -0.6207028031349182,
        0.42112916707992554,
        0.699999988079071
      ]
    },
    {
      "pixel_coords": [
        180,
        71,
        13.351892471313477
      ],
      "rotation": 81.24293282245654,
      "material": "rubber",
      "size": "large",
      "shape": "sphere",
      "color": "red",
      "3d_coords": [
        -1.6281312704086304,
        2.2326321601867676,
        0.699999988079071
      ]
    },
    {
      "pixel_coords": [
        109,
        161,
        8.120306015014648
      ],
      "rotation": 271.95444128095966,
      "material": "rubber",
      "size": "large",
      "shape": "cylinder",
      "color": "red",
      "3d_coords": [
        1.8784908056259155,
        -2.953062057495117,
        0.699999988079071
      ]
    },
    {
      "pixel_coords": [
        218,
        145,
        9.033773422241211
      ],
      "rotation": 187.28990608153296,
      "material": "rubber",
      "size": "medium",
      "shape": "sphere",
      "color": "red",
      "3d_coords": [
        2.7668616771698,
        -0.26464658975601196,
        0.5249999761581421
      ]
    },
    {
      "pixel_coords": [
        65,
        121,
        10.565957069396973
      ],
      "rotation": 111.3167189698457,
      "material": "rubber",
      "size": "small",
      "shape": "cube",
      "color": "red",
      "3d_coords": [
        -1.1940665245056152,
        -2.6885569095611572,
        0.3499999940395355
      ]
    },
    {
      "pixel_coords": [
        223,
        93,
        12.385589599609375
      ],
      "rotation": 167.14155297503945,
      "material": "rubber",
      "size": "small",
      "shape": "cube",
      "color": "blue",
      "3d_coords": [
        0.2931094169616699,
        2.609983444213867,
        0.3499999940395355
      ]
    }
  ]
}