{
  "relationships": {
    "front": [
      [
        3,
        6
      ],
      [
        0,
        2,
        3,
        5,
        6,
        7
      ],
      [
        0,
        3,
        5,
        6,
        7
      ],
      [],
      [
        0,
        1,
        2,
        3,
        5,
        6,
        7
      ],
      [
        0,
        3,
        6
      ],
      [
        3
      ],
      [
        0,
        3,
        5,
        6
      ]
    ],
    "right": [
      [],
      [
        0,
        2,
        3,
        4,
        5,
        6,
        7
      ],
      [
        0
      ],
      [
        0,
        2,
        4,
        7
      ],
      [
        0,
        2
      ],
      [
        0,
        2,
        3,
        4,
        6,
        7
      ],
      [
        0,
        2,
        3,
        4,
        7
      ],
      [
        0,
        2,
        4
      ]
    ],
    "left": [
      [
        1,
        2,
        3,
        4,
        5,
        6,
        7
      ],
      [],
      [
        1,
        3,
        4,
        5,
        6,
        7
      ],
      [
        1,
        5,
        6
      ],
      [
        1,
        3,
        5,
        6,
        7
      ],
      [
        1
      ],
      [
        1,
        5
      ],
      [
        1,
        3,
        5,
        6
      ]
    ],
    "behind": [
      [
        1,
        2,
        4,
        5,
        7
      ],
      [
        4
      ],
      [
        1,
        4
      ],
      [
        0,
        1,
        2,
        4,
        5,
        6,
        7
      ],
      [],
      [
        1,
        2,
        4,
        7
      ],
      [
        0,
        1,
        2,
        4,
        5,
        7
      ],
      [
        1,
        2,
        4
      ]
    ]
  },
  "intruder_pos": [
    [
      139,
      103
    ],
    [
      186,
      164
    ]
  ],
  "image_filename": "CLEVR_new_001087.png",
  "directions": {
    "below": [
      -0.0,
      -0.0,
      -1.0
    ],
    "right": [
      0.6563112735748291,
      0.7544902563095093,
      -0.0
    ],
    "behind": [
      -0.754490315914154,
      0.6563112735748291,
      0.0
    ],
    "front": [
      0.754490315914154,
      -0.6563112735748291,
      -0.0
    ],
    "above": [
      0.0,
      0.0,
      1.0
    ],
    "left": [
      -0.6563112735748291,
      -0.7544902563095093,
      0.0
    ]
  },
  "image_index": 1087,
  "split": "new",
  "objects": [
    {
      "3d_coords": [
        2.6798808574676514,
        0.857970654964447,
        0.5249999761581421
      ],
      "pixel_coords": [
        248,
        129,
        9.76218318939209
      ],
      "material": "rubber",
      "rotation": 286.5748379699574,
      "shape": "cube",
      "color": "red",
      "size": "medium"
    },
    {
      "3d_coords": [
        -2.554966449737549,
        -0.9715406894683838,
        0.699999988079071
      ],
      "pixel_coords": [
        88,
        84,
        11.889189720153809
      ],
      "material": "rubber",
      "rotation": 316.29045659983365,
      "shape": "cube",
      "color": "red",
      "size": "large"
    },
    {
      "3d_coords": [
        0.7476999759674072,
        1.7695609331130981,
        0.3499999940395355
      ],
      "pixel_coords": [
        214,
        101,
        11.599570274353027
      ],
      "material": "rubber",
      "rotation": 96.66811018949109,
      "shape": "cube",
      "color": "red",
      "size": "small"
    },
    {
      "3d_coords": [
        2.7704906463623047,
        -2.863858699798584,
        0.5249999761581421
      ],
      "pixel_coords": [
        150,
        194,
        7.524924278259277
      ],
      "material": "rubber",
      "rotation": 32.441060504851386,
      "shape": "cube",
      "color": "blue",
      "size": "medium"
    },
    {
      "3d_coords": [
        -1.9343522787094116,
        2.6465725898742676,
        0.699999988079071
      ],
      "pixel_coords": [
        176,
        62,
        13.618917465209961
      ],
      "material": "rubber",
      "rotation": 164.33600968157816,
      "shape": "cube",
      "color": "green",
      "size": "large"
    },
    {
      "3d_coords": [
        -0.47968316078186035,
        -1.8889881372451782,
        0.5249999761581421
      ],
      "pixel_coords": [
        101,
        121,
        10.137699127197266
      ],
      "material": "rubber",
      "rotation": 159.51568467851115,
      "shape": "cube",
      "color": "green",
      "size": "medium"
    },
    {
      "3d_coords": [
        1.0718659162521362,
        -2.120396614074707,
        0.699999988079071
      ],
      "pixel_coords": [
        128,
        141,
        8.937882423400879
      ],
      "material": "rubber",
      "rotation": 305.9600113113842,
      "shape": "cube",
      "color": "red",
      "size": "large"
    },
    {
      "3d_coords": [
        0.28498750925064087,
        -0.13238757848739624,
        0.699999988079071
      ],
      "pixel_coords": [
        163,
        105,
        10.596803665161133
      ],
      "material": "rubber",
      "rotation": 51.314922826320036,
      "shape": "cylinder",
      "color": "green",
      "size": "large"
    }
  ]
}