{
  "relationships": {
    "front": [
      [
        1,
        2,
        4,
        6,
        7
      ],
      [
        2
      ],
      [],
      [
        0,
        1,
        2,
        4,
        5,
        6,
        7
      ],
      [
        1,
        2,
        6,
        7
      ],
      [
        0,
        1,
        2,
        4,
        6,
        7
      ],
      [
        1,
        2,
        7
      ],
      [
        1,
        2
      ]
    ],
    "right": [
      [
        7
      ],
      [
        0,
        2,
        3,
        6,
        7
      ],
      [
        0,
        3,
        6,
        7
      ],
      [
        0,
        6,
        7
      ],
      [
        0,
        1,
        2,
        3,
        5,
        6,
        7
      ],
      [
        0,
        1,
        2,
        3,
        6,
        7
      ],
      [
        0,
        7
      ],
      []
    ],
    "left": [
      [
        1,
        2,
        3,
        4,
        5,
        6
      ],
      [
        4,
        5
      ],
      [
        1,
        4,
        5
      ],
      [
        1,
        2,
        4,
        5
      ],
      [],
      [
        4
      ],
      [
        1,
        2,
        3,
        4,
        5
      ],
      [
        0,
        1,
        2,
        3,
        4,
        5,
        6
      ]
    ],
    "behind": [
      [
        3,
        5
      ],
      [
        0,
        3,
        4,
        5,
        6,
        7
      ],
      [
        0,
        1,
        3,
        4,
        5,
        6,
        7
      ],
      [],
      [
        0,
        3,
        5
      ],
      [
        3
      ],
      [
        0,
        3,
        4,
        5
      ],
      [
        0,
        3,
        4,
        5,
        6
      ]
    ]
  },
  "intruder_pos": [
    [
      241,
      90
    ],
    [
      282,
      139
    ]
  ],
  "image_filename": "CLEVR_new_001233.png",
  "directions": {
    "below": [
      -0.0,
      -0.0,
      -1.0
    ],
    "right": [
      0.6563112735748291,
      0.7544902563095093,
      -0.0
    ],
    "behind": [
      -0.754490315914154,
      0.6563112735748291,
      0.0
    ],
    "front": [
      0.754490315914154,
      -0.6563112735748291,
      -0.0
    ],
    "above": [
      0.0,
      0.0,
      1.0
    ],
    "left": [
      -0.6563112735748291,
      -0.7544902563095093,
      0.0
    ]
  },
  "image_index": 1233,
  "split": "new",
  "objects": [
    {
      "3d_coords": [
        0.8732155561447144,
        2.062119722366333,
        0.5249999761581421
      ],
      "pixel_coords": [
        223,
        96,
        11.776307106018066
      ],
      "material": "rubber",
      "rotation": 303.7461815336927,
      "shape": "cube",
      "color": "red",
      "size": "medium"
    },
    {
      "3d_coords": [
        1.3967435359954834,
        -2.673326015472412,
        0.699999988079071
      ],
      "pixel_coords": [
        118,
        149,
        8.508380889892578
      ],
      "material": "rubber",
      "rotation": 62.102889481520165,
      "shape": "cube",
      "color": "red",
      "size": "large"
    },
    {
      "3d_coords": [
        2.925654172897339,
        -2.477536201477051,
        0.3499999940395355
      ],
      "pixel_coords": [
        168,
        186,
        7.796237468719482
      ],
      "material": "rubber",
      "rotation": 335.16662789271726,
      "shape": "cube",
      "color": "green",
      "size": "small"
    },
    {
      "3d_coords": [
        -0.599597156047821,
        2.175940990447998,
        0.3499999940395355
      ],
      "pixel_coords": [
        192,
        87,
        12.882675170898438
      ],
      "material": "rubber",
      "rotation": 12.94847770437531,
      "shape": "cube",
      "color": "blue",
      "size": "small"
    },
    {
      "3d_coords": [
        -1.6720104217529297,
        -1.9253112077713013,
        0.5249999761581421
      ],
      "pixel_coords": [
        79,
        106,
        11.032350540161133
      ],
      "material": "rubber",
      "rotation": 23.326996033586305,
      "shape": "cube",
      "color": "red",
      "size": "medium"
    },
    {
      "3d_coords": [
        -2.2097866535186768,
        -0.37507060170173645,
        0.699999988079071
      ],
      "pixel_coords": [
        109,
        84,
        12.231897354125977
      ],
      "material": "rubber",
      "rotation": 242.80060009243152,
      "shape": "cube",
      "color": "blue",
      "size": "large"
    },
    {
      "3d_coords": [
        1.5763912200927734,
        0.8260968923568726,
        0.5249999761581421
      ],
      "pixel_coords": [
        215,
        114,
        10.576706886291504
      ],
      "material": "rubber",
      "rotation": 315.29527853463725,
      "shape": "cube",
      "color": "blue",
      "size": "medium"
    },
    {
      "3d_coords": [
        2.8945775032043457,
        1.2527209520339966,
        0.5249999761581421
      ],
      "pixel_coords": [
        261,
        125,
        9.977126121520996
      ],
      "material": "rubber",
      "rotation": 173.8283663150713,
      "shape": "cylinder",
      "color": "blue",
      "size": "medium"
    }
  ]
}