{
  "image_filename": "CLEVR_new_001574.png",
  "directions": {
    "left": [
      -0.6563112735748291,
      -0.7544902563095093,
      0.0
    ],
    "right": [
      0.6563112735748291,
      0.7544902563095093,
      -0.0
    ],
    "front": [
      0.754490315914154,
      -0.6563112735748291,
      -0.0
    ],
    "behind": [
      -0.754490315914154,
      0.6563112735748291,
      0.0
    ],
    "below": [
      -0.0,
      -0.0,
      -1.0
    ],
    "above": [
      0.0,
      0.0,
      1.0
    ]
  },
  "intruder_pos": [
    [
      176,
      49
    ],
    [
      237,
      110
    ]
  ],
  "image_index": 1574,
  "split": "new",
  "relationships": {
    "left": [
      [
        2,
        4
      ],
      [
        0,
        2,
        4
      ],
      [
        4
      ],
      [
        0,
        1,
        2,
        4,
        6
      ],
      [],
      [
        0,
        1,
        2,
        3,
        4,
        6
      ],
      [
        0,
        1,
        2,
        4
      ]
    ],
    "right": [
      [
        1,
        3,
        5,
        6
      ],
      [
        3,
        5,
        6
      ],
      [
        0,
        1,
        3,
        5,
        6
      ],
      [
        5
      ],
      [
        0,
        1,
        2,
        3,
        5,
        6
      ],
      [],
      [
        3,
        5
      ]
    ],
    "front": [
      [
        2,
        4,
        6
      ],
      [
        0,
        2,
        3,
        4,
        5,
        6
      ],
      [
        6
      ],
      [
        0,
        2,
        4,
        5,
        6
      ],
      [
        2,
        6
      ],
      [
        0,
        2,
        4,
        6
      ],
      []
    ],
    "behind": [
      [
        1,
        3,
        5
      ],
      [],
      [
        0,
        1,
        3,
        4,
        5
      ],
      [
        1
      ],
      [
        0,
        1,
        3,
        5
      ],
      [
        1,
        3
      ],
      [
        0,
        1,
        2,
        3,
        4,
        5
      ]
    ]
  },
  "objects": [
    {
      "color": "green",
      "material": "rubber",
      "pixel_coords": [
        146,
        118,
        10.319252014160156
      ],
      "3d_coords": [
        0.11951714009046555,
        -0.6506457924842834,
        0.3499999940395355
      ],
      "size": "small",
      "rotation": 194.1160299783444,
      "shape": "cube"
    },
    {
      "color": "green",
      "material": "rubber",
      "pixel_coords": [
        179,
        75,
        12.686431884765625
      ],
      "3d_coords": [
        -1.3300681114196777,
        2.0323164463043213,
        0.5249999761581421
      ],
      "size": "medium",
      "rotation": 236.55366838991173,
      "shape": "sphere"
    },
    {
      "color": "green",
      "material": "rubber",
      "pixel_coords": [
        110,
        126,
        9.272216796875
      ],
      "3d_coords": [
        0.30524909496307373,
        -1.9883911609649658,
        0.699999988079071
      ],
      "size": "large",
      "rotation": 3.0170841922636216,
      "shape": "sphere"
    },
    {
      "color": "green",
      "material": "rubber",
      "pixel_coords": [
        230,
        86,
        11.439556121826172
      ],
      "3d_coords": [
        0.7312864065170288,
        2.386347770690918,
        0.699999988079071
      ],
      "size": "large",
      "rotation": 40.59855915722966,
      "shape": "cylinder"
    },
    {
      "color": "green",
      "material": "rubber",
      "pixel_coords": [
        54,
        124,
        9.72720718383789
      ],
      "3d_coords": [
        -1.0675383806228638,
        -2.947685480117798,
        0.5249999761581421
      ],
      "size": "medium",
      "rotation": 203.34087623375873,
      "shape": "sphere"
    },
    {
      "color": "green",
      "material": "rubber",
      "pixel_coords": [
        283,
        99,
        10.638652801513672
      ],
      "3d_coords": [
        2.364933729171753,
        2.8767552375793457,
        0.699999988079071
      ],
      "size": "large",
      "rotation": 344.156862090523,
      "shape": "cylinder"
    },
    {
      "color": "blue",
      "material": "rubber",
      "pixel_coords": [
        206,
        160,
        7.997558116912842
      ],
      "3d_coords": [
        2.96694278717041,
        -1.1353093385696411,
        0.699999988079071
      ],
      "size": "large",
      "rotation": 262.58612587357027,
      "shape": "sphere"
    }
  ]
}