{
  "relationships": {
    "front": [
      [
        1,
        6
      ],
      [],
      [
        0,
        1,
        3,
        4,
        5,
        6
      ],
      [
        0,
        1,
        6
      ],
      [
        0,
        1,
        3,
        6
      ],
      [
        0,
        1,
        3,
        4,
        6
      ],
      [
        1
      ]
    ],
    "right": [
      [
        1,
        2,
        3,
        5
      ],
      [
        2,
        3,
        5
      ],
      [
        3,
        5
      ],
      [
        5
      ],
      [
        0,
        1,
        2,
        3,
        5,
        6
      ],
      [],
      [
        0,
        1,
        2,
        3,
        5
      ]
    ],
    "left": [
      [
        4,
        6
      ],
      [
        0,
        4,
        6
      ],
      [
        0,
        1,
        4,
        6
      ],
      [
        0,
        1,
        2,
        4,
        6
      ],
      [],
      [
        0,
        1,
        2,
        3,
        4,
        6
      ],
      [
        4
      ]
    ],
    "behind": [
      [
        2,
        3,
        4,
        5
      ],
      [
        0,
        2,
        3,
        4,
        5,
        6
      ],
      [],
      [
        2,
        4,
        5
      ],
      [
        2,
        5
      ],
      [
        2
      ],
      [
        0,
        2,
        3,
        4,
        5
      ]
    ]
  },
  "intruder_pos": [
    [
      60,
      73
    ],
    [
      115,
      127
    ]
  ],
  "image_filename": "CLEVR_new_001243.png",
  "directions": {
    "below": [
      -0.0,
      -0.0,
      -1.0
    ],
    "right": [
      0.6563112735748291,
      0.7544902563095093,
      -0.0
    ],
    "behind": [
      -0.754490315914154,
      0.6563112735748291,
      0.0
    ],
    "front": [
      0.754490315914154,
      -0.6563112735748291,
      -0.0
    ],
    "above": [
      0.0,
      0.0,
      1.0
    ],
    "left": [
      -0.6563112735748291,
      -0.7544902563095093,
      0.0
    ]
  },
  "image_index": 1243,
  "split": "new",
  "objects": [
    {
      "3d_coords": [
        1.3127864599227905,
        -1.365178108215332,
        0.5249999761581421
      ],
      "pixel_coords": [
        153,
        137,
        9.399270057678223
      ],
      "material": "rubber",
      "rotation": 295.56420706511875,
      "shape": "sphere",
      "color": "red",
      "size": "medium"
    },
    {
      "3d_coords": [
        2.9999823570251465,
        -1.9502284526824951,
        0.5249999761581421
      ],
      "pixel_coords": [
        180,
        176,
        7.943057537078857
      ],
      "material": "rubber",
      "rotation": 185.47767448927507,
      "shape": "cube",
      "color": "red",
      "size": "medium"
    },
    {
      "3d_coords": [
        -0.7018899321556091,
        2.5583653450012207,
        0.3499999940395355
      ],
      "pixel_coords": [
        200,
        83,
        13.041711807250977
      ],
      "material": "rubber",
      "rotation": 282.0035735334517,
      "shape": "cylinder",
      "color": "red",
      "size": "small"
    },
    {
      "3d_coords": [
        2.9864468574523926,
        1.3285773992538452,
        0.5249999761581421
      ],
      "pixel_coords": [
        265,
        128,
        9.800966262817383
      ],
      "material": "rubber",
      "rotation": 261.5932179114661,
      "shape": "cube",
      "color": "red",
      "size": "medium"
    },
    {
      "3d_coords": [
        -1.444515585899353,
        -1.8978623151779175,
        0.699999988079071
      ],
      "pixel_coords": [
        83,
        102,
        10.854487419128418
      ],
      "material": "rubber",
      "rotation": 311.8375128541872,
      "shape": "cube",
      "color": "red",
      "size": "large"
    },
    {
      "3d_coords": [
        1.966233253479004,
        2.9448082447052,
        0.699999988079071
      ],
      "pixel_coords": [
        269,
        95,
        11.308308601379395
      ],
      "material": "rubber",
      "rotation": 166.67464406828026,
      "shape": "cylinder",
      "color": "red",
      "size": "large"
    },
    {
      "3d_coords": [
        0.5536420345306396,
        -2.8721089363098145,
        0.699999988079071
      ],
      "pixel_coords": [
        88,
        139,
        8.971224784851074
      ],
      "material": "rubber",
      "rotation": 246.20018946508398,
      "shape": "sphere",
      "color": "green",
      "size": "large"
    }
  ]
}