{
  "image_filename": "CLEVR_new_001598.png",
  "directions": {
    "left": [
      -0.6563112735748291,
      -0.7544902563095093,
      0.0
    ],
    "right": [
      0.6563112735748291,
      0.7544902563095093,
      -0.0
    ],
    "front": [
      0.754490315914154,
      -0.6563112735748291,
      -0.0
    ],
    "behind": [
      -0.754490315914154,
      0.6563112735748291,
      0.0
    ],
    "below": [
      -0.0,
      -0.0,
      -1.0
    ],
    "above": [
      0.0,
      0.0,
      1.0
    ]
  },
  "intruder_pos": [
    [
      83,
      134
    ],
    [
      125,
      184
    ]
  ],
  "image_index": 1598,
  "split": "new",
  "relationships": {
    "left": [
      [
        1,
        2,
        3,
        4,
        5,
        6
      ],
      [
        2,
        4,
        6
      ],
      [],
      [
        1,
        2,
        4,
        6
      ],
      [
        2,
        6
      ],
      [
        1,
        2,
        3,
        4,
        6
      ],
      [
        2
      ]
    ],
    "right": [
      [],
      [
        0,
        3,
        5
      ],
      [
        0,
        1,
        3,
        4,
        5,
        6
      ],
      [
        0,
        5
      ],
      [
        0,
        1,
        3,
        5
      ],
      [
        0
      ],
      [
        0,
        1,
        3,
        4,
        5
      ]
    ],
    "front": [
      [
        3,
        4,
        5
      ],
      [
        0,
        2,
        3,
        4,
        5,
        6
      ],
      [
        0,
        3,
        4,
        5
      ],
      [],
      [
        3,
        5
      ],
      [
        3
      ],
      [
        0,
        2,
        3,
        4,
        5
      ]
    ],
    "behind": [
      [
        1,
        2,
        6
      ],
      [],
      [
        1,
        6
      ],
      [
        0,
        1,
        2,
        4,
        5,
        6
      ],
      [
        0,
        1,
        2,
        6
      ],
      [
        0,
        1,
        2,
        4,
        6
      ],
      [
        1
      ]
    ]
  },
  "objects": [
    {
      "color": "red",
      "material": "rubber",
      "pixel_coords": [
        275,
        111,
        10.822879791259766
      ],
      "3d_coords": [
        2.514158248901367,
        2.531264066696167,
        0.3499999940395355
      ],
      "size": "small",
      "rotation": 10.92282005853317,
      "shape": "sphere"
    },
    {
      "color": "blue",
      "material": "rubber",
      "pixel_coords": [
        159,
        82,
        13.125089645385742
      ],
      "3d_coords": [
        -1.828460693359375,
        1.6751774549484253,
        0.3499999940395355
      ],
      "size": "small",
      "rotation": 89.85963934533,
      "shape": "sphere"
    },
    {
      "color": "green",
      "material": "rubber",
      "pixel_coords": [
        69,
        105,
        11.235260009765625
      ],
      "3d_coords": [
        -2.2686078548431396,
        -1.8927803039550781,
        0.3499999940395355
      ],
      "size": "small",
      "rotation": 106.42173165524537,
      "shape": "sphere"
    },
    {
      "color": "red",
      "material": "rubber",
      "pixel_coords": [
        183,
        148,
        8.91140365600586
      ],
      "3d_coords": [
        2.038088798522949,
        -1.11049222946167,
        0.3499999940395355
      ],
      "size": "small",
      "rotation": 292.94977138162824,
      "shape": "sphere"
    },
    {
      "color": "red",
      "material": "rubber",
      "pixel_coords": [
        121,
        121,
        9.873407363891602
      ],
      "3d_coords": [
        0.031104067340493202,
        -1.543432354927063,
        0.5249999761581421
      ],
      "size": "medium",
      "rotation": 263.84786721025085,
      "shape": "sphere"
    },
    {
      "color": "green",
      "material": "rubber",
      "pixel_coords": [
        222,
        122,
        9.446062088012695
      ],
      "3d_coords": [
        2.2075088024139404,
        0.20665885508060455,
        0.699999988079071
      ],
      "size": "large",
      "rotation": 236.23536385445055,
      "shape": "sphere"
    },
    {
      "color": "blue",
      "material": "rubber",
      "pixel_coords": [
        105,
        80,
        12.2833833694458
      ],
      "3d_coords": [
        -2.567399501800537,
        -0.23302946984767914,
        0.699999988079071
      ],
      "size": "large",
      "rotation": 182.05194768720688,
      "shape": "cylinder"
    }
  ]
}