{
  "split": "new",
  "intruder_pos": [
    [
      9,
      115
    ],
    [
      58,
      161
    ]
  ],
  "relationships": {
    "front": [
      [
        1,
        4
      ],
      [
        4
      ],
      [
        0,
        1,
        4,
        6
      ],
      [
        0,
        1,
        2,
        4,
        5,
        6
      ],
      [],
      [
        0,
        1,
        2,
        4,
        6
      ],
      [
        0,
        1,
        4
      ]
    ],
    "left": [
      [
        2,
        3,
        4,
        6
      ],
      [
        0,
        2,
        3,
        4,
        5,
        6
      ],
      [
        6
      ],
      [
        2,
        6
      ],
      [
        2,
        3,
        6
      ],
      [
        0,
        2,
        3,
        4,
        6
      ],
      []
    ],
    "behind": [
      [
        2,
        3,
        5,
        6
      ],
      [
        0,
        2,
        3,
        5,
        6
      ],
      [
        3,
        5
      ],
      [],
      [
        0,
        1,
        2,
        3,
        5,
        6
      ],
      [
        3
      ],
      [
        2,
        3,
        5
      ]
    ],
    "right": [
      [
        1,
        5
      ],
      [],
      [
        0,
        1,
        3,
        4,
        5
      ],
      [
        0,
        1,
        4,
        5
      ],
      [
        0,
        1,
        5
      ],
      [
        1
      ],
      [
        0,
        1,
        2,
        3,
        4,
        5
      ]
    ]
  },
  "directions": {
    "front": [
      0.754490315914154,
      -0.6563112735748291,
      -0.0
    ],
    "above": [
      0.0,
      0.0,
      1.0
    ],
    "behind": [
      -0.754490315914154,
      0.6563112735748291,
      0.0
    ],
    "below": [
      -0.0,
      -0.0,
      -1.0
    ],
    "right": [
      0.6563112735748291,
      0.7544902563095093,
      -0.0
    ],
    "left": [
      -0.6563112735748291,
      -0.7544902563095093,
      0.0
    ]
  },
  "image_index": 189,
  "image_filename": "CLEVR_new_000189.png",
  "objects": [
    {
      "pixel_coords": [
        184,
        110,
        9.994104385375977
      ],
      "rotation": 281.1582403965086,
      "material": "rubber",
      "size": "large",
      "shape": "cube",
      "color": "blue",
      "3d_coords": [
        0.9433433413505554,
        0.0932818353176117,
        0.699999988079071
      ]
    },
    {
      "pixel_coords": [
        263,
        129,
        9.725666046142578
      ],
      "rotation": 106.2832983446969,
      "material": "rubber",
      "size": "small",
      "shape": "sphere",
      "color": "blue",
      "3d_coords": [
        2.722165822982788,
        1.4440689086914062,
        0.3499999940395355
      ]
    },
    {
      "pixel_coords": [
        103,
        104,
        11.138312339782715
      ],
      "rotation": 212.50774800673526,
      "material": "rubber",
      "size": "small",
      "shape": "cube",
      "color": "blue",
      "3d_coords": [
        -1.5166847705841064,
        -1.1156654357910156,
        0.3499999940395355
      ]
    },
    {
      "pixel_coords": [
        127,
        72,
        13.036620140075684
      ],
      "rotation": 66.93170652258294,
      "material": "rubber",
      "size": "medium",
      "shape": "sphere",
      "color": "blue",
      "3d_coords": [
        -2.871213912963867,
        0.7965795993804932,
        0.5249999761581421
      ]
    },
    {
      "pixel_coords": [
        121,
        174,
        7.667901515960693
      ],
      "rotation": 162.4311090559544,
      "material": "rubber",
      "size": "medium",
      "shape": "cylinder",
      "color": "blue",
      "3d_coords": [
        2.0799882411956787,
        -2.8427932262420654,
        0.5249999761581421
      ]
    },
    {
      "pixel_coords": [
        213,
        79,
        11.986749649047852
      ],
      "rotation": 356.6407751041029,
      "material": "rubber",
      "size": "large",
      "shape": "cube",
      "color": "blue",
      "3d_coords": [
        -0.06834229826927185,
        2.4335920810699463,
        0.699999988079071
      ]
    },
    {
      "pixel_coords": [
        35,
        102,
        10.447012901306152
      ],
      "rotation": 273.89856181345556,
      "material": "rubber",
      "size": "large",
      "shape": "sphere",
      "color": "green",
      "3d_coords": [
        -2.287128210067749,
        -2.969358444213867,
        0.699999988079071
      ]
    }
  ]
}