{
  "split": "new",
  "intruder_pos": [
    [
      112,
      148
    ],
    [
      130,
      166
    ]
  ],
  "relationships": {
    "front": [
      [
        3,
        5,
        6
      ],
      [
        0,
        3,
        4,
        5,
        6
      ],
      [
        0,
        1,
        3,
        4,
        5,
        6,
        7
      ],
      [
        6
      ],
      [
        0,
        3,
        5,
        6
      ],
      [
        3,
        6
      ],
      [],
      [
        0,
        1,
        3,
        4,
        5,
        6
      ]
    ],
    "left": [
      [
        1,
        2,
        3,
        4,
        5,
        6,
        7
      ],
      [
        5
      ],
      [
        1,
        3,
        5,
        6,
        7
      ],
      [
        1,
        5,
        7
      ],
      [
        1,
        2,
        3,
        5,
        6,
        7
      ],
      [],
      [
        1,
        3,
        5,
        7
      ],
      [
        1,
        5
      ]
    ],
    "behind": [
      [
        1,
        2,
        4,
        7
      ],
      [
        2,
        7
      ],
      [],
      [
        0,
        1,
        2,
        4,
        5,
        7
      ],
      [
        1,
        2,
        7
      ],
      [
        0,
        1,
        2,
        4,
        7
      ],
      [
        0,
        1,
        2,
        3,
        4,
        5,
        7
      ],
      [
        2
      ]
    ],
    "right": [
      [],
      [
        0,
        2,
        3,
        4,
        6,
        7
      ],
      [
        0,
        4
      ],
      [
        0,
        2,
        4,
        6
      ],
      [
        0
      ],
      [
        0,
        1,
        2,
        3,
        4,
        6,
        7
      ],
      [
        0,
        2,
        4
      ],
      [
        0,
        2,
        3,
        4,
        6
      ]
    ]
  },
  "directions": {
    "front": [
      0.754490315914154,
      -0.6563112735748291,
      -0.0
    ],
    "above": [
      0.0,
      0.0,
      1.0
    ],
    "behind": [
      -0.754490315914154,
      0.6563112735748291,
      0.0
    ],
    "below": [
      -0.0,
      -0.0,
      -1.0
    ],
    "right": [
      0.6563112735748291,
      0.7544902563095093,
      -0.0
    ],
    "left": [
      -0.6563112735748291,
      -0.7544902563095093,
      0.0
    ]
  },
  "image_index": 164,
  "image_filename": "CLEVR_new_000164.png",
  "objects": [
    {
      "pixel_coords": [
        269,
        94,
        11.197944641113281
      ],
      "rotation": 343.9716402967996,
      "material": "rubber",
      "size": "large",
      "shape": "cube",
      "color": "red",
      "3d_coords": [
        2.101468563079834,
        2.797686815261841,
        0.699999988079071
      ]
    },
    {
      "pixel_coords": [
        103,
        95,
        12.024548530578613
      ],
      "rotation": 141.24543441258328,
      "material": "rubber",
      "size": "small",
      "shape": "cube",
      "color": "blue",
      "3d_coords": [
        -2.2019155025482178,
        -0.579520583152771,
        0.3499999940395355
      ]
    },
    {
      "pixel_coords": [
        172,
        66,
        13.807854652404785
      ],
      "rotation": 10.104772374640971,
      "material": "rubber",
      "size": "large",
      "shape": "cube",
      "color": "green",
      "3d_coords": [
        -2.083423614501953,
        2.6713857650756836,
        0.699999988079071
      ]
    },
    {
      "pixel_coords": [
        143,
        136,
        9.136004447937012
      ],
      "rotation": 81.73005023588514,
      "material": "rubber",
      "size": "medium",
      "shape": "cube",
      "color": "green",
      "3d_coords": [
        1.1055222749710083,
        -1.6839340925216675,
        0.5249999761581421
      ]
    },
    {
      "pixel_coords": [
        219,
        95,
        11.619828224182129
      ],
      "rotation": 99.40450018765168,
      "material": "rubber",
      "size": "medium",
      "shape": "cube",
      "color": "green",
      "3d_coords": [
        0.7682526111602783,
        1.9703667163848877,
        0.5249999761581421
      ]
    },
    {
      "pixel_coords": [
        49,
        110,
        10.553125381469727
      ],
      "rotation": 84.45357806920441,
      "material": "rubber",
      "size": "medium",
      "shape": "cube",
      "color": "red",
      "3d_coords": [
        -2.063253879547119,
        -2.6807239055633545,
        0.5249999761581421
      ]
    },
    {
      "pixel_coords": [
        174,
        182,
        7.646266460418701
      ],
      "rotation": 11.410282138321396,
      "material": "rubber",
      "size": "small",
      "shape": "cube",
      "color": "red",
      "3d_coords": [
        2.8854880332946777,
        -2.3690786361694336,
        0.3499999940395355
      ]
    },
    {
      "pixel_coords": [
        122,
        82,
        13.153847694396973
      ],
      "rotation": 245.66338815379117,
      "material": "rubber",
      "size": "small",
      "shape": "sphere",
      "color": "red",
      "3d_coords": [
        -2.7599129676818848,
        0.6629699468612671,
        0.3499999940395355
      ]
    }
  ]
}