{
  "relationships": {
    "front": [
      [
        3,
        5
      ],
      [
        0,
        2,
        3,
        5,
        6
      ],
      [
        0,
        3,
        5
      ],
      [],
      [
        0,
        1,
        2,
        3,
        5,
        6
      ],
      [
        3
      ],
      [
        0,
        2,
        3,
        5
      ]
    ],
    "right": [
      [
        2,
        3,
        4,
        5
      ],
      [
        0,
        2,
        3,
        4,
        5
      ],
      [
        5
      ],
      [
        2,
        4,
        5
      ],
      [
        2,
        5
      ],
      [],
      [
        0,
        1,
        2,
        3,
        4,
        5
      ]
    ],
    "left": [
      [
        1,
        6
      ],
      [
        6
      ],
      [
        0,
        1,
        3,
        4,
        6
      ],
      [
        0,
        1,
        6
      ],
      [
        0,
        1,
        3,
        6
      ],
      [
        0,
        1,
        2,
        3,
        4,
        6
      ],
      []
    ],
    "behind": [
      [
        1,
        2,
        4,
        6
      ],
      [
        4
      ],
      [
        1,
        4,
        6
      ],
      [
        0,
        1,
        2,
        4,
        5,
        6
      ],
      [],
      [
        0,
        1,
        2,
        4,
        6
      ],
      [
        1,
        4
      ]
    ]
  },
  "intruder_pos": [
    [
      47,
      121
    ],
    [
      68,
      141
    ]
  ],
  "image_filename": "CLEVR_new_001328.png",
  "directions": {
    "below": [
      -0.0,
      -0.0,
      -1.0
    ],
    "right": [
      0.6563112735748291,
      0.7544902563095093,
      -0.0
    ],
    "behind": [
      -0.754490315914154,
      0.6563112735748291,
      0.0
    ],
    "front": [
      0.754490315914154,
      -0.6563112735748291,
      -0.0
    ],
    "above": [
      0.0,
      0.0,
      1.0
    ],
    "left": [
      -0.6563112735748291,
      -0.7544902563095093,
      0.0
    ]
  },
  "image_index": 1328,
  "split": "new",
  "objects": [
    {
      "3d_coords": [
        -0.09736519306898117,
        -1.6779841184616089,
        0.699999988079071
      ],
      "pixel_coords": [
        115,
        113,
        10.443217277526855
      ],
      "material": "rubber",
      "rotation": 158.97040757694464,
      "shape": "cylinder",
      "color": "red",
      "size": "large"
    },
    {
      "3d_coords": [
        -1.7467173337936401,
        -1.0665061473846436,
        0.5249999761581421
      ],
      "pixel_coords": [
        103,
        99,
        12.006054878234863
      ],
      "material": "rubber",
      "rotation": 41.66787701619897,
      "shape": "cylinder",
      "color": "blue",
      "size": "medium"
    },
    {
      "3d_coords": [
        1.0767580270767212,
        0.7940885424613953,
        0.3499999940395355
      ],
      "pixel_coords": [
        201,
        114,
        11.263096809387207
      ],
      "material": "rubber",
      "rotation": 323.1173361069684,
      "shape": "cylinder",
      "color": "blue",
      "size": "small"
    },
    {
      "3d_coords": [
        2.409925699234009,
        -2.5132675170898438,
        0.699999988079071
      ],
      "pixel_coords": [
        147,
        156,
        8.236711502075195
      ],
      "material": "rubber",
      "rotation": 329.23859325135044,
      "shape": "cylinder",
      "color": "blue",
      "size": "large"
    },
    {
      "3d_coords": [
        -0.866054356098175,
        0.9944702982902527,
        0.699999988079071
      ],
      "pixel_coords": [
        165,
        87,
        12.557987213134766
      ],
      "material": "rubber",
      "rotation": 269.46131021907667,
      "shape": "cylinder",
      "color": "green",
      "size": "large"
    },
    {
      "3d_coords": [
        2.6632626056671143,
        0.7775906920433044,
        0.3499999940395355
      ],
      "pixel_coords": [
        240,
        131,
        10.171692848205566
      ],
      "material": "rubber",
      "rotation": 94.19614322023455,
      "shape": "cylinder",
      "color": "blue",
      "size": "small"
    },
    {
      "3d_coords": [
        -2.3390467166900635,
        -2.4613656997680664,
        0.3499999940395355
      ],
      "pixel_coords": [
        58,
        109,
        11.654047012329102
      ],
      "material": "rubber",
      "rotation": 243.42629201234368,
      "shape": "sphere",
      "color": "blue",
      "size": "small"
    }
  ]
}