{
  "relationships": {
    "front": [
      [
        1,
        3,
        4,
        5
      ],
      [
        5
      ],
      [
        0,
        1,
        3,
        4,
        5,
        6
      ],
      [
        1,
        5
      ],
      [
        1,
        3,
        5
      ],
      [],
      [
        0,
        1,
        3,
        4,
        5
      ]
    ],
    "right": [
      [
        1,
        2,
        4,
        5,
        6
      ],
      [
        2,
        4,
        6
      ],
      [
        6
      ],
      [
        0,
        1,
        2,
        4,
        5,
        6
      ],
      [
        2,
        6
      ],
      [
        1,
        2,
        4,
        6
      ],
      []
    ],
    "left": [
      [
        3
      ],
      [
        0,
        3,
        5
      ],
      [
        0,
        1,
        3,
        4,
        5
      ],
      [],
      [
        0,
        1,
        3,
        5
      ],
      [
        0,
        3
      ],
      [
        0,
        1,
        2,
        3,
        4,
        5
      ]
    ],
    "behind": [
      [
        2,
        6
      ],
      [
        0,
        2,
        3,
        4,
        6
      ],
      [],
      [
        0,
        2,
        4,
        6
      ],
      [
        0,
        2,
        6
      ],
      [
        0,
        1,
        2,
        3,
        4,
        6
      ],
      [
        2
      ]
    ]
  },
  "intruder_pos": [
    [
      203,
      136
    ],
    [
      227,
      161
    ]
  ],
  "image_filename": "CLEVR_new_001156.png",
  "directions": {
    "below": [
      -0.0,
      -0.0,
      -1.0
    ],
    "right": [
      0.6563112735748291,
      0.7544902563095093,
      -0.0
    ],
    "behind": [
      -0.754490315914154,
      0.6563112735748291,
      0.0
    ],
    "front": [
      0.754490315914154,
      -0.6563112735748291,
      -0.0
    ],
    "above": [
      0.0,
      0.0,
      1.0
    ],
    "left": [
      -0.6563112735748291,
      -0.7544902563095093,
      0.0
    ]
  },
  "image_index": 1156,
  "split": "new",
  "objects": [
    {
      "3d_coords": [
        -2.2538907527923584,
        -1.1316683292388916,
        0.699999988079071
      ],
      "pixel_coords": [
        91,
        90,
        11.980774879455566
      ],
      "material": "rubber",
      "rotation": 195.19620356061682,
      "shape": "sphere",
      "color": "red",
      "size": "large"
    },
    {
      "3d_coords": [
        0.33101019263267517,
        -0.8245511651039124,
        0.5249999761581421
      ],
      "pixel_coords": [
        148,
        118,
        10.594782829284668
      ],
      "material": "rubber",
      "rotation": 35.391811649050965,
      "shape": "sphere",
      "color": "red",
      "size": "medium"
    },
    {
      "3d_coords": [
        -0.9233573079109192,
        2.4564170837402344,
        0.3499999940395355
      ],
      "pixel_coords": [
        190,
        83,
        13.451167106628418
      ],
      "material": "rubber",
      "rotation": 337.72604845562915,
      "shape": "cube",
      "color": "red",
      "size": "small"
    },
    {
      "3d_coords": [
        -2.045200824737549,
        -2.928511381149292,
        0.699999988079071
      ],
      "pixel_coords": [
        45,
        108,
        10.768508911132812
      ],
      "material": "rubber",
      "rotation": 260.1065026184473,
      "shape": "cylinder",
      "color": "red",
      "size": "large"
    },
    {
      "3d_coords": [
        0.21721307933330536,
        0.6368125677108765,
        0.5249999761581421
      ],
      "pixel_coords": [
        179,
        102,
        11.544918060302734
      ],
      "material": "rubber",
      "rotation": 189.43966462274716,
      "shape": "sphere",
      "color": "red",
      "size": "medium"
    },
    {
      "3d_coords": [
        1.583931565284729,
        -2.654432535171509,
        0.3499999940395355
      ],
      "pixel_coords": [
        126,
        165,
        8.778322219848633
      ],
      "material": "rubber",
      "rotation": 338.07562489714456,
      "shape": "sphere",
      "color": "red",
      "size": "small"
    },
    {
      "3d_coords": [
        0.2137504369020462,
        2.542412757873535,
        0.3499999940395355
      ],
      "pixel_coords": [
        215,
        91,
        12.775062561035156
      ],
      "material": "rubber",
      "rotation": 183.22385930758486,
      "shape": "cube",
      "color": "green",
      "size": "small"
    }
  ]
}