{
  "split": "new",
  "intruder_pos": [
    [
      84,
      78
    ],
    [
      128,
      133
    ]
  ],
  "relationships": {
    "front": [
      [],
      [
        0,
        2,
        6,
        7
      ],
      [
        0,
        7
      ],
      [
        0,
        1,
        2,
        4,
        5,
        6,
        7
      ],
      [
        0,
        1,
        2,
        6,
        7
      ],
      [
        0,
        1,
        2,
        4,
        6,
        7
      ],
      [
        0,
        2,
        7
      ],
      [
        0
      ]
    ],
    "left": [
      [
        2,
        3,
        4,
        6,
        7
      ],
      [
        0,
        2,
        3,
        4,
        5,
        6,
        7
      ],
      [
        4,
        6,
        7
      ],
      [
        2,
        4,
        6,
        7
      ],
      [
        6
      ],
      [
        0,
        2,
        3,
        4,
        6,
        7
      ],
      [],
      [
        4,
        6
      ]
    ],
    "behind": [
      [
        1,
        2,
        3,
        4,
        5,
        6,
        7
      ],
      [
        3,
        4,
        5
      ],
      [
        1,
        3,
        4,
        5,
        6
      ],
      [],
      [
        3,
        5
      ],
      [
        3
      ],
      [
        1,
        3,
        4,
        5
      ],
      [
        1,
        2,
        3,
        4,
        5,
        6
      ]
    ],
    "right": [
      [
        1,
        5
      ],
      [],
      [
        0,
        1,
        3,
        5
      ],
      [
        0,
        1,
        5
      ],
      [
        0,
        1,
        2,
        3,
        5,
        7
      ],
      [
        1
      ],
      [
        0,
        1,
        2,
        3,
        4,
        5,
        7
      ],
      [
        0,
        1,
        2,
        3,
        5
      ]
    ]
  },
  "directions": {
    "front": [
      0.754490315914154,
      -0.6563112735748291,
      -0.0
    ],
    "above": [
      0.0,
      0.0,
      1.0
    ],
    "behind": [
      -0.754490315914154,
      0.6563112735748291,
      0.0
    ],
    "below": [
      -0.0,
      -0.0,
      -1.0
    ],
    "right": [
      0.6563112735748291,
      0.7544902563095093,
      -0.0
    ],
    "left": [
      -0.6563112735748291,
      -0.7544902563095093,
      0.0
    ]
  },
  "image_index": 330,
  "image_filename": "CLEVR_new_000330.png",
  "objects": [
    {
      "pixel_coords": [
        203,
        148,
        8.578495979309082
      ],
      "rotation": 207.66727286384955,
      "material": "rubber",
      "size": "small",
      "shape": "cylinder",
      "color": "red",
      "3d_coords": [
        2.3058714866638184,
        -0.6281111240386963,
        0.3499999940395355
      ]
    },
    {
      "pixel_coords": [
        242,
        89,
        10.971506118774414
      ],
      "rotation": 187.95711831473,
      "material": "rubber",
      "size": "large",
      "shape": "sphere",
      "color": "red",
      "3d_coords": [
        1.1444276571273804,
        2.409895181655884,
        0.699999988079071
      ]
    },
    {
      "pixel_coords": [
        137,
        116,
        10.114301681518555
      ],
      "rotation": 139.03029723253144,
      "material": "rubber",
      "size": "small",
      "shape": "cylinder",
      "color": "red",
      "3d_coords": [
        -0.13052253425121307,
        -0.7814404964447021,
        0.3499999940395355
      ]
    },
    {
      "pixel_coords": [
        161,
        67,
        12.892748832702637
      ],
      "rotation": 334.5990264110656,
      "material": "rubber",
      "size": "large",
      "shape": "cylinder",
      "color": "red",
      "3d_coords": [
        -2.1429569721221924,
        1.9451831579208374,
        0.699999988079071
      ]
    },
    {
      "pixel_coords": [
        108,
        87,
        12.070120811462402
      ],
      "rotation": 109.44521809213832,
      "material": "rubber",
      "size": "small",
      "shape": "cube",
      "color": "red",
      "3d_coords": [
        -2.5193533897399902,
        -0.1633906364440918,
        0.3499999940395355
      ]
    },
    {
      "pixel_coords": [
        218,
        78,
        12.362205505371094
      ],
      "rotation": 13.14596074985122,
      "material": "rubber",
      "size": "medium",
      "shape": "sphere",
      "color": "red",
      "3d_coords": [
        -0.30473366379737854,
        2.996005058288574,
        0.5249999761581421
      ]
    },
    {
      "pixel_coords": [
        76,
        103,
        10.464510917663574
      ],
      "rotation": 297.7901788838849,
      "material": "rubber",
      "size": "medium",
      "shape": "cylinder",
      "color": "red",
      "3d_coords": [
        -1.7112400531768799,
        -1.8468133211135864,
        0.5249999761581421
      ]
    },
    {
      "pixel_coords": [
        107,
        133,
        8.877218246459961
      ],
      "rotation": 156.52595655385346,
      "material": "rubber",
      "size": "medium",
      "shape": "cube",
      "color": "blue",
      "3d_coords": [
        0.40033620595932007,
        -2.1514644622802734,
        0.5249999761581421
      ]
    }
  ]
}