{
  "split": "new",
  "intruder_pos": [
    [
      169,
      64
    ],
    [
      213,
      122
    ]
  ],
  "relationships": {
    "front": [
      [
        7
      ],
      [
        0,
        4,
        7
      ],
      [
        0,
        1,
        3,
        4,
        5,
        7
      ],
      [
        0,
        1,
        4,
        7
      ],
      [
        0,
        7
      ],
      [
        0,
        1,
        3,
        4,
        7
      ],
      [
        0,
        1,
        2,
        3,
        4,
        5,
        7
      ],
      []
    ],
    "left": [
      [
        1,
        2,
        4,
        5,
        6,
        7
      ],
      [
        2,
        4,
        5,
        6
      ],
      [
        4,
        5
      ],
      [
        0,
        1,
        2,
        4,
        5,
        6,
        7
      ],
      [
        5
      ],
      [],
      [
        2,
        4,
        5
      ],
      [
        1,
        2,
        4,
        5,
        6
      ]
    ],
    "behind": [
      [
        1,
        2,
        3,
        4,
        5,
        6
      ],
      [
        2,
        3,
        5,
        6
      ],
      [
        6
      ],
      [
        2,
        5,
        6
      ],
      [
        1,
        2,
        3,
        5,
        6
      ],
      [
        2,
        6
      ],
      [],
      [
        0,
        1,
        2,
        3,
        4,
        5,
        6
      ]
    ],
    "right": [
      [
        3
      ],
      [
        0,
        3,
        7
      ],
      [
        0,
        1,
        3,
        6,
        7
      ],
      [],
      [
        0,
        1,
        2,
        3,
        6,
        7
      ],
      [
        0,
        1,
        2,
        3,
        4,
        6,
        7
      ],
      [
        0,
        1,
        3,
        7
      ],
      [
        0,
        3
      ]
    ]
  },
  "directions": {
    "front": [
      0.754490315914154,
      -0.6563112735748291,
      -0.0
    ],
    "above": [
      0.0,
      0.0,
      1.0
    ],
    "behind": [
      -0.754490315914154,
      0.6563112735748291,
      0.0
    ],
    "below": [
      -0.0,
      -0.0,
      -1.0
    ],
    "right": [
      0.6563112735748291,
      0.7544902563095093,
      -0.0
    ],
    "left": [
      -0.6563112735748291,
      -0.7544902563095093,
      0.0
    ]
  },
  "image_index": 78,
  "image_filename": "CLEVR_new_000078.png",
  "objects": [
    {
      "pixel_coords": [
        231,
        139,
        9.136147499084473
      ],
      "rotation": 302.3230655920736,
      "material": "rubber",
      "size": "small",
      "shape": "sphere",
      "color": "red",
      "3d_coords": [
        2.5806355476379395,
        0.27666768431663513,
        0.3499999940395355
      ]
    },
    {
      "pixel_coords": [
        171,
        113,
        10.143723487854004
      ],
      "rotation": 327.8596267075235,
      "material": "rubber",
      "size": "medium",
      "shape": "sphere",
      "color": "green",
      "3d_coords": [
        0.6608118414878845,
        -0.1427195966243744,
        0.5249999761581421
      ]
    },
    {
      "pixel_coords": [
        139,
        82,
        11.945672988891602
      ],
      "rotation": 182.8157815546429,
      "material": "rubber",
      "size": "large",
      "shape": "sphere",
      "color": "green",
      "3d_coords": [
        -1.607475757598877,
        0.4090440571308136,
        0.699999988079071
      ]
    },
    {
      "pixel_coords": [
        251,
        104,
        10.695588111877441
      ],
      "rotation": 89.03389789140496,
      "material": "rubber",
      "size": "medium",
      "shape": "sphere",
      "color": "blue",
      "3d_coords": [
        1.7646478414535522,
        2.1602530479431152,
        0.5249999761581421
      ]
    },
    {
      "pixel_coords": [
        112,
        125,
        9.865350723266602
      ],
      "rotation": 355.91866735320156,
      "material": "rubber",
      "size": "small",
      "shape": "sphere",
      "color": "blue",
      "3d_coords": [
        -0.0932261198759079,
        -1.6797107458114624,
        0.3499999940395355
      ]
    },
    {
      "pixel_coords": [
        66,
        91,
        11.665529251098633
      ],
      "rotation": 314.88089200767115,
      "material": "rubber",
      "size": "medium",
      "shape": "sphere",
      "color": "green",
      "3d_coords": [
        -2.835184097290039,
        -1.7041001319885254,
        0.5249999761581421
      ]
    },
    {
      "pixel_coords": [
        157,
        71,
        13.530765533447266
      ],
      "rotation": 179.7361247902779,
      "material": "rubber",
      "size": "medium",
      "shape": "sphere",
      "color": "blue",
      "3d_coords": [
        -2.527158260345459,
        1.9387469291687012,
        0.5249999761581421
      ]
    },
    {
      "pixel_coords": [
        191,
        146,
        8.4866304397583
      ],
      "rotation": 324.0318607521968,
      "material": "rubber",
      "size": "medium",
      "shape": "cylinder",
      "color": "green",
      "3d_coords": [
        2.3635005950927734,
        -0.988074779510498,
        0.5249999761581421
      ]
    }
  ]
}