{
  "split": "new",
  "intruder_pos": [
    [
      125,
      137
    ],
    [
      144,
      161
    ]
  ],
  "relationships": {
    "front": [
      [
        1,
        2
      ],
      [],
      [
        1
      ],
      [
        0,
        1,
        2,
        4,
        5,
        6,
        7
      ],
      [
        0,
        1,
        2,
        5,
        6
      ],
      [
        0,
        1,
        2,
        6
      ],
      [
        0,
        1,
        2
      ],
      [
        0,
        1,
        2,
        4,
        5,
        6
      ]
    ],
    "left": [
      [
        4
      ],
      [
        0,
        2,
        3,
        4,
        7
      ],
      [
        0,
        4
      ],
      [
        0,
        2,
        4,
        7
      ],
      [],
      [
        0,
        1,
        2,
        3,
        4,
        7
      ],
      [
        0,
        1,
        2,
        3,
        4,
        5,
        7
      ],
      [
        0,
        2,
        4
      ]
    ],
    "behind": [
      [
        3,
        4,
        5,
        6,
        7
      ],
      [
        0,
        2,
        3,
        4,
        5,
        6,
        7
      ],
      [
        0,
        3,
        4,
        5,
        6,
        7
      ],
      [],
      [
        3,
        7
      ],
      [
        3,
        4,
        7
      ],
      [
        3,
        4,
        5,
        7
      ],
      [
        3
      ]
    ],
    "right": [
      [
        1,
        2,
        3,
        5,
        6,
        7
      ],
      [
        5,
        6
      ],
      [
        1,
        3,
        5,
        6,
        7
      ],
      [
        1,
        5,
        6
      ],
      [
        0,
        1,
        2,
        3,
        5,
        6,
        7
      ],
      [
        6
      ],
      [],
      [
        1,
        3,
        5,
        6
      ]
    ]
  },
  "directions": {
    "front": [
      0.754490315914154,
      -0.6563112735748291,
      -0.0
    ],
    "above": [
      0.0,
      0.0,
      1.0
    ],
    "behind": [
      -0.754490315914154,
      0.6563112735748291,
      0.0
    ],
    "below": [
      -0.0,
      -0.0,
      -1.0
    ],
    "right": [
      0.6563112735748291,
      0.7544902563095093,
      -0.0
    ],
    "left": [
      -0.6563112735748291,
      -0.7544902563095093,
      0.0
    ]
  },
  "image_index": 59,
  "image_filename": "CLEVR_new_000059.png",
  "objects": [
    {
      "pixel_coords": [
        84,
        116,
        10.232916831970215
      ],
      "rotation": 317.1583731450027,
      "material": "rubber",
      "size": "medium",
      "shape": "sphere",
      "color": "red",
      "3d_coords": [
        -0.941204845905304,
        -2.166344165802002,
        0.5249999761581421
      ]
    },
    {
      "pixel_coords": [
        173,
        144,
        9.09695053100586
      ],
      "rotation": 61.83940265619639,
      "material": "rubber",
      "size": "small",
      "shape": "cylinder",
      "color": "red",
      "3d_coords": [
        1.804390549659729,
        -1.1979706287384033,
        0.3499999940395355
      ]
    },
    {
      "pixel_coords": [
        116,
        134,
        9.593304634094238
      ],
      "rotation": 229.4695701604573,
      "material": "rubber",
      "size": "small",
      "shape": "cube",
      "color": "red",
      "3d_coords": [
        0.3328193128108978,
        -1.9701405763626099,
        0.3499999940395355
      ]
    },
    {
      "pixel_coords": [
        153,
        65,
        14.01378059387207
      ],
      "rotation": 31.98351250544202,
      "material": "rubber",
      "size": "large",
      "shape": "sphere",
      "color": "red",
      "3d_coords": [
        -2.772259473800659,
        2.19416880607605,
        0.699999988079071
      ]
    },
    {
      "pixel_coords": [
        79,
        96,
        12.026355743408203
      ],
      "rotation": 55.04310505784395,
      "material": "rubber",
      "size": "small",
      "shape": "cylinder",
      "color": "red",
      "3d_coords": [
        -2.7232491970062256,
        -1.2714393138885498,
        0.3499999940395355
      ]
    },
    {
      "pixel_coords": [
        184,
        98,
        11.411487579345703
      ],
      "rotation": 55.11568449141487,
      "material": "rubber",
      "size": "medium",
      "shape": "cube",
      "color": "red",
      "3d_coords": [
        0.13766901195049286,
        0.9322810769081116,
        0.5249999761581421
      ]
    },
    {
      "pixel_coords": [
        227,
        112,
        10.908230781555176
      ],
      "rotation": 274.95496068865214,
      "material": "rubber",
      "size": "small",
      "shape": "cylinder",
      "color": "red",
      "3d_coords": [
        1.5033490657806396,
        1.451213002204895,
        0.3499999940395355
      ]
    },
    {
      "pixel_coords": [
        135,
        90,
        12.535172462463379
      ],
      "rotation": 84.8867940468953,
      "material": "rubber",
      "size": "small",
      "shape": "cylinder",
      "color": "blue",
      "3d_coords": [
        -1.8481392860412598,
        0.5077837109565735,
        0.3499999940395355
      ]
    }
  ]
}