{
  "relationships": {
    "front": [
      [],
      [
        0,
        5,
        6
      ],
      [
        0,
        1,
        5,
        6
      ],
      [
        0,
        1,
        2,
        4,
        5,
        6
      ],
      [
        0,
        1,
        2,
        5,
        6
      ],
      [
        0,
        6
      ],
      [
        0
      ]
    ],
    "right": [
      [],
      [
        0
      ],
      [
        0,
        1,
        3
      ],
      [
        0,
        1
      ],
      [
        0,
        1,
        2,
        3,
        6
      ],
      [
        0,
        1,
        2,
        3,
        4,
        6
      ],
      [
        0,
        1,
        2,
        3
      ]
    ],
    "left": [
      [
        1,
        2,
        3,
        4,
        5,
        6
      ],
      [
        2,
        3,
        4,
        5,
        6
      ],
      [
        4,
        5,
        6
      ],
      [
        2,
        4,
        5,
        6
      ],
      [
        5
      ],
      [],
      [
        4,
        5
      ]
    ],
    "behind": [
      [
        1,
        2,
        3,
        4,
        5,
        6
      ],
      [
        2,
        3,
        4
      ],
      [
        3,
        4
      ],
      [],
      [
        3
      ],
      [
        1,
        2,
        3,
        4
      ],
      [
        1,
        2,
        3,
        4,
        5
      ]
    ]
  },
  "intruder_pos": [
    [
      63,
      94
    ],
    [
      116,
      157
    ]
  ],
  "image_filename": "CLEVR_new_001167.png",
  "directions": {
    "below": [
      -0.0,
      -0.0,
      -1.0
    ],
    "right": [
      0.6563112735748291,
      0.7544902563095093,
      -0.0
    ],
    "behind": [
      -0.754490315914154,
      0.6563112735748291,
      0.0
    ],
    "front": [
      0.754490315914154,
      -0.6563112735748291,
      -0.0
    ],
    "above": [
      0.0,
      0.0,
      1.0
    ],
    "left": [
      -0.6563112735748291,
      -0.7544902563095093,
      0.0
    ]
  },
  "image_index": 1167,
  "split": "new",
  "objects": [
    {
      "3d_coords": [
        1.9337787628173828,
        -0.07949288189411163,
        0.5249999761581421
      ],
      "pixel_coords": [
        202,
        127,
        9.596856117248535
      ],
      "material": "rubber",
      "rotation": 348.8364447855507,
      "shape": "sphere",
      "color": "blue",
      "size": "medium"
    },
    {
      "3d_coords": [
        0.15385857224464417,
        0.4923446476459503,
        0.5249999761581421
      ],
      "pixel_coords": [
        175,
        103,
        11.160660743713379
      ],
      "material": "rubber",
      "rotation": 35.71269919322698,
      "shape": "sphere",
      "color": "blue",
      "size": "medium"
    },
    {
      "3d_coords": [
        -1.5160603523254395,
        -0.47721680998802185,
        0.3499999940395355
      ],
      "pixel_coords": [
        121,
        99,
        11.845550537109375
      ],
      "material": "rubber",
      "rotation": 54.81887246928663,
      "shape": "sphere",
      "color": "green",
      "size": "small"
    },
    {
      "3d_coords": [
        -2.7517237663269043,
        1.8514646291732788,
        0.5249999761581421
      ],
      "pixel_coords": [
        152,
        72,
        13.956164360046387
      ],
      "material": "rubber",
      "rotation": 124.72835782223989,
      "shape": "sphere",
      "color": "red",
      "size": "medium"
    },
    {
      "3d_coords": [
        -2.935124158859253,
        -1.10664963722229,
        0.5249999761581421
      ],
      "pixel_coords": [
        83,
        87,
        12.396881103515625
      ],
      "material": "rubber",
      "rotation": 102.39442716319695,
      "shape": "sphere",
      "color": "red",
      "size": "medium"
    },
    {
      "3d_coords": [
        -2.2860493659973145,
        -2.9996931552886963,
        0.699999988079071
      ],
      "pixel_coords": [
        38,
        101,
        10.789511680603027
      ],
      "material": "rubber",
      "rotation": 22.18616558743015,
      "shape": "sphere",
      "color": "blue",
      "size": "large"
    },
    {
      "3d_coords": [
        -0.48379531502723694,
        -2.1669259071350098,
        0.699999988079071
      ],
      "pixel_coords": [
        91,
        113,
        10.011129379272461
      ],
      "material": "rubber",
      "rotation": 87.1677229091255,
      "shape": "cylinder",
      "color": "blue",
      "size": "large"
    }
  ]
}