{
  "split": "new",
  "intruder_pos": [
    [
      55,
      88
    ],
    [
      95,
      127
    ]
  ],
  "relationships": {
    "front": [
      [],
      [
        0,
        2,
        4,
        5,
        7
      ],
      [
        0,
        5,
        7
      ],
      [
        0,
        1,
        2,
        4,
        5,
        6,
        7
      ],
      [
        0,
        2,
        5,
        7
      ],
      [
        0,
        7
      ],
      [
        0,
        1,
        2,
        4,
        5,
        7
      ],
      [
        0
      ]
    ],
    "left": [
      [
        1,
        2,
        6,
        7
      ],
      [
        7
      ],
      [
        1,
        7
      ],
      [
        0,
        1,
        2,
        6,
        7
      ],
      [
        0,
        1,
        2,
        3,
        5,
        6,
        7
      ],
      [
        0,
        1,
        2,
        3,
        6,
        7
      ],
      [
        1,
        2,
        7
      ],
      []
    ],
    "behind": [
      [
        1,
        2,
        3,
        4,
        5,
        6,
        7
      ],
      [
        3,
        6
      ],
      [
        1,
        3,
        4,
        6
      ],
      [],
      [
        1,
        3,
        6
      ],
      [
        1,
        2,
        3,
        4,
        6
      ],
      [
        3
      ],
      [
        1,
        2,
        3,
        4,
        5,
        6
      ]
    ],
    "right": [
      [
        3,
        4,
        5
      ],
      [
        0,
        2,
        3,
        4,
        5,
        6
      ],
      [
        0,
        3,
        4,
        5,
        6
      ],
      [
        4,
        5
      ],
      [],
      [
        4
      ],
      [
        0,
        3,
        4,
        5
      ],
      [
        0,
        1,
        2,
        3,
        4,
        5,
        6
      ]
    ]
  },
  "directions": {
    "front": [
      0.754490315914154,
      -0.6563112735748291,
      -0.0
    ],
    "above": [
      0.0,
      0.0,
      1.0
    ],
    "behind": [
      -0.754490315914154,
      0.6563112735748291,
      0.0
    ],
    "below": [
      -0.0,
      -0.0,
      -1.0
    ],
    "right": [
      0.6563112735748291,
      0.7544902563095093,
      -0.0
    ],
    "left": [
      -0.6563112735748291,
      -0.7544902563095093,
      0.0
    ]
  },
  "image_index": 397,
  "image_filename": "CLEVR_new_000397.png",
  "objects": [
    {
      "pixel_coords": [
        191,
        132,
        8.78210163116455
      ],
      "rotation": 223.60772144205265,
      "material": "rubber",
      "size": "large",
      "shape": "cylinder",
      "color": "green",
      "3d_coords": [
        2.028961658477783,
        -0.8271580338478088,
        0.699999988079071
      ]
    },
    {
      "pixel_coords": [
        109,
        94,
        11.457122802734375
      ],
      "rotation": 236.4297238343467,
      "material": "rubber",
      "size": "medium",
      "shape": "sphere",
      "color": "green",
      "3d_coords": [
        -1.7826087474822998,
        -0.6413874626159668,
        0.5249999761581421
      ]
    },
    {
      "pixel_coords": [
        149,
        111,
        10.702116966247559
      ],
      "rotation": 83.53117453758509,
      "material": "rubber",
      "size": "small",
      "shape": "cube",
      "color": "green",
      "3d_coords": [
        -0.17724469304084778,
        -0.294034868478775,
        0.3499999940395355
      ]
    },
    {
      "pixel_coords": [
        204,
        84,
        12.741695404052734
      ],
      "rotation": 69.77396603859601,
      "material": "rubber",
      "size": "small",
      "shape": "cylinder",
      "color": "green",
      "3d_coords": [
        -0.5395994782447815,
        2.6726155281066895,
        0.3499999940395355
      ]
    },
    {
      "pixel_coords": [
        270,
        93,
        11.074254989624023
      ],
      "rotation": 159.98302067581054,
      "material": "rubber",
      "size": "large",
      "shape": "cube",
      "color": "green",
      "3d_coords": [
        1.9969711303710938,
        2.908892869949341,
        0.699999988079071
      ]
    },
    {
      "pixel_coords": [
        242,
        118,
        10.23969841003418
      ],
      "rotation": 168.23976576813814,
      "material": "rubber",
      "size": "small",
      "shape": "sphere",
      "color": "green",
      "3d_coords": [
        2.0622239112854004,
        1.344656229019165,
        0.3499999940395355
      ]
    },
    {
      "pixel_coords": [
        165,
        86,
        12.076803207397461
      ],
      "rotation": 184.175237902024,
      "material": "rubber",
      "size": "medium",
      "shape": "cylinder",
      "color": "green",
      "3d_coords": [
        -1.0210497379302979,
        1.193830966949463,
        0.5249999761581421
      ]
    },
    {
      "pixel_coords": [
        76,
        132,
        9.145933151245117
      ],
      "rotation": 100.09061221194389,
      "material": "rubber",
      "size": "medium",
      "shape": "sphere",
      "color": "red",
      "3d_coords": [
        -0.23727792501449585,
        -2.7873940467834473,
        0.5249999761581421
      ]
    }
  ]
}