{
  "image_filename": "CLEVR_new_001584.png",
  "directions": {
    "left": [
      -0.6563112735748291,
      -0.7544902563095093,
      0.0
    ],
    "right": [
      0.6563112735748291,
      0.7544902563095093,
      -0.0
    ],
    "front": [
      0.754490315914154,
      -0.6563112735748291,
      -0.0
    ],
    "behind": [
      -0.754490315914154,
      0.6563112735748291,
      0.0
    ],
    "below": [
      -0.0,
      -0.0,
      -1.0
    ],
    "above": [
      0.0,
      0.0,
      1.0
    ]
  },
  "intruder_pos": [
    [
      99,
      80
    ],
    [
      126,
      114
    ]
  ],
  "image_index": 1584,
  "split": "new",
  "relationships": {
    "left": [
      [
        1,
        2,
        3,
        4,
        5,
        6,
        7
      ],
      [
        2,
        5,
        6,
        7
      ],
      [],
      [
        1,
        2,
        4,
        5,
        6,
        7
      ],
      [
        1,
        2,
        5,
        6,
        7
      ],
      [
        2,
        6,
        7
      ],
      [
        2
      ],
      [
        2,
        6
      ]
    ],
    "right": [
      [],
      [
        0,
        3,
        4
      ],
      [
        0,
        1,
        3,
        4,
        5,
        6,
        7
      ],
      [
        0
      ],
      [
        0,
        3
      ],
      [
        0,
        1,
        3,
        4
      ],
      [
        0,
        1,
        3,
        4,
        5,
        7
      ],
      [
        0,
        1,
        3,
        4,
        5
      ]
    ],
    "front": [
      [
        1,
        4,
        7
      ],
      [
        4,
        7
      ],
      [
        0,
        1,
        4,
        7
      ],
      [
        0,
        1,
        2,
        4,
        7
      ],
      [],
      [
        0,
        1,
        2,
        3,
        4,
        7
      ],
      [
        0,
        1,
        2,
        3,
        4,
        5,
        7
      ],
      [
        4
      ]
    ],
    "behind": [
      [
        2,
        3,
        5,
        6
      ],
      [
        0,
        2,
        3,
        5,
        6
      ],
      [
        3,
        5,
        6
      ],
      [
        5,
        6
      ],
      [
        0,
        1,
        2,
        3,
        5,
        6,
        7
      ],
      [
        6
      ],
      [],
      [
        0,
        1,
        2,
        3,
        5,
        6
      ]
    ]
  },
  "objects": [
    {
      "color": "blue",
      "material": "rubber",
      "pixel_coords": [
        270,
        109,
        11.162713050842285
      ],
      "3d_coords": [
        2.347249746322632,
        2.6255979537963867,
        0.3499999940395355
      ],
      "size": "small",
      "rotation": 146.8410109268982,
      "shape": "cube"
    },
    {
      "color": "blue",
      "material": "rubber",
      "pixel_coords": [
        173,
        132,
        9.810201644897461
      ],
      "3d_coords": [
        1.2886766195297241,
        -0.7152736783027649,
        0.3499999940395355
      ],
      "size": "small",
      "rotation": 257.9922319384042,
      "shape": "sphere"
    },
    {
      "color": "blue",
      "material": "rubber",
      "pixel_coords": [
        55,
        107,
        11.318206787109375
      ],
      "3d_coords": [
        -2.520608425140381,
        -2.2875914573669434,
        0.3499999940395355
      ],
      "size": "small",
      "rotation": 165.59371175627666,
      "shape": "cylinder"
    },
    {
      "color": "blue",
      "material": "rubber",
      "pixel_coords": [
        214,
        90,
        12.140460014343262
      ],
      "3d_coords": [
        0.3442494869232178,
        2.2327048778533936,
        0.5249999761581421
      ],
      "size": "medium",
      "rotation": 259.8015188551324,
      "shape": "cylinder"
    },
    {
      "color": "blue",
      "material": "rubber",
      "pixel_coords": [
        203,
        166,
        8.348867416381836
      ],
      "3d_coords": [
        2.938462495803833,
        -1.3591361045837402,
        0.3499999940395355
      ],
      "size": "small",
      "rotation": 104.42477471824705,
      "shape": "cube"
    },
    {
      "color": "blue",
      "material": "rubber",
      "pixel_coords": [
        151,
        81,
        12.364217758178711
      ],
      "3d_coords": [
        -1.3873642683029175,
        0.8920100927352905,
        0.699999988079071
      ],
      "size": "large",
      "rotation": 133.256834968067,
      "shape": "cylinder"
    },
    {
      "color": "blue",
      "material": "rubber",
      "pixel_coords": [
        111,
        87,
        12.836655616760254
      ],
      "3d_coords": [
        -2.672738790512085,
        0.03991267457604408,
        0.3499999940395355
      ],
      "size": "small",
      "rotation": 79.70954588376232,
      "shape": "cube"
    },
    {
      "color": "green",
      "material": "rubber",
      "pixel_coords": [
        113,
        142,
        9.314607620239258
      ],
      "3d_coords": [
        0.5967004895210266,
        -2.262295722961426,
        0.3499999940395355
      ],
      "size": "small",
      "rotation": 246.56808413102235,
      "shape": "cylinder"
    }
  ]
}