{
  "split": "new",
  "intruder_pos": [
    [
      38,
      115
    ],
    [
      89,
      173
    ]
  ],
  "relationships": {
    "front": [
      [
        1,
        5,
        6
      ],
      [
        6
      ],
      [
        0,
        1,
        3,
        5,
        6,
        7
      ],
      [
        0,
        1,
        5,
        6,
        7
      ],
      [
        0,
        1,
        2,
        3,
        5,
        6,
        7
      ],
      [
        1,
        6
      ],
      [],
      [
        0,
        1,
        5,
        6
      ]
    ],
    "left": [
      [
        1,
        2,
        3,
        4,
        5,
        6,
        7
      ],
      [
        2,
        4,
        5,
        6,
        7
      ],
      [
        5,
        7
      ],
      [
        1,
        2,
        4,
        5,
        6,
        7
      ],
      [
        2,
        5,
        6,
        7
      ],
      [
        7
      ],
      [
        2,
        5,
        7
      ],
      []
    ],
    "behind": [
      [
        2,
        3,
        4,
        7
      ],
      [
        0,
        2,
        3,
        4,
        5,
        7
      ],
      [
        4
      ],
      [
        2,
        4
      ],
      [],
      [
        0,
        2,
        3,
        4,
        7
      ],
      [
        0,
        1,
        2,
        3,
        4,
        5,
        7
      ],
      [
        2,
        3,
        4
      ]
    ],
    "right": [
      [],
      [
        0,
        3
      ],
      [
        0,
        1,
        3,
        4,
        6
      ],
      [
        0
      ],
      [
        0,
        1,
        3
      ],
      [
        0,
        1,
        2,
        3,
        4,
        6
      ],
      [
        0,
        1,
        3,
        4
      ],
      [
        0,
        1,
        2,
        3,
        4,
        5,
        6
      ]
    ]
  },
  "directions": {
    "front": [
      0.754490315914154,
      -0.6563112735748291,
      -0.0
    ],
    "above": [
      0.0,
      0.0,
      1.0
    ],
    "behind": [
      -0.754490315914154,
      0.6563112735748291,
      0.0
    ],
    "below": [
      -0.0,
      -0.0,
      -1.0
    ],
    "right": [
      0.6563112735748291,
      0.7544902563095093,
      -0.0
    ],
    "left": [
      -0.6563112735748291,
      -0.7544902563095093,
      0.0
    ]
  },
  "image_index": 157,
  "image_filename": "CLEVR_new_000157.png",
  "objects": [
    {
      "pixel_coords": [
        289,
        104,
        10.586075782775879
      ],
      "rotation": 209.63634542159835,
      "material": "rubber",
      "size": "large",
      "shape": "cube",
      "color": "blue",
      "3d_coords": [
        2.7437567710876465,
        2.766484022140503,
        0.699999988079071
      ]
    },
    {
      "pixel_coords": [
        218,
        139,
        9.284048080444336
      ],
      "rotation": 67.96795033887693,
      "material": "rubber",
      "size": "medium",
      "shape": "sphere",
      "color": "blue",
      "3d_coords": [
        2.41068434715271,
        -0.06898031383752823,
        0.5249999761581421
      ]
    },
    {
      "pixel_coords": [
        141,
        70,
        12.77497386932373
      ],
      "rotation": 7.8781394256406445,
      "material": "rubber",
      "size": "large",
      "shape": "sphere",
      "color": "blue",
      "3d_coords": [
        -2.207759141921997,
        1.0271302461624146,
        0.699999988079071
      ]
    },
    {
      "pixel_coords": [
        238,
        98,
        11.692474365234375
      ],
      "rotation": 82.81099876619669,
      "material": "rubber",
      "size": "small",
      "shape": "cube",
      "color": "blue",
      "3d_coords": [
        1.0832853317260742,
        2.520573139190674,
        0.3499999940395355
      ]
    },
    {
      "pixel_coords": [
        178,
        67,
        13.524779319763184
      ],
      "rotation": 345.1425568796519,
      "material": "rubber",
      "size": "medium",
      "shape": "cylinder",
      "color": "blue",
      "3d_coords": [
        -1.8710161447525024,
        2.5719027519226074,
        0.5249999761581421
      ]
    },
    {
      "pixel_coords": [
        112,
        122,
        10.039629936218262
      ],
      "rotation": 294.8723915236222,
      "material": "rubber",
      "size": "medium",
      "shape": "cylinder",
      "color": "blue",
      "3d_coords": [
        -0.18484032154083252,
        -1.672417163848877,
        0.5249999761581421
      ]
    },
    {
      "pixel_coords": [
        159,
        159,
        8.267377853393555
      ],
      "rotation": 344.8509112625812,
      "material": "rubber",
      "size": "large",
      "shape": "sphere",
      "color": "blue",
      "3d_coords": [
        2.189152240753174,
        -1.9544836282730103,
        0.699999988079071
      ]
    },
    {
      "pixel_coords": [
        65,
        95,
        11.120920181274414
      ],
      "rotation": 358.0817550558304,
      "material": "rubber",
      "size": "large",
      "shape": "cylinder",
      "color": "green",
      "3d_coords": [
        -2.298091411590576,
        -1.9950939416885376,
        0.699999988079071
      ]
    }
  ]
}