{
  "split": "new",
  "intruder_pos": [
    [
      225,
      126
    ],
    [
      247,
      144
    ]
  ],
  "relationships": {
    "front": [
      [
        1,
        2,
        4,
        6
      ],
      [
        4
      ],
      [
        1,
        4,
        6
      ],
      [
        0,
        1,
        2,
        4,
        6
      ],
      [],
      [
        0,
        1,
        2,
        3,
        4,
        6
      ],
      [
        1,
        4
      ]
    ],
    "left": [
      [],
      [
        0
      ],
      [
        0,
        1,
        3
      ],
      [
        0,
        1
      ],
      [
        0,
        1,
        2,
        3,
        5
      ],
      [
        0,
        1,
        2,
        3
      ],
      [
        0,
        1,
        2,
        3,
        4,
        5
      ]
    ],
    "behind": [
      [
        3,
        5
      ],
      [
        0,
        2,
        3,
        5,
        6
      ],
      [
        0,
        3,
        5
      ],
      [
        5
      ],
      [
        0,
        1,
        2,
        3,
        5,
        6
      ],
      [],
      [
        0,
        2,
        3,
        5
      ]
    ],
    "right": [
      [
        1,
        2,
        3,
        4,
        5,
        6
      ],
      [
        2,
        3,
        4,
        5,
        6
      ],
      [
        4,
        5,
        6
      ],
      [
        2,
        4,
        5,
        6
      ],
      [
        6
      ],
      [
        4,
        6
      ],
      []
    ]
  },
  "directions": {
    "front": [
      0.754490315914154,
      -0.6563112735748291,
      -0.0
    ],
    "above": [
      0.0,
      0.0,
      1.0
    ],
    "behind": [
      -0.754490315914154,
      0.6563112735748291,
      0.0
    ],
    "below": [
      -0.0,
      -0.0,
      -1.0
    ],
    "right": [
      0.6563112735748291,
      0.7544902563095093,
      -0.0
    ],
    "left": [
      -0.6563112735748291,
      -0.7544902563095093,
      0.0
    ]
  },
  "image_index": 62,
  "image_filename": "CLEVR_new_000062.png",
  "objects": [
    {
      "pixel_coords": [
        84,
        83,
        12.507162094116211
      ],
      "rotation": 289.6771190968942,
      "material": "rubber",
      "size": "large",
      "shape": "cylinder",
      "color": "green",
      "3d_coords": [
        -2.9254982471466064,
        -0.9872938394546509,
        0.699999988079071
      ]
    },
    {
      "pixel_coords": [
        129,
        111,
        10.586997985839844
      ],
      "rotation": 254.17523729928595,
      "material": "rubber",
      "size": "large",
      "shape": "sphere",
      "color": "green",
      "3d_coords": [
        -0.12938328087329865,
        -1.1699914932250977,
        0.699999988079071
      ]
    },
    {
      "pixel_coords": [
        167,
        102,
        11.942097663879395
      ],
      "rotation": 64.97818281402431,
      "material": "rubber",
      "size": "small",
      "shape": "cylinder",
      "color": "green",
      "3d_coords": [
        -0.325437992811203,
        0.6093399524688721,
        0.3499999940395355
      ]
    },
    {
      "pixel_coords": [
        148,
        82,
        13.024950981140137
      ],
      "rotation": 229.5627143926289,
      "material": "rubber",
      "size": "medium",
      "shape": "cube",
      "color": "green",
      "3d_coords": [
        -1.7577338218688965,
        1.0078262090682983,
        0.5249999761581421
      ]
    },
    {
      "pixel_coords": [
        231,
        137,
        9.553985595703125
      ],
      "rotation": 224.00329022001276,
      "material": "rubber",
      "size": "medium",
      "shape": "cube",
      "color": "green",
      "3d_coords": [
        2.7653374671936035,
        0.10127771645784378,
        0.5249999761581421
      ]
    },
    {
      "pixel_coords": [
        181,
        74,
        14.264101028442383
      ],
      "rotation": 351.43219467115847,
      "material": "rubber",
      "size": "small",
      "shape": "cylinder",
      "color": "green",
      "3d_coords": [
        -1.8507959842681885,
        2.8433709144592285,
        0.3499999940395355
      ]
    },
    {
      "pixel_coords": [
        236,
        109,
        11.485494613647461
      ],
      "rotation": 97.02114048646462,
      "material": "rubber",
      "size": "small",
      "shape": "cylinder",
      "color": "red",
      "3d_coords": [
        1.599761724472046,
        1.932940125465393,
        0.3499999940395355
      ]
    }
  ]
}