{
  "split": "new",
  "intruder_pos": [
    [
      61,
      107
    ],
    [
      107,
      154
    ]
  ],
  "relationships": {
    "front": [
      [],
      [
        0,
        2,
        4,
        6
      ],
      [
        0
      ],
      [
        0,
        1,
        2,
        4,
        5,
        6
      ],
      [
        0,
        2
      ],
      [
        0,
        1,
        2,
        4,
        6
      ],
      [
        0,
        2,
        4
      ]
    ],
    "left": [
      [
        1,
        2,
        3,
        5,
        6
      ],
      [
        2,
        5,
        6
      ],
      [
        5,
        6
      ],
      [
        1,
        2,
        5,
        6
      ],
      [
        0,
        1,
        2,
        3,
        5,
        6
      ],
      [],
      [
        5
      ]
    ],
    "behind": [
      [
        1,
        2,
        3,
        4,
        5,
        6
      ],
      [
        3,
        5
      ],
      [
        1,
        3,
        4,
        5,
        6
      ],
      [],
      [
        1,
        3,
        5,
        6
      ],
      [
        3
      ],
      [
        1,
        3,
        5
      ]
    ],
    "right": [
      [
        4
      ],
      [
        0,
        3,
        4
      ],
      [
        0,
        1,
        3,
        4
      ],
      [
        0,
        4
      ],
      [],
      [
        0,
        1,
        2,
        3,
        4,
        6
      ],
      [
        0,
        1,
        2,
        3,
        4
      ]
    ]
  },
  "directions": {
    "front": [
      0.754490315914154,
      -0.6563112735748291,
      -0.0
    ],
    "above": [
      0.0,
      0.0,
      1.0
    ],
    "behind": [
      -0.754490315914154,
      0.6563112735748291,
      0.0
    ],
    "below": [
      -0.0,
      -0.0,
      -1.0
    ],
    "right": [
      0.6563112735748291,
      0.7544902563095093,
      -0.0
    ],
    "left": [
      -0.6563112735748291,
      -0.7544902563095093,
      0.0
    ]
  },
  "image_index": 336,
  "image_filename": "CLEVR_new_000336.png",
  "objects": [
    {
      "pixel_coords": [
        211,
        147,
        9.39020824432373
      ],
      "rotation": 132.60085885621245,
      "material": "rubber",
      "size": "small",
      "shape": "cylinder",
      "color": "blue",
      "3d_coords": [
        2.5321712493896484,
        -0.46894851326942444,
        0.3499999940395355
      ]
    },
    {
      "pixel_coords": [
        159,
        99,
        11.69225025177002
      ],
      "rotation": 301.5588876665893,
      "material": "rubber",
      "size": "medium",
      "shape": "cylinder",
      "color": "green",
      "3d_coords": [
        -0.4229453504085541,
        0.32445162534713745,
        0.5249999761581421
      ]
    },
    {
      "pixel_coords": [
        113,
        129,
        10.263763427734375
      ],
      "rotation": 61.67781538816297,
      "material": "rubber",
      "size": "small",
      "shape": "cylinder",
      "color": "red",
      "3d_coords": [
        -0.05991368740797043,
        -1.8257745504379272,
        0.3499999940395355
      ]
    },
    {
      "pixel_coords": [
        169,
        79,
        13.742403030395508
      ],
      "rotation": 287.66542750853205,
      "material": "rubber",
      "size": "small",
      "shape": "cylinder",
      "color": "green",
      "3d_coords": [
        -1.7957333326339722,
        2.1386992931365967,
        0.3499999940395355
      ]
    },
    {
      "pixel_coords": [
        252,
        108,
        10.671802520751953
      ],
      "rotation": 8.743373007179427,
      "material": "rubber",
      "size": "large",
      "shape": "cylinder",
      "color": "red",
      "3d_coords": [
        2.288386821746826,
        1.7046328783035278,
        0.699999988079071
      ]
    },
    {
      "pixel_coords": [
        70,
        92,
        12.148558616638184
      ],
      "rotation": 319.0056549069409,
      "material": "rubber",
      "size": "medium",
      "shape": "cylinder",
      "color": "red",
      "3d_coords": [
        -2.8744893074035645,
        -1.5817166566848755,
        0.5249999761581421
      ]
    },
    {
      "pixel_coords": [
        85,
        108,
        11.058056831359863
      ],
      "rotation": 12.660223056360188,
      "material": "rubber",
      "size": "medium",
      "shape": "cube",
      "color": "red",
      "3d_coords": [
        -1.455960750579834,
        -1.8705817461013794,
        0.5249999761581421
      ]
    }
  ]
}