{
  "split": "new",
  "intruder_pos": [
    [
      184,
      144
    ],
    [
      213,
      179
    ]
  ],
  "relationships": {
    "front": [
      [
        1,
        2,
        3,
        4,
        5
      ],
      [
        2,
        3,
        4
      ],
      [
        3
      ],
      [],
      [
        2,
        3
      ],
      [
        1,
        2,
        3,
        4
      ],
      [
        0,
        1,
        2,
        3,
        4,
        5,
        7
      ],
      [
        0,
        1,
        2,
        3,
        4,
        5
      ]
    ],
    "left": [
      [
        2,
        4,
        5,
        6
      ],
      [
        0,
        2,
        3,
        4,
        5,
        6,
        7
      ],
      [],
      [
        0,
        2,
        4,
        5,
        6
      ],
      [
        2,
        5
      ],
      [
        2
      ],
      [
        2,
        4,
        5
      ],
      [
        0,
        2,
        3,
        4,
        5,
        6
      ]
    ],
    "behind": [
      [
        6,
        7
      ],
      [
        0,
        5,
        6,
        7
      ],
      [
        0,
        1,
        4,
        5,
        6,
        7
      ],
      [
        0,
        1,
        2,
        4,
        5,
        6,
        7
      ],
      [
        0,
        1,
        5,
        6,
        7
      ],
      [
        0,
        6,
        7
      ],
      [],
      [
        6
      ]
    ],
    "right": [
      [
        1,
        3,
        7
      ],
      [],
      [
        0,
        1,
        3,
        4,
        5,
        6,
        7
      ],
      [
        1,
        7
      ],
      [
        0,
        1,
        3,
        6,
        7
      ],
      [
        0,
        1,
        3,
        4,
        6,
        7
      ],
      [
        0,
        1,
        3,
        7
      ],
      [
        1
      ]
    ]
  },
  "directions": {
    "front": [
      0.754490315914154,
      -0.6563112735748291,
      -0.0
    ],
    "above": [
      0.0,
      0.0,
      1.0
    ],
    "behind": [
      -0.754490315914154,
      0.6563112735748291,
      0.0
    ],
    "below": [
      -0.0,
      -0.0,
      -1.0
    ],
    "right": [
      0.6563112735748291,
      0.7544902563095093,
      -0.0
    ],
    "left": [
      -0.6563112735748291,
      -0.7544902563095093,
      0.0
    ]
  },
  "image_index": 315,
  "image_filename": "CLEVR_new_000315.png",
  "objects": [
    {
      "pixel_coords": [
        169,
        86,
        12.53546142578125
      ],
      "rotation": 255.67658972499515,
      "material": "rubber",
      "size": "small",
      "shape": "cylinder",
      "color": "red",
      "3d_coords": [
        -1.375640869140625,
        1.497464656829834,
        0.3499999940395355
      ]
    },
    {
      "pixel_coords": [
        243,
        104,
        11.10500717163086
      ],
      "rotation": 180.39723042604584,
      "material": "rubber",
      "size": "small",
      "shape": "sphere",
      "color": "red",
      "3d_coords": [
        1.3057581186294556,
        2.3162219524383545,
        0.3499999940395355
      ]
    },
    {
      "pixel_coords": [
        64,
        132,
        9.465703010559082
      ],
      "rotation": 219.56720777794794,
      "material": "rubber",
      "size": "small",
      "shape": "cylinder",
      "color": "red",
      "3d_coords": [
        -0.4908233880996704,
        -2.9293205738067627,
        0.3499999940395355
      ]
    },
    {
      "pixel_coords": [
        182,
        153,
        7.860471248626709
      ],
      "rotation": 269.0405043771115,
      "material": "rubber",
      "size": "large",
      "shape": "cube",
      "color": "red",
      "3d_coords": [
        2.693265914916992,
        -1.5046099424362183,
        0.699999988079071
      ]
    },
    {
      "pixel_coords": [
        128,
        123,
        9.920286178588867
      ],
      "rotation": 23.049287018676626,
      "material": "rubber",
      "size": "small",
      "shape": "sphere",
      "color": "red",
      "3d_coords": [
        0.16435255110263824,
        -1.2753667831420898,
        0.3499999940395355
      ]
    },
    {
      "pixel_coords": [
        121,
        87,
        11.941051483154297
      ],
      "rotation": 40.49038191362096,
      "material": "rubber",
      "size": "medium",
      "shape": "cylinder",
      "color": "red",
      "3d_coords": [
        -1.9464138746261597,
        -0.16032807528972626,
        0.5249999761581421
      ]
    },
    {
      "pixel_coords": [
        153,
        71,
        13.47786808013916
      ],
      "rotation": 99.8848007336954,
      "material": "rubber",
      "size": "medium",
      "shape": "sphere",
      "color": "red",
      "3d_coords": [
        -2.645167589187622,
        1.7310316562652588,
        0.5249999761581421
      ]
    },
    {
      "pixel_coords": [
        198,
        77,
        12.841282844543457
      ],
      "rotation": 358.96271202345156,
      "material": "rubber",
      "size": "medium",
      "shape": "cube",
      "color": "blue",
      "3d_coords": [
        -1.0409660339355469,
        2.6172280311584473,
        0.5249999761581421
      ]
    }
  ]
}