{
  "relationships": {
    "front": [
      [
        1,
        4,
        5
      ],
      [
        4,
        5
      ],
      [
        0,
        1,
        3,
        4,
        5,
        6
      ],
      [
        0,
        1,
        4,
        5,
        6
      ],
      [
        5
      ],
      [],
      [
        0,
        1,
        4,
        5
      ],
      [
        0,
        1,
        2,
        3,
        4,
        5,
        6
      ]
    ],
    "right": [
      [
        1,
        2,
        3,
        4,
        5,
        6,
        7
      ],
      [
        3,
        4,
        5,
        6,
        7
      ],
      [
        1,
        3,
        4,
        5,
        6,
        7
      ],
      [],
      [
        3
      ],
      [
        3,
        4,
        7
      ],
      [
        3,
        4,
        5,
        7
      ],
      [
        3,
        4
      ]
    ],
    "left": [
      [],
      [
        0,
        2
      ],
      [
        0
      ],
      [
        0,
        1,
        2,
        4,
        5,
        6,
        7
      ],
      [
        0,
        1,
        2,
        5,
        6,
        7
      ],
      [
        0,
        1,
        2,
        6
      ],
      [
        0,
        1,
        2
      ],
      [
        0,
        1,
        2,
        5,
        6
      ]
    ],
    "behind": [
      [
        2,
        3,
        6,
        7
      ],
      [
        0,
        2,
        3,
        6,
        7
      ],
      [
        7
      ],
      [
        2,
        7
      ],
      [
        0,
        1,
        2,
        3,
        6,
        7
      ],
      [
        0,
        1,
        2,
        3,
        4,
        6,
        7
      ],
      [
        2,
        3,
        7
      ],
      []
    ]
  },
  "intruder_pos": [
    [
      141,
      147
    ],
    [
      187,
      192
    ]
  ],
  "image_filename": "CLEVR_new_001337.png",
  "directions": {
    "below": [
      -0.0,
      -0.0,
      -1.0
    ],
    "right": [
      0.6563112735748291,
      0.7544902563095093,
      -0.0
    ],
    "behind": [
      -0.754490315914154,
      0.6563112735748291,
      0.0
    ],
    "front": [
      0.754490315914154,
      -0.6563112735748291,
      -0.0
    ],
    "above": [
      0.0,
      0.0,
      1.0
    ],
    "left": [
      -0.6563112735748291,
      -0.7544902563095093,
      0.0
    ]
  },
  "image_index": 1337,
  "split": "new",
  "objects": [
    {
      "3d_coords": [
        -1.3168795108795166,
        -1.6822004318237305,
        0.3499999940395355
      ],
      "pixel_coords": [
        93,
        112,
        11.11494255065918
      ],
      "material": "rubber",
      "rotation": 237.19967082003672,
      "shape": "cylinder",
      "color": "green",
      "size": "small"
    },
    {
      "3d_coords": [
        0.3822925090789795,
        -1.9159693717956543,
        0.3499999940395355
      ],
      "pixel_coords": [
        118,
        133,
        9.838242530822754
      ],
      "material": "rubber",
      "rotation": 51.97040717647991,
      "shape": "cylinder",
      "color": "red",
      "size": "small"
    },
    {
      "3d_coords": [
        -2.5287864208221436,
        -0.06525229662656784,
        0.3499999940395355
      ],
      "pixel_coords": [
        113,
        90,
        12.899983406066895
      ],
      "material": "rubber",
      "rotation": 346.12630160196545,
      "shape": "cylinder",
      "color": "red",
      "size": "small"
    },
    {
      "3d_coords": [
        0.32331347465515137,
        2.5761632919311523,
        0.699999988079071
      ],
      "pixel_coords": [
        220,
        84,
        12.433923721313477
      ],
      "material": "rubber",
      "rotation": 98.43332911942296,
      "shape": "cylinder",
      "color": "green",
      "size": "large"
    },
    {
      "3d_coords": [
        2.5433013439178467,
        -1.0924919843673706,
        0.3499999940395355
      ],
      "pixel_coords": [
        195,
        153,
        8.890347480773926
      ],
      "material": "rubber",
      "rotation": 46.86181257257507,
      "shape": "cylinder",
      "color": "blue",
      "size": "small"
    },
    {
      "3d_coords": [
        2.889589548110962,
        -2.7888197898864746,
        0.5249999761581421
      ],
      "pixel_coords": [
        154,
        179,
        7.559820652008057
      ],
      "material": "rubber",
      "rotation": 215.41033437171723,
      "shape": "cylinder",
      "color": "green",
      "size": "medium"
    },
    {
      "3d_coords": [
        -1.0201313495635986,
        0.07902170717716217,
        0.699999988079071
      ],
      "pixel_coords": [
        142,
        91,
        11.826162338256836
      ],
      "material": "rubber",
      "rotation": 72.87406564023553,
      "shape": "cylinder",
      "color": "red",
      "size": "large"
    },
    {
      "3d_coords": [
        -2.2553415298461914,
        2.244767189025879,
        0.699999988079071
      ],
      "pixel_coords": [
        164,
        69,
        13.957694053649902
      ],
      "material": "rubber",
      "rotation": 76.76990714522803,
      "shape": "cube",
      "color": "blue",
      "size": "large"
    }
  ]
}