{
  "image_filename": "CLEVR_new_001557.png",
  "directions": {
    "left": [
      -0.6563112735748291,
      -0.7544902563095093,
      0.0
    ],
    "right": [
      0.6563112735748291,
      0.7544902563095093,
      -0.0
    ],
    "front": [
      0.754490315914154,
      -0.6563112735748291,
      -0.0
    ],
    "behind": [
      -0.754490315914154,
      0.6563112735748291,
      0.0
    ],
    "below": [
      -0.0,
      -0.0,
      -1.0
    ],
    "above": [
      0.0,
      0.0,
      1.0
    ]
  },
  "intruder_pos": [
    [
      245,
      113
    ],
    [
      285,
      158
    ]
  ],
  "image_index": 1557,
  "split": "new",
  "relationships": {
    "left": [
      [
        2,
        4,
        6
      ],
      [
        0,
        2,
        3,
        4,
        5,
        6
      ],
      [
        4,
        6
      ],
      [
        0,
        2,
        4,
        5,
        6
      ],
      [],
      [
        0,
        2,
        4,
        6
      ],
      [
        4
      ],
      [
        0,
        1,
        2,
        3,
        4,
        5,
        6
      ]
    ],
    "right": [
      [
        1,
        3,
        5,
        7
      ],
      [
        7
      ],
      [
        0,
        1,
        3,
        5,
        7
      ],
      [
        1,
        7
      ],
      [
        0,
        1,
        2,
        3,
        5,
        6,
        7
      ],
      [
        1,
        3,
        7
      ],
      [
        0,
        1,
        2,
        3,
        5,
        7
      ],
      []
    ],
    "front": [
      [],
      [
        0
      ],
      [
        0,
        1,
        6
      ],
      [
        0,
        1,
        2,
        6
      ],
      [
        0,
        1,
        2,
        3,
        6,
        7
      ],
      [
        0,
        1,
        2,
        3,
        4,
        6,
        7
      ],
      [
        0,
        1
      ],
      [
        0,
        1,
        2,
        3,
        6
      ]
    ],
    "behind": [
      [
        1,
        2,
        3,
        4,
        5,
        6,
        7
      ],
      [
        2,
        3,
        4,
        5,
        6,
        7
      ],
      [
        3,
        4,
        5,
        7
      ],
      [
        4,
        5,
        7
      ],
      [
        5
      ],
      [],
      [
        2,
        3,
        4,
        5,
        7
      ],
      [
        4,
        5
      ]
    ]
  },
  "objects": [
    {
      "color": "green",
      "material": "rubber",
      "pixel_coords": [
        166,
        157,
        8.897499084472656
      ],
      "3d_coords": [
        1.9621233940124512,
        -1.6417903900146484,
        0.3499999940395355
      ],
      "size": "small",
      "rotation": 274.4245591576965,
      "shape": "sphere"
    },
    {
      "color": "green",
      "material": "rubber",
      "pixel_coords": [
        249,
        138,
        9.682120323181152
      ],
      "3d_coords": [
        2.887934446334839,
        0.6388198137283325,
        0.3499999940395355
      ],
      "size": "small",
      "rotation": 54.043018082290075,
      "shape": "cube"
    },
    {
      "color": "green",
      "material": "rubber",
      "pixel_coords": [
        136,
        125,
        10.294754981994629
      ],
      "3d_coords": [
        0.1996278464794159,
        -1.172199010848999,
        0.3499999940395355
      ],
      "size": "small",
      "rotation": 33.370140957271566,
      "shape": "cube"
    },
    {
      "color": "green",
      "material": "rubber",
      "pixel_coords": [
        216,
        105,
        10.654630661010742
      ],
      "3d_coords": [
        1.4150846004486084,
        0.9910733103752136,
        0.699999988079071
      ],
      "size": "large",
      "rotation": 59.330809707049724,
      "shape": "cube"
    },
    {
      "color": "green",
      "material": "rubber",
      "pixel_coords": [
        63,
        101,
        11.340326309204102
      ],
      "3d_coords": [
        -2.4158267974853516,
        -2.0437138080596924,
        0.5249999761581421
      ],
      "size": "medium",
      "rotation": 16.11012452105541,
      "shape": "cylinder"
    },
    {
      "color": "green",
      "material": "rubber",
      "pixel_coords": [
        176,
        85,
        12.023295402526855
      ],
      "3d_coords": [
        -0.5017536282539368,
        1.250571370124817,
        0.699999988079071
      ],
      "size": "large",
      "rotation": 305.07774488334854,
      "shape": "cube"
    },
    {
      "color": "green",
      "material": "rubber",
      "pixel_coords": [
        96,
        129,
        9.787610054016113
      ],
      "3d_coords": [
        -0.18750829994678497,
        -2.281553030014038,
        0.5249999761581421
      ],
      "size": "medium",
      "rotation": 173.8292904477574,
      "shape": "cube"
    },
    {
      "color": "blue",
      "material": "rubber",
      "pixel_coords": [
        265,
        103,
        11.162734031677246
      ],
      "3d_coords": [
        2.201263904571533,
        2.522186517715454,
        0.5249999761581421
      ],
      "size": "medium",
      "rotation": 77.38863820880239,
      "shape": "cube"
    }
  ]
}