{
  "image_filename": "CLEVR_new_001587.png",
  "directions": {
    "left": [
      -0.6563112735748291,
      -0.7544902563095093,
      0.0
    ],
    "right": [
      0.6563112735748291,
      0.7544902563095093,
      -0.0
    ],
    "front": [
      0.754490315914154,
      -0.6563112735748291,
      -0.0
    ],
    "behind": [
      -0.754490315914154,
      0.6563112735748291,
      0.0
    ],
    "below": [
      -0.0,
      -0.0,
      -1.0
    ],
    "above": [
      0.0,
      0.0,
      1.0
    ]
  },
  "intruder_pos": [
    [
      186,
      65
    ],
    [
      213,
      101
    ]
  ],
  "image_index": 1587,
  "split": "new",
  "relationships": {
    "left": [
      [
        3,
        4,
        5,
        6
      ],
      [
        0,
        2,
        3,
        4,
        5,
        6
      ],
      [
        0,
        3,
        4,
        5,
        6
      ],
      [
        4,
        5
      ],
      [
        5
      ],
      [],
      [
        3,
        4,
        5
      ]
    ],
    "right": [
      [
        1,
        2
      ],
      [],
      [
        1
      ],
      [
        0,
        1,
        2,
        6
      ],
      [
        0,
        1,
        2,
        3,
        6
      ],
      [
        0,
        1,
        2,
        3,
        4,
        6
      ],
      [
        0,
        1,
        2
      ]
    ],
    "front": [
      [
        1,
        2,
        4,
        6
      ],
      [
        2,
        4,
        6
      ],
      [
        6
      ],
      [
        0,
        1,
        2,
        4,
        5,
        6
      ],
      [
        2,
        6
      ],
      [
        0,
        1,
        2,
        4,
        6
      ],
      []
    ],
    "behind": [
      [
        3,
        5
      ],
      [
        0,
        3,
        5
      ],
      [
        0,
        1,
        3,
        4,
        5
      ],
      [],
      [
        0,
        1,
        3,
        5
      ],
      [
        3
      ],
      [
        0,
        1,
        2,
        3,
        4,
        5
      ]
    ]
  },
  "objects": [
    {
      "color": "red",
      "material": "rubber",
      "pixel_coords": [
        203,
        93,
        12.062294960021973
      ],
      "3d_coords": [
        0.34439244866371155,
        1.7208664417266846,
        0.5249999761581421
      ],
      "size": "medium",
      "rotation": 248.38096998805273,
      "shape": "cube"
    },
    {
      "color": "green",
      "material": "rubber",
      "pixel_coords": [
        282,
        108,
        11.11267375946045
      ],
      "3d_coords": [
        2.79226016998291,
        2.7007315158843994,
        0.5249999761581421
      ],
      "size": "medium",
      "rotation": 27.068553611694437,
      "shape": "cube"
    },
    {
      "color": "green",
      "material": "rubber",
      "pixel_coords": [
        256,
        130,
        10.003388404846191
      ],
      "3d_coords": [
        2.9440107345581055,
        0.9944323897361755,
        0.5249999761581421
      ],
      "size": "medium",
      "rotation": 201.27628593494555,
      "shape": "cube"
    },
    {
      "color": "red",
      "material": "rubber",
      "pixel_coords": [
        158,
        67,
        13.646040916442871
      ],
      "3d_coords": [
        -2.1356265544891357,
        1.9225233793258667,
        0.699999988079071
      ],
      "size": "large",
      "rotation": 106.97901471135414,
      "shape": "cube"
    },
    {
      "color": "green",
      "material": "rubber",
      "pixel_coords": [
        121,
        120,
        10.147309303283691
      ],
      "3d_coords": [
        0.08563990890979767,
        -1.6243953704833984,
        0.699999988079071
      ],
      "size": "large",
      "rotation": 73.69034364898165,
      "shape": "cube"
    },
    {
      "color": "blue",
      "material": "rubber",
      "pixel_coords": [
        101,
        87,
        12.901588439941406
      ],
      "3d_coords": [
        -2.810864210128784,
        -0.33802905678749084,
        0.3499999940395355
      ],
      "size": "small",
      "rotation": 313.23459556198446,
      "shape": "cube"
    },
    {
      "color": "red",
      "material": "rubber",
      "pixel_coords": [
        200,
        156,
        9.204750061035156
      ],
      "3d_coords": [
        2.5183465480804443,
        -0.9458708763122559,
        0.3499999940395355
      ],
      "size": "small",
      "rotation": 323.0445203144758,
      "shape": "cylinder"
    }
  ]
}