{
  "relationships": {
    "front": [
      [
        1,
        2,
        3,
        4,
        6
      ],
      [
        2,
        3,
        4,
        6
      ],
      [
        3,
        4,
        6
      ],
      [
        6
      ],
      [
        3,
        6
      ],
      [
        0,
        1,
        2,
        3,
        4,
        6
      ],
      []
    ],
    "right": [
      [
        2,
        3,
        4,
        5,
        6
      ],
      [
        0,
        2,
        3,
        4,
        5,
        6
      ],
      [],
      [
        2,
        5
      ],
      [
        2,
        3,
        5,
        6
      ],
      [
        2
      ],
      [
        2,
        3,
        5
      ]
    ],
    "left": [
      [
        1
      ],
      [],
      [
        0,
        1,
        3,
        4,
        5,
        6
      ],
      [
        0,
        1,
        4,
        6
      ],
      [
        0,
        1
      ],
      [
        0,
        1,
        3,
        4,
        6
      ],
      [
        0,
        1,
        4
      ]
    ],
    "behind": [
      [
        5
      ],
      [
        0,
        5
      ],
      [
        0,
        1,
        5
      ],
      [
        0,
        1,
        2,
        4,
        5
      ],
      [
        0,
        1,
        2,
        5
      ],
      [],
      [
        0,
        1,
        2,
        3,
        4,
        5
      ]
    ]
  },
  "intruder_pos": [
    [
      130,
      14
    ],
    [
      180,
      83
    ]
  ],
  "image_filename": "CLEVR_new_001219.png",
  "directions": {
    "below": [
      -0.0,
      -0.0,
      -1.0
    ],
    "right": [
      0.6563112735748291,
      0.7544902563095093,
      -0.0
    ],
    "behind": [
      -0.754490315914154,
      0.6563112735748291,
      0.0
    ],
    "front": [
      0.754490315914154,
      -0.6563112735748291,
      -0.0
    ],
    "above": [
      0.0,
      0.0,
      1.0
    ],
    "left": [
      -0.6563112735748291,
      -0.7544902563095093,
      0.0
    ]
  },
  "image_index": 1219,
  "split": "new",
  "objects": [
    {
      "3d_coords": [
        -2.4066193103790283,
        -0.23560830950737,
        0.3499999940395355
      ],
      "pixel_coords": [
        109,
        89,
        12.422039031982422
      ],
      "material": "rubber",
      "rotation": 29.7103946157073,
      "shape": "sphere",
      "color": "green",
      "size": "small"
    },
    {
      "3d_coords": [
        -2.8757972717285156,
        -2.190223455429077,
        0.699999988079071
      ],
      "pixel_coords": [
        51,
        92,
        11.403918266296387
      ],
      "material": "rubber",
      "rotation": 25.830342491599275,
      "shape": "sphere",
      "color": "red",
      "size": "large"
    },
    {
      "3d_coords": [
        1.5645649433135986,
        1.8450525999069214,
        0.5249999761581421
      ],
      "pixel_coords": [
        237,
        104,
        10.996806144714355
      ],
      "material": "rubber",
      "rotation": 204.85686202057144,
      "shape": "sphere",
      "color": "blue",
      "size": "medium"
    },
    {
      "3d_coords": [
        1.6578892469406128,
        -0.9393849968910217,
        0.699999988079071
      ],
      "pixel_coords": [
        176,
        131,
        9.211283683776855
      ],
      "material": "rubber",
      "rotation": 62.052581499636325,
      "shape": "sphere",
      "color": "blue",
      "size": "large"
    },
    {
      "3d_coords": [
        -0.07228321582078934,
        -1.2809988260269165,
        0.3499999940395355
      ],
      "pixel_coords": [
        126,
        123,
        10.297840118408203
      ],
      "material": "rubber",
      "rotation": 308.05457714365286,
      "shape": "sphere",
      "color": "green",
      "size": "small"
    },
    {
      "3d_coords": [
        -0.8234828114509583,
        2.391690254211426,
        0.5249999761581421
      ],
      "pixel_coords": [
        193,
        78,
        12.861896514892578
      ],
      "material": "rubber",
      "rotation": 72.81600285882531,
      "shape": "sphere",
      "color": "green",
      "size": "medium"
    },
    {
      "3d_coords": [
        2.8897335529327393,
        -2.7619166374206543,
        0.5249999761581421
      ],
      "pixel_coords": [
        156,
        190,
        7.426576137542725
      ],
      "material": "rubber",
      "rotation": 306.1856361691042,
      "shape": "cylinder",
      "color": "red",
      "size": "medium"
    }
  ]
}