{
  "relationships": {
    "front": [
      [],
      [
        0,
        2,
        3,
        4,
        5,
        6,
        7
      ],
      [
        0
      ],
      [
        0,
        2,
        4,
        5,
        6
      ],
      [
        0,
        2,
        5,
        6
      ],
      [
        0,
        2
      ],
      [
        0,
        2,
        5
      ],
      [
        0,
        2,
        3,
        4,
        5,
        6
      ]
    ],
    "right": [
      [
        1,
        2,
        3,
        5,
        6
      ],
      [
        2,
        6
      ],
      [
        6
      ],
      [
        1,
        2,
        6
      ],
      [
        0,
        1,
        2,
        3,
        5,
        6,
        7
      ],
      [
        1,
        2,
        3,
        6
      ],
      [],
      [
        0,
        1,
        2,
        3,
        5,
        6
      ]
    ],
    "left": [
      [
        4,
        7
      ],
      [
        0,
        3,
        4,
        5,
        7
      ],
      [
        0,
        1,
        3,
        4,
        5,
        7
      ],
      [
        0,
        4,
        5,
        7
      ],
      [],
      [
        0,
        4,
        7
      ],
      [
        0,
        1,
        2,
        3,
        4,
        5,
        7
      ],
      [
        4
      ]
    ],
    "behind": [
      [
        1,
        2,
        3,
        4,
        5,
        6,
        7
      ],
      [],
      [
        1,
        3,
        4,
        5,
        6,
        7
      ],
      [
        1,
        7
      ],
      [
        1,
        3,
        7
      ],
      [
        1,
        3,
        4,
        6,
        7
      ],
      [
        1,
        3,
        4,
        7
      ],
      [
        1
      ]
    ]
  },
  "intruder_pos": [
    [
      68,
      132
    ],
    [
      97,
      159
    ]
  ],
  "image_filename": "CLEVR_new_001154.png",
  "directions": {
    "below": [
      -0.0,
      -0.0,
      -1.0
    ],
    "right": [
      0.6563112735748291,
      0.7544902563095093,
      -0.0
    ],
    "behind": [
      -0.754490315914154,
      0.6563112735748291,
      0.0
    ],
    "front": [
      0.754490315914154,
      -0.6563112735748291,
      -0.0
    ],
    "above": [
      0.0,
      0.0,
      1.0
    ],
    "left": [
      -0.6563112735748291,
      -0.7544902563095093,
      0.0
    ]
  },
  "image_index": 1154,
  "split": "new",
  "objects": [
    {
      "3d_coords": [
        0.6408789157867432,
        -2.7368640899658203,
        0.699999988079071
      ],
      "pixel_coords": [
        98,
        137,
        8.612608909606934
      ],
      "material": "rubber",
      "rotation": 275.8327257883689,
      "shape": "sphere",
      "color": "green",
      "size": "large"
    },
    {
      "3d_coords": [
        -1.1105424165725708,
        1.8789628744125366,
        0.699999988079071
      ],
      "pixel_coords": [
        176,
        77,
        12.610453605651855
      ],
      "material": "rubber",
      "rotation": 305.4974288161985,
      "shape": "sphere",
      "color": "red",
      "size": "large"
    },
    {
      "3d_coords": [
        2.8633813858032227,
        0.9935004711151123,
        0.3499999940395355
      ],
      "pixel_coords": [
        258,
        131,
        9.65753173828125
      ],
      "material": "rubber",
      "rotation": 252.13811648774646,
      "shape": "sphere",
      "color": "blue",
      "size": "small"
    },
    {
      "3d_coords": [
        -0.4484134018421173,
        0.38546597957611084,
        0.5249999761581421
      ],
      "pixel_coords": [
        159,
        97,
        11.333505630493164
      ],
      "material": "rubber",
      "rotation": 38.41926693789732,
      "shape": "sphere",
      "color": "blue",
      "size": "medium"
    },
    {
      "3d_coords": [
        -2.320483684539795,
        -2.4144458770751953,
        0.5249999761581421
      ],
      "pixel_coords": [
        51,
        105,
        10.79764175415039
      ],
      "material": "rubber",
      "rotation": 241.68027344159884,
      "shape": "sphere",
      "color": "blue",
      "size": "medium"
    },
    {
      "3d_coords": [
        0.4757263660430908,
        -1.12007474899292,
        0.5249999761581421
      ],
      "pixel_coords": [
        143,
        121,
        9.802350044250488
      ],
      "material": "rubber",
      "rotation": 310.6552059181303,
      "shape": "sphere",
      "color": "red",
      "size": "medium"
    },
    {
      "3d_coords": [
        2.4623258113861084,
        2.3558385372161865,
        0.3499999940395355
      ],
      "pixel_coords": [
        271,
        112,
        10.7628812789917
      ],
      "material": "rubber",
      "rotation": 228.27444184769558,
      "shape": "sphere",
      "color": "red",
      "size": "small"
    },
    {
      "3d_coords": [
        -2.8066718578338623,
        -0.9758371114730835,
        0.3499999940395355
      ],
      "pixel_coords": [
        83,
        94,
        12.083263397216797
      ],
      "material": "rubber",
      "rotation": 69.22144947929687,
      "shape": "cube",
      "color": "red",
      "size": "small"
    }
  ]
}