{
  "image_filename": "CLEVR_new_001578.png",
  "directions": {
    "left": [
      -0.6563112735748291,
      -0.7544902563095093,
      0.0
    ],
    "right": [
      0.6563112735748291,
      0.7544902563095093,
      -0.0
    ],
    "front": [
      0.754490315914154,
      -0.6563112735748291,
      -0.0
    ],
    "behind": [
      -0.754490315914154,
      0.6563112735748291,
      0.0
    ],
    "below": [
      -0.0,
      -0.0,
      -1.0
    ],
    "above": [
      0.0,
      0.0,
      1.0
    ]
  },
  "intruder_pos": [
    [
      172,
      105
    ],
    [
      205,
      147
    ]
  ],
  "image_index": 1578,
  "split": "new",
  "relationships": {
    "left": [
      [
        1,
        2,
        3,
        5,
        6,
        7
      ],
      [
        2,
        3,
        5,
        6
      ],
      [
        5,
        6
      ],
      [
        2,
        5,
        6
      ],
      [
        0,
        1,
        2,
        3,
        5,
        6,
        7
      ],
      [],
      [
        5
      ],
      [
        1,
        2,
        3,
        5,
        6
      ]
    ],
    "right": [
      [
        4
      ],
      [
        0,
        4,
        7
      ],
      [
        0,
        1,
        3,
        4,
        7
      ],
      [
        0,
        1,
        4,
        7
      ],
      [],
      [
        0,
        1,
        2,
        3,
        4,
        6,
        7
      ],
      [
        0,
        1,
        2,
        3,
        4,
        7
      ],
      [
        0,
        4
      ]
    ],
    "front": [
      [
        1
      ],
      [],
      [
        0,
        1,
        4,
        5,
        6,
        7
      ],
      [
        0,
        1,
        2,
        4,
        5,
        6,
        7
      ],
      [
        0,
        1,
        6,
        7
      ],
      [
        0,
        1,
        4,
        6,
        7
      ],
      [
        0,
        1
      ],
      [
        0,
        1,
        6
      ]
    ],
    "behind": [
      [
        2,
        3,
        4,
        5,
        6,
        7
      ],
      [
        0,
        2,
        3,
        4,
        5,
        6,
        7
      ],
      [
        3
      ],
      [],
      [
        2,
        3,
        5
      ],
      [
        2,
        3
      ],
      [
        2,
        3,
        4,
        5,
        7
      ],
      [
        2,
        3,
        4,
        5
      ]
    ]
  },
  "objects": [
    {
      "color": "blue",
      "material": "rubber",
      "pixel_coords": [
        236,
        133,
        9.71777057647705
      ],
      "3d_coords": [
        2.9614436626434326,
        0.251147598028183,
        0.699999988079071
      ],
      "size": "large",
      "rotation": 318.98904141962333,
      "shape": "cylinder"
    },
    {
      "color": "blue",
      "material": "rubber",
      "pixel_coords": [
        155,
        162,
        8.50023365020752
      ],
      "3d_coords": [
        2.557734727859497,
        -2.341353178024292,
        0.699999988079071
      ],
      "size": "large",
      "rotation": 232.06610895274235,
      "shape": "cylinder"
    },
    {
      "color": "blue",
      "material": "rubber",
      "pixel_coords": [
        122,
        88,
        12.538898468017578
      ],
      "3d_coords": [
        -1.7333980798721313,
        -0.3027293384075165,
        0.699999988079071
      ],
      "size": "large",
      "rotation": 219.54750363220435,
      "shape": "sphere"
    },
    {
      "color": "blue",
      "material": "rubber",
      "pixel_coords": [
        143,
        72,
        13.986875534057617
      ],
      "3d_coords": [
        -2.532637357711792,
        1.2896232604980469,
        0.699999988079071
      ],
      "size": "large",
      "rotation": 121.7385711475324,
      "shape": "cylinder"
    },
    {
      "color": "blue",
      "material": "rubber",
      "pixel_coords": [
        278,
        113,
        11.607324600219727
      ],
      "3d_coords": [
        2.6341989040374756,
        2.87455677986145,
        0.3499999940395355
      ],
      "size": "small",
      "rotation": 307.8736787501969,
      "shape": "sphere"
    },
    {
      "color": "blue",
      "material": "rubber",
      "pixel_coords": [
        69,
        99,
        12.1583251953125
      ],
      "3d_coords": [
        -2.5131051540374756,
        -2.018914222717285,
        0.5249999761581421
      ],
      "size": "medium",
      "rotation": 5.65350825813816,
      "shape": "cube"
    },
    {
      "color": "blue",
      "material": "rubber",
      "pixel_coords": [
        77,
        125,
        10.502331733703613
      ],
      "3d_coords": [
        -0.6547679901123047,
        -2.7396633625030518,
        0.5249999761581421
      ],
      "size": "medium",
      "rotation": 115.36418669039816,
      "shape": "cube"
    },
    {
      "color": "red",
      "material": "rubber",
      "pixel_coords": [
        189,
        113,
        11.185245513916016
      ],
      "3d_coords": [
        0.9894729852676392,
        0.3666166365146637,
        0.5249999761581421
      ],
      "size": "medium",
      "rotation": 65.44257128833078,
      "shape": "cylinder"
    }
  ]
}