{
  "split": "new",
  "intruder_pos": [
    [
      192,
      75
    ],
    [
      245,
      132
    ]
  ],
  "relationships": {
    "front": [
      [
        1,
        7
      ],
      [],
      [
        0,
        1,
        3,
        4,
        5,
        6,
        7
      ],
      [
        0,
        1,
        4,
        7
      ],
      [
        0,
        1,
        7
      ],
      [
        0,
        1,
        3,
        4,
        7
      ],
      [
        0,
        1,
        3,
        4,
        5,
        7
      ],
      [
        1
      ]
    ],
    "left": [
      [
        4,
        6
      ],
      [
        0,
        2,
        4,
        6
      ],
      [
        0,
        4,
        6
      ],
      [
        0,
        1,
        2,
        4,
        6
      ],
      [],
      [
        0,
        1,
        2,
        3,
        4,
        6,
        7
      ],
      [
        4
      ],
      [
        0,
        1,
        2,
        3,
        4,
        6
      ]
    ],
    "behind": [
      [
        2,
        3,
        4,
        5,
        6
      ],
      [
        0,
        2,
        3,
        4,
        5,
        6,
        7
      ],
      [],
      [
        2,
        5,
        6
      ],
      [
        2,
        3,
        5,
        6
      ],
      [
        2,
        6
      ],
      [
        2
      ],
      [
        0,
        2,
        3,
        4,
        5,
        6
      ]
    ],
    "right": [
      [
        1,
        2,
        3,
        5,
        7
      ],
      [
        3,
        5,
        7
      ],
      [
        1,
        3,
        5,
        7
      ],
      [
        5,
        7
      ],
      [
        0,
        1,
        2,
        3,
        5,
        6,
        7
      ],
      [],
      [
        0,
        1,
        2,
        3,
        5,
        7
      ],
      [
        5
      ]
    ]
  },
  "directions": {
    "front": [
      0.754490315914154,
      -0.6563112735748291,
      -0.0
    ],
    "above": [
      0.0,
      0.0,
      1.0
    ],
    "behind": [
      -0.754490315914154,
      0.6563112735748291,
      0.0
    ],
    "below": [
      -0.0,
      -0.0,
      -1.0
    ],
    "right": [
      0.6563112735748291,
      0.7544902563095093,
      -0.0
    ],
    "left": [
      -0.6563112735748291,
      -0.7544902563095093,
      0.0
    ]
  },
  "image_index": 67,
  "image_filename": "CLEVR_new_000067.png",
  "objects": [
    {
      "pixel_coords": [
        134,
        134,
        9.882888793945312
      ],
      "rotation": 27.233573045634056,
      "material": "rubber",
      "size": "small",
      "shape": "cylinder",
      "color": "green",
      "3d_coords": [
        0.5255000591278076,
        -1.5256363153457642,
        0.3499999940395355
      ]
    },
    {
      "pixel_coords": [
        175,
        151,
        8.863646507263184
      ],
      "rotation": 36.039732662797476,
      "material": "rubber",
      "size": "medium",
      "shape": "cylinder",
      "color": "red",
      "3d_coords": [
        2.0678727626800537,
        -1.4845654964447021,
        0.5249999761581421
      ]
    },
    {
      "pixel_coords": [
        147,
        86,
        12.790191650390625
      ],
      "rotation": 337.41076264694027,
      "material": "rubber",
      "size": "small",
      "shape": "cylinder",
      "color": "red",
      "3d_coords": [
        -1.6794147491455078,
        0.9949663281440735,
        0.3499999940395355
      ]
    },
    {
      "pixel_coords": [
        190,
        114,
        10.955072402954102
      ],
      "rotation": 336.32844382723187,
      "material": "rubber",
      "size": "small",
      "shape": "cylinder",
      "color": "green",
      "3d_coords": [
        0.8114567995071411,
        0.5233860015869141,
        0.3499999940395355
      ]
    },
    {
      "pixel_coords": [
        48,
        124,
        10.367785453796387
      ],
      "rotation": 274.1740921581636,
      "material": "rubber",
      "size": "small",
      "shape": "cylinder",
      "color": "green",
      "3d_coords": [
        -1.694967269897461,
        -2.9922444820404053,
        0.3499999940395355
      ]
    },
    {
      "pixel_coords": [
        220,
        92,
        11.538846015930176
      ],
      "rotation": 100.48689883102072,
      "material": "rubber",
      "size": "large",
      "shape": "cylinder",
      "color": "blue",
      "3d_coords": [
        0.9072912931442261,
        1.860312819480896,
        0.699999988079071
      ]
    },
    {
      "pixel_coords": [
        115,
        94,
        11.828436851501465
      ],
      "rotation": 339.4997330762348,
      "material": "rubber",
      "size": "medium",
      "shape": "cylinder",
      "color": "blue",
      "3d_coords": [
        -1.698601484298706,
        -0.46017587184906006,
        0.5249999761581421
      ]
    },
    {
      "pixel_coords": [
        218,
        135,
        9.527573585510254
      ],
      "rotation": 196.30238451553086,
      "material": "rubber",
      "size": "medium",
      "shape": "cube",
      "color": "green",
      "3d_coords": [
        2.3500607013702393,
        -0.10869134217500687,
        0.5249999761581421
      ]
    }
  ]
}