{
  "relationships": {
    "front": [
      [
        3,
        4,
        5,
        6
      ],
      [
        0,
        3,
        4,
        5,
        6
      ],
      [
        0,
        1,
        3,
        4,
        5,
        6
      ],
      [],
      [
        3,
        5,
        6
      ],
      [
        3,
        6
      ],
      [
        3
      ],
      [
        0,
        1,
        2,
        3,
        4,
        5,
        6
      ]
    ],
    "right": [
      [
        1,
        2,
        3,
        4,
        5,
        6,
        7
      ],
      [],
      [
        1,
        3,
        4,
        5,
        7
      ],
      [
        1,
        5,
        7
      ],
      [
        1,
        3,
        5,
        7
      ],
      [
        1,
        7
      ],
      [
        1,
        2,
        3,
        4,
        5,
        7
      ],
      [
        1
      ]
    ],
    "left": [
      [],
      [
        0,
        2,
        3,
        4,
        5,
        6,
        7
      ],
      [
        0,
        6
      ],
      [
        0,
        2,
        4,
        6
      ],
      [
        0,
        2,
        6
      ],
      [
        0,
        2,
        3,
        4,
        6
      ],
      [
        0
      ],
      [
        0,
        2,
        3,
        4,
        5,
        6
      ]
    ],
    "behind": [
      [
        1,
        2,
        7
      ],
      [
        2,
        7
      ],
      [
        7
      ],
      [
        0,
        1,
        2,
        4,
        5,
        6,
        7
      ],
      [
        0,
        1,
        2,
        7
      ],
      [
        0,
        1,
        2,
        4,
        7
      ],
      [
        0,
        1,
        2,
        4,
        5,
        7
      ],
      []
    ]
  },
  "intruder_pos": [
    [
      165,
      151
    ],
    [
      189,
      184
    ]
  ],
  "image_filename": "CLEVR_new_001004.png",
  "directions": {
    "below": [
      -0.0,
      -0.0,
      -1.0
    ],
    "right": [
      0.6563112735748291,
      0.7544902563095093,
      -0.0
    ],
    "behind": [
      -0.754490315914154,
      0.6563112735748291,
      0.0
    ],
    "front": [
      0.754490315914154,
      -0.6563112735748291,
      -0.0
    ],
    "above": [
      0.0,
      0.0,
      1.0
    ],
    "left": [
      -0.6563112735748291,
      -0.7544902563095093,
      0.0
    ]
  },
  "image_index": 1004,
  "split": "new",
  "objects": [
    {
      "3d_coords": [
        -2.9046432971954346,
        -2.232107400894165,
        0.699999988079071
      ],
      "pixel_coords": [
        47,
        93,
        11.200762748718262
      ],
      "material": "rubber",
      "rotation": 223.79376562324376,
      "shape": "cube",
      "color": "blue",
      "size": "large"
    },
    {
      "3d_coords": [
        -0.13830719888210297,
        2.186469316482544,
        0.699999988079071
      ],
      "pixel_coords": [
        202,
        81,
        12.21454906463623
      ],
      "material": "rubber",
      "rotation": 338.2875770523273,
      "shape": "cube",
      "color": "blue",
      "size": "large"
    },
    {
      "3d_coords": [
        -2.7333881855010986,
        -0.05682411044836044,
        0.3499999940395355
      ],
      "pixel_coords": [
        106,
        88,
        12.614043235778809
      ],
      "material": "rubber",
      "rotation": 227.0822194905093,
      "shape": "sphere",
      "color": "blue",
      "size": "small"
    },
    {
      "3d_coords": [
        2.2058417797088623,
        -2.923394203186035,
        0.3499999940395355
      ],
      "pixel_coords": [
        136,
        180,
        7.6769795417785645
      ],
      "material": "rubber",
      "rotation": 357.89746507729024,
      "shape": "cylinder",
      "color": "blue",
      "size": "small"
    },
    {
      "3d_coords": [
        -1.0632261037826538,
        -0.8592644333839417,
        0.3499999940395355
      ],
      "pixel_coords": [
        117,
        108,
        11.049290657043457
      ],
      "material": "rubber",
      "rotation": 341.0180596527129,
      "shape": "sphere",
      "color": "blue",
      "size": "small"
    },
    {
      "3d_coords": [
        0.21864300966262817,
        -0.37795549631118774,
        0.5249999761581421
      ],
      "pixel_coords": [
        156,
        111,
        10.457817077636719
      ],
      "material": "rubber",
      "rotation": 172.24610675064173,
      "shape": "sphere",
      "color": "blue",
      "size": "medium"
    },
    {
      "3d_coords": [
        -1.054855227470398,
        -2.5383739471435547,
        0.5249999761581421
      ],
      "pixel_coords": [
        70,
        120,
        9.911886215209961
      ],
      "material": "rubber",
      "rotation": 57.32127297236234,
      "shape": "cylinder",
      "color": "blue",
      "size": "medium"
    },
    {
      "3d_coords": [
        -1.6734269857406616,
        2.7832868099212646,
        0.5249999761581421
      ],
      "pixel_coords": [
        181,
        72,
        13.643272399902344
      ],
      "material": "rubber",
      "rotation": 104.68641577230564,
      "shape": "cube",
      "color": "green",
      "size": "medium"
    }
  ]
}