{
  "split": "new",
  "intruder_pos": [
    [
      62,
      99
    ],
    [
      113,
      149
    ]
  ],
  "relationships": {
    "front": [
      [
        2,
        3,
        4,
        6
      ],
      [
        0,
        2,
        3,
        4,
        6
      ],
      [
        3
      ],
      [],
      [
        2,
        3,
        6
      ],
      [
        0,
        1,
        2,
        3,
        4,
        6
      ],
      [
        2,
        3
      ]
    ],
    "left": [
      [
        1,
        2,
        3,
        4,
        5,
        6
      ],
      [],
      [
        1,
        3,
        5,
        6
      ],
      [
        1,
        6
      ],
      [
        1,
        2,
        3,
        5,
        6
      ],
      [
        1,
        3,
        6
      ],
      [
        1
      ]
    ],
    "behind": [
      [
        1,
        5
      ],
      [
        5
      ],
      [
        0,
        1,
        4,
        5,
        6
      ],
      [
        0,
        1,
        2,
        4,
        5,
        6
      ],
      [
        0,
        1,
        5
      ],
      [],
      [
        0,
        1,
        4,
        5
      ]
    ],
    "right": [
      [],
      [
        0,
        2,
        3,
        4,
        5,
        6
      ],
      [
        0,
        4
      ],
      [
        0,
        2,
        4,
        5
      ],
      [
        0
      ],
      [
        0,
        2,
        4
      ],
      [
        0,
        2,
        3,
        4,
        5
      ]
    ]
  },
  "directions": {
    "front": [
      0.754490315914154,
      -0.6563112735748291,
      -0.0
    ],
    "above": [
      0.0,
      0.0,
      1.0
    ],
    "behind": [
      -0.754490315914154,
      0.6563112735748291,
      0.0
    ],
    "below": [
      -0.0,
      -0.0,
      -1.0
    ],
    "right": [
      0.6563112735748291,
      0.7544902563095093,
      -0.0
    ],
    "left": [
      -0.6563112735748291,
      -0.7544902563095093,
      0.0
    ]
  },
  "image_index": 401,
  "image_filename": "CLEVR_new_000401.png",
  "objects": [
    {
      "pixel_coords": [
        287,
        113,
        10.623034477233887
      ],
      "rotation": 281.68470758338714,
      "material": "rubber",
      "size": "small",
      "shape": "cube",
      "color": "green",
      "3d_coords": [
        2.5646750926971436,
        2.8866372108459473,
        0.3499999940395355
      ]
    },
    {
      "pixel_coords": [
        74,
        92,
        11.190512657165527
      ],
      "rotation": 194.54500112948995,
      "material": "rubber",
      "size": "large",
      "shape": "cube",
      "color": "red",
      "3d_coords": [
        -2.1854307651519775,
        -1.7970305681228638,
        0.699999988079071
      ]
    },
    {
      "pixel_coords": [
        211,
        136,
        9.075506210327148
      ],
      "rotation": 89.76747869738088,
      "material": "rubber",
      "size": "medium",
      "shape": "cube",
      "color": "green",
      "3d_coords": [
        2.299757719039917,
        -0.1186385303735733,
        0.5249999761581421
      ]
    },
    {
      "pixel_coords": [
        124,
        174,
        7.624269008636475
      ],
      "rotation": 132.69820777376674,
      "material": "rubber",
      "size": "medium",
      "shape": "cube",
      "color": "red",
      "3d_coords": [
        2.277449607849121,
        -2.7892863750457764,
        0.5249999761581421
      ]
    },
    {
      "pixel_coords": [
        224,
        113,
        10.255049705505371
      ],
      "rotation": 113.89618002540777,
      "material": "rubber",
      "size": "medium",
      "shape": "cube",
      "color": "green",
      "3d_coords": [
        1.5864218473434448,
        1.1261613368988037,
        0.5249999761581421
      ]
    },
    {
      "pixel_coords": [
        158,
        77,
        12.415583610534668
      ],
      "rotation": 311.84883952565207,
      "material": "rubber",
      "size": "large",
      "shape": "cube",
      "color": "blue",
      "3d_coords": [
        -1.597081184387207,
        1.1782876253128052,
        0.699999988079071
      ]
    },
    {
      "pixel_coords": [
        88,
        116,
        9.702579498291016
      ],
      "rotation": 356.38804104637455,
      "material": "rubber",
      "size": "large",
      "shape": "sphere",
      "color": "blue",
      "3d_coords": [
        -0.38492682576179504,
        -2.2272491455078125,
        0.699999988079071
      ]
    }
  ]
}