{
  "relationships": {
    "front": [
      [
        1,
        7
      ],
      [
        7
      ],
      [
        0,
        1,
        4,
        6,
        7
      ],
      [
        0,
        1,
        2,
        4,
        6,
        7
      ],
      [
        0,
        1,
        6,
        7
      ],
      [
        0,
        1,
        2,
        3,
        4,
        6,
        7
      ],
      [
        0,
        1,
        7
      ],
      []
    ],
    "right": [
      [
        2
      ],
      [
        0,
        2,
        3,
        4,
        7
      ],
      [],
      [
        0,
        2,
        7
      ],
      [
        0,
        2,
        3,
        7
      ],
      [
        0,
        1,
        2,
        3,
        4,
        7
      ],
      [
        0,
        1,
        2,
        3,
        4,
        5,
        7
      ],
      [
        0,
        2
      ]
    ],
    "left": [
      [
        1,
        3,
        4,
        5,
        6,
        7
      ],
      [
        5,
        6
      ],
      [
        0,
        1,
        3,
        4,
        5,
        6,
        7
      ],
      [
        1,
        4,
        5,
        6
      ],
      [
        1,
        5,
        6
      ],
      [
        6
      ],
      [],
      [
        1,
        3,
        4,
        5,
        6
      ]
    ],
    "behind": [
      [
        2,
        3,
        4,
        5,
        6
      ],
      [
        0,
        2,
        3,
        4,
        5,
        6
      ],
      [
        3,
        5
      ],
      [
        5
      ],
      [
        2,
        3,
        5
      ],
      [],
      [
        2,
        3,
        4,
        5
      ],
      [
        0,
        1,
        2,
        3,
        4,
        5,
        6
      ]
    ]
  },
  "intruder_pos": [
    [
      204,
      78
    ],
    [
      229,
      103
    ]
  ],
  "image_filename": "CLEVR_new_001106.png",
  "directions": {
    "below": [
      -0.0,
      -0.0,
      -1.0
    ],
    "right": [
      0.6563112735748291,
      0.7544902563095093,
      -0.0
    ],
    "behind": [
      -0.754490315914154,
      0.6563112735748291,
      0.0
    ],
    "front": [
      0.754490315914154,
      -0.6563112735748291,
      -0.0
    ],
    "above": [
      0.0,
      0.0,
      1.0
    ],
    "left": [
      -0.6563112735748291,
      -0.7544902563095093,
      0.0
    ]
  },
  "image_index": 1106,
  "split": "new",
  "objects": [
    {
      "3d_coords": [
        2.6537303924560547,
        1.2457056045532227,
        0.5249999761581421
      ],
      "pixel_coords": [
        251,
        122,
        10.404200553894043
      ],
      "material": "rubber",
      "rotation": 208.60131614505792,
      "shape": "cube",
      "color": "red",
      "size": "medium"
    },
    {
      "3d_coords": [
        1.0653598308563232,
        -1.3995124101638794,
        0.3499999940395355
      ],
      "pixel_coords": [
        149,
        137,
        9.954498291015625
      ],
      "material": "rubber",
      "rotation": 85.3999068617875,
      "shape": "cube",
      "color": "red",
      "size": "small"
    },
    {
      "3d_coords": [
        1.8972769975662231,
        2.8882367610931396,
        0.699999988079071
      ],
      "pixel_coords": [
        261,
        94,
        11.795001983642578
      ],
      "material": "rubber",
      "rotation": 144.09315311156453,
      "shape": "cube",
      "color": "blue",
      "size": "large"
    },
    {
      "3d_coords": [
        -0.3614470660686493,
        1.5626575946807861,
        0.699999988079071
      ],
      "pixel_coords": [
        186,
        85,
        12.487713813781738
      ],
      "material": "rubber",
      "rotation": 157.189619205746,
      "shape": "cube",
      "color": "blue",
      "size": "large"
    },
    {
      "3d_coords": [
        0.31109604239463806,
        0.32044386863708496,
        0.3499999940395355
      ],
      "pixel_coords": [
        174,
        111,
        11.47138786315918
      ],
      "material": "rubber",
      "rotation": 331.7009494351029,
      "shape": "cube",
      "color": "blue",
      "size": "small"
    },
    {
      "3d_coords": [
        -2.7612366676330566,
        0.48011142015457153,
        0.699999988079071
      ],
      "pixel_coords": [
        121,
        75,
        13.417372703552246
      ],
      "material": "rubber",
      "rotation": 83.31096383206713,
      "shape": "cube",
      "color": "green",
      "size": "large"
    },
    {
      "3d_coords": [
        -1.7881954908370972,
        -2.9655709266662598,
        0.3499999940395355
      ],
      "pixel_coords": [
        51,
        120,
        10.894197463989258
      ],
      "material": "rubber",
      "rotation": 112.82944753718272,
      "shape": "cube",
      "color": "red",
      "size": "small"
    },
    {
      "3d_coords": [
        2.7483997344970703,
        -0.4323509931564331,
        0.3499999940395355
      ],
      "pixel_coords": [
        217,
        149,
        9.426114082336426
      ],
      "material": "rubber",
      "rotation": 2.9406134047357213,
      "shape": "sphere",
      "color": "green",
      "size": "small"
    }
  ]
}