{
  "split": "new",
  "intruder_pos": [
    [
      90,
      102
    ],
    [
      126,
      146
    ]
  ],
  "relationships": {
    "front": [
      [
        5
      ],
      [
        0,
        2,
        4,
        5,
        6
      ],
      [
        0,
        5
      ],
      [
        0,
        1,
        2,
        4,
        5,
        6
      ],
      [
        0,
        2,
        5,
        6
      ],
      [],
      [
        0,
        2,
        5
      ]
    ],
    "left": [
      [
        1,
        2,
        5,
        6
      ],
      [],
      [
        1
      ],
      [
        0,
        1,
        2,
        5,
        6
      ],
      [
        0,
        1,
        2,
        3,
        5,
        6
      ],
      [
        1,
        2,
        6
      ],
      [
        1,
        2
      ]
    ],
    "behind": [
      [
        1,
        2,
        3,
        4,
        6
      ],
      [
        3
      ],
      [
        1,
        3,
        4,
        6
      ],
      [],
      [
        1,
        3
      ],
      [
        0,
        1,
        2,
        3,
        4,
        6
      ],
      [
        1,
        3,
        4
      ]
    ],
    "right": [
      [
        3,
        4
      ],
      [
        0,
        2,
        3,
        4,
        5,
        6
      ],
      [
        0,
        3,
        4,
        5,
        6
      ],
      [
        4
      ],
      [],
      [
        0,
        3,
        4
      ],
      [
        0,
        3,
        4,
        5
      ]
    ]
  },
  "directions": {
    "front": [
      0.754490315914154,
      -0.6563112735748291,
      -0.0
    ],
    "above": [
      0.0,
      0.0,
      1.0
    ],
    "behind": [
      -0.754490315914154,
      0.6563112735748291,
      0.0
    ],
    "below": [
      -0.0,
      -0.0,
      -1.0
    ],
    "right": [
      0.6563112735748291,
      0.7544902563095093,
      -0.0
    ],
    "left": [
      -0.6563112735748291,
      -0.7544902563095093,
      0.0
    ]
  },
  "image_index": 97,
  "image_filename": "CLEVR_new_000097.png",
  "objects": [
    {
      "pixel_coords": [
        160,
        127,
        9.77966594696045
      ],
      "rotation": 343.4516669459357,
      "material": "rubber",
      "size": "large",
      "shape": "cube",
      "color": "blue",
      "3d_coords": [
        1.2156291007995605,
        -0.9962162971496582,
        0.699999988079071
      ]
    },
    {
      "pixel_coords": [
        54,
        97,
        11.745100975036621
      ],
      "rotation": 204.5573156178117,
      "material": "rubber",
      "size": "medium",
      "shape": "cylinder",
      "color": "blue",
      "3d_coords": [
        -2.745600700378418,
        -2.3591666221618652,
        0.5249999761581421
      ]
    },
    {
      "pixel_coords": [
        69,
        129,
        10.359573364257812
      ],
      "rotation": 19.11671544157923,
      "material": "rubber",
      "size": "small",
      "shape": "cube",
      "color": "blue",
      "3d_coords": [
        -0.866043210029602,
        -2.7668380737304688,
        0.3499999940395355
      ]
    },
    {
      "pixel_coords": [
        192,
        89,
        11.916388511657715
      ],
      "rotation": 301.4040478057782,
      "material": "rubber",
      "size": "large",
      "shape": "sphere",
      "color": "blue",
      "3d_coords": [
        0.011850869283080101,
        1.4229469299316406,
        0.699999988079071
      ]
    },
    {
      "pixel_coords": [
        248,
        104,
        10.930527687072754
      ],
      "rotation": 59.059372155420775,
      "material": "rubber",
      "size": "large",
      "shape": "cube",
      "color": "blue",
      "3d_coords": [
        1.932607650756836,
        1.947141408920288,
        0.699999988079071
      ]
    },
    {
      "pixel_coords": [
        123,
        163,
        8.643505096435547
      ],
      "rotation": 341.6850645408485,
      "material": "rubber",
      "size": "medium",
      "shape": "cylinder",
      "color": "blue",
      "3d_coords": [
        1.7072560787200928,
        -2.6202783584594727,
        0.5249999761581421
      ]
    },
    {
      "pixel_coords": [
        109,
        115,
        10.698578834533691
      ],
      "rotation": 149.4863682953923,
      "material": "rubber",
      "size": "medium",
      "shape": "cylinder",
      "color": "red",
      "3d_coords": [
        -0.5233670473098755,
        -1.5825055837631226,
        0.5249999761581421
      ]
    }
  ]
}