{
  "relationships": {
    "front": [
      [
        1,
        2,
        3,
        6
      ],
      [],
      [
        1
      ],
      [
        1,
        2,
        6
      ],
      [
        0,
        1,
        2,
        3,
        5,
        6,
        7
      ],
      [
        0,
        1,
        2,
        3,
        6,
        7
      ],
      [
        1,
        2
      ],
      [
        0,
        1,
        2,
        3,
        6
      ]
    ],
    "right": [
      [
        1,
        2,
        3,
        4,
        5,
        6,
        7
      ],
      [
        2,
        3,
        4,
        5,
        6,
        7
      ],
      [
        5,
        6
      ],
      [
        2,
        5,
        6
      ],
      [
        2,
        3,
        5,
        6
      ],
      [
        6
      ],
      [],
      [
        2,
        3,
        4,
        5,
        6
      ]
    ],
    "left": [
      [],
      [
        0
      ],
      [
        0,
        1,
        3,
        4,
        7
      ],
      [
        0,
        1,
        4,
        7
      ],
      [
        0,
        1,
        7
      ],
      [
        0,
        1,
        2,
        3,
        4,
        7
      ],
      [
        0,
        1,
        2,
        3,
        4,
        5,
        7
      ],
      [
        0,
        1
      ]
    ],
    "behind": [
      [
        4,
        5,
        7
      ],
      [
        0,
        2,
        3,
        4,
        5,
        6,
        7
      ],
      [
        0,
        3,
        4,
        5,
        6,
        7
      ],
      [
        0,
        4,
        5,
        7
      ],
      [],
      [
        4
      ],
      [
        0,
        3,
        4,
        5,
        7
      ],
      [
        4,
        5
      ]
    ]
  },
  "intruder_pos": [
    [
      116,
      139
    ],
    [
      155,
      178
    ]
  ],
  "image_filename": "CLEVR_new_001218.png",
  "directions": {
    "below": [
      -0.0,
      -0.0,
      -1.0
    ],
    "right": [
      0.6563112735748291,
      0.7544902563095093,
      -0.0
    ],
    "behind": [
      -0.754490315914154,
      0.6563112735748291,
      0.0
    ],
    "front": [
      0.754490315914154,
      -0.6563112735748291,
      -0.0
    ],
    "above": [
      0.0,
      0.0,
      1.0
    ],
    "left": [
      -0.6563112735748291,
      -0.7544902563095093,
      0.0
    ]
  },
  "image_index": 1218,
  "split": "new",
  "objects": [
    {
      "3d_coords": [
        -2.608511447906494,
        -1.4142253398895264,
        0.5249999761581421
      ],
      "pixel_coords": [
        77,
        92,
        11.693063735961914
      ],
      "material": "rubber",
      "rotation": 102.62843796002772,
      "shape": "cylinder",
      "color": "red",
      "size": "medium"
    },
    {
      "3d_coords": [
        0.965894877910614,
        -2.8937175273895264,
        0.3499999940395355
      ],
      "pixel_coords": [
        96,
        157,
        8.51750659942627
      ],
      "material": "rubber",
      "rotation": 231.84109785793396,
      "shape": "cylinder",
      "color": "blue",
      "size": "small"
    },
    {
      "3d_coords": [
        1.563515067100525,
        -0.11694598197937012,
        0.5249999761581421
      ],
      "pixel_coords": [
        194,
        124,
        9.656152725219727
      ],
      "material": "rubber",
      "rotation": 333.93760349485024,
      "shape": "cylinder",
      "color": "blue",
      "size": "medium"
    },
    {
      "3d_coords": [
        -0.1346520632505417,
        0.626882791519165,
        0.5249999761581421
      ],
      "pixel_coords": [
        172,
        98,
        11.226947784423828
      ],
      "material": "rubber",
      "rotation": 20.25182637401759,
      "shape": "cylinder",
      "color": "red",
      "size": "medium"
    },
    {
      "3d_coords": [
        -2.9656004905700684,
        2.3821191787719727,
        0.5249999761581421
      ],
      "pixel_coords": [
        156,
        65,
        14.146018981933594
      ],
      "material": "rubber",
      "rotation": 292.7955515502391,
      "shape": "cylinder",
      "color": "red",
      "size": "medium"
    },
    {
      "3d_coords": [
        -0.8051047921180725,
        2.5405213832855225,
        0.5249999761581421
      ],
      "pixel_coords": [
        198,
        79,
        12.791808128356934
      ],
      "material": "rubber",
      "rotation": 95.73183354399644,
      "shape": "cylinder",
      "color": "blue",
      "size": "medium"
    },
    {
      "3d_coords": [
        2.3726773262023926,
        2.7265892028808594,
        0.699999988079071
      ],
      "pixel_coords": [
        278,
        100,
        10.69209098815918
      ],
      "material": "rubber",
      "rotation": 212.03386221841944,
      "shape": "cylinder",
      "color": "green",
      "size": "large"
    },
    {
      "3d_coords": [
        -1.7199301719665527,
        0.39987659454345703,
        0.699999988079071
      ],
      "pixel_coords": [
        136,
        81,
        12.075506210327148
      ],
      "material": "rubber",
      "rotation": 78.85205760954597,
      "shape": "sphere",
      "color": "blue",
      "size": "large"
    }
  ]
}