{
  "image_filename": "CLEVR_new_001422.png",
  "directions": {
    "left": [
      -0.6563112735748291,
      -0.7544902563095093,
      0.0
    ],
    "right": [
      0.6563112735748291,
      0.7544902563095093,
      -0.0
    ],
    "front": [
      0.754490315914154,
      -0.6563112735748291,
      -0.0
    ],
    "behind": [
      -0.754490315914154,
      0.6563112735748291,
      0.0
    ],
    "below": [
      -0.0,
      -0.0,
      -1.0
    ],
    "above": [
      0.0,
      0.0,
      1.0
    ]
  },
  "intruder_pos": [
    [
      35,
      116
    ],
    [
      81,
      162
    ]
  ],
  "image_index": 1422,
  "split": "new",
  "relationships": {
    "left": [
      [
        1,
        2,
        4,
        5,
        6
      ],
      [
        2,
        5,
        6
      ],
      [
        6
      ],
      [
        0,
        1,
        2,
        4,
        5,
        6
      ],
      [
        1,
        2,
        5,
        6
      ],
      [
        2,
        6
      ],
      []
    ],
    "right": [
      [
        3
      ],
      [
        0,
        3,
        4
      ],
      [
        0,
        1,
        3,
        4,
        5
      ],
      [],
      [
        0,
        3
      ],
      [
        0,
        1,
        3,
        4
      ],
      [
        0,
        1,
        2,
        3,
        4,
        5
      ]
    ],
    "front": [
      [
        1,
        3,
        5,
        6
      ],
      [
        5
      ],
      [
        0,
        1,
        3,
        5,
        6
      ],
      [
        1,
        5
      ],
      [
        0,
        1,
        2,
        3,
        5,
        6
      ],
      [],
      [
        1,
        3,
        5
      ]
    ],
    "behind": [
      [
        2,
        4
      ],
      [
        0,
        2,
        3,
        4,
        6
      ],
      [
        4
      ],
      [
        0,
        2,
        4,
        6
      ],
      [],
      [
        0,
        1,
        2,
        3,
        4,
        6
      ],
      [
        0,
        2,
        4
      ]
    ]
  },
  "objects": [
    {
      "color": "blue",
      "material": "rubber",
      "pixel_coords": [
        218,
        93,
        11.669171333312988
      ],
      "3d_coords": [
        0.5893905162811279,
        2.0297350883483887,
        0.5249999761581421
      ],
      "size": "medium",
      "rotation": 29.894434087046427,
      "shape": "cube"
    },
    {
      "color": "blue",
      "material": "rubber",
      "pixel_coords": [
        170,
        114,
        10.057111740112305
      ],
      "3d_coords": [
        0.8649710416793823,
        -0.352358341217041,
        0.699999988079071
      ],
      "size": "large",
      "rotation": 190.91778766622633,
      "shape": "sphere"
    },
    {
      "color": "blue",
      "material": "rubber",
      "pixel_coords": [
        104,
        87,
        12.536016464233398
      ],
      "3d_coords": [
        -2.663472890853882,
        -0.3628622889518738,
        0.3499999940395355
      ],
      "size": "small",
      "rotation": 358.1418007871109,
      "shape": "cylinder"
    },
    {
      "color": "blue",
      "material": "rubber",
      "pixel_coords": [
        288,
        113,
        10.477665901184082
      ],
      "3d_coords": [
        2.885472536087036,
        2.580612897872925,
        0.5249999761581421
      ],
      "size": "medium",
      "rotation": 207.42231054465267,
      "shape": "sphere"
    },
    {
      "color": "blue",
      "material": "rubber",
      "pixel_coords": [
        180,
        62,
        13.665024757385254
      ],
      "3d_coords": [
        -1.9767251014709473,
        2.747992515563965,
        0.699999988079071
      ],
      "size": "large",
      "rotation": 148.21659924745276,
      "shape": "cylinder"
    },
    {
      "color": "blue",
      "material": "rubber",
      "pixel_coords": [
        118,
        154,
        8.693849563598633
      ],
      "3d_coords": [
        1.2570111751556396,
        -2.4708847999572754,
        0.5249999761581421
      ],
      "size": "medium",
      "rotation": 129.94931290646633,
      "shape": "sphere"
    },
    {
      "color": "green",
      "material": "rubber",
      "pixel_coords": [
        59,
        100,
        11.23768138885498
      ],
      "3d_coords": [
        -2.410970449447632,
        -2.215514898300171,
        0.5249999761581421
      ],
      "size": "medium",
      "rotation": 87.93894378963377,
      "shape": "cube"
    }
  ]
}