{
  "relationships": {
    "front": [
      [
        1,
        2,
        3,
        4,
        5,
        6,
        7
      ],
      [],
      [
        1,
        5
      ],
      [
        1,
        2,
        4,
        5,
        6
      ],
      [
        1,
        2,
        5,
        6
      ],
      [
        1
      ],
      [
        1,
        2,
        5
      ],
      [
        1,
        2,
        3,
        4,
        5,
        6
      ]
    ],
    "right": [
      [
        2,
        4,
        7
      ],
      [
        0,
        2,
        4,
        5,
        7
      ],
      [
        4,
        7
      ],
      [
        0,
        1,
        2,
        4,
        5,
        6,
        7
      ],
      [],
      [
        0,
        2,
        4,
        7
      ],
      [
        0,
        1,
        2,
        4,
        5,
        7
      ],
      [
        4
      ]
    ],
    "left": [
      [
        1,
        3,
        5,
        6
      ],
      [
        3,
        6
      ],
      [
        0,
        1,
        3,
        5,
        6
      ],
      [],
      [
        0,
        1,
        2,
        3,
        5,
        6,
        7
      ],
      [
        1,
        3,
        6
      ],
      [
        3
      ],
      [
        0,
        1,
        2,
        3,
        5,
        6
      ]
    ],
    "behind": [
      [],
      [
        0,
        2,
        3,
        4,
        5,
        6,
        7
      ],
      [
        0,
        3,
        4,
        6,
        7
      ],
      [
        0,
        7
      ],
      [
        0,
        3,
        7
      ],
      [
        0,
        2,
        3,
        4,
        6,
        7
      ],
      [
        0,
        3,
        4,
        7
      ],
      [
        0
      ]
    ]
  },
  "intruder_pos": [
    [
      229,
      145
    ],
    [
      251,
      160
    ]
  ],
  "image_filename": "CLEVR_new_001110.png",
  "directions": {
    "below": [
      -0.0,
      -0.0,
      -1.0
    ],
    "right": [
      0.6563112735748291,
      0.7544902563095093,
      -0.0
    ],
    "behind": [
      -0.754490315914154,
      0.6563112735748291,
      0.0
    ],
    "front": [
      0.754490315914154,
      -0.6563112735748291,
      -0.0
    ],
    "above": [
      0.0,
      0.0,
      1.0
    ],
    "left": [
      -0.6563112735748291,
      -0.7544902563095093,
      0.0
    ]
  },
  "image_index": 1110,
  "split": "new",
  "objects": [
    {
      "3d_coords": [
        -2.187948703765869,
        2.9073426723480225,
        0.699999988079071
      ],
      "pixel_coords": [
        183,
        62,
        13.743410110473633
      ],
      "material": "rubber",
      "rotation": 329.4004166794246,
      "shape": "sphere",
      "color": "blue",
      "size": "large"
    },
    {
      "3d_coords": [
        1.61801278591156,
        -2.7314462661743164,
        0.3499999940395355
      ],
      "pixel_coords": [
        112,
        167,
        8.167852401733398
      ],
      "material": "rubber",
      "rotation": 326.1715097334087,
      "shape": "sphere",
      "color": "red",
      "size": "small"
    },
    {
      "3d_coords": [
        2.335209846496582,
        0.8864391446113586,
        0.699999988079071
      ],
      "pixel_coords": [
        239,
        119,
        9.512397766113281
      ],
      "material": "rubber",
      "rotation": 65.85915054231985,
      "shape": "sphere",
      "color": "blue",
      "size": "large"
    },
    {
      "3d_coords": [
        -2.9644100666046143,
        -2.565897226333618,
        0.5249999761581421
      ],
      "pixel_coords": [
        41,
        96,
        11.330696105957031
      ],
      "material": "rubber",
      "rotation": 337.3778153924191,
      "shape": "sphere",
      "color": "green",
      "size": "medium"
    },
    {
      "3d_coords": [
        2.500269651412964,
        2.731321096420288,
        0.5249999761581421
      ],
      "pixel_coords": [
        283,
        108,
        10.501968383789062
      ],
      "material": "rubber",
      "rotation": 201.1710369850213,
      "shape": "sphere",
      "color": "red",
      "size": "medium"
    },
    {
      "3d_coords": [
        1.3900787830352783,
        -1.3801342248916626,
        0.3499999940395355
      ],
      "pixel_coords": [
        152,
        143,
        9.072579383850098
      ],
      "material": "rubber",
      "rotation": 53.30628783895521,
      "shape": "sphere",
      "color": "red",
      "size": "small"
    },
    {
      "3d_coords": [
        -0.906219482421875,
        -2.2071924209594727,
        0.3499999940395355
      ],
      "pixel_coords": [
        81,
        120,
        10.195015907287598
      ],
      "material": "rubber",
      "rotation": 302.51410998156825,
      "shape": "sphere",
      "color": "red",
      "size": "small"
    },
    {
      "3d_coords": [
        0.6562227606773376,
        2.996379852294922,
        0.3499999940395355
      ],
      "pixel_coords": [
        240,
        92,
        11.999733924865723
      ],
      "material": "rubber",
      "rotation": 71.84194347574999,
      "shape": "cylinder",
      "color": "red",
      "size": "small"
    }
  ]
}