{
  "relationships": {
    "front": [
      [
        3,
        4,
        5,
        7
      ],
      [
        0,
        2,
        3,
        4,
        5,
        6,
        7
      ],
      [
        0,
        3,
        4,
        5,
        6,
        7
      ],
      [
        4,
        7
      ],
      [
        7
      ],
      [
        3,
        4,
        7
      ],
      [
        0,
        3,
        4,
        5,
        7
      ],
      []
    ],
    "right": [
      [
        5
      ],
      [
        0,
        2,
        4,
        5
      ],
      [
        0,
        4,
        5
      ],
      [
        0,
        1,
        2,
        4,
        5,
        6,
        7
      ],
      [
        0,
        5
      ],
      [],
      [
        0,
        1,
        2,
        4,
        5
      ],
      [
        0,
        1,
        2,
        4,
        5,
        6
      ]
    ],
    "left": [
      [
        1,
        2,
        3,
        4,
        6,
        7
      ],
      [
        3,
        6,
        7
      ],
      [
        1,
        3,
        6,
        7
      ],
      [],
      [
        1,
        2,
        3,
        6,
        7
      ],
      [
        0,
        1,
        2,
        3,
        4,
        6,
        7
      ],
      [
        3,
        7
      ],
      [
        3
      ]
    ],
    "behind": [
      [
        1,
        2,
        6
      ],
      [],
      [
        1
      ],
      [
        0,
        1,
        2,
        5,
        6
      ],
      [
        0,
        1,
        2,
        3,
        5,
        6
      ],
      [
        0,
        1,
        2,
        6
      ],
      [
        1,
        2
      ],
      [
        0,
        1,
        2,
        3,
        4,
        5,
        6
      ]
    ]
  },
  "intruder_pos": [
    [
      73,
      65
    ],
    [
      111,
      105
    ]
  ],
  "image_filename": "CLEVR_new_001093.png",
  "directions": {
    "below": [
      -0.0,
      -0.0,
      -1.0
    ],
    "right": [
      0.6563112735748291,
      0.7544902563095093,
      -0.0
    ],
    "behind": [
      -0.754490315914154,
      0.6563112735748291,
      0.0
    ],
    "front": [
      0.754490315914154,
      -0.6563112735748291,
      -0.0
    ],
    "above": [
      0.0,
      0.0,
      1.0
    ],
    "left": [
      -0.6563112735748291,
      -0.7544902563095093,
      0.0
    ]
  },
  "image_index": 1093,
  "split": "new",
  "objects": [
    {
      "3d_coords": [
        0.7173125147819519,
        1.4320411682128906,
        0.3499999940395355
      ],
      "pixel_coords": [
        208,
        106,
        11.429387092590332
      ],
      "material": "rubber",
      "rotation": 106.70620700888848,
      "shape": "sphere",
      "color": "blue",
      "size": "small"
    },
    {
      "3d_coords": [
        -2.9975759983062744,
        2.3587141036987305,
        0.699999988079071
      ],
      "pixel_coords": [
        158,
        65,
        14.395010948181152
      ],
      "material": "rubber",
      "rotation": 161.56138961955847,
      "shape": "sphere",
      "color": "green",
      "size": "large"
    },
    {
      "3d_coords": [
        -1.4836790561676025,
        1.677520751953125,
        0.5249999761581421
      ],
      "pixel_coords": [
        169,
        82,
        13.02580451965332
      ],
      "material": "rubber",
      "rotation": 320.5810357091565,
      "shape": "sphere",
      "color": "blue",
      "size": "medium"
    },
    {
      "3d_coords": [
        -0.8406356573104858,
        -2.2296810150146484,
        0.699999988079071
      ],
      "pixel_coords": [
        83,
        110,
        10.255945205688477
      ],
      "material": "rubber",
      "rotation": 68.54082808158704,
      "shape": "sphere",
      "color": "red",
      "size": "large"
    },
    {
      "3d_coords": [
        1.6590245962142944,
        -0.12240653485059738,
        0.3499999940395355
      ],
      "pixel_coords": [
        194,
        130,
        9.880436897277832
      ],
      "material": "rubber",
      "rotation": 290.8112303189786,
      "shape": "sphere",
      "color": "red",
      "size": "small"
    },
    {
      "3d_coords": [
        2.064490556716919,
        1.936072587966919,
        0.699999988079071
      ],
      "pixel_coords": [
        252,
        104,
        10.631658554077148
      ],
      "material": "rubber",
      "rotation": 35.65557220723389,
      "shape": "sphere",
      "color": "red",
      "size": "large"
    },
    {
      "3d_coords": [
        -1.3915679454803467,
        -0.09726324677467346,
        0.3499999940395355
      ],
      "pixel_coords": [
        132,
        98,
        12.016342163085938
      ],
      "material": "rubber",
      "rotation": 331.2744062473882,
      "shape": "sphere",
      "color": "green",
      "size": "small"
    },
    {
      "3d_coords": [
        1.0132914781570435,
        -2.9926693439483643,
        0.3499999940395355
      ],
      "pixel_coords": [
        93,
        154,
        8.678617477416992
      ],
      "material": "rubber",
      "rotation": 117.78908635332952,
      "shape": "cube",
      "color": "green",
      "size": "small"
    }
  ]
}