{
  "image_filename": "CLEVR_new_001511.png",
  "directions": {
    "left": [
      -0.6563112735748291,
      -0.7544902563095093,
      0.0
    ],
    "right": [
      0.6563112735748291,
      0.7544902563095093,
      -0.0
    ],
    "front": [
      0.754490315914154,
      -0.6563112735748291,
      -0.0
    ],
    "behind": [
      -0.754490315914154,
      0.6563112735748291,
      0.0
    ],
    "below": [
      -0.0,
      -0.0,
      -1.0
    ],
    "above": [
      0.0,
      0.0,
      1.0
    ]
  },
  "intruder_pos": [
    [
      261,
      104
    ],
    [
      302,
      149
    ]
  ],
  "image_index": 1511,
  "split": "new",
  "relationships": {
    "left": [
      [
        1,
        3,
        4,
        5
      ],
      [
        3,
        4
      ],
      [
        0,
        1,
        3,
        4,
        5
      ],
      [],
      [
        3
      ],
      [
        1,
        3,
        4
      ],
      [
        0,
        1,
        2,
        3,
        4,
        5
      ]
    ],
    "right": [
      [
        2,
        6
      ],
      [
        0,
        2,
        5,
        6
      ],
      [
        6
      ],
      [
        0,
        1,
        2,
        4,
        5,
        6
      ],
      [
        0,
        1,
        2,
        5,
        6
      ],
      [
        0,
        2,
        6
      ],
      []
    ],
    "front": [
      [
        1,
        2,
        3,
        4,
        5,
        6
      ],
      [],
      [
        1,
        3,
        4,
        5,
        6
      ],
      [
        1,
        4,
        5,
        6
      ],
      [
        1
      ],
      [
        1,
        4
      ],
      [
        1,
        4,
        5
      ]
    ],
    "behind": [
      [],
      [
        0,
        2,
        3,
        4,
        5,
        6
      ],
      [
        0
      ],
      [
        0,
        2
      ],
      [
        0,
        2,
        3,
        5,
        6
      ],
      [
        0,
        2,
        3,
        6
      ],
      [
        0,
        2,
        3
      ]
    ]
  },
  "objects": [
    {
      "color": "blue",
      "material": "rubber",
      "pixel_coords": [
        197,
        70,
        13.303496360778809
      ],
      "3d_coords": [
        -0.9189953207969666,
        2.856013536453247,
        0.699999988079071
      ],
      "size": "large",
      "rotation": 62.21343991301096,
      "shape": "sphere"
    },
    {
      "color": "blue",
      "material": "rubber",
      "pixel_coords": [
        178,
        164,
        8.03104019165039
      ],
      "3d_coords": [
        2.6875946521759033,
        -2.0655112266540527,
        0.699999988079071
      ],
      "size": "large",
      "rotation": 142.88923261083076,
      "shape": "sphere"
    },
    {
      "color": "blue",
      "material": "rubber",
      "pixel_coords": [
        231,
        102,
        11.651834487915039
      ],
      "3d_coords": [
        1.246502161026001,
        2.0956473350524902,
        0.3499999940395355
      ],
      "size": "small",
      "rotation": 166.1548087160609,
      "shape": "cube"
    },
    {
      "color": "blue",
      "material": "rubber",
      "pixel_coords": [
        63,
        106,
        10.618328094482422
      ],
      "3d_coords": [
        -1.760914921760559,
        -2.3843624591827393,
        0.699999988079071
      ],
      "size": "large",
      "rotation": 135.86423215651956,
      "shape": "cylinder"
    },
    {
      "color": "blue",
      "material": "rubber",
      "pixel_coords": [
        80,
        133,
        9.247963905334473
      ],
      "3d_coords": [
        -0.07357821613550186,
        -2.8981032371520996,
        0.699999988079071
      ],
      "size": "large",
      "rotation": 298.90062702756927,
      "shape": "cylinder"
    },
    {
      "color": "blue",
      "material": "rubber",
      "pixel_coords": [
        183,
        122,
        10.149337768554688
      ],
      "3d_coords": [
        1.2158281803131104,
        -0.24927599728107452,
        0.5249999761581421
      ],
      "size": "medium",
      "rotation": 329.3013825858851,
      "shape": "cylinder"
    },
    {
      "color": "green",
      "material": "rubber",
      "pixel_coords": [
        281,
        112,
        10.663323402404785
      ],
      "3d_coords": [
        2.9129421710968018,
        2.3214478492736816,
        0.5249999761581421
      ],
      "size": "medium",
      "rotation": 179.07133579860496,
      "shape": "cylinder"
    }
  ]
}