{
  "split": "new",
  "intruder_pos": [
    [
      68,
      104
    ],
    [
      119,
      166
    ]
  ],
  "relationships": {
    "front": [
      [
        5
      ],
      [
        0,
        5
      ],
      [
        0,
        1,
        5,
        6
      ],
      [
        0,
        1,
        2,
        5,
        6
      ],
      [
        0,
        1,
        2,
        3,
        5,
        6
      ],
      [],
      [
        0,
        1,
        5
      ]
    ],
    "left": [
      [
        3,
        6
      ],
      [
        0,
        2,
        3,
        4,
        5,
        6
      ],
      [
        0,
        3,
        4,
        6
      ],
      [],
      [
        0,
        3,
        6
      ],
      [
        0,
        2,
        3,
        4,
        6
      ],
      [
        3
      ]
    ],
    "behind": [
      [
        1,
        2,
        3,
        4,
        6
      ],
      [
        2,
        3,
        4,
        6
      ],
      [
        3,
        4
      ],
      [
        4
      ],
      [],
      [
        0,
        1,
        2,
        3,
        4,
        6
      ],
      [
        2,
        3,
        4
      ]
    ],
    "right": [
      [
        1,
        2,
        4,
        5
      ],
      [],
      [
        1,
        5
      ],
      [
        0,
        1,
        2,
        4,
        5,
        6
      ],
      [
        1,
        2,
        5
      ],
      [
        1
      ],
      [
        0,
        1,
        2,
        4,
        5
      ]
    ]
  },
  "directions": {
    "front": [
      0.754490315914154,
      -0.6563112735748291,
      -0.0
    ],
    "above": [
      0.0,
      0.0,
      1.0
    ],
    "behind": [
      -0.754490315914154,
      0.6563112735748291,
      0.0
    ],
    "below": [
      -0.0,
      -0.0,
      -1.0
    ],
    "right": [
      0.6563112735748291,
      0.7544902563095093,
      -0.0
    ],
    "left": [
      -0.6563112735748291,
      -0.7544902563095093,
      0.0
    ]
  },
  "image_index": 125,
  "image_filename": "CLEVR_new_000125.png",
  "objects": [
    {
      "pixel_coords": [
        138,
        143,
        8.617703437805176
      ],
      "rotation": 46.26519547040124,
      "material": "rubber",
      "size": "medium",
      "shape": "cube",
      "color": "green",
      "3d_coords": [
        1.2600129842758179,
        -1.8911924362182617,
        0.5249999761581421
      ]
    },
    {
      "pixel_coords": [
        240,
        120,
        10.066779136657715
      ],
      "rotation": 232.23944048916812,
      "material": "rubber",
      "size": "small",
      "shape": "cube",
      "color": "blue",
      "3d_coords": [
        2.0564029216766357,
        1.2435985803604126,
        0.3499999940395355
      ]
    },
    {
      "pixel_coords": [
        178,
        96,
        10.706409454345703
      ],
      "rotation": 124.68862795435395,
      "material": "rubber",
      "size": "large",
      "shape": "cube",
      "color": "red",
      "3d_coords": [
        0.1920146942138672,
        0.5660915970802307,
        0.699999988079071
      ]
    },
    {
      "pixel_coords": [
        85,
        88,
        11.722027778625488
      ],
      "rotation": 348.1153863855848,
      "material": "rubber",
      "size": "medium",
      "shape": "cube",
      "color": "blue",
      "3d_coords": [
        -2.664572238922119,
        -0.9644622206687927,
        0.5249999761581421
      ]
    },
    {
      "pixel_coords": [
        152,
        60,
        13.761923789978027
      ],
      "rotation": 147.43652480195587,
      "material": "rubber",
      "size": "large",
      "shape": "cube",
      "color": "blue",
      "3d_coords": [
        -2.9152729511260986,
        2.2940902709960938,
        0.699999988079071
      ]
    },
    {
      "pixel_coords": [
        217,
        149,
        8.049067497253418
      ],
      "rotation": 147.06629759052936,
      "material": "rubber",
      "size": "large",
      "shape": "cube",
      "color": "green",
      "3d_coords": [
        2.917156457901001,
        -0.9121370315551758,
        0.699999988079071
      ]
    },
    {
      "pixel_coords": [
        95,
        104,
        10.213282585144043
      ],
      "rotation": 250.6301483623169,
      "material": "rubber",
      "size": "large",
      "shape": "cylinder",
      "color": "blue",
      "3d_coords": [
        -1.057337760925293,
        -1.6032322645187378,
        0.699999988079071
      ]
    }
  ]
}