{
  "relationships": {
    "front": [
      [
        1,
        2,
        3,
        4,
        5,
        6,
        7
      ],
      [
        2,
        5,
        6,
        7
      ],
      [
        5,
        6
      ],
      [
        1,
        2,
        4,
        5,
        6,
        7
      ],
      [
        1,
        2,
        5,
        6,
        7
      ],
      [],
      [
        5
      ],
      [
        2,
        5,
        6
      ]
    ],
    "right": [
      [
        1,
        6
      ],
      [],
      [
        0,
        1,
        6
      ],
      [
        0,
        1,
        2,
        4,
        5,
        6
      ],
      [
        0,
        1,
        2,
        6
      ],
      [
        0,
        1,
        2,
        4,
        6
      ],
      [
        1
      ],
      [
        0,
        1,
        2,
        3,
        4,
        5,
        6
      ]
    ],
    "left": [
      [
        2,
        3,
        4,
        5,
        7
      ],
      [
        0,
        2,
        3,
        4,
        5,
        6,
        7
      ],
      [
        3,
        4,
        5,
        7
      ],
      [
        7
      ],
      [
        3,
        5,
        7
      ],
      [
        3,
        7
      ],
      [
        0,
        2,
        3,
        4,
        5,
        7
      ],
      []
    ],
    "behind": [
      [],
      [
        0,
        3,
        4
      ],
      [
        0,
        1,
        3,
        4,
        7
      ],
      [
        0
      ],
      [
        0,
        3
      ],
      [
        0,
        1,
        2,
        3,
        4,
        6,
        7
      ],
      [
        0,
        1,
        2,
        3,
        4,
        7
      ],
      [
        0,
        1,
        3,
        4
      ]
    ]
  },
  "intruder_pos": [
    [
      50,
      101
    ],
    [
      88,
      147
    ]
  ],
  "image_filename": "CLEVR_new_001228.png",
  "directions": {
    "below": [
      -0.0,
      -0.0,
      -1.0
    ],
    "right": [
      0.6563112735748291,
      0.7544902563095093,
      -0.0
    ],
    "behind": [
      -0.754490315914154,
      0.6563112735748291,
      0.0
    ],
    "front": [
      0.754490315914154,
      -0.6563112735748291,
      -0.0
    ],
    "above": [
      0.0,
      0.0,
      1.0
    ],
    "left": [
      -0.6563112735748291,
      -0.7544902563095093,
      0.0
    ]
  },
  "image_index": 1228,
  "split": "new",
  "objects": [
    {
      "3d_coords": [
        -1.0674880743026733,
        1.6649317741394043,
        0.3499999940395355
      ],
      "pixel_coords": [
        177,
        89,
        12.650793075561523
      ],
      "material": "rubber",
      "rotation": 124.29616100016457,
      "shape": "cylinder",
      "color": "blue",
      "size": "small"
    },
    {
      "3d_coords": [
        1.9841505289077759,
        1.9483383893966675,
        0.5249999761581421
      ],
      "pixel_coords": [
        251,
        109,
        10.61345100402832
      ],
      "material": "rubber",
      "rotation": 58.13549510922406,
      "shape": "cube",
      "color": "blue",
      "size": "medium"
    },
    {
      "3d_coords": [
        1.1021358966827393,
        -0.8355392813682556,
        0.5249999761581421
      ],
      "pixel_coords": [
        162,
        125,
        9.638309478759766
      ],
      "material": "rubber",
      "rotation": 212.3734575964006,
      "shape": "sphere",
      "color": "blue",
      "size": "medium"
    },
    {
      "3d_coords": [
        -2.2970335483551025,
        -0.5072598457336426,
        0.699999988079071
      ],
      "pixel_coords": [
        107,
        83,
        12.113699913024902
      ],
      "material": "rubber",
      "rotation": 161.59675509101564,
      "shape": "sphere",
      "color": "blue",
      "size": "large"
    },
    {
      "3d_coords": [
        -0.40886443853378296,
        -0.13978458940982819,
        0.699999988079071
      ],
      "pixel_coords": [
        148,
        97,
        11.010011672973633
      ],
      "material": "rubber",
      "rotation": 98.32117732793694,
      "shape": "cube",
      "color": "blue",
      "size": "large"
    },
    {
      "3d_coords": [
        1.1782362461090088,
        -2.7682759761810303,
        0.699999988079071
      ],
      "pixel_coords": [
        102,
        142,
        8.406047821044922
      ],
      "material": "rubber",
      "rotation": 258.6611458289565,
      "shape": "sphere",
      "color": "blue",
      "size": "large"
    },
    {
      "3d_coords": [
        2.725496768951416,
        -0.17929662764072418,
        0.5249999761581421
      ],
      "pixel_coords": [
        223,
        140,
        8.8836088180542
      ],
      "material": "rubber",
      "rotation": 94.59662465475385,
      "shape": "cylinder",
      "color": "blue",
      "size": "medium"
    },
    {
      "3d_coords": [
        -1.085526466369629,
        -2.4728400707244873,
        0.5249999761581421
      ],
      "pixel_coords": [
        71,
        115,
        10.225676536560059
      ],
      "material": "rubber",
      "rotation": 321.0000370537452,
      "shape": "cylinder",
      "color": "green",
      "size": "medium"
    }
  ]
}