{
  "relationships": {
    "front": [
      [
        2,
        3,
        4,
        5,
        6,
        7
      ],
      [
        0,
        2,
        3,
        4,
        5,
        6,
        7
      ],
      [
        4,
        7
      ],
      [
        2,
        4,
        5,
        7
      ],
      [],
      [
        2,
        4,
        7
      ],
      [
        2,
        3,
        4,
        5,
        7
      ],
      [
        4
      ]
    ],
    "right": [
      [
        1,
        2,
        3,
        4,
        7
      ],
      [
        2,
        3,
        7
      ],
      [
        3
      ],
      [],
      [
        1,
        2,
        3,
        7
      ],
      [
        0,
        1,
        2,
        3,
        4,
        7
      ],
      [
        0,
        1,
        2,
        3,
        4,
        5,
        7
      ],
      [
        2,
        3
      ]
    ],
    "left": [
      [
        5,
        6
      ],
      [
        0,
        4,
        5,
        6
      ],
      [
        0,
        1,
        4,
        5,
        6,
        7
      ],
      [
        0,
        1,
        2,
        4,
        5,
        6,
        7
      ],
      [
        0,
        5,
        6
      ],
      [
        6
      ],
      [],
      [
        0,
        1,
        4,
        5,
        6
      ]
    ],
    "behind": [
      [
        1
      ],
      [],
      [
        0,
        1,
        3,
        5,
        6
      ],
      [
        0,
        1,
        6
      ],
      [
        0,
        1,
        2,
        3,
        5,
        6,
        7
      ],
      [
        0,
        1,
        3,
        6
      ],
      [
        0,
        1
      ],
      [
        0,
        1,
        2,
        3,
        5,
        6
      ]
    ]
  },
  "intruder_pos": [
    [
      171,
      58
    ],
    [
      245,
      135
    ]
  ],
  "image_filename": "CLEVR_new_001281.png",
  "directions": {
    "below": [
      -0.0,
      -0.0,
      -1.0
    ],
    "right": [
      0.6563112735748291,
      0.7544902563095093,
      -0.0
    ],
    "behind": [
      -0.754490315914154,
      0.6563112735748291,
      0.0
    ],
    "front": [
      0.754490315914154,
      -0.6563112735748291,
      -0.0
    ],
    "above": [
      0.0,
      0.0,
      1.0
    ],
    "left": [
      -0.6563112735748291,
      -0.7544902563095093,
      0.0
    ]
  },
  "image_index": 1281,
  "split": "new",
  "objects": [
    {
      "3d_coords": [
        -2.053971767425537,
        0.1261858195066452,
        0.5249999761581421
      ],
      "pixel_coords": [
        126,
        88,
        12.889632225036621
      ],
      "material": "rubber",
      "rotation": 297.41417061075464,
      "shape": "cylinder",
      "color": "green",
      "size": "medium"
    },
    {
      "3d_coords": [
        -1.7145171165466309,
        2.499804735183716,
        0.699999988079071
      ],
      "pixel_coords": [
        179,
        72,
        13.983790397644043
      ],
      "material": "rubber",
      "rotation": 36.08006366369911,
      "shape": "sphere",
      "color": "green",
      "size": "large"
    },
    {
      "3d_coords": [
        2.246257781982422,
        0.7837480902671814,
        0.5249999761581421
      ],
      "pixel_coords": [
        230,
        122,
        10.373321533203125
      ],
      "material": "rubber",
      "rotation": 248.95886200283843,
      "shape": "cylinder",
      "color": "green",
      "size": "medium"
    },
    {
      "3d_coords": [
        2.0941638946533203,
        2.264887809753418,
        0.699999988079071
      ],
      "pixel_coords": [
        256,
        102,
        11.272767066955566
      ],
      "material": "rubber",
      "rotation": 225.62871664211704,
      "shape": "cylinder",
      "color": "green",
      "size": "large"
    },
    {
      "3d_coords": [
        1.8968745470046997,
        -2.450401782989502,
        0.3499999940395355
      ],
      "pixel_coords": [
        136,
        161,
        8.778018951416016
      ],
      "material": "rubber",
      "rotation": 129.72958469352548,
      "shape": "cylinder",
      "color": "green",
      "size": "small"
    },
    {
      "3d_coords": [
        -0.977817714214325,
        -1.9299689531326294,
        0.3499999940395355
      ],
      "pixel_coords": [
        93,
        118,
        11.026725769042969
      ],
      "material": "rubber",
      "rotation": 129.32241946409786,
      "shape": "sphere",
      "color": "green",
      "size": "small"
    },
    {
      "3d_coords": [
        -2.650592803955078,
        -1.9500218629837036,
        0.699999988079071
      ],
      "pixel_coords": [
        66,
        92,
        11.989912033081055
      ],
      "material": "rubber",
      "rotation": 117.81965000409966,
      "shape": "cube",
      "color": "green",
      "size": "large"
    },
    {
      "3d_coords": [
        2.7601425647735596,
        -0.8414794206619263,
        0.699999988079071
      ],
      "pixel_coords": [
        206,
        141,
        8.989714622497559
      ],
      "material": "rubber",
      "rotation": 202.3652242785818,
      "shape": "cube",
      "color": "red",
      "size": "large"
    }
  ]
}