{
  "split": "new",
  "intruder_pos": [
    [
      179,
      116
    ],
    [
      199,
      137
    ]
  ],
  "relationships": {
    "front": [
      [
        1,
        2,
        3,
        4,
        5,
        6
      ],
      [
        2,
        3,
        5
      ],
      [
        3,
        5
      ],
      [],
      [
        1,
        2,
        3,
        5,
        6
      ],
      [
        3
      ],
      [
        1,
        2,
        3,
        5
      ]
    ],
    "left": [
      [
        2,
        3,
        4,
        5,
        6
      ],
      [
        0,
        2,
        3,
        4,
        5,
        6
      ],
      [
        4
      ],
      [
        2,
        4
      ],
      [],
      [
        2,
        3,
        4
      ],
      [
        2,
        3,
        4,
        5
      ]
    ],
    "behind": [
      [],
      [
        0,
        4,
        6
      ],
      [
        0,
        1,
        4,
        6
      ],
      [
        0,
        1,
        2,
        4,
        5,
        6
      ],
      [
        0
      ],
      [
        0,
        1,
        2,
        4,
        6
      ],
      [
        0,
        4
      ]
    ],
    "right": [
      [
        1
      ],
      [],
      [
        0,
        1,
        3,
        5,
        6
      ],
      [
        0,
        1,
        5,
        6
      ],
      [
        0,
        1,
        2,
        3,
        5,
        6
      ],
      [
        0,
        1,
        6
      ],
      [
        0,
        1
      ]
    ]
  },
  "directions": {
    "front": [
      0.754490315914154,
      -0.6563112735748291,
      -0.0
    ],
    "above": [
      0.0,
      0.0,
      1.0
    ],
    "behind": [
      -0.754490315914154,
      0.6563112735748291,
      0.0
    ],
    "below": [
      -0.0,
      -0.0,
      -1.0
    ],
    "right": [
      0.6563112735748291,
      0.7544902563095093,
      -0.0
    ],
    "left": [
      -0.6563112735748291,
      -0.7544902563095093,
      0.0
    ]
  },
  "image_index": 119,
  "image_filename": "CLEVR_new_000119.png",
  "objects": [
    {
      "pixel_coords": [
        237,
        91,
        12.533003807067871
      ],
      "rotation": 65.61081125404918,
      "material": "rubber",
      "size": "medium",
      "shape": "cylinder",
      "color": "green",
      "3d_coords": [
        0.9017736315727234,
        2.8898866176605225,
        0.5249999761581421
      ]
    },
    {
      "pixel_coords": [
        263,
        114,
        10.799637794494629
      ],
      "rotation": 315.98013655367,
      "material": "rubber",
      "size": "medium",
      "shape": "cylinder",
      "color": "red",
      "3d_coords": [
        2.627230644226074,
        1.9229499101638794,
        0.5249999761581421
      ]
    },
    {
      "pixel_coords": [
        94,
        116,
        10.258804321289062
      ],
      "rotation": 28.56805820010328,
      "material": "rubber",
      "size": "large",
      "shape": "cylinder",
      "color": "green",
      "3d_coords": [
        -0.418412983417511,
        -2.225846529006958,
        0.699999988079071
      ]
    },
    {
      "pixel_coords": [
        146,
        182,
        7.959699630737305
      ],
      "rotation": 290.13558790362214,
      "material": "rubber",
      "size": "small",
      "shape": "cylinder",
      "color": "green",
      "3d_coords": [
        2.684338092803955,
        -2.8606865406036377,
        0.3499999940395355
      ]
    },
    {
      "pixel_coords": [
        60,
        93,
        11.910011291503906
      ],
      "rotation": 119.78272902270135,
      "material": "rubber",
      "size": "large",
      "shape": "cylinder",
      "color": "red",
      "3d_coords": [
        -2.756486177444458,
        -2.074836254119873,
        0.699999988079071
      ]
    },
    {
      "pixel_coords": [
        167,
        144,
        9.499691009521484
      ],
      "rotation": 190.78698664469636,
      "material": "rubber",
      "size": "small",
      "shape": "cylinder",
      "color": "blue",
      "3d_coords": [
        1.7665765285491943,
        -1.3193552494049072,
        0.3499999940395355
      ]
    },
    {
      "pixel_coords": [
        189,
        113,
        11.287160873413086
      ],
      "rotation": 64.23207643554639,
      "material": "rubber",
      "size": "small",
      "shape": "sphere",
      "color": "blue",
      "3d_coords": [
        0.7883903980255127,
        0.5662202835083008,
        0.3499999940395355
      ]
    }
  ]
}