{
  "split": "new",
  "intruder_pos": [
    [
      208,
      138
    ],
    [
      234,
      163
    ]
  ],
  "relationships": {
    "front": [
      [
        1,
        2,
        3,
        4,
        5,
        6,
        7
      ],
      [
        2,
        3,
        4,
        5
      ],
      [],
      [
        2,
        4
      ],
      [
        2
      ],
      [
        2,
        3,
        4
      ],
      [
        1,
        2,
        3,
        4,
        5,
        7
      ],
      [
        1,
        2,
        3,
        4,
        5
      ]
    ],
    "left": [
      [
        2,
        4,
        6
      ],
      [
        0,
        2,
        4,
        5,
        6,
        7
      ],
      [
        6
      ],
      [
        0,
        1,
        2,
        4,
        5,
        6,
        7
      ],
      [
        2,
        6
      ],
      [
        0,
        2,
        4,
        6
      ],
      [],
      [
        0,
        2,
        4,
        5,
        6
      ]
    ],
    "behind": [
      [],
      [
        0,
        6,
        7
      ],
      [
        0,
        1,
        3,
        4,
        5,
        6,
        7
      ],
      [
        0,
        1,
        5,
        6,
        7
      ],
      [
        0,
        1,
        3,
        5,
        6,
        7
      ],
      [
        0,
        1,
        6,
        7
      ],
      [
        0
      ],
      [
        0,
        6
      ]
    ],
    "right": [
      [
        1,
        3,
        5,
        7
      ],
      [
        3
      ],
      [
        0,
        1,
        3,
        4,
        5,
        7
      ],
      [],
      [
        0,
        1,
        3,
        5,
        7
      ],
      [
        1,
        3,
        7
      ],
      [
        0,
        1,
        2,
        3,
        4,
        5,
        7
      ],
      [
        1,
        3
      ]
    ]
  },
  "directions": {
    "front": [
      0.754490315914154,
      -0.6563112735748291,
      -0.0
    ],
    "above": [
      0.0,
      0.0,
      1.0
    ],
    "behind": [
      -0.754490315914154,
      0.6563112735748291,
      0.0
    ],
    "below": [
      -0.0,
      -0.0,
      -1.0
    ],
    "right": [
      0.6563112735748291,
      0.7544902563095093,
      -0.0
    ],
    "left": [
      -0.6563112735748291,
      -0.7544902563095093,
      0.0
    ]
  },
  "image_index": 403,
  "image_filename": "CLEVR_new_000403.png",
  "objects": [
    {
      "pixel_coords": [
        182,
        73,
        14.52251148223877
      ],
      "rotation": 337.1180177186712,
      "material": "rubber",
      "size": "small",
      "shape": "sphere",
      "color": "green",
      "3d_coords": [
        -1.960246205329895,
        2.8953771591186523,
        0.3499999940395355
      ]
    },
    {
      "pixel_coords": [
        241,
        98,
        12.032079696655273
      ],
      "rotation": 291.9350935290089,
      "material": "rubber",
      "size": "medium",
      "shape": "sphere",
      "color": "blue",
      "3d_coords": [
        1.3573811054229736,
        2.5270895957946777,
        0.5249999761581421
      ]
    },
    {
      "pixel_coords": [
        154,
        163,
        8.427678108215332
      ],
      "rotation": 316.854889373079,
      "material": "rubber",
      "size": "large",
      "shape": "sphere",
      "color": "red",
      "3d_coords": [
        2.470309019088745,
        -2.3400819301605225,
        0.699999988079071
      ]
    },
    {
      "pixel_coords": [
        273,
        113,
        10.677642822265625
      ],
      "rotation": 294.4952157735429,
      "material": "rubber",
      "size": "large",
      "shape": "sphere",
      "color": "green",
      "3d_coords": [
        2.878938913345337,
        2.067365884780884,
        0.699999988079071
      ]
    },
    {
      "pixel_coords": [
        170,
        134,
        9.95691967010498
      ],
      "rotation": 66.11809448663577,
      "material": "rubber",
      "size": "medium",
      "shape": "sphere",
      "color": "blue",
      "3d_coords": [
        1.5163538455963135,
        -0.917955219745636,
        0.5249999761581421
      ]
    },
    {
      "pixel_coords": [
        209,
        112,
        11.4863920211792
      ],
      "rotation": 46.66184634654542,
      "material": "rubber",
      "size": "small",
      "shape": "sphere",
      "color": "green",
      "3d_coords": [
        1.1141482591629028,
        1.1429438591003418,
        0.3499999940395355
      ]
    },
    {
      "pixel_coords": [
        130,
        81,
        13.80693531036377
      ],
      "rotation": 70.00419938473394,
      "material": "rubber",
      "size": "small",
      "shape": "sphere",
      "color": "green",
      "3d_coords": [
        -2.7012953758239746,
        0.7866158485412598,
        0.3499999940395355
      ]
    },
    {
      "pixel_coords": [
        221,
        89,
        13.140165328979492
      ],
      "rotation": 198.02071411525682,
      "material": "rubber",
      "size": "small",
      "shape": "cube",
      "color": "green",
      "3d_coords": [
        0.14597339928150177,
        2.914844036102295,
        0.3499999940395355
      ]
    }
  ]
}