{
  "split": "new",
  "intruder_pos": [
    [
      53,
      105
    ],
    [
      85,
      135
    ]
  ],
  "relationships": {
    "front": [
      [
        2,
        3,
        6
      ],
      [
        0,
        2,
        3,
        4,
        6
      ],
      [],
      [
        2
      ],
      [
        0,
        2,
        3,
        6
      ],
      [
        0,
        1,
        2,
        3,
        4,
        6
      ],
      [
        2,
        3
      ]
    ],
    "left": [
      [
        1,
        2,
        3,
        4,
        5,
        6
      ],
      [
        2,
        6
      ],
      [
        6
      ],
      [
        1,
        2,
        5,
        6
      ],
      [
        1,
        2,
        3,
        5,
        6
      ],
      [
        1,
        2,
        6
      ],
      []
    ],
    "behind": [
      [
        1,
        4,
        5
      ],
      [
        5
      ],
      [
        0,
        1,
        3,
        4,
        5,
        6
      ],
      [
        0,
        1,
        4,
        5,
        6
      ],
      [
        1,
        5
      ],
      [],
      [
        0,
        1,
        4,
        5
      ]
    ],
    "right": [
      [],
      [
        0,
        3,
        4,
        5
      ],
      [
        0,
        1,
        3,
        4,
        5
      ],
      [
        0,
        4
      ],
      [
        0
      ],
      [
        0,
        3,
        4
      ],
      [
        0,
        1,
        2,
        3,
        4,
        5
      ]
    ]
  },
  "directions": {
    "front": [
      0.754490315914154,
      -0.6563112735748291,
      -0.0
    ],
    "above": [
      0.0,
      0.0,
      1.0
    ],
    "behind": [
      -0.754490315914154,
      0.6563112735748291,
      0.0
    ],
    "below": [
      -0.0,
      -0.0,
      -1.0
    ],
    "right": [
      0.6563112735748291,
      0.7544902563095093,
      -0.0
    ],
    "left": [
      -0.6563112735748291,
      -0.7544902563095093,
      0.0
    ]
  },
  "image_index": 95,
  "image_filename": "CLEVR_new_000095.png",
  "objects": [
    {
      "pixel_coords": [
        224,
        100,
        10.355521202087402
      ],
      "rotation": 238.24914228081872,
      "material": "rubber",
      "size": "large",
      "shape": "cylinder",
      "color": "green",
      "3d_coords": [
        1.265245795249939,
        1.3911190032958984,
        0.699999988079071
      ]
    },
    {
      "pixel_coords": [
        115,
        83,
        11.880070686340332
      ],
      "rotation": 316.75605264550103,
      "material": "rubber",
      "size": "medium",
      "shape": "sphere",
      "color": "green",
      "3d_coords": [
        -2.219433307647705,
        -0.07706069201231003,
        0.5249999761581421
      ]
    },
    {
      "pixel_coords": [
        75,
        147,
        8.83837604522705
      ],
      "rotation": 357.2945189102438,
      "material": "rubber",
      "size": "small",
      "shape": "cylinder",
      "color": "green",
      "3d_coords": [
        0.06515323370695114,
        -2.925381898880005,
        0.3499999940395355
      ]
    },
    {
      "pixel_coords": [
        167,
        123,
        9.156107902526855
      ],
      "rotation": 102.4681776658812,
      "material": "rubber",
      "size": "large",
      "shape": "sphere",
      "color": "green",
      "3d_coords": [
        1.1921015977859497,
        -0.7842134237289429,
        0.699999988079071
      ]
    },
    {
      "pixel_coords": [
        192,
        93,
        11.570927619934082
      ],
      "rotation": 340.57110909516274,
      "material": "rubber",
      "size": "small",
      "shape": "cube",
      "color": "green",
      "3d_coords": [
        -0.17663443088531494,
        1.5644614696502686,
        0.3499999940395355
      ]
    },
    {
      "pixel_coords": [
        148,
        81,
        12.436522483825684
      ],
      "rotation": 157.7579646394125,
      "material": "rubber",
      "size": "small",
      "shape": "sphere",
      "color": "green",
      "3d_coords": [
        -1.8972680568695068,
        1.11058509349823,
        0.3499999940395355
      ]
    },
    {
      "pixel_coords": [
        71,
        120,
        10.030692100524902
      ],
      "rotation": 91.8580579646133,
      "material": "rubber",
      "size": "small",
      "shape": "cube",
      "color": "blue",
      "3d_coords": [
        -1.2329703569412231,
        -2.327277898788452,
        0.3499999940395355
      ]
    }
  ]
}