{
  "relationships": {
    "front": [
      [
        3
      ],
      [
        0,
        2,
        3,
        4,
        5,
        6
      ],
      [
        0,
        3
      ],
      [],
      [
        0,
        2,
        3,
        5,
        6
      ],
      [
        0,
        2,
        3,
        6
      ],
      [
        0,
        2,
        3
      ]
    ],
    "right": [
      [
        5
      ],
      [
        0,
        3,
        5
      ],
      [
        0,
        1,
        3,
        5
      ],
      [
        0,
        5
      ],
      [
        0,
        1,
        2,
        3,
        5
      ],
      [],
      [
        0,
        1,
        2,
        3,
        4,
        5
      ]
    ],
    "left": [
      [
        1,
        2,
        3,
        4,
        6
      ],
      [
        2,
        4,
        6
      ],
      [
        4,
        6
      ],
      [
        1,
        2,
        4,
        6
      ],
      [
        6
      ],
      [
        0,
        1,
        2,
        3,
        4,
        6
      ],
      []
    ],
    "behind": [
      [
        1,
        2,
        4,
        5,
        6
      ],
      [],
      [
        1,
        4,
        5,
        6
      ],
      [
        0,
        1,
        2,
        4,
        5,
        6
      ],
      [
        1
      ],
      [
        1,
        4
      ],
      [
        1,
        4,
        5
      ]
    ]
  },
  "intruder_pos": [
    [
      56,
      123
    ],
    [
      102,
      176
    ]
  ],
  "image_filename": "CLEVR_new_001373.png",
  "directions": {
    "below": [
      -0.0,
      -0.0,
      -1.0
    ],
    "right": [
      0.6563112735748291,
      0.7544902563095093,
      -0.0
    ],
    "behind": [
      -0.754490315914154,
      0.6563112735748291,
      0.0
    ],
    "front": [
      0.754490315914154,
      -0.6563112735748291,
      -0.0
    ],
    "above": [
      0.0,
      0.0,
      1.0
    ],
    "left": [
      -0.6563112735748291,
      -0.7544902563095093,
      0.0
    ]
  },
  "image_index": 1373,
  "split": "new",
  "objects": [
    {
      "3d_coords": [
        1.669079065322876,
        -0.23107047379016876,
        0.3499999940395355
      ],
      "pixel_coords": [
        191,
        132,
        9.775845527648926
      ],
      "material": "rubber",
      "rotation": 149.78143799918766,
      "shape": "sphere",
      "color": "blue",
      "size": "small"
    },
    {
      "3d_coords": [
        -2.182157278060913,
        1.5982578992843628,
        0.3499999940395355
      ],
      "pixel_coords": [
        157,
        81,
        13.494247436523438
      ],
      "material": "rubber",
      "rotation": 154.12833740684525,
      "shape": "sphere",
      "color": "green",
      "size": "small"
    },
    {
      "3d_coords": [
        -0.2866649329662323,
        -0.8404994606971741,
        0.699999988079071
      ],
      "pixel_coords": [
        133,
        104,
        10.64779281616211
      ],
      "material": "rubber",
      "rotation": 88.53589827666569,
      "shape": "sphere",
      "color": "blue",
      "size": "large"
    },
    {
      "3d_coords": [
        2.6757397651672363,
        -1.6993588209152222,
        0.3499999940395355
      ],
      "pixel_coords": [
        175,
        166,
        8.249832153320312
      ],
      "material": "rubber",
      "rotation": 218.17273267936386,
      "shape": "sphere",
      "color": "green",
      "size": "small"
    },
    {
      "3d_coords": [
        -2.9427318572998047,
        0.06207969784736633,
        0.5249999761581421
      ],
      "pixel_coords": [
        112,
        80,
        13.089052200317383
      ],
      "material": "rubber",
      "rotation": 109.90253329269777,
      "shape": "sphere",
      "color": "blue",
      "size": "medium"
    },
    {
      "3d_coords": [
        -0.1316319704055786,
        2.2525100708007812,
        0.699999988079071
      ],
      "pixel_coords": [
        208,
        83,
        12.270160675048828
      ],
      "material": "rubber",
      "rotation": 192.1689489474646,
      "shape": "sphere",
      "color": "red",
      "size": "large"
    },
    {
      "3d_coords": [
        -2.3681323528289795,
        -1.5194504261016846,
        0.699999988079071
      ],
      "pixel_coords": [
        80,
        89,
        11.72425651550293
      ],
      "material": "rubber",
      "rotation": 1.8837438390111716,
      "shape": "cylinder",
      "color": "green",
      "size": "large"
    }
  ]
}