{
  "image_filename": "CLEVR_new_001455.png",
  "directions": {
    "left": [
      -0.6563112735748291,
      -0.7544902563095093,
      0.0
    ],
    "right": [
      0.6563112735748291,
      0.7544902563095093,
      -0.0
    ],
    "front": [
      0.754490315914154,
      -0.6563112735748291,
      -0.0
    ],
    "behind": [
      -0.754490315914154,
      0.6563112735748291,
      0.0
    ],
    "below": [
      -0.0,
      -0.0,
      -1.0
    ],
    "above": [
      0.0,
      0.0,
      1.0
    ]
  },
  "intruder_pos": [
    [
      30,
      118
    ],
    [
      85,
      172
    ]
  ],
  "image_index": 1455,
  "split": "new",
  "relationships": {
    "left": [
      [
        3,
        6
      ],
      [
        0,
        3,
        6
      ],
      [
        0,
        1,
        3,
        5,
        6
      ],
      [
        6
      ],
      [
        0,
        1,
        2,
        3,
        5,
        6
      ],
      [
        0,
        1,
        3,
        6
      ],
      []
    ],
    "right": [
      [
        1,
        2,
        4,
        5
      ],
      [
        2,
        4,
        5
      ],
      [
        4
      ],
      [
        0,
        1,
        2,
        4,
        5
      ],
      [],
      [
        2,
        4
      ],
      [
        0,
        1,
        2,
        3,
        4,
        5
      ]
    ],
    "front": [
      [
        1,
        2,
        3,
        4,
        6
      ],
      [
        2,
        3,
        4,
        6
      ],
      [
        3,
        4
      ],
      [],
      [
        3
      ],
      [
        0,
        1,
        2,
        3,
        4,
        6
      ],
      [
        2,
        3,
        4
      ]
    ],
    "behind": [
      [
        5
      ],
      [
        0,
        5
      ],
      [
        0,
        1,
        5,
        6
      ],
      [
        0,
        1,
        2,
        4,
        5,
        6
      ],
      [
        0,
        1,
        2,
        5,
        6
      ],
      [],
      [
        0,
        1,
        5
      ]
    ]
  },
  "objects": [
    {
      "color": "green",
      "material": "rubber",
      "pixel_coords": [
        128,
        76,
        13.725403785705566
      ],
      "3d_coords": [
        -2.9833784103393555,
        0.9314811825752258,
        0.5249999761581421
      ],
      "size": "medium",
      "rotation": 343.85341526467306,
      "shape": "sphere"
    },
    {
      "color": "red",
      "material": "rubber",
      "pixel_coords": [
        149,
        86,
        12.20186996459961
      ],
      "3d_coords": [
        -1.1868352890014648,
        0.5325573086738586,
        0.699999988079071
      ],
      "size": "large",
      "rotation": 164.0001618549421,
      "shape": "sphere"
    },
    {
      "color": "red",
      "material": "rubber",
      "pixel_coords": [
        194,
        112,
        11.158827781677246
      ],
      "3d_coords": [
        0.7891789674758911,
        0.7569587826728821,
        0.3499999940395355
      ],
      "size": "small",
      "rotation": 5.655168692355841,
      "shape": "sphere"
    },
    {
      "color": "red",
      "material": "rubber",
      "pixel_coords": [
        71,
        120,
        9.836427688598633
      ],
      "3d_coords": [
        -0.5885933041572571,
        -2.795344829559326,
        0.699999988079071
      ],
      "size": "large",
      "rotation": 110.65867886623658,
      "shape": "sphere"
    },
    {
      "color": "green",
      "material": "rubber",
      "pixel_coords": [
        286,
        112,
        10.694552421569824
      ],
      "3d_coords": [
        2.9420135021209717,
        2.561422109603882,
        0.5249999761581421
      ],
      "size": "medium",
      "rotation": 239.90434525515266,
      "shape": "sphere"
    },
    {
      "color": "blue",
      "material": "rubber",
      "pixel_coords": [
        171,
        68,
        14.054817199707031
      ],
      "3d_coords": [
        -2.1972014904022217,
        2.520502805709839,
        0.699999988079071
      ],
      "size": "large",
      "rotation": 216.02387690904803,
      "shape": "sphere"
    },
    {
      "color": "blue",
      "material": "rubber",
      "pixel_coords": [
        59,
        95,
        11.509598731994629
      ],
      "3d_coords": [
        -2.5455198287963867,
        -2.1937150955200195,
        0.699999988079071
      ],
      "size": "large",
      "rotation": 7.708378418514021,
      "shape": "cube"
    }
  ]
}