{
  "image_filename": "CLEVR_new_001469.png",
  "directions": {
    "left": [
      -0.6563112735748291,
      -0.7544902563095093,
      0.0
    ],
    "right": [
      0.6563112735748291,
      0.7544902563095093,
      -0.0
    ],
    "front": [
      0.754490315914154,
      -0.6563112735748291,
      -0.0
    ],
    "behind": [
      -0.754490315914154,
      0.6563112735748291,
      0.0
    ],
    "below": [
      -0.0,
      -0.0,
      -1.0
    ],
    "above": [
      0.0,
      0.0,
      1.0
    ]
  },
  "intruder_pos": [
    [
      245,
      114
    ],
    [
      292,
      159
    ]
  ],
  "image_index": 1469,
  "split": "new",
  "relationships": {
    "left": [
      [
        1,
        3,
        4,
        5
      ],
      [
        4,
        5
      ],
      [
        0,
        1,
        3,
        4,
        5
      ],
      [
        1,
        4,
        5
      ],
      [
        5
      ],
      [],
      [
        0,
        1,
        2,
        3,
        4,
        5
      ]
    ],
    "right": [
      [
        2,
        6
      ],
      [
        0,
        2,
        3,
        6
      ],
      [
        6
      ],
      [
        0,
        2,
        6
      ],
      [
        0,
        1,
        2,
        3,
        6
      ],
      [
        0,
        1,
        2,
        3,
        4,
        6
      ],
      []
    ],
    "front": [
      [],
      [
        0,
        4
      ],
      [
        0,
        1,
        4,
        6
      ],
      [
        0,
        1,
        2,
        4,
        5,
        6
      ],
      [
        0
      ],
      [
        0,
        1,
        2,
        4,
        6
      ],
      [
        0,
        1,
        4
      ]
    ],
    "behind": [
      [
        1,
        2,
        3,
        4,
        5,
        6
      ],
      [
        2,
        3,
        5,
        6
      ],
      [
        3,
        5
      ],
      [],
      [
        1,
        2,
        3,
        5,
        6
      ],
      [
        3
      ],
      [
        2,
        3,
        5
      ]
    ]
  },
  "objects": [
    {
      "color": "red",
      "material": "rubber",
      "pixel_coords": [
        182,
        158,
        8.823125839233398
      ],
      "3d_coords": [
        2.392202854156494,
        -1.2088853120803833,
        0.3499999940395355
      ],
      "size": "small",
      "rotation": 101.81470501970144,
      "shape": "cube"
    },
    {
      "color": "red",
      "material": "rubber",
      "pixel_coords": [
        111,
        118,
        10.665855407714844
      ],
      "3d_coords": [
        -0.5333497524261475,
        -1.4790838956832886,
        0.3499999940395355
      ],
      "size": "small",
      "rotation": 200.2184264845419,
      "shape": "sphere"
    },
    {
      "color": "red",
      "material": "rubber",
      "pixel_coords": [
        200,
        95,
        11.268192291259766
      ],
      "3d_coords": [
        0.5280534625053406,
        1.2384670972824097,
        0.699999988079071
      ],
      "size": "large",
      "rotation": 115.57049982697498,
      "shape": "cylinder"
    },
    {
      "color": "red",
      "material": "rubber",
      "pixel_coords": [
        147,
        73,
        13.477740287780762
      ],
      "3d_coords": [
        -2.4775710105895996,
        1.3821946382522583,
        0.5249999761581421
      ],
      "size": "medium",
      "rotation": 143.4232094263497,
      "shape": "cylinder"
    },
    {
      "color": "red",
      "material": "rubber",
      "pixel_coords": [
        79,
        129,
        10.101144790649414
      ],
      "3d_coords": [
        -0.5722300410270691,
        -2.5542497634887695,
        0.3499999940395355
      ],
      "size": "small",
      "rotation": 36.75745183731644,
      "shape": "cylinder"
    },
    {
      "color": "red",
      "material": "rubber",
      "pixel_coords": [
        78,
        81,
        12.285568237304688
      ],
      "3d_coords": [
        -2.9991660118103027,
        -1.277605414390564,
        0.699999988079071
      ],
      "size": "large",
      "rotation": 181.28024259989277,
      "shape": "sphere"
    },
    {
      "color": "green",
      "material": "rubber",
      "pixel_coords": [
        269,
        103,
        10.790329933166504
      ],
      "3d_coords": [
        2.246835231781006,
        2.4970719814300537,
        0.699999988079071
      ],
      "size": "large",
      "rotation": 332.66911712497205,
      "shape": "sphere"
    }
  ]
}