{
  "image_filename": "CLEVR_new_001593.png",
  "directions": {
    "left": [
      -0.6563112735748291,
      -0.7544902563095093,
      0.0
    ],
    "right": [
      0.6563112735748291,
      0.7544902563095093,
      -0.0
    ],
    "front": [
      0.754490315914154,
      -0.6563112735748291,
      -0.0
    ],
    "behind": [
      -0.754490315914154,
      0.6563112735748291,
      0.0
    ],
    "below": [
      -0.0,
      -0.0,
      -1.0
    ],
    "above": [
      0.0,
      0.0,
      1.0
    ]
  },
  "intruder_pos": [
    [
      223,
      94
    ],
    [
      261,
      131
    ]
  ],
  "image_index": 1593,
  "split": "new",
  "relationships": {
    "left": [
      [
        2,
        3
      ],
      [
        0,
        2,
        3,
        5
      ],
      [
        3
      ],
      [],
      [
        0,
        1,
        2,
        3,
        5,
        6
      ],
      [
        0,
        2,
        3
      ],
      [
        0,
        1,
        2,
        3,
        5
      ]
    ],
    "right": [
      [
        1,
        4,
        5,
        6
      ],
      [
        4,
        6
      ],
      [
        0,
        1,
        4,
        5,
        6
      ],
      [
        0,
        1,
        2,
        4,
        5,
        6
      ],
      [],
      [
        1,
        4,
        6
      ],
      [
        4
      ]
    ],
    "front": [
      [],
      [
        0,
        2,
        3,
        4,
        5,
        6
      ],
      [
        0,
        3,
        4,
        5,
        6
      ],
      [
        0,
        6
      ],
      [
        0,
        3,
        6
      ],
      [
        0,
        3,
        4,
        6
      ],
      [
        0
      ]
    ],
    "behind": [
      [
        1,
        2,
        3,
        4,
        5,
        6
      ],
      [],
      [
        1
      ],
      [
        1,
        2,
        4,
        5
      ],
      [
        1,
        2,
        5
      ],
      [
        1,
        2
      ],
      [
        1,
        2,
        3,
        4,
        5
      ]
    ]
  },
  "objects": [
    {
      "color": "blue",
      "material": "rubber",
      "pixel_coords": [
        142,
        131,
        9.048344612121582
      ],
      "3d_coords": [
        1.2285566329956055,
        -1.665323257446289,
        0.699999988079071
      ],
      "size": "large",
      "rotation": 176.50346118124236,
      "shape": "cube"
    },
    {
      "color": "blue",
      "material": "rubber",
      "pixel_coords": [
        203,
        75,
        12.901424407958984
      ],
      "3d_coords": [
        -0.7463536262512207,
        2.6871094703674316,
        0.699999988079071
      ],
      "size": "large",
      "rotation": 259.4810055395268,
      "shape": "cube"
    },
    {
      "color": "blue",
      "material": "rubber",
      "pixel_coords": [
        134,
        85,
        11.953120231628418
      ],
      "3d_coords": [
        -1.530534029006958,
        0.11482208967208862,
        0.699999988079071
      ],
      "size": "large",
      "rotation": 75.65443544549113,
      "shape": "cylinder"
    },
    {
      "color": "blue",
      "material": "rubber",
      "pixel_coords": [
        104,
        119,
        10.444015502929688
      ],
      "3d_coords": [
        -0.5961291193962097,
        -1.6741348505020142,
        0.3499999940395355
      ],
      "size": "small",
      "rotation": 210.64719438775202,
      "shape": "sphere"
    },
    {
      "color": "blue",
      "material": "rubber",
      "pixel_coords": [
        248,
        99,
        10.937752723693848
      ],
      "3d_coords": [
        1.6985162496566772,
        2.1687378883361816,
        0.699999988079071
      ],
      "size": "large",
      "rotation": 120.69930399197375,
      "shape": "cylinder"
    },
    {
      "color": "blue",
      "material": "rubber",
      "pixel_coords": [
        176,
        96,
        11.530027389526367
      ],
      "3d_coords": [
        -0.17559871077537537,
        0.8445907831192017,
        0.5249999761581421
      ],
      "size": "medium",
      "rotation": 151.61208488260715,
      "shape": "cube"
    },
    {
      "color": "green",
      "material": "rubber",
      "pixel_coords": [
        243,
        127,
        9.608202934265137
      ],
      "3d_coords": [
        2.588845729827881,
        0.7764905691146851,
        0.5249999761581421
      ],
      "size": "medium",
      "rotation": 317.326537476982,
      "shape": "sphere"
    }
  ]
}