{
  "image_filename": "CLEVR_new_001482.png",
  "directions": {
    "left": [
      -0.6563112735748291,
      -0.7544902563095093,
      0.0
    ],
    "right": [
      0.6563112735748291,
      0.7544902563095093,
      -0.0
    ],
    "front": [
      0.754490315914154,
      -0.6563112735748291,
      -0.0
    ],
    "behind": [
      -0.754490315914154,
      0.6563112735748291,
      0.0
    ],
    "below": [
      -0.0,
      -0.0,
      -1.0
    ],
    "above": [
      0.0,
      0.0,
      1.0
    ]
  },
  "intruder_pos": [
    [
      193,
      73
    ],
    [
      234,
      125
    ]
  ],
  "image_index": 1482,
  "split": "new",
  "relationships": {
    "left": [
      [
        3
      ],
      [
        0,
        2,
        3
      ],
      [
        0,
        3
      ],
      [],
      [
        0,
        1,
        2,
        3
      ],
      [
        0,
        1,
        2,
        3,
        4,
        6
      ],
      [
        0,
        1,
        2,
        3,
        4
      ]
    ],
    "right": [
      [
        1,
        2,
        4,
        5,
        6
      ],
      [
        4,
        5,
        6
      ],
      [
        1,
        4,
        5,
        6
      ],
      [
        0,
        1,
        2,
        4,
        5,
        6
      ],
      [
        5,
        6
      ],
      [],
      [
        5
      ]
    ],
    "front": [
      [
        1,
        6
      ],
      [
        6
      ],
      [
        0,
        1,
        3,
        5,
        6
      ],
      [
        0,
        1,
        5,
        6
      ],
      [
        0,
        1,
        2,
        3,
        5,
        6
      ],
      [
        0,
        1,
        6
      ],
      []
    ],
    "behind": [
      [
        2,
        3,
        4,
        5
      ],
      [
        0,
        2,
        3,
        4,
        5
      ],
      [
        4
      ],
      [
        2,
        4
      ],
      [],
      [
        2,
        3,
        4
      ],
      [
        0,
        1,
        2,
        3,
        4,
        5
      ]
    ]
  },
  "objects": [
    {
      "color": "green",
      "material": "rubber",
      "pixel_coords": [
        117,
        117,
        10.908475875854492
      ],
      "3d_coords": [
        -0.47441020607948303,
        -1.3451216220855713,
        0.3499999940395355
      ],
      "size": "small",
      "rotation": 103.86035812326507,
      "shape": "sphere"
    },
    {
      "color": "red",
      "material": "rubber",
      "pixel_coords": [
        168,
        127,
        10.050589561462402
      ],
      "3d_coords": [
        1.201264500617981,
        -0.6193487048149109,
        0.5249999761581421
      ],
      "size": "medium",
      "rotation": 148.09864305716115,
      "shape": "sphere"
    },
    {
      "color": "blue",
      "material": "rubber",
      "pixel_coords": [
        152,
        81,
        12.49758529663086
      ],
      "3d_coords": [
        -1.4216941595077515,
        0.7258008718490601,
        0.699999988079071
      ],
      "size": "large",
      "rotation": 287.99562409846567,
      "shape": "sphere"
    },
    {
      "color": "red",
      "material": "rubber",
      "pixel_coords": [
        79,
        95,
        12.357250213623047
      ],
      "3d_coords": [
        -2.697805166244507,
        -1.5136611461639404,
        0.3499999940395355
      ],
      "size": "small",
      "rotation": 314.67668299377726,
      "shape": "sphere"
    },
    {
      "color": "green",
      "material": "rubber",
      "pixel_coords": [
        191,
        66,
        13.875600814819336
      ],
      "3d_coords": [
        -1.7374998331069946,
        2.900883913040161,
        0.699999988079071
      ],
      "size": "large",
      "rotation": 24.68282901505479,
      "shape": "sphere"
    },
    {
      "color": "green",
      "material": "rubber",
      "pixel_coords": [
        258,
        104,
        11.321824073791504
      ],
      "3d_coords": [
        1.8262203931808472,
        2.5766820907592773,
        0.5249999761581421
      ],
      "size": "medium",
      "rotation": 179.37304710758605,
      "shape": "sphere"
    },
    {
      "color": "green",
      "material": "rubber",
      "pixel_coords": [
        214,
        140,
        9.439133644104004
      ],
      "3d_coords": [
        2.489598274230957,
        -0.09392713755369186,
        0.5249999761581421
      ],
      "size": "medium",
      "rotation": 181.03675713339126,
      "shape": "cylinder"
    }
  ]
}