{
  "relationships": {
    "front": [
      [
        6
      ],
      [
        0,
        5,
        6,
        7
      ],
      [
        0,
        1,
        4,
        5,
        6,
        7
      ],
      [
        0,
        1,
        2,
        4,
        5,
        6,
        7
      ],
      [
        0,
        1,
        5,
        6,
        7
      ],
      [
        0,
        6
      ],
      [],
      [
        0,
        5,
        6
      ]
    ],
    "right": [
      [
        5
      ],
      [
        0,
        2,
        3,
        4,
        5,
        6
      ],
      [
        0,
        3,
        4,
        5
      ],
      [
        0,
        4,
        5
      ],
      [
        0,
        5
      ],
      [],
      [
        0,
        2,
        3,
        4,
        5
      ],
      [
        0,
        1,
        2,
        3,
        4,
        5,
        6
      ]
    ],
    "left": [
      [
        1,
        2,
        3,
        4,
        6,
        7
      ],
      [
        7
      ],
      [
        1,
        6,
        7
      ],
      [
        1,
        2,
        6,
        7
      ],
      [
        1,
        2,
        3,
        6,
        7
      ],
      [
        0,
        1,
        2,
        3,
        4,
        6,
        7
      ],
      [
        1,
        7
      ],
      []
    ],
    "behind": [
      [
        1,
        2,
        3,
        4,
        5,
        7
      ],
      [
        2,
        3,
        4
      ],
      [
        3
      ],
      [],
      [
        2,
        3
      ],
      [
        1,
        2,
        3,
        4,
        7
      ],
      [
        0,
        1,
        2,
        3,
        4,
        5,
        7
      ],
      [
        1,
        2,
        3,
        4
      ]
    ]
  },
  "intruder_pos": [
    [
      9,
      119
    ],
    [
      45,
      153
    ]
  ],
  "image_filename": "CLEVR_new_001133.png",
  "directions": {
    "below": [
      -0.0,
      -0.0,
      -1.0
    ],
    "right": [
      0.6563112735748291,
      0.7544902563095093,
      -0.0
    ],
    "behind": [
      -0.754490315914154,
      0.6563112735748291,
      0.0
    ],
    "front": [
      0.754490315914154,
      -0.6563112735748291,
      -0.0
    ],
    "above": [
      0.0,
      0.0,
      1.0
    ],
    "left": [
      -0.6563112735748291,
      -0.7544902563095093,
      0.0
    ]
  },
  "image_index": 1133,
  "split": "new",
  "objects": [
    {
      "3d_coords": [
        2.257323741912842,
        0.43842533230781555,
        0.3499999940395355
      ],
      "pixel_coords": [
        229,
        131,
        9.3923921585083
      ],
      "material": "rubber",
      "rotation": 312.83960064056885,
      "shape": "cube",
      "color": "red",
      "size": "small"
    },
    {
      "3d_coords": [
        -1.867149829864502,
        -1.142794132232666,
        0.699999988079071
      ],
      "pixel_coords": [
        93,
        92,
        10.94931697845459
      ],
      "material": "rubber",
      "rotation": 9.701862408106292,
      "shape": "cube",
      "color": "red",
      "size": "large"
    },
    {
      "3d_coords": [
        -2.2554008960723877,
        0.9971701502799988,
        0.3499999940395355
      ],
      "pixel_coords": [
        137,
        82,
        12.666489601135254
      ],
      "material": "rubber",
      "rotation": 119.3448117878672,
      "shape": "cylinder",
      "color": "red",
      "size": "small"
    },
    {
      "3d_coords": [
        -2.375865936279297,
        2.1454010009765625,
        0.5249999761581421
      ],
      "pixel_coords": [
        158,
        70,
        13.366541862487793
      ],
      "material": "rubber",
      "rotation": 100.20824991193268,
      "shape": "sphere",
      "color": "red",
      "size": "medium"
    },
    {
      "3d_coords": [
        -0.8758732676506042,
        1.8848143815994263,
        0.5249999761581421
      ],
      "pixel_coords": [
        182,
        82,
        12.232555389404297
      ],
      "material": "rubber",
      "rotation": 20.04611110438504,
      "shape": "cylinder",
      "color": "red",
      "size": "medium"
    },
    {
      "3d_coords": [
        2.217393159866333,
        1.4407963752746582,
        0.3499999940395355
      ],
      "pixel_coords": [
        250,
        119,
        10.030271530151367
      ],
      "material": "rubber",
      "rotation": 222.4393760557728,
      "shape": "cube",
      "color": "red",
      "size": "small"
    },
    {
      "3d_coords": [
        1.1728665828704834,
        -2.8891773223876953,
        0.5249999761581421
      ],
      "pixel_coords": [
        103,
        156,
        7.986574172973633
      ],
      "material": "rubber",
      "rotation": 181.66914131265287,
      "shape": "sphere",
      "color": "red",
      "size": "medium"
    },
    {
      "3d_coords": [
        -2.788299560546875,
        -2.868708848953247,
        0.5249999761581421
      ],
      "pixel_coords": [
        28,
        103,
        10.573585510253906
      ],
      "material": "rubber",
      "rotation": 334.0063476920856,
      "shape": "sphere",
      "color": "green",
      "size": "medium"
    }
  ]
}