{
  "split": "new",
  "intruder_pos": [
    [
      262,
      108
    ],
    [
      293,
      137
    ]
  ],
  "relationships": {
    "front": [
      [
        2,
        6
      ],
      [
        0,
        2,
        6,
        7
      ],
      [],
      [
        0,
        1,
        2,
        5,
        6,
        7
      ],
      [
        0,
        1,
        2,
        3,
        5,
        6,
        7
      ],
      [
        0,
        1,
        2,
        6,
        7
      ],
      [
        2
      ],
      [
        0,
        2,
        6
      ]
    ],
    "left": [
      [
        1,
        2,
        3
      ],
      [],
      [
        1
      ],
      [
        1,
        2
      ],
      [
        0,
        1,
        2,
        3
      ],
      [
        0,
        1,
        2,
        3,
        4
      ],
      [
        0,
        1,
        2,
        3,
        4,
        5
      ],
      [
        0,
        1,
        2,
        3,
        4,
        5,
        6
      ]
    ],
    "behind": [
      [
        1,
        3,
        4,
        5,
        7
      ],
      [
        3,
        4,
        5
      ],
      [
        0,
        1,
        3,
        4,
        5,
        6,
        7
      ],
      [
        4
      ],
      [],
      [
        3,
        4
      ],
      [
        0,
        1,
        3,
        4,
        5,
        7
      ],
      [
        1,
        3,
        4,
        5
      ]
    ],
    "right": [
      [
        4,
        5,
        6,
        7
      ],
      [
        0,
        2,
        3,
        4,
        5,
        6,
        7
      ],
      [
        0,
        3,
        4,
        5,
        6,
        7
      ],
      [
        0,
        4,
        5,
        6,
        7
      ],
      [
        5,
        6,
        7
      ],
      [
        6,
        7
      ],
      [
        7
      ],
      []
    ]
  },
  "directions": {
    "front": [
      0.754490315914154,
      -0.6563112735748291,
      -0.0
    ],
    "above": [
      0.0,
      0.0,
      1.0
    ],
    "behind": [
      -0.754490315914154,
      0.6563112735748291,
      0.0
    ],
    "below": [
      -0.0,
      -0.0,
      -1.0
    ],
    "right": [
      0.6563112735748291,
      0.7544902563095093,
      -0.0
    ],
    "left": [
      -0.6563112735748291,
      -0.7544902563095093,
      0.0
    ]
  },
  "image_index": 85,
  "image_filename": "CLEVR_new_000085.png",
  "objects": [
    {
      "pixel_coords": [
        157,
        123,
        10.568764686584473
      ],
      "rotation": 126.50574295740266,
      "material": "rubber",
      "size": "small",
      "shape": "sphere",
      "color": "red",
      "3d_coords": [
        0.5606329441070557,
        -0.5907244682312012,
        0.3499999940395355
      ]
    },
    {
      "pixel_coords": [
        64,
        107,
        11.474081039428711
      ],
      "rotation": 168.61937070199176,
      "material": "rubber",
      "size": "small",
      "shape": "cylinder",
      "color": "red",
      "3d_coords": [
        -2.1942572593688965,
        -2.2880256175994873,
        0.3499999940395355
      ]
    },
    {
      "pixel_coords": [
        104,
        143,
        8.952595710754395
      ],
      "rotation": 36.5537625381243,
      "material": "rubber",
      "size": "large",
      "shape": "cube",
      "color": "red",
      "3d_coords": [
        0.9935289621353149,
        -2.666559934616089,
        0.699999988079071
      ]
    },
    {
      "pixel_coords": [
        148,
        86,
        12.556933403015137
      ],
      "rotation": 320.7930691109975,
      "material": "rubber",
      "size": "medium",
      "shape": "sphere",
      "color": "red",
      "3d_coords": [
        -1.495395541191101,
        0.6579610705375671,
        0.5249999761581421
      ]
    },
    {
      "pixel_coords": [
        179,
        82,
        13.263547897338867
      ],
      "rotation": 261.55426775813675,
      "material": "rubber",
      "size": "small",
      "shape": "cylinder",
      "color": "red",
      "3d_coords": [
        -1.302399754524231,
        2.0076498985290527,
        0.3499999940395355
      ]
    },
    {
      "pixel_coords": [
        200,
        87,
        12.035867691040039
      ],
      "rotation": 319.87563453726585,
      "material": "rubber",
      "size": "large",
      "shape": "sphere",
      "color": "red",
      "3d_coords": [
        0.05069112032651901,
        1.7415478229522705,
        0.699999988079071
      ]
    },
    {
      "pixel_coords": [
        247,
        143,
        9.625977516174316
      ],
      "rotation": 197.4883527832828,
      "material": "rubber",
      "size": "small",
      "shape": "cylinder",
      "color": "red",
      "3d_coords": [
        2.989480972290039,
        0.6455597281455994,
        0.3499999940395355
      ]
    },
    {
      "pixel_coords": [
        277,
        117,
        10.918448448181152
      ],
      "rotation": 299.4366971646462,
      "material": "rubber",
      "size": "small",
      "shape": "cube",
      "color": "blue",
      "3d_coords": [
        2.6498191356658936,
        2.560466766357422,
        0.3499999940395355
      ]
    }
  ]
}