{
  "image_filename": "CLEVR_new_001456.png",
  "directions": {
    "left": [
      -0.6563112735748291,
      -0.7544902563095093,
      0.0
    ],
    "right": [
      0.6563112735748291,
      0.7544902563095093,
      -0.0
    ],
    "front": [
      0.754490315914154,
      -0.6563112735748291,
      -0.0
    ],
    "behind": [
      -0.754490315914154,
      0.6563112735748291,
      0.0
    ],
    "below": [
      -0.0,
      -0.0,
      -1.0
    ],
    "above": [
      0.0,
      0.0,
      1.0
    ]
  },
  "intruder_pos": [
    [
      221,
      90
    ],
    [
      269,
      138
    ]
  ],
  "image_index": 1456,
  "split": "new",
  "relationships": {
    "left": [
      [
        2,
        4,
        5
      ],
      [
        0,
        2,
        4,
        5,
        6
      ],
      [
        5
      ],
      [
        0,
        1,
        2,
        4,
        5,
        6,
        7
      ],
      [
        2,
        5
      ],
      [],
      [
        0,
        2,
        4,
        5
      ],
      [
        0,
        1,
        2,
        4,
        5,
        6
      ]
    ],
    "right": [
      [
        1,
        3,
        6,
        7
      ],
      [
        3,
        7
      ],
      [
        0,
        1,
        3,
        4,
        6,
        7
      ],
      [],
      [
        0,
        1,
        3,
        6,
        7
      ],
      [
        0,
        1,
        2,
        3,
        4,
        6,
        7
      ],
      [
        1,
        3,
        7
      ],
      [
        3
      ]
    ],
    "front": [
      [],
      [
        0,
        2,
        3,
        4,
        5,
        6,
        7
      ],
      [
        0,
        7
      ],
      [
        0,
        2,
        6,
        7
      ],
      [
        0,
        2,
        3,
        5,
        6,
        7
      ],
      [
        0,
        2,
        3,
        6,
        7
      ],
      [
        0,
        2,
        7
      ],
      [
        0
      ]
    ],
    "behind": [
      [
        1,
        2,
        3,
        4,
        5,
        6,
        7
      ],
      [],
      [
        1,
        3,
        4,
        5,
        6
      ],
      [
        1,
        4,
        5
      ],
      [
        1
      ],
      [
        1,
        4
      ],
      [
        1,
        3,
        4,
        5
      ],
      [
        1,
        2,
        3,
        4,
        5,
        6
      ]
    ]
  },
  "objects": [
    {
      "color": "red",
      "material": "rubber",
      "pixel_coords": [
        154,
        154,
        8.326090812683105
      ],
      "3d_coords": [
        1.9774630069732666,
        -2.1272919178009033,
        0.5249999761581421
      ],
      "size": "medium",
      "rotation": 188.4515859080281,
      "shape": "cylinder"
    },
    {
      "color": "green",
      "material": "rubber",
      "pixel_coords": [
        192,
        73,
        13.202466011047363
      ],
      "3d_coords": [
        -1.0445157289505005,
        2.6956841945648193,
        0.699999988079071
      ],
      "size": "large",
      "rotation": 299.3135508791781,
      "shape": "cylinder"
    },
    {
      "color": "green",
      "material": "rubber",
      "pixel_coords": [
        89,
        114,
        9.896919250488281
      ],
      "3d_coords": [
        -0.6383991241455078,
        -2.1856191158294678,
        0.699999988079071
      ],
      "size": "large",
      "rotation": 265.34751286165346,
      "shape": "cylinder"
    },
    {
      "color": "blue",
      "material": "rubber",
      "pixel_coords": [
        252,
        105,
        11.353377342224121
      ],
      "3d_coords": [
        1.8070125579833984,
        2.4268476963043213,
        0.3499999940395355
      ],
      "size": "small",
      "rotation": 191.51386742688717,
      "shape": "cylinder"
    },
    {
      "color": "blue",
      "material": "rubber",
      "pixel_coords": [
        110,
        86,
        11.918073654174805
      ],
      "3d_coords": [
        -2.029688835144043,
        -0.3814270496368408,
        0.699999988079071
      ],
      "size": "large",
      "rotation": 295.71183821894897,
      "shape": "cylinder"
    },
    {
      "color": "green",
      "material": "rubber",
      "pixel_coords": [
        51,
        98,
        11.448064804077148
      ],
      "3d_coords": [
        -2.901862621307373,
        -2.160238742828369,
        0.5249999761581421
      ],
      "size": "medium",
      "rotation": 322.32214431293147,
      "shape": "cylinder"
    },
    {
      "color": "red",
      "material": "rubber",
      "pixel_coords": [
        182,
        110,
        10.572896003723145
      ],
      "3d_coords": [
        0.7528489828109741,
        0.21089065074920654,
        0.5249999761581421
      ],
      "size": "medium",
      "rotation": 5.642491303214023,
      "shape": "cylinder"
    },
    {
      "color": "green",
      "material": "rubber",
      "pixel_coords": [
        244,
        125,
        9.700307846069336
      ],
      "3d_coords": [
        2.6042721271514893,
        0.7237456440925598,
        0.5249999761581421
      ],
      "size": "medium",
      "rotation": 2.4487905633706575,
      "shape": "cube"
    }
  ]
}