{
  "relationships": {
    "front": [
      [
        2,
        3,
        4,
        5,
        6,
        7
      ],
      [
        0,
        2,
        3,
        4,
        5,
        6,
        7
      ],
      [
        3,
        4,
        5,
        6
      ],
      [
        4,
        6
      ],
      [],
      [
        3,
        4,
        6
      ],
      [
        4
      ],
      [
        2,
        3,
        4,
        5,
        6
      ]
    ],
    "right": [
      [
        1,
        2,
        3,
        4,
        5,
        6,
        7
      ],
      [
        2,
        3,
        5,
        6
      ],
      [
        3,
        5
      ],
      [
        5
      ],
      [
        1,
        2,
        3,
        5,
        6
      ],
      [],
      [
        2,
        3,
        5
      ],
      [
        1,
        2,
        3,
        4,
        5,
        6
      ]
    ],
    "left": [
      [],
      [
        0,
        4,
        7
      ],
      [
        0,
        1,
        4,
        6,
        7
      ],
      [
        0,
        1,
        2,
        4,
        6,
        7
      ],
      [
        0,
        7
      ],
      [
        0,
        1,
        2,
        3,
        4,
        6,
        7
      ],
      [
        0,
        1,
        4,
        7
      ],
      [
        0
      ]
    ],
    "behind": [
      [
        1
      ],
      [],
      [
        0,
        1,
        7
      ],
      [
        0,
        1,
        2,
        5,
        7
      ],
      [
        0,
        1,
        2,
        3,
        5,
        6,
        7
      ],
      [
        0,
        1,
        2,
        7
      ],
      [
        0,
        1,
        2,
        3,
        5,
        7
      ],
      [
        0,
        1
      ]
    ]
  },
  "intruder_pos": [
    [
      111,
      132
    ],
    [
      152,
      173
    ]
  ],
  "image_filename": "CLEVR_new_001295.png",
  "directions": {
    "below": [
      -0.0,
      -0.0,
      -1.0
    ],
    "right": [
      0.6563112735748291,
      0.7544902563095093,
      -0.0
    ],
    "behind": [
      -0.754490315914154,
      0.6563112735748291,
      0.0
    ],
    "front": [
      0.754490315914154,
      -0.6563112735748291,
      -0.0
    ],
    "above": [
      0.0,
      0.0,
      1.0
    ],
    "left": [
      -0.6563112735748291,
      -0.7544902563095093,
      0.0
    ]
  },
  "image_index": 1295,
  "split": "new",
  "objects": [
    {
      "3d_coords": [
        -2.8923654556274414,
        -1.0047111511230469,
        0.3499999940395355
      ],
      "pixel_coords": [
        81,
        93,
        12.16826057434082
      ],
      "material": "rubber",
      "rotation": 99.96759990994383,
      "shape": "cylinder",
      "color": "green",
      "size": "small"
    },
    {
      "3d_coords": [
        -2.372417688369751,
        2.518737554550171,
        0.5249999761581421
      ],
      "pixel_coords": [
        163,
        69,
        13.969557762145996
      ],
      "material": "rubber",
      "rotation": 288.3748467246473,
      "shape": "cylinder",
      "color": "green",
      "size": "medium"
    },
    {
      "3d_coords": [
        0.8254911303520203,
        1.3752024173736572,
        0.5249999761581421
      ],
      "pixel_coords": [
        209,
        100,
        11.236051559448242
      ],
      "material": "rubber",
      "rotation": 270.8643417051209,
      "shape": "sphere",
      "color": "green",
      "size": "medium"
    },
    {
      "3d_coords": [
        2.0357158184051514,
        1.0415164232254028,
        0.3499999940395355
      ],
      "pixel_coords": [
        234,
        120,
        10.343749046325684
      ],
      "material": "rubber",
      "rotation": 69.63845715436086,
      "shape": "cylinder",
      "color": "green",
      "size": "small"
    },
    {
      "3d_coords": [
        2.539827346801758,
        -2.7464442253112793,
        0.699999988079071
      ],
      "pixel_coords": [
        153,
        171,
        7.490706920623779
      ],
      "material": "rubber",
      "rotation": 274.1934250071219,
      "shape": "cube",
      "color": "green",
      "size": "large"
    },
    {
      "3d_coords": [
        2.6863083839416504,
        2.6936123371124268,
        0.3499999940395355
      ],
      "pixel_coords": [
        281,
        110,
        10.969372749328613
      ],
      "material": "rubber",
      "rotation": 197.79308680926357,
      "shape": "cube",
      "color": "green",
      "size": "small"
    },
    {
      "3d_coords": [
        2.434645414352417,
        -1.068738341331482,
        0.699999988079071
      ],
      "pixel_coords": [
        199,
        141,
        8.608957290649414
      ],
      "material": "rubber",
      "rotation": 221.22885391486108,
      "shape": "cube",
      "color": "green",
      "size": "large"
    },
    {
      "3d_coords": [
        -1.3753365278244019,
        0.05952922999858856,
        0.699999988079071
      ],
      "pixel_coords": [
        132,
        88,
        11.718846321105957
      ],
      "material": "rubber",
      "rotation": 173.13128219159378,
      "shape": "sphere",
      "color": "blue",
      "size": "large"
    }
  ]
}