{
  "relationships": {
    "front": [
      [
        7
      ],
      [
        0,
        2,
        6,
        7
      ],
      [
        0,
        7
      ],
      [
        0,
        1,
        2,
        6,
        7
      ],
      [
        0,
        1,
        2,
        3,
        5,
        6,
        7
      ],
      [
        0,
        1,
        2,
        3,
        6,
        7
      ],
      [
        0,
        2,
        7
      ],
      []
    ],
    "right": [
      [
        2,
        5
      ],
      [
        0,
        2,
        5
      ],
      [],
      [
        0,
        1,
        2,
        4,
        5
      ],
      [
        0,
        1,
        2,
        5
      ],
      [
        2
      ],
      [
        0,
        1,
        2,
        3,
        4,
        5,
        7
      ],
      [
        0,
        1,
        2,
        3,
        4,
        5
      ]
    ],
    "left": [
      [
        1,
        3,
        4,
        6,
        7
      ],
      [
        3,
        4,
        6,
        7
      ],
      [
        0,
        1,
        3,
        4,
        5,
        6,
        7
      ],
      [
        6,
        7
      ],
      [
        3,
        6,
        7
      ],
      [
        0,
        1,
        3,
        4,
        6,
        7
      ],
      [],
      [
        6
      ]
    ],
    "behind": [
      [
        1,
        2,
        3,
        4,
        5,
        6
      ],
      [
        3,
        4,
        5
      ],
      [
        1,
        3,
        4,
        5,
        6
      ],
      [
        4,
        5
      ],
      [],
      [
        4
      ],
      [
        1,
        3,
        4,
        5
      ],
      [
        0,
        1,
        2,
        3,
        4,
        5,
        6
      ]
    ]
  },
  "intruder_pos": [
    [
      62,
      72
    ],
    [
      119,
      143
    ]
  ],
  "image_filename": "CLEVR_new_001080.png",
  "directions": {
    "below": [
      -0.0,
      -0.0,
      -1.0
    ],
    "right": [
      0.6563112735748291,
      0.7544902563095093,
      -0.0
    ],
    "behind": [
      -0.754490315914154,
      0.6563112735748291,
      0.0
    ],
    "front": [
      0.754490315914154,
      -0.6563112735748291,
      -0.0
    ],
    "above": [
      0.0,
      0.0,
      1.0
    ],
    "left": [
      -0.6563112735748291,
      -0.7544902563095093,
      0.0
    ]
  },
  "image_index": 1080,
  "split": "new",
  "objects": [
    {
      "3d_coords": [
        1.7735003232955933,
        -0.2094486504793167,
        0.699999988079071
      ],
      "pixel_coords": [
        196,
        122,
        9.64464282989502
      ],
      "material": "rubber",
      "rotation": 260.2461881431486,
      "shape": "cube",
      "color": "blue",
      "size": "large"
    },
    {
      "3d_coords": [
        -0.08467348664999008,
        0.8567834496498108,
        0.699999988079071
      ],
      "pixel_coords": [
        178,
        93,
        11.524138450622559
      ],
      "material": "rubber",
      "rotation": 323.8438962129363,
      "shape": "cube",
      "color": "green",
      "size": "large"
    },
    {
      "3d_coords": [
        2.8208625316619873,
        2.2546608448028564,
        0.3499999940395355
      ],
      "pixel_coords": [
        278,
        120,
        10.501214981079102
      ],
      "material": "rubber",
      "rotation": 47.685954703980634,
      "shape": "cube",
      "color": "green",
      "size": "small"
    },
    {
      "3d_coords": [
        -1.7113611698150635,
        0.39582398533821106,
        0.5249999761581421
      ],
      "pixel_coords": [
        138,
        87,
        12.449399948120117
      ],
      "material": "rubber",
      "rotation": 252.50395682067352,
      "shape": "cube",
      "color": "green",
      "size": "medium"
    },
    {
      "3d_coords": [
        -2.6793289184570312,
        1.95979905128479,
        0.5249999761581421
      ],
      "pixel_coords": [
        154,
        71,
        14.006699562072754
      ],
      "material": "rubber",
      "rotation": 230.25519320096927,
      "shape": "cube",
      "color": "red",
      "size": "medium"
    },
    {
      "3d_coords": [
        -0.4270714819431305,
        2.6399424076080322,
        0.5249999761581421
      ],
      "pixel_coords": [
        208,
        82,
        12.859481811523438
      ],
      "material": "rubber",
      "rotation": 219.86558836934023,
      "shape": "cube",
      "color": "blue",
      "size": "medium"
    },
    {
      "3d_coords": [
        -2.164930582046509,
        -2.4308462142944336,
        0.699999988079071
      ],
      "pixel_coords": [
        57,
        99,
        11.05903148651123
      ],
      "material": "rubber",
      "rotation": 300.1266176082521,
      "shape": "cube",
      "color": "green",
      "size": "large"
    },
    {
      "3d_coords": [
        0.3814987242221832,
        -2.647876501083374,
        0.699999988079071
      ],
      "pixel_coords": [
        92,
        131,
        9.196671485900879
      ],
      "material": "rubber",
      "rotation": 85.36619453886902,
      "shape": "cylinder",
      "color": "red",
      "size": "large"
    }
  ]
}