{
  "image_filename": "CLEVR_new_001400.png",
  "directions": {
    "left": [
      -0.6563112735748291,
      -0.7544902563095093,
      0.0
    ],
    "right": [
      0.6563112735748291,
      0.7544902563095093,
      -0.0
    ],
    "front": [
      0.754490315914154,
      -0.6563112735748291,
      -0.0
    ],
    "behind": [
      -0.754490315914154,
      0.6563112735748291,
      0.0
    ],
    "below": [
      -0.0,
      -0.0,
      -1.0
    ],
    "above": [
      0.0,
      0.0,
      1.0
    ]
  },
  "intruder_pos": [
    [
      200,
      118
    ],
    [
      234,
      151
    ]
  ],
  "image_index": 1400,
  "split": "new",
  "relationships": {
    "left": [
      [
        2,
        5
      ],
      [
        0,
        2,
        3,
        5
      ],
      [],
      [
        0,
        2,
        5
      ],
      [
        0,
        1,
        2,
        3,
        5,
        6
      ],
      [
        2
      ],
      [
        0,
        1,
        2,
        3,
        5
      ]
    ],
    "right": [
      [
        1,
        3,
        4,
        6
      ],
      [
        4,
        6
      ],
      [
        0,
        1,
        3,
        4,
        5,
        6
      ],
      [
        1,
        4,
        6
      ],
      [],
      [
        0,
        1,
        3,
        4,
        6
      ],
      [
        4
      ]
    ],
    "front": [
      [
        1,
        2,
        3,
        4,
        5,
        6
      ],
      [
        5
      ],
      [
        1,
        5
      ],
      [
        1,
        2,
        4,
        5,
        6
      ],
      [
        1,
        2,
        5,
        6
      ],
      [],
      [
        1,
        2,
        5
      ]
    ],
    "behind": [
      [],
      [
        0,
        2,
        3,
        4,
        6
      ],
      [
        0,
        3,
        4,
        6
      ],
      [
        0
      ],
      [
        0,
        3
      ],
      [
        0,
        1,
        2,
        3,
        4,
        6
      ],
      [
        0,
        3,
        4
      ]
    ]
  },
  "objects": [
    {
      "color": "red",
      "material": "rubber",
      "pixel_coords": [
        158,
        65,
        13.695145606994629
      ],
      "3d_coords": [
        -2.5916993618011475,
        2.2188560962677,
        0.699999988079071
      ],
      "size": "large",
      "rotation": 231.07482820429166,
      "shape": "cube"
    },
    {
      "color": "green",
      "material": "rubber",
      "pixel_coords": [
        210,
        132,
        9.48208236694336
      ],
      "3d_coords": [
        1.9902220964431763,
        0.03670172765851021,
        0.3499999940395355
      ],
      "size": "small",
      "rotation": 66.74892547453555,
      "shape": "cube"
    },
    {
      "color": "green",
      "material": "rubber",
      "pixel_coords": [
        55,
        114,
        9.715096473693848
      ],
      "3d_coords": [
        -1.1661561727523804,
        -2.854557752609253,
        0.699999988079071
      ],
      "size": "large",
      "rotation": 99.15573640590236,
      "shape": "cube"
    },
    {
      "color": "green",
      "material": "rubber",
      "pixel_coords": [
        178,
        81,
        12.077524185180664
      ],
      "3d_coords": [
        -0.7866388559341431,
        1.5322517156600952,
        0.699999988079071
      ],
      "size": "large",
      "rotation": 136.11372506548364,
      "shape": "cube"
    },
    {
      "color": "blue",
      "material": "rubber",
      "pixel_coords": [
        250,
        98,
        11.60936164855957
      ],
      "3d_coords": [
        1.312563180923462,
        2.8429360389709473,
        0.3499999940395355
      ],
      "size": "small",
      "rotation": 185.2754064670996,
      "shape": "cube"
    },
    {
      "color": "blue",
      "material": "rubber",
      "pixel_coords": [
        128,
        147,
        8.43054485321045
      ],
      "3d_coords": [
        1.3956477642059326,
        -2.263545274734497,
        0.5249999761581421
      ],
      "size": "medium",
      "rotation": 194.8461035099767,
      "shape": "cube"
    },
    {
      "color": "green",
      "material": "rubber",
      "pixel_coords": [
        218,
        105,
        10.670186996459961
      ],
      "3d_coords": [
        1.209526777267456,
        1.282663345336914,
        0.5249999761581421
      ],
      "size": "medium",
      "rotation": 244.10000103663404,
      "shape": "sphere"
    }
  ]
}