{
  "relationships": {
    "front": [
      [
        1,
        2,
        3,
        6,
        7
      ],
      [
        3,
        6
      ],
      [
        1,
        3,
        6,
        7
      ],
      [],
      [
        0,
        1,
        2,
        3,
        5,
        6,
        7
      ],
      [
        0,
        1,
        2,
        3,
        6,
        7
      ],
      [
        3
      ],
      [
        1,
        3,
        6
      ]
    ],
    "right": [
      [
        1,
        4,
        6
      ],
      [
        6
      ],
      [
        0,
        1,
        3,
        4,
        5,
        6
      ],
      [
        0,
        1,
        4,
        6
      ],
      [
        1,
        6
      ],
      [
        0,
        1,
        3,
        4,
        6
      ],
      [],
      [
        0,
        1,
        2,
        3,
        4,
        5,
        6
      ]
    ],
    "left": [
      [
        2,
        3,
        5,
        7
      ],
      [
        0,
        2,
        3,
        4,
        5,
        7
      ],
      [
        7
      ],
      [
        2,
        5,
        7
      ],
      [
        0,
        2,
        3,
        5,
        7
      ],
      [
        2,
        7
      ],
      [
        0,
        1,
        2,
        3,
        4,
        5,
        7
      ],
      []
    ],
    "behind": [
      [
        4,
        5
      ],
      [
        0,
        2,
        4,
        5,
        7
      ],
      [
        0,
        4,
        5
      ],
      [
        0,
        1,
        2,
        4,
        5,
        6,
        7
      ],
      [],
      [
        4
      ],
      [
        0,
        1,
        2,
        4,
        5,
        7
      ],
      [
        0,
        2,
        4,
        5
      ]
    ]
  },
  "intruder_pos": [
    [
      47,
      111
    ],
    [
      79,
      141
    ]
  ],
  "image_filename": "CLEVR_new_001329.png",
  "directions": {
    "below": [
      -0.0,
      -0.0,
      -1.0
    ],
    "right": [
      0.6563112735748291,
      0.7544902563095093,
      -0.0
    ],
    "behind": [
      -0.754490315914154,
      0.6563112735748291,
      0.0
    ],
    "front": [
      0.754490315914154,
      -0.6563112735748291,
      -0.0
    ],
    "above": [
      0.0,
      0.0,
      1.0
    ],
    "left": [
      -0.6563112735748291,
      -0.7544902563095093,
      0.0
    ]
  },
  "image_index": 1329,
  "split": "new",
  "objects": [
    {
      "3d_coords": [
        -1.1546515226364136,
        1.2847777605056763,
        0.3499999940395355
      ],
      "pixel_coords": [
        165,
        91,
        12.847501754760742
      ],
      "material": "rubber",
      "rotation": 49.65954650308373,
      "shape": "cylinder",
      "color": "blue",
      "size": "small"
    },
    {
      "3d_coords": [
        1.4804586172103882,
        0.5915783643722534,
        0.5249999761581421
      ],
      "pixel_coords": [
        207,
        114,
        10.590921401977539
      ],
      "material": "rubber",
      "rotation": 290.2778873190858,
      "shape": "cylinder",
      "color": "red",
      "size": "medium"
    },
    {
      "3d_coords": [
        -2.2835168838500977,
        -1.4635258913040161,
        0.3499999940395355
      ],
      "pixel_coords": [
        83,
        102,
        11.929936408996582
      ],
      "material": "rubber",
      "rotation": 257.13402942734126,
      "shape": "cylinder",
      "color": "green",
      "size": "small"
    },
    {
      "3d_coords": [
        0.6968671679496765,
        -2.067307710647583,
        0.3499999940395355
      ],
      "pixel_coords": [
        121,
        138,
        9.572219848632812
      ],
      "material": "rubber",
      "rotation": 191.56856835778405,
      "shape": "cylinder",
      "color": "blue",
      "size": "small"
    },
    {
      "3d_coords": [
        -1.7960293292999268,
        2.6047310829162598,
        0.5249999761581421
      ],
      "pixel_coords": [
        178,
        75,
        14.00356388092041
      ],
      "material": "rubber",
      "rotation": 241.52802473057386,
      "shape": "cylinder",
      "color": "green",
      "size": "medium"
    },
    {
      "3d_coords": [
        -2.9196624755859375,
        0.3758055567741394,
        0.699999988079071
      ],
      "pixel_coords": [
        116,
        76,
        13.323308944702148
      ],
      "material": "rubber",
      "rotation": 231.24994356229516,
      "shape": "cylinder",
      "color": "blue",
      "size": "large"
    },
    {
      "3d_coords": [
        2.852508068084717,
        1.521933913230896,
        0.3499999940395355
      ],
      "pixel_coords": [
        263,
        125,
        10.3154878616333
      ],
      "material": "rubber",
      "rotation": 125.26234018592223,
      "shape": "cylinder",
      "color": "green",
      "size": "small"
    },
    {
      "3d_coords": [
        -1.8776592016220093,
        -2.4153096675872803,
        0.3499999940395355
      ],
      "pixel_coords": [
        64,
        113,
        11.080009460449219
      ],
      "material": "rubber",
      "rotation": 74.19393158020074,
      "shape": "cube",
      "color": "blue",
      "size": "small"
    }
  ]
}