{
  "split": "new",
  "intruder_pos": [
    [
      146,
      155
    ],
    [
      164,
      175
    ]
  ],
  "relationships": {
    "front": [
      [
        1,
        2,
        3,
        4,
        5,
        6
      ],
      [
        4,
        5
      ],
      [
        1,
        3,
        4,
        5
      ],
      [
        1,
        4,
        5
      ],
      [
        5
      ],
      [],
      [
        1,
        2,
        3,
        4,
        5
      ],
      [
        0,
        1,
        2,
        3,
        4,
        5,
        6
      ]
    ],
    "left": [
      [
        1,
        5,
        6
      ],
      [
        6
      ],
      [
        0,
        1,
        4,
        5,
        6,
        7
      ],
      [
        0,
        1,
        2,
        4,
        5,
        6,
        7
      ],
      [
        0,
        1,
        5,
        6,
        7
      ],
      [
        1,
        6
      ],
      [],
      [
        0,
        1,
        5,
        6
      ]
    ],
    "behind": [
      [
        7
      ],
      [
        0,
        2,
        3,
        6,
        7
      ],
      [
        0,
        6,
        7
      ],
      [
        0,
        2,
        6,
        7
      ],
      [
        0,
        1,
        2,
        3,
        6,
        7
      ],
      [
        0,
        1,
        2,
        3,
        4,
        6,
        7
      ],
      [
        0,
        7
      ],
      []
    ],
    "right": [
      [
        2,
        3,
        4,
        7
      ],
      [
        0,
        2,
        3,
        4,
        5,
        7
      ],
      [
        3
      ],
      [],
      [
        2,
        3
      ],
      [
        0,
        2,
        3,
        4,
        7
      ],
      [
        0,
        1,
        2,
        3,
        4,
        5,
        7
      ],
      [
        2,
        3,
        4
      ]
    ]
  },
  "directions": {
    "front": [
      0.754490315914154,
      -0.6563112735748291,
      -0.0
    ],
    "above": [
      0.0,
      0.0,
      1.0
    ],
    "behind": [
      -0.754490315914154,
      0.6563112735748291,
      0.0
    ],
    "below": [
      -0.0,
      -0.0,
      -1.0
    ],
    "right": [
      0.6563112735748291,
      0.7544902563095093,
      -0.0
    ],
    "left": [
      -0.6563112735748291,
      -0.7544902563095093,
      0.0
    ]
  },
  "image_index": 352,
  "image_filename": "CLEVR_new_000352.png",
  "objects": [
    {
      "pixel_coords": [
        136,
        86,
        13.098135948181152
      ],
      "rotation": 161.8189251766723,
      "material": "rubber",
      "size": "medium",
      "shape": "cylinder",
      "color": "red",
      "3d_coords": [
        -1.8239490985870361,
        0.43312135338783264,
        0.5249999761581421
      ]
    },
    {
      "pixel_coords": [
        86,
        115,
        11.122724533081055
      ],
      "rotation": 30.91507422098357,
      "material": "rubber",
      "size": "medium",
      "shape": "cylinder",
      "color": "blue",
      "3d_coords": [
        -1.115693211555481,
        -2.170405864715576,
        0.5249999761581421
      ]
    },
    {
      "pixel_coords": [
        196,
        91,
        12.284269332885742
      ],
      "rotation": 194.64145373689072,
      "material": "rubber",
      "size": "large",
      "shape": "cylinder",
      "color": "green",
      "3d_coords": [
        0.23991605639457703,
        1.4892979860305786,
        0.699999988079071
      ]
    },
    {
      "pixel_coords": [
        240,
        104,
        11.775150299072266
      ],
      "rotation": 79.4186416367573,
      "material": "rubber",
      "size": "medium",
      "shape": "cylinder",
      "color": "blue",
      "3d_coords": [
        1.695521354675293,
        2.095360040664673,
        0.5249999761581421
      ]
    },
    {
      "pixel_coords": [
        174,
        141,
        10.126565933227539
      ],
      "rotation": 104.38057529540215,
      "material": "rubber",
      "size": "small",
      "shape": "cylinder",
      "color": "green",
      "3d_coords": [
        1.659659743309021,
        -0.9254577159881592,
        0.3499999940395355
      ]
    },
    {
      "pixel_coords": [
        112,
        143,
        9.365521430969238
      ],
      "rotation": 200.47969652624684,
      "material": "rubber",
      "size": "large",
      "shape": "cylinder",
      "color": "red",
      "3d_coords": [
        1.0325788259506226,
        -2.641400098800659,
        0.699999988079071
      ]
    },
    {
      "pixel_coords": [
        74,
        96,
        12.752264022827148
      ],
      "rotation": 234.33473130592392,
      "material": "rubber",
      "size": "small",
      "shape": "cylinder",
      "color": "red",
      "3d_coords": [
        -2.939640760421753,
        -1.5561163425445557,
        0.3499999940395355
      ]
    },
    {
      "pixel_coords": [
        155,
        75,
        14.588841438293457
      ],
      "rotation": 346.52148316805153,
      "material": "rubber",
      "size": "small",
      "shape": "cube",
      "color": "blue",
      "3d_coords": [
        -2.555420160293579,
        2.0306618213653564,
        0.3499999940395355
      ]
    }
  ]
}