{
  "relationships": {
    "front": [
      [
        3,
        5
      ],
      [
        0,
        2,
        3,
        5,
        6
      ],
      [
        0,
        3,
        5
      ],
      [
        5
      ],
      [
        0,
        1,
        2,
        3,
        5,
        6
      ],
      [],
      [
        0,
        2,
        3,
        5
      ]
    ],
    "right": [
      [
        1,
        3,
        4,
        5
      ],
      [
        3
      ],
      [
        0,
        1,
        3,
        4,
        5,
        6
      ],
      [],
      [
        1,
        3,
        5
      ],
      [
        1,
        3
      ],
      [
        0,
        1,
        3,
        4,
        5
      ]
    ],
    "left": [
      [
        2,
        6
      ],
      [
        0,
        2,
        4,
        5,
        6
      ],
      [],
      [
        0,
        1,
        2,
        4,
        5,
        6
      ],
      [
        0,
        2,
        6
      ],
      [
        0,
        2,
        4,
        6
      ],
      [
        2
      ]
    ],
    "behind": [
      [
        1,
        2,
        4,
        6
      ],
      [
        4
      ],
      [
        1,
        4,
        6
      ],
      [
        0,
        1,
        2,
        4,
        6
      ],
      [],
      [
        0,
        1,
        2,
        3,
        4,
        6
      ],
      [
        1,
        4
      ]
    ]
  },
  "intruder_pos": [
    [
      81,
      136
    ],
    [
      120,
      174
    ]
  ],
  "image_filename": "CLEVR_new_001038.png",
  "directions": {
    "below": [
      -0.0,
      -0.0,
      -1.0
    ],
    "right": [
      0.6563112735748291,
      0.7544902563095093,
      -0.0
    ],
    "behind": [
      -0.754490315914154,
      0.6563112735748291,
      0.0
    ],
    "front": [
      0.754490315914154,
      -0.6563112735748291,
      -0.0
    ],
    "above": [
      0.0,
      0.0,
      1.0
    ],
    "left": [
      -0.6563112735748291,
      -0.7544902563095093,
      0.0
    ]
  },
  "image_index": 1038,
  "split": "new",
  "objects": [
    {
      "3d_coords": [
        -0.006266516633331776,
        -1.1943374872207642,
        0.699999988079071
      ],
      "pixel_coords": [
        130,
        112,
        10.732754707336426
      ],
      "material": "rubber",
      "rotation": 0.42656837205893083,
      "shape": "cylinder",
      "color": "red",
      "size": "large"
    },
    {
      "3d_coords": [
        -0.9123305082321167,
        1.8175524473190308,
        0.3499999940395355
      ],
      "pixel_coords": [
        181,
        87,
        13.195666313171387
      ],
      "material": "rubber",
      "rotation": 84.29461973885047,
      "shape": "sphere",
      "color": "red",
      "size": "small"
    },
    {
      "3d_coords": [
        -2.4246890544891357,
        -2.5726912021636963,
        0.5249999761581421
      ],
      "pixel_coords": [
        54,
        103,
        11.655574798583984
      ],
      "material": "rubber",
      "rotation": 247.7102406807663,
      "shape": "cube",
      "color": "red",
      "size": "medium"
    },
    {
      "3d_coords": [
        2.5295250415802,
        0.19596534967422485,
        0.699999988079071
      ],
      "pixel_coords": [
        223,
        130,
        9.824936866760254
      ],
      "material": "rubber",
      "rotation": 229.13361848987685,
      "shape": "sphere",
      "color": "red",
      "size": "large"
    },
    {
      "3d_coords": [
        -2.355292558670044,
        1.5096137523651123,
        0.3499999940395355
      ],
      "pixel_coords": [
        151,
        78,
        13.982967376708984
      ],
      "material": "rubber",
      "rotation": 120.76855006089924,
      "shape": "cube",
      "color": "red",
      "size": "small"
    },
    {
      "3d_coords": [
        2.5173630714416504,
        -2.192533254623413,
        0.699999988079071
      ],
      "pixel_coords": [
        158,
        163,
        8.494833946228027
      ],
      "material": "rubber",
      "rotation": 352.46095381294185,
      "shape": "sphere",
      "color": "red",
      "size": "large"
    },
    {
      "3d_coords": [
        -2.4130799770355225,
        -0.7378361821174622,
        0.699999988079071
      ],
      "pixel_coords": [
        101,
        84,
        12.589478492736816
      ],
      "material": "rubber",
      "rotation": 127.54636469811604,
      "shape": "sphere",
      "color": "green",
      "size": "large"
    }
  ]
}