{
  "split": "new",
  "intruder_pos": [
    [
      192,
      82
    ],
    [
      240,
      133
    ]
  ],
  "relationships": {
    "front": [
      [
        1,
        2,
        3,
        4,
        5,
        6,
        7
      ],
      [
        2,
        3,
        4,
        6,
        7
      ],
      [
        3,
        4,
        7
      ],
      [
        4
      ],
      [],
      [
        1,
        2,
        3,
        4,
        6,
        7
      ],
      [
        2,
        3,
        4,
        7
      ],
      [
        3,
        4
      ]
    ],
    "left": [
      [
        1,
        3,
        4,
        5,
        6
      ],
      [
        3,
        4,
        5,
        6
      ],
      [
        0,
        1,
        3,
        4,
        5,
        6,
        7
      ],
      [
        6
      ],
      [
        3,
        5,
        6
      ],
      [
        3,
        6
      ],
      [],
      [
        0,
        1,
        3,
        4,
        5,
        6
      ]
    ],
    "behind": [
      [],
      [
        0,
        5
      ],
      [
        0,
        1,
        5,
        6
      ],
      [
        0,
        1,
        2,
        5,
        6,
        7
      ],
      [
        0,
        1,
        2,
        3,
        5,
        6,
        7
      ],
      [
        0
      ],
      [
        0,
        1,
        5
      ],
      [
        0,
        1,
        2,
        5,
        6
      ]
    ],
    "right": [
      [
        2,
        7
      ],
      [
        0,
        2,
        7
      ],
      [],
      [
        0,
        1,
        2,
        4,
        5,
        7
      ],
      [
        0,
        1,
        2,
        7
      ],
      [
        0,
        1,
        2,
        4,
        7
      ],
      [
        0,
        1,
        2,
        3,
        4,
        5,
        7
      ],
      [
        2
      ]
    ]
  },
  "directions": {
    "front": [
      0.754490315914154,
      -0.6563112735748291,
      -0.0
    ],
    "above": [
      0.0,
      0.0,
      1.0
    ],
    "behind": [
      -0.754490315914154,
      0.6563112735748291,
      0.0
    ],
    "below": [
      -0.0,
      -0.0,
      -1.0
    ],
    "right": [
      0.6563112735748291,
      0.7544902563095093,
      -0.0
    ],
    "left": [
      -0.6563112735748291,
      -0.7544902563095093,
      0.0
    ]
  },
  "image_index": 14,
  "image_filename": "CLEVR_new_000014.png",
  "objects": [
    {
      "pixel_coords": [
        192,
        81,
        13.22639274597168
      ],
      "rotation": 101.34226621297339,
      "material": "rubber",
      "size": "small",
      "shape": "cylinder",
      "color": "blue",
      "3d_coords": [
        -1.0847938060760498,
        2.430037260055542,
        0.3499999940395355
      ]
    },
    {
      "pixel_coords": [
        156,
        94,
        12.218457221984863
      ],
      "rotation": 310.8190759048293,
      "material": "rubber",
      "size": "small",
      "shape": "cylinder",
      "color": "green",
      "3d_coords": [
        -1.0379000902175903,
        0.639598548412323,
        0.3499999940395355
      ]
    },
    {
      "pixel_coords": [
        249,
        120,
        10.626063346862793
      ],
      "rotation": 312.63963881676347,
      "material": "rubber",
      "size": "small",
      "shape": "cylinder",
      "color": "blue",
      "3d_coords": [
        2.1967616081237793,
        1.7095677852630615,
        0.3499999940395355
      ]
    },
    {
      "pixel_coords": [
        81,
        136,
        9.197065353393555
      ],
      "rotation": 185.2331515808804,
      "material": "rubber",
      "size": "large",
      "shape": "cylinder",
      "color": "red",
      "3d_coords": [
        0.3084851801395416,
        -2.91906476020813,
        0.699999988079071
      ]
    },
    {
      "pixel_coords": [
        115,
        179,
        8.239749908447266
      ],
      "rotation": 205.33722599518362,
      "material": "rubber",
      "size": "small",
      "shape": "cylinder",
      "color": "green",
      "3d_coords": [
        1.9610583782196045,
        -2.9570319652557373,
        0.3499999940395355
      ]
    },
    {
      "pixel_coords": [
        124,
        86,
        12.813054084777832
      ],
      "rotation": 141.7859795266702,
      "material": "rubber",
      "size": "small",
      "shape": "cylinder",
      "color": "blue",
      "3d_coords": [
        -2.2920620441436768,
        0.18290749192237854,
        0.3499999940395355
      ]
    },
    {
      "pixel_coords": [
        61,
        97,
        11.601119995117188
      ],
      "rotation": 127.50128822012653,
      "material": "rubber",
      "size": "medium",
      "shape": "cylinder",
      "color": "red",
      "3d_coords": [
        -2.5337305068969727,
        -2.1770684719085693,
        0.5249999761581421
      ]
    },
    {
      "pixel_coords": [
        215,
        131,
        9.767828941345215
      ],
      "rotation": 316.80489928752326,
      "material": "rubber",
      "size": "medium",
      "shape": "cube",
      "color": "red",
      "3d_coords": [
        2.1478776931762695,
        0.23598504066467285,
        0.5249999761581421
      ]
    }
  ]
}