{
  "image_filename": "CLEVR_new_001410.png",
  "directions": {
    "left": [
      -0.6563112735748291,
      -0.7544902563095093,
      0.0
    ],
    "right": [
      0.6563112735748291,
      0.7544902563095093,
      -0.0
    ],
    "front": [
      0.754490315914154,
      -0.6563112735748291,
      -0.0
    ],
    "behind": [
      -0.754490315914154,
      0.6563112735748291,
      0.0
    ],
    "below": [
      -0.0,
      -0.0,
      -1.0
    ],
    "above": [
      0.0,
      0.0,
      1.0
    ]
  },
  "intruder_pos": [
    [
      4,
      113
    ],
    [
      58,
      172
    ]
  ],
  "image_index": 1410,
  "split": "new",
  "relationships": {
    "left": [
      [
        1,
        2,
        3,
        5,
        7
      ],
      [
        2,
        3,
        7
      ],
      [
        3,
        7
      ],
      [
        7
      ],
      [
        0,
        1,
        2,
        3,
        5,
        6,
        7
      ],
      [
        1,
        2,
        3,
        7
      ],
      [
        0,
        1,
        2,
        3,
        5,
        7
      ],
      []
    ],
    "right": [
      [
        4,
        6
      ],
      [
        0,
        4,
        5,
        6
      ],
      [
        0,
        1,
        4,
        5,
        6
      ],
      [
        0,
        1,
        2,
        4,
        5,
        6
      ],
      [],
      [
        0,
        4,
        6
      ],
      [
        4
      ],
      [
        0,
        1,
        2,
        3,
        4,
        5,
        6
      ]
    ],
    "front": [
      [
        1,
        2,
        3,
        4,
        5,
        6,
        7
      ],
      [
        5,
        6
      ],
      [
        1,
        5,
        6
      ],
      [
        1,
        2,
        4,
        5,
        6,
        7
      ],
      [
        1,
        2,
        5,
        6,
        7
      ],
      [
        6
      ],
      [],
      [
        1,
        2,
        5,
        6
      ]
    ],
    "behind": [
      [],
      [
        0,
        2,
        3,
        4,
        7
      ],
      [
        0,
        3,
        4,
        7
      ],
      [
        0
      ],
      [
        0,
        3
      ],
      [
        0,
        1,
        2,
        3,
        4,
        7
      ],
      [
        0,
        1,
        2,
        3,
        4,
        5,
        7
      ],
      [
        0,
        3,
        4
      ]
    ]
  },
  "objects": [
    {
      "color": "green",
      "material": "rubber",
      "pixel_coords": [
        180,
        74,
        12.299233436584473
      ],
      "3d_coords": [
        -1.0066509246826172,
        1.8210896253585815,
        0.699999988079071
      ],
      "size": "large",
      "rotation": 248.6035498118793,
      "shape": "cube"
    },
    {
      "color": "green",
      "material": "rubber",
      "pixel_coords": [
        120,
        128,
        9.619170188903809
      ],
      "3d_coords": [
        0.22777757048606873,
        -1.660810947418213,
        0.5249999761581421
      ],
      "size": "medium",
      "rotation": 140.56536305111592,
      "shape": "cylinder"
    },
    {
      "color": "green",
      "material": "rubber",
      "pixel_coords": [
        83,
        118,
        10.388481140136719
      ],
      "3d_coords": [
        -1.1650631427764893,
        -2.030242443084717,
        0.3499999940395355
      ],
      "size": "small",
      "rotation": 310.3238959283774,
      "shape": "cylinder"
    },
    {
      "color": "green",
      "material": "rubber",
      "pixel_coords": [
        72,
        93,
        11.839557647705078
      ],
      "3d_coords": [
        -2.898214101791382,
        -1.4247132539749146,
        0.3499999940395355
      ],
      "size": "small",
      "rotation": 143.93231236226725,
      "shape": "cube"
    },
    {
      "color": "green",
      "material": "rubber",
      "pixel_coords": [
        252,
        88,
        11.334954261779785
      ],
      "3d_coords": [
        1.365617275238037,
        2.7867844104766846,
        0.699999988079071
      ],
      "size": "large",
      "rotation": 274.03267417268984,
      "shape": "sphere"
    },
    {
      "color": "green",
      "material": "rubber",
      "pixel_coords": [
        159,
        150,
        8.725675582885742
      ],
      "3d_coords": [
        1.7140843868255615,
        -1.5638715028762817,
        0.5249999761581421
      ],
      "size": "medium",
      "rotation": 223.30268038085254,
      "shape": "sphere"
    },
    {
      "color": "green",
      "material": "rubber",
      "pixel_coords": [
        219,
        154,
        8.284249305725098
      ],
      "3d_coords": [
        2.9715919494628906,
        -0.7703463435173035,
        0.699999988079071
      ],
      "size": "large",
      "rotation": 289.24044550073626,
      "shape": "cube"
    },
    {
      "color": "red",
      "material": "rubber",
      "pixel_coords": [
        33,
        96,
        10.840469360351562
      ],
      "3d_coords": [
        -2.813819408416748,
        -2.7662181854248047,
        0.699999988079071
      ],
      "size": "large",
      "rotation": 177.05877926266913,
      "shape": "cylinder"
    }
  ]
}