{
  "split": "new",
  "intruder_pos": [
    [
      140,
      77
    ],
    [
      166,
      103
    ]
  ],
  "relationships": {
    "front": [
      [
        2,
        6
      ],
      [
        0,
        2,
        4,
        5,
        6
      ],
      [],
      [
        0,
        1,
        2,
        4,
        5,
        6
      ],
      [
        0,
        2,
        6
      ],
      [
        0,
        2,
        4,
        6
      ],
      [
        2
      ]
    ],
    "left": [
      [],
      [
        0,
        2,
        3,
        5,
        6
      ],
      [
        0,
        3,
        5,
        6
      ],
      [
        0,
        5
      ],
      [
        0,
        1,
        2,
        3,
        5,
        6
      ],
      [
        0
      ],
      [
        0,
        3,
        5
      ]
    ],
    "behind": [
      [
        1,
        3,
        4,
        5
      ],
      [
        3
      ],
      [
        0,
        1,
        3,
        4,
        5,
        6
      ],
      [],
      [
        1,
        3,
        5
      ],
      [
        1,
        3
      ],
      [
        0,
        1,
        3,
        4,
        5
      ]
    ],
    "right": [
      [
        1,
        2,
        3,
        4,
        5,
        6
      ],
      [
        4
      ],
      [
        1,
        4
      ],
      [
        1,
        2,
        4,
        6
      ],
      [],
      [
        1,
        2,
        3,
        4,
        6
      ],
      [
        1,
        2,
        4
      ]
    ]
  },
  "directions": {
    "front": [
      0.754490315914154,
      -0.6563112735748291,
      -0.0
    ],
    "above": [
      0.0,
      0.0,
      1.0
    ],
    "behind": [
      -0.754490315914154,
      0.6563112735748291,
      0.0
    ],
    "below": [
      -0.0,
      -0.0,
      -1.0
    ],
    "right": [
      0.6563112735748291,
      0.7544902563095093,
      -0.0
    ],
    "left": [
      -0.6563112735748291,
      -0.7544902563095093,
      0.0
    ]
  },
  "image_index": 284,
  "image_filename": "CLEVR_new_000284.png",
  "objects": [
    {
      "pixel_coords": [
        49,
        114,
        9.977337837219238
      ],
      "rotation": 69.38992418012106,
      "material": "rubber",
      "size": "large",
      "shape": "cube",
      "color": "blue",
      "3d_coords": [
        -1.4746582508087158,
        -2.923020839691162,
        0.699999988079071
      ]
    },
    {
      "pixel_coords": [
        180,
        81,
        11.938244819641113
      ],
      "rotation": 1.352625027869565,
      "material": "rubber",
      "size": "large",
      "shape": "cube",
      "color": "green",
      "3d_coords": [
        -0.6305854320526123,
        1.4841296672821045,
        0.699999988079071
      ]
    },
    {
      "pixel_coords": [
        173,
        169,
        8.363859176635742
      ],
      "rotation": 218.9876752384448,
      "material": "rubber",
      "size": "small",
      "shape": "cube",
      "color": "green",
      "3d_coords": [
        2.385747194290161,
        -1.691161036491394,
        0.3499999940395355
      ]
    },
    {
      "pixel_coords": [
        140,
        77,
        12.665509223937988
      ],
      "rotation": 150.3312638163817,
      "material": "rubber",
      "size": "medium",
      "shape": "cube",
      "color": "green",
      "3d_coords": [
        -2.1295249462127686,
        0.9042996764183044,
        0.5249999761581421
      ]
    },
    {
      "pixel_coords": [
        246,
        96,
        10.940046310424805
      ],
      "rotation": 250.37274262114104,
      "material": "rubber",
      "size": "large",
      "shape": "cube",
      "color": "green",
      "3d_coords": [
        1.554168701171875,
        2.2092723846435547,
        0.699999988079071
      ]
    },
    {
      "pixel_coords": [
        121,
        97,
        11.651433944702148
      ],
      "rotation": 166.33791027379627,
      "material": "rubber",
      "size": "small",
      "shape": "cube",
      "color": "red",
      "3d_coords": [
        -1.5407664775848389,
        -0.3675890862941742,
        0.3499999940395355
      ]
    },
    {
      "pixel_coords": [
        154,
        149,
        9.072224617004395
      ],
      "rotation": 338.74077274772833,
      "material": "rubber",
      "size": "small",
      "shape": "sphere",
      "color": "red",
      "3d_coords": [
        1.4536585807800293,
        -1.503684639930725,
        0.3499999940395355
      ]
    }
  ]
}