{
  "relationships": {
    "front": [
      [
        1,
        7
      ],
      [
        7
      ],
      [
        0,
        1,
        7
      ],
      [
        0,
        1,
        2,
        4,
        6,
        7
      ],
      [
        0,
        1,
        2,
        6,
        7
      ],
      [
        0,
        1,
        2,
        3,
        4,
        6,
        7
      ],
      [
        0,
        1,
        2,
        7
      ],
      []
    ],
    "right": [
      [],
      [
        0,
        2,
        5
      ],
      [
        0,
        5
      ],
      [
        0,
        1,
        2,
        5
      ],
      [
        0,
        1,
        2,
        3,
        5,
        7
      ],
      [
        0
      ],
      [
        0,
        1,
        2,
        3,
        4,
        5,
        7
      ],
      [
        0,
        1,
        2,
        3,
        5
      ]
    ],
    "left": [
      [
        1,
        2,
        3,
        4,
        5,
        6,
        7
      ],
      [
        3,
        4,
        6,
        7
      ],
      [
        1,
        3,
        4,
        6,
        7
      ],
      [
        4,
        6,
        7
      ],
      [
        6
      ],
      [
        1,
        2,
        3,
        4,
        6,
        7
      ],
      [],
      [
        4,
        6
      ]
    ],
    "behind": [
      [
        2,
        3,
        4,
        5,
        6
      ],
      [
        0,
        2,
        3,
        4,
        5,
        6
      ],
      [
        3,
        4,
        5,
        6
      ],
      [
        5
      ],
      [
        3,
        5
      ],
      [],
      [
        3,
        4,
        5
      ],
      [
        0,
        1,
        2,
        3,
        4,
        5,
        6
      ]
    ]
  },
  "intruder_pos": [
    [
      90,
      58
    ],
    [
      127,
      99
    ]
  ],
  "image_filename": "CLEVR_new_001085.png",
  "directions": {
    "below": [
      -0.0,
      -0.0,
      -1.0
    ],
    "right": [
      0.6563112735748291,
      0.7544902563095093,
      -0.0
    ],
    "behind": [
      -0.754490315914154,
      0.6563112735748291,
      0.0
    ],
    "front": [
      0.754490315914154,
      -0.6563112735748291,
      -0.0
    ],
    "above": [
      0.0,
      0.0,
      1.0
    ],
    "left": [
      -0.6563112735748291,
      -0.7544902563095093,
      0.0
    ]
  },
  "image_index": 1085,
  "split": "new",
  "objects": [
    {
      "3d_coords": [
        2.1164958477020264,
        0.7584463953971863,
        0.5249999761581421
      ],
      "pixel_coords": [
        227,
        122,
        10.167560577392578
      ],
      "material": "rubber",
      "rotation": 46.896515870251385,
      "shape": "cylinder",
      "color": "blue",
      "size": "medium"
    },
    {
      "3d_coords": [
        1.6058986186981201,
        -1.4615601301193237,
        0.3499999940395355
      ],
      "pixel_coords": [
        157,
        147,
        9.330475807189941
      ],
      "material": "rubber",
      "rotation": 212.38275416646852,
      "shape": "cylinder",
      "color": "red",
      "size": "small"
    },
    {
      "3d_coords": [
        0.5390676856040955,
        0.29986727237701416,
        0.699999988079071
      ],
      "pixel_coords": [
        179,
        103,
        10.887035369873047
      ],
      "material": "rubber",
      "rotation": 349.64921901970035,
      "shape": "cylinder",
      "color": "green",
      "size": "large"
    },
    {
      "3d_coords": [
        -1.924702525138855,
        0.7848504185676575,
        0.3499999940395355
      ],
      "pixel_coords": [
        143,
        87,
        12.988170623779297
      ],
      "material": "rubber",
      "rotation": 85.41766204259245,
      "shape": "cylinder",
      "color": "red",
      "size": "small"
    },
    {
      "3d_coords": [
        -2.0763044357299805,
        -0.6049712896347046,
        0.3499999940395355
      ],
      "pixel_coords": [
        109,
        95,
        12.299261093139648
      ],
      "material": "rubber",
      "rotation": 77.7199573484687,
      "shape": "cylinder",
      "color": "blue",
      "size": "small"
    },
    {
      "3d_coords": [
        -1.1219714879989624,
        2.8802030086517334,
        0.5249999761581421
      ],
      "pixel_coords": [
        198,
        75,
        13.557452201843262
      ],
      "material": "rubber",
      "rotation": 232.98048628961354,
      "shape": "cylinder",
      "color": "green",
      "size": "medium"
    },
    {
      "3d_coords": [
        -2.9347126483917236,
        -2.7520365715026855,
        0.3499999940395355
      ],
      "pixel_coords": [
        40,
        104,
        11.65561580657959
      ],
      "material": "rubber",
      "rotation": 291.60932567753775,
      "shape": "cylinder",
      "color": "red",
      "size": "small"
    },
    {
      "3d_coords": [
        1.3335069417953491,
        -2.7728662490844727,
        0.3499999940395355
      ],
      "pixel_coords": [
        110,
        160,
        8.767648696899414
      ],
      "material": "rubber",
      "rotation": 232.94488101832906,
      "shape": "cube",
      "color": "green",
      "size": "small"
    }
  ]
}