{
  "relationships": {
    "front": [
      [
        1,
        2,
        3,
        4,
        5,
        6
      ],
      [
        2,
        4,
        6
      ],
      [
        4,
        6
      ],
      [
        1,
        2,
        4,
        5,
        6
      ],
      [
        6
      ],
      [
        1,
        2,
        4,
        6
      ],
      []
    ],
    "right": [
      [
        5,
        6
      ],
      [
        0,
        4,
        5,
        6
      ],
      [
        0,
        1,
        3,
        4,
        5,
        6
      ],
      [
        0,
        1,
        4,
        5,
        6
      ],
      [
        0,
        5,
        6
      ],
      [],
      [
        5
      ]
    ],
    "left": [
      [
        1,
        2,
        3,
        4
      ],
      [
        2,
        3
      ],
      [],
      [
        2
      ],
      [
        1,
        2,
        3
      ],
      [
        0,
        1,
        2,
        3,
        4,
        6
      ],
      [
        0,
        1,
        2,
        3,
        4
      ]
    ],
    "behind": [
      [],
      [
        0,
        3,
        5
      ],
      [
        0,
        1,
        3,
        5
      ],
      [
        0
      ],
      [
        0,
        1,
        2,
        3,
        5
      ],
      [
        0,
        3
      ],
      [
        0,
        1,
        2,
        3,
        4,
        5
      ]
    ]
  },
  "intruder_pos": [
    [
      176,
      66
    ],
    [
      204,
      103
    ]
  ],
  "image_filename": "CLEVR_new_001323.png",
  "directions": {
    "below": [
      -0.0,
      -0.0,
      -1.0
    ],
    "right": [
      0.6563112735748291,
      0.7544902563095093,
      -0.0
    ],
    "behind": [
      -0.754490315914154,
      0.6563112735748291,
      0.0
    ],
    "front": [
      0.754490315914154,
      -0.6563112735748291,
      -0.0
    ],
    "above": [
      0.0,
      0.0,
      1.0
    ],
    "left": [
      -0.6563112735748291,
      -0.7544902563095093,
      0.0
    ]
  },
  "image_index": 1323,
  "split": "new",
  "objects": [
    {
      "3d_coords": [
        -2.0190324783325195,
        1.6415987014770508,
        0.3499999940395355
      ],
      "pixel_coords": [
        155,
        79,
        13.23184585571289
      ],
      "material": "rubber",
      "rotation": 52.26501020309756,
      "shape": "cube",
      "color": "green",
      "size": "small"
    },
    {
      "3d_coords": [
        -1.4130436182022095,
        -0.18908773362636566,
        0.3499999940395355
      ],
      "pixel_coords": [
        127,
        98,
        11.735426902770996
      ],
      "material": "rubber",
      "rotation": 81.869283145265,
      "shape": "cube",
      "color": "blue",
      "size": "small"
    },
    {
      "3d_coords": [
        -1.8569920063018799,
        -2.1675353050231934,
        0.3499999940395355
      ],
      "pixel_coords": [
        68,
        112,
        10.818266868591309
      ],
      "material": "rubber",
      "rotation": 148.74861937077608,
      "shape": "cube",
      "color": "red",
      "size": "small"
    },
    {
      "3d_coords": [
        -2.982231378555298,
        -0.42849138379096985,
        0.699999988079071
      ],
      "pixel_coords": [
        93,
        78,
        12.423412322998047
      ],
      "material": "rubber",
      "rotation": 290.52468469204223,
      "shape": "cube",
      "color": "blue",
      "size": "large"
    },
    {
      "3d_coords": [
        0.5531235337257385,
        -1.3515053987503052,
        0.5249999761581421
      ],
      "pixel_coords": [
        138,
        126,
        9.694562911987305
      ],
      "material": "rubber",
      "rotation": 20.207774116488956,
      "shape": "cube",
      "color": "blue",
      "size": "medium"
    },
    {
      "3d_coords": [
        -0.2224474847316742,
        2.092278003692627,
        0.3499999940395355
      ],
      "pixel_coords": [
        199,
        90,
        12.360650062561035
      ],
      "material": "rubber",
      "rotation": 222.29221247153055,
      "shape": "cube",
      "color": "blue",
      "size": "small"
    },
    {
      "3d_coords": [
        2.3134231567382812,
        -1.1655282974243164,
        0.3499999940395355
      ],
      "pixel_coords": [
        190,
        155,
        8.769177436828613
      ],
      "material": "rubber",
      "rotation": 334.9559119211162,
      "shape": "cylinder",
      "color": "red",
      "size": "small"
    }
  ]
}