{
  "split": "new",
  "intruder_pos": [
    [
      225,
      107
    ],
    [
      251,
      136
    ]
  ],
  "relationships": {
    "front": [
      [
        1,
        2,
        3,
        4,
        6
      ],
      [
        2,
        3,
        4,
        6
      ],
      [
        3,
        4,
        6
      ],
      [
        4
      ],
      [],
      [
        0,
        1,
        2,
        3,
        4,
        6
      ],
      [
        3,
        4
      ]
    ],
    "left": [
      [
        1,
        2,
        3
      ],
      [
        2
      ],
      [],
      [
        1,
        2
      ],
      [
        0,
        1,
        2,
        3
      ],
      [
        0,
        1,
        2,
        3,
        4
      ],
      [
        0,
        1,
        2,
        3,
        4,
        5
      ]
    ],
    "behind": [
      [
        5
      ],
      [
        0,
        5
      ],
      [
        0,
        1,
        5
      ],
      [
        0,
        1,
        2,
        5,
        6
      ],
      [
        0,
        1,
        2,
        3,
        5,
        6
      ],
      [],
      [
        0,
        1,
        2,
        5
      ]
    ],
    "right": [
      [
        4,
        5,
        6
      ],
      [
        0,
        3,
        4,
        5,
        6
      ],
      [
        0,
        1,
        3,
        4,
        5,
        6
      ],
      [
        0,
        4,
        5,
        6
      ],
      [
        5,
        6
      ],
      [
        6
      ],
      []
    ]
  },
  "directions": {
    "front": [
      0.754490315914154,
      -0.6563112735748291,
      -0.0
    ],
    "above": [
      0.0,
      0.0,
      1.0
    ],
    "behind": [
      -0.754490315914154,
      0.6563112735748291,
      0.0
    ],
    "below": [
      -0.0,
      -0.0,
      -1.0
    ],
    "right": [
      0.6563112735748291,
      0.7544902563095093,
      -0.0
    ],
    "left": [
      -0.6563112735748291,
      -0.7544902563095093,
      0.0
    ]
  },
  "image_index": 333,
  "image_filename": "CLEVR_new_000333.png",
  "objects": [
    {
      "pixel_coords": [
        170,
        82,
        12.69768238067627
      ],
      "rotation": 94.50681357968764,
      "material": "rubber",
      "size": "medium",
      "shape": "cylinder",
      "color": "blue",
      "3d_coords": [
        -1.1515451669692993,
        1.5173925161361694,
        0.5249999761581421
      ]
    },
    {
      "pixel_coords": [
        104,
        86,
        11.981733322143555
      ],
      "rotation": 250.8821506687201,
      "material": "rubber",
      "size": "large",
      "shape": "cylinder",
      "color": "blue",
      "3d_coords": [
        -2.1465020179748535,
        -0.6647347211837769,
        0.699999988079071
      ]
    },
    {
      "pixel_coords": [
        64,
        109,
        11.25695514678955
      ],
      "rotation": 208.07632513861142,
      "material": "rubber",
      "size": "small",
      "shape": "sphere",
      "color": "blue",
      "3d_coords": [
        -2.1536142826080322,
        -2.204545736312866,
        0.3499999940395355
      ]
    },
    {
      "pixel_coords": [
        135,
        117,
        10.062224388122559
      ],
      "rotation": 342.7740189919098,
      "material": "rubber",
      "size": "large",
      "shape": "sphere",
      "color": "blue",
      "3d_coords": [
        0.2926042973995209,
        -1.2433326244354248,
        0.699999988079071
      ]
    },
    {
      "pixel_coords": [
        193,
        132,
        9.658411979675293
      ],
      "rotation": 308.1276169219152,
      "material": "rubber",
      "size": "medium",
      "shape": "cylinder",
      "color": "blue",
      "3d_coords": [
        1.8036526441574097,
        -0.4043731987476349,
        0.5249999761581421
      ]
    },
    {
      "pixel_coords": [
        205,
        81,
        13.25321102142334
      ],
      "rotation": 28.807555994087004,
      "material": "rubber",
      "size": "small",
      "shape": "cube",
      "color": "blue",
      "3d_coords": [
        -0.6541947722434998,
        2.873241662979126,
        0.3499999940395355
      ]
    },
    {
      "pixel_coords": [
        238,
        117,
        10.74518871307373
      ],
      "rotation": 0.7546264308624062,
      "material": "rubber",
      "size": "small",
      "shape": "cube",
      "color": "red",
      "3d_coords": [
        1.9401413202285767,
        1.4600542783737183,
        0.3499999940395355
      ]
    }
  ]
}