{
  "split": "new",
  "intruder_pos": [
    [
      187,
      79
    ],
    [
      242,
      133
    ]
  ],
  "relationships": {
    "front": [
      [
        1,
        7
      ],
      [],
      [
        0,
        1,
        4,
        5,
        7
      ],
      [
        0,
        1,
        2,
        4,
        5,
        7
      ],
      [
        0,
        1,
        5,
        7
      ],
      [
        0,
        1,
        7
      ],
      [
        0,
        1,
        2,
        3,
        4,
        5,
        7
      ],
      [
        1
      ]
    ],
    "left": [
      [
        2
      ],
      [
        0,
        2,
        6
      ],
      [],
      [
        0,
        1,
        2,
        5,
        6
      ],
      [
        0,
        1,
        2,
        3,
        5,
        6,
        7
      ],
      [
        0,
        1,
        2,
        6
      ],
      [
        0,
        2
      ],
      [
        0,
        1,
        2,
        3,
        5,
        6
      ]
    ],
    "behind": [
      [
        2,
        3,
        4,
        5,
        6
      ],
      [
        0,
        2,
        3,
        4,
        5,
        6,
        7
      ],
      [
        3,
        6
      ],
      [
        6
      ],
      [
        2,
        3,
        6
      ],
      [
        2,
        3,
        4,
        6
      ],
      [],
      [
        0,
        2,
        3,
        4,
        5,
        6
      ]
    ],
    "right": [
      [
        1,
        3,
        4,
        5,
        6,
        7
      ],
      [
        3,
        4,
        5,
        7
      ],
      [
        0,
        1,
        3,
        4,
        5,
        6,
        7
      ],
      [
        4,
        7
      ],
      [],
      [
        3,
        4,
        7
      ],
      [
        1,
        3,
        4,
        5,
        7
      ],
      [
        4
      ]
    ]
  },
  "directions": {
    "front": [
      0.754490315914154,
      -0.6563112735748291,
      -0.0
    ],
    "above": [
      0.0,
      0.0,
      1.0
    ],
    "behind": [
      -0.754490315914154,
      0.6563112735748291,
      0.0
    ],
    "below": [
      -0.0,
      -0.0,
      -1.0
    ],
    "right": [
      0.6563112735748291,
      0.7544902563095093,
      -0.0
    ],
    "left": [
      -0.6563112735748291,
      -0.7544902563095093,
      0.0
    ]
  },
  "image_index": 73,
  "image_filename": "CLEVR_new_000073.png",
  "objects": [
    {
      "pixel_coords": [
        91,
        113,
        10.355545043945312
      ],
      "rotation": 212.28641000518198,
      "material": "rubber",
      "size": "medium",
      "shape": "cylinder",
      "color": "red",
      "3d_coords": [
        -0.8480126857757568,
        -1.9393779039382935,
        0.5249999761581421
      ]
    },
    {
      "pixel_coords": [
        128,
        170,
        7.422909259796143
      ],
      "rotation": 173.91138294188832,
      "material": "rubber",
      "size": "large",
      "shape": "cube",
      "color": "red",
      "3d_coords": [
        2.48744797706604,
        -2.9060230255126953,
        0.699999988079071
      ]
    },
    {
      "pixel_coords": [
        77,
        85,
        11.921431541442871
      ],
      "rotation": 220.29927006182675,
      "material": "rubber",
      "size": "large",
      "shape": "sphere",
      "color": "red",
      "3d_coords": [
        -2.7646446228027344,
        -1.3764264583587646,
        0.699999988079071
      ]
    },
    {
      "pixel_coords": [
        190,
        80,
        12.316320419311523
      ],
      "rotation": 72.07156442353556,
      "material": "rubber",
      "size": "large",
      "shape": "sphere",
      "color": "red",
      "3d_coords": [
        -0.6433912515640259,
        1.9107314348220825,
        0.699999988079071
      ]
    },
    {
      "pixel_coords": [
        236,
        105,
        11.279951095581055
      ],
      "rotation": 216.97068416198658,
      "material": "rubber",
      "size": "small",
      "shape": "cube",
      "color": "red",
      "3d_coords": [
        1.2617379426956177,
        2.130113363265991,
        0.3499999940395355
      ]
    },
    {
      "pixel_coords": [
        164,
        105,
        10.839399337768555
      ],
      "rotation": 352.0076051692556,
      "material": "rubber",
      "size": "medium",
      "shape": "cube",
      "color": "red",
      "3d_coords": [
        0.09645819664001465,
        0.06803977489471436,
        0.5249999761581421
      ]
    },
    {
      "pixel_coords": [
        124,
        71,
        13.19987678527832
      ],
      "rotation": 103.3595310886992,
      "material": "rubber",
      "size": "large",
      "shape": "cube",
      "color": "red",
      "3d_coords": [
        -2.9368953704833984,
        0.6703774333000183,
        0.699999988079071
      ]
    },
    {
      "pixel_coords": [
        215,
        134,
        8.856017112731934
      ],
      "rotation": 82.53906173257609,
      "material": "rubber",
      "size": "large",
      "shape": "sphere",
      "color": "blue",
      "3d_coords": [
        2.5493814945220947,
        -0.30022895336151123,
        0.699999988079071
      ]
    }
  ]
}