{
  "relationships": {
    "front": [
      [
        4
      ],
      [
        0,
        2,
        3,
        4,
        6
      ],
      [
        0,
        3,
        4
      ],
      [
        0,
        4
      ],
      [],
      [
        0,
        1,
        2,
        3,
        4,
        6
      ],
      [
        0,
        2,
        3,
        4
      ]
    ],
    "right": [
      [],
      [
        0,
        2,
        3,
        4,
        5,
        6
      ],
      [
        0,
        3,
        5,
        6
      ],
      [
        0
      ],
      [
        0,
        2,
        3,
        5,
        6
      ],
      [
        0,
        3,
        6
      ],
      [
        0,
        3
      ]
    ],
    "left": [
      [
        1,
        2,
        3,
        4,
        5,
        6
      ],
      [],
      [
        1,
        4
      ],
      [
        1,
        2,
        4,
        5,
        6
      ],
      [
        1
      ],
      [
        1,
        2,
        4
      ],
      [
        1,
        2,
        4,
        5
      ]
    ],
    "behind": [
      [
        1,
        2,
        3,
        5,
        6
      ],
      [
        5
      ],
      [
        1,
        5,
        6
      ],
      [
        1,
        2,
        5,
        6
      ],
      [
        0,
        1,
        2,
        3,
        5,
        6
      ],
      [],
      [
        1,
        5
      ]
    ]
  },
  "intruder_pos": [
    [
      201,
      132
    ],
    [
      225,
      159
    ]
  ],
  "image_filename": "CLEVR_new_001064.png",
  "directions": {
    "below": [
      -0.0,
      -0.0,
      -1.0
    ],
    "right": [
      0.6563112735748291,
      0.7544902563095093,
      -0.0
    ],
    "behind": [
      -0.754490315914154,
      0.6563112735748291,
      0.0
    ],
    "front": [
      0.754490315914154,
      -0.6563112735748291,
      -0.0
    ],
    "above": [
      0.0,
      0.0,
      1.0
    ],
    "left": [
      -0.6563112735748291,
      -0.7544902563095093,
      0.0
    ]
  },
  "image_index": 1064,
  "split": "new",
  "objects": [
    {
      "3d_coords": [
        2.8489766120910645,
        2.3354578018188477,
        0.5249999761581421
      ],
      "pixel_coords": [
        285,
        116,
        10.15020751953125
      ],
      "material": "rubber",
      "rotation": 286.8984768799696,
      "shape": "cube",
      "color": "green",
      "size": "medium"
    },
    {
      "3d_coords": [
        -2.447558879852295,
        0.2558371424674988,
        0.699999988079071
      ],
      "pixel_coords": [
        122,
        75,
        12.490616798400879
      ],
      "material": "rubber",
      "rotation": 247.31879458387553,
      "shape": "cylinder",
      "color": "green",
      "size": "large"
    },
    {
      "3d_coords": [
        -0.3623659610748291,
        0.7337117791175842,
        0.5249999761581421
      ],
      "pixel_coords": [
        170,
        95,
        11.431849479675293
      ],
      "material": "rubber",
      "rotation": 143.2438293062817,
      "shape": "cube",
      "color": "green",
      "size": "medium"
    },
    {
      "3d_coords": [
        1.2153494358062744,
        1.8868443965911865,
        0.3499999940395355
      ],
      "pixel_coords": [
        230,
        106,
        11.090252876281738
      ],
      "material": "rubber",
      "rotation": 341.10541220502313,
      "shape": "cylinder",
      "color": "green",
      "size": "small"
    },
    {
      "3d_coords": [
        0.9959223866462708,
        -1.3084185123443604,
        0.5249999761581421
      ],
      "pixel_coords": [
        146,
        132,
        9.38216781616211
      ],
      "material": "rubber",
      "rotation": 77.57837950580422,
      "shape": "cube",
      "color": "green",
      "size": "medium"
    },
    {
      "3d_coords": [
        -1.9899325370788574,
        2.769718885421753,
        0.3499999940395355
      ],
      "pixel_coords": [
        182,
        71,
        13.745125770568848
      ],
      "material": "rubber",
      "rotation": 38.532363998387346,
      "shape": "sphere",
      "color": "green",
      "size": "small"
    },
    {
      "3d_coords": [
        0.23416632413864136,
        2.162506580352783,
        0.3499999940395355
      ],
      "pixel_coords": [
        214,
        94,
        11.9059419631958
      ],
      "material": "rubber",
      "rotation": 173.2905063150935,
      "shape": "cube",
      "color": "blue",
      "size": "small"
    }
  ]
}