{
  "split": "new",
  "intruder_pos": [
    [
      55,
      106
    ],
    [
      86,
      138
    ]
  ],
  "relationships": {
    "front": [
      [
        1,
        2,
        3,
        4,
        5,
        6,
        7
      ],
      [
        3,
        4
      ],
      [
        1,
        3,
        4,
        5,
        7
      ],
      [
        4
      ],
      [],
      [
        1,
        3,
        4,
        7
      ],
      [
        1,
        2,
        3,
        4,
        5,
        7
      ],
      [
        1,
        3,
        4
      ]
    ],
    "left": [
      [
        2,
        3,
        4,
        6,
        7
      ],
      [
        0,
        2,
        3,
        4,
        6,
        7
      ],
      [],
      [
        2,
        7
      ],
      [
        2,
        3,
        6,
        7
      ],
      [
        0,
        1,
        2,
        3,
        4,
        6,
        7
      ],
      [
        2,
        3,
        7
      ],
      [
        2
      ]
    ],
    "behind": [
      [],
      [
        0,
        2,
        5,
        6,
        7
      ],
      [
        0,
        6
      ],
      [
        0,
        1,
        2,
        5,
        6,
        7
      ],
      [
        0,
        1,
        2,
        3,
        5,
        6,
        7
      ],
      [
        0,
        2,
        6
      ],
      [
        0
      ],
      [
        0,
        2,
        5,
        6
      ]
    ],
    "right": [
      [
        1,
        5
      ],
      [
        5
      ],
      [
        0,
        1,
        3,
        4,
        5,
        6,
        7
      ],
      [
        0,
        1,
        4,
        5,
        6
      ],
      [
        0,
        1,
        5
      ],
      [],
      [
        0,
        1,
        4,
        5
      ],
      [
        0,
        1,
        3,
        4,
        5,
        6
      ]
    ]
  },
  "directions": {
    "front": [
      0.754490315914154,
      -0.6563112735748291,
      -0.0
    ],
    "above": [
      0.0,
      0.0,
      1.0
    ],
    "behind": [
      -0.754490315914154,
      0.6563112735748291,
      0.0
    ],
    "below": [
      -0.0,
      -0.0,
      -1.0
    ],
    "right": [
      0.6563112735748291,
      0.7544902563095093,
      -0.0
    ],
    "left": [
      -0.6563112735748291,
      -0.7544902563095093,
      0.0
    ]
  },
  "image_index": 199,
  "image_filename": "CLEVR_new_000199.png",
  "objects": [
    {
      "pixel_coords": [
        158,
        85,
        12.733678817749023
      ],
      "rotation": 138.28179722127362,
      "material": "rubber",
      "size": "small",
      "shape": "cube",
      "color": "red",
      "3d_coords": [
        -1.4965901374816895,
        1.1494975090026855,
        0.3499999940395355
      ]
    },
    {
      "pixel_coords": [
        181,
        120,
        10.239806175231934
      ],
      "rotation": 206.95793131708746,
      "material": "rubber",
      "size": "medium",
      "shape": "cube",
      "color": "red",
      "3d_coords": [
        1.0877150297164917,
        -0.11459250003099442,
        0.5249999761581421
      ]
    },
    {
      "pixel_coords": [
        51,
        89,
        11.65338134765625
      ],
      "rotation": 327.6574673944661,
      "material": "rubber",
      "size": "large",
      "shape": "sphere",
      "color": "red",
      "3d_coords": [
        -2.973130941390991,
        -2.258267641067505,
        0.699999988079071
      ]
    },
    {
      "pixel_coords": [
        90,
        135,
        9.551739692687988
      ],
      "rotation": 170.00138743533597,
      "material": "rubber",
      "size": "medium",
      "shape": "sphere",
      "color": "red",
      "3d_coords": [
        0.08929388970136642,
        -2.5606582164764404,
        0.5249999761581421
      ]
    },
    {
      "pixel_coords": [
        131,
        189,
        7.705158710479736
      ],
      "rotation": 349.3098542958436,
      "material": "rubber",
      "size": "medium",
      "shape": "sphere",
      "color": "red",
      "3d_coords": [
        2.557037591934204,
        -2.9517149925231934,
        0.5249999761581421
      ]
    },
    {
      "pixel_coords": [
        223,
        106,
        11.01995849609375
      ],
      "rotation": 112.1494863302367,
      "material": "rubber",
      "size": "medium",
      "shape": "cube",
      "color": "red",
      "3d_coords": [
        1.2769229412078857,
        1.5280168056488037,
        0.5249999761581421
      ]
    },
    {
      "pixel_coords": [
        132,
        91,
        12.306563377380371
      ],
      "rotation": 338.0512782434728,
      "material": "rubber",
      "size": "small",
      "shape": "cylinder",
      "color": "red",
      "3d_coords": [
        -1.7009648084640503,
        0.12932375073432922,
        0.3499999940395355
      ]
    },
    {
      "pixel_coords": [
        72,
        117,
        10.7468900680542
      ],
      "rotation": 88.1581540768705,
      "material": "rubber",
      "size": "small",
      "shape": "cube",
      "color": "blue",
      "3d_coords": [
        -1.410699725151062,
        -2.3527424335479736,
        0.3499999940395355
      ]
    }
  ]
}