{
  "image_filename": "CLEVR_new_001458.png",
  "directions": {
    "left": [
      -0.6563112735748291,
      -0.7544902563095093,
      0.0
    ],
    "right": [
      0.6563112735748291,
      0.7544902563095093,
      -0.0
    ],
    "front": [
      0.754490315914154,
      -0.6563112735748291,
      -0.0
    ],
    "behind": [
      -0.754490315914154,
      0.6563112735748291,
      0.0
    ],
    "below": [
      -0.0,
      -0.0,
      -1.0
    ],
    "above": [
      0.0,
      0.0,
      1.0
    ]
  },
  "intruder_pos": [
    [
      41,
      117
    ],
    [
      78,
      158
    ]
  ],
  "image_index": 1458,
  "split": "new",
  "relationships": {
    "left": [
      [
        3,
        4,
        6,
        7
      ],
      [
        0,
        2,
        3,
        4,
        6,
        7
      ],
      [
        0,
        3,
        4,
        6,
        7
      ],
      [
        4,
        7
      ],
      [
        7
      ],
      [
        0,
        1,
        2,
        3,
        4,
        6,
        7
      ],
      [
        3,
        4,
        7
      ],
      []
    ],
    "right": [
      [
        1,
        2,
        5
      ],
      [
        5
      ],
      [
        1,
        5
      ],
      [
        0,
        1,
        2,
        5,
        6
      ],
      [
        0,
        1,
        2,
        3,
        5,
        6
      ],
      [],
      [
        0,
        1,
        2,
        5
      ],
      [
        0,
        1,
        2,
        3,
        4,
        5,
        6
      ]
    ],
    "front": [
      [],
      [
        0,
        3,
        5,
        7
      ],
      [
        0,
        1,
        3,
        4,
        5,
        7
      ],
      [
        0
      ],
      [
        0,
        1,
        3,
        5,
        7
      ],
      [
        0,
        3
      ],
      [
        0,
        1,
        2,
        3,
        4,
        5,
        7
      ],
      [
        0,
        3,
        5
      ]
    ],
    "behind": [
      [
        1,
        2,
        3,
        4,
        5,
        6,
        7
      ],
      [
        2,
        4,
        6
      ],
      [
        6
      ],
      [
        1,
        2,
        4,
        5,
        6,
        7
      ],
      [
        2,
        6
      ],
      [
        1,
        2,
        4,
        6,
        7
      ],
      [],
      [
        1,
        2,
        4,
        6
      ]
    ]
  },
  "objects": [
    {
      "color": "blue",
      "material": "rubber",
      "pixel_coords": [
        189,
        140,
        9.59344482421875
      ],
      "3d_coords": [
        2.3540871143341064,
        -1.0017752647399902,
        0.699999988079071
      ],
      "size": "large",
      "rotation": 41.19031422060428,
      "shape": "sphere"
    },
    {
      "color": "green",
      "material": "rubber",
      "pixel_coords": [
        229,
        93,
        12.755533218383789
      ],
      "3d_coords": [
        0.8563101887702942,
        2.604614019393921,
        0.5249999761581421
      ],
      "size": "medium",
      "rotation": 318.52702976645196,
      "shape": "sphere"
    },
    {
      "color": "red",
      "material": "rubber",
      "pixel_coords": [
        196,
        75,
        13.869850158691406
      ],
      "3d_coords": [
        -0.8789283633232117,
        2.6935532093048096,
        0.699999988079071
      ],
      "size": "large",
      "rotation": 101.3223434301764,
      "shape": "sphere"
    },
    {
      "color": "red",
      "material": "rubber",
      "pixel_coords": [
        108,
        137,
        10.07873249053955
      ],
      "3d_coords": [
        0.49902740120887756,
        -2.4239308834075928,
        0.5249999761581421
      ],
      "size": "medium",
      "rotation": 310.13323391737447,
      "shape": "sphere"
    },
    {
      "color": "red",
      "material": "rubber",
      "pixel_coords": [
        99,
        87,
        13.297687530517578
      ],
      "3d_coords": [
        -2.8019211292266846,
        -0.6315976977348328,
        0.5249999761581421
      ],
      "size": "medium",
      "rotation": 108.26883859320705,
      "shape": "sphere"
    },
    {
      "color": "blue",
      "material": "rubber",
      "pixel_coords": [
        278,
        111,
        11.869750022888184
      ],
      "3d_coords": [
        2.6577072143554688,
        2.985654830932617,
        0.3499999940395355
      ],
      "size": "small",
      "rotation": 344.72077963766003,
      "shape": "sphere"
    },
    {
      "color": "green",
      "material": "rubber",
      "pixel_coords": [
        163,
        67,
        15.148863792419434
      ],
      "3d_coords": [
        -2.770085096359253,
        2.600471258163452,
        0.5249999761581421
      ],
      "size": "medium",
      "rotation": 183.04455932020863,
      "shape": "sphere"
    },
    {
      "color": "green",
      "material": "rubber",
      "pixel_coords": [
        60,
        102,
        12.129685401916504
      ],
      "3d_coords": [
        -2.5537474155426025,
        -2.364928960800171,
        0.5249999761581421
      ],
      "size": "medium",
      "rotation": 181.87702368717493,
      "shape": "cube"
    }
  ]
}