{
  "relationships": {
    "front": [
      [
        1,
        2,
        3,
        4,
        6,
        7
      ],
      [
        3,
        4
      ],
      [
        1,
        3,
        4
      ],
      [
        4
      ],
      [],
      [
        0,
        1,
        2,
        3,
        4,
        6,
        7
      ],
      [
        1,
        2,
        3,
        4,
        7
      ],
      [
        1,
        2,
        3,
        4
      ]
    ],
    "right": [
      [
        1,
        3,
        4,
        5,
        7
      ],
      [
        7
      ],
      [
        0,
        1,
        3,
        4,
        5,
        7
      ],
      [
        1,
        4,
        5,
        7
      ],
      [
        1,
        5,
        7
      ],
      [
        1,
        7
      ],
      [
        0,
        1,
        2,
        3,
        4,
        5,
        7
      ],
      []
    ],
    "left": [
      [
        2,
        6
      ],
      [
        0,
        2,
        3,
        4,
        5,
        6
      ],
      [
        6
      ],
      [
        0,
        2,
        6
      ],
      [
        0,
        2,
        3,
        6
      ],
      [
        0,
        2,
        3,
        4,
        6
      ],
      [],
      [
        0,
        1,
        2,
        3,
        4,
        5,
        6
      ]
    ],
    "behind": [
      [
        5
      ],
      [
        0,
        2,
        5,
        6,
        7
      ],
      [
        0,
        5,
        6,
        7
      ],
      [
        0,
        1,
        2,
        5,
        6,
        7
      ],
      [
        0,
        1,
        2,
        3,
        5,
        6,
        7
      ],
      [],
      [
        0,
        5
      ],
      [
        0,
        5,
        6
      ]
    ]
  },
  "intruder_pos": [
    [
      238,
      124
    ],
    [
      261,
      150
    ]
  ],
  "image_filename": "CLEVR_new_001310.png",
  "directions": {
    "below": [
      -0.0,
      -0.0,
      -1.0
    ],
    "right": [
      0.6563112735748291,
      0.7544902563095093,
      -0.0
    ],
    "behind": [
      -0.754490315914154,
      0.6563112735748291,
      0.0
    ],
    "front": [
      0.754490315914154,
      -0.6563112735748291,
      -0.0
    ],
    "above": [
      0.0,
      0.0,
      1.0
    ],
    "left": [
      -0.6563112735748291,
      -0.7544902563095093,
      0.0
    ]
  },
  "image_index": 1310,
  "split": "new",
  "objects": [
    {
      "3d_coords": [
        -2.2967708110809326,
        0.4861285090446472,
        0.5249999761581421
      ],
      "pixel_coords": [
        128,
        82,
        12.85057258605957
      ],
      "material": "rubber",
      "rotation": 66.005541734358,
      "shape": "cube",
      "color": "green",
      "size": "medium"
    },
    {
      "3d_coords": [
        1.3503203392028809,
        0.45100629329681396,
        0.5249999761581421
      ],
      "pixel_coords": [
        202,
        115,
        10.422536849975586
      ],
      "material": "rubber",
      "rotation": 350.9271560910883,
      "shape": "cube",
      "color": "green",
      "size": "medium"
    },
    {
      "3d_coords": [
        -1.4762225151062012,
        -1.4857059717178345,
        0.5249999761581421
      ],
      "pixel_coords": [
        94,
        104,
        11.12496280670166
      ],
      "material": "rubber",
      "rotation": 342.0709234209333,
      "shape": "cube",
      "color": "blue",
      "size": "medium"
    },
    {
      "3d_coords": [
        0.6223902702331543,
        -1.3544374704360962,
        0.699999988079071
      ],
      "pixel_coords": [
        139,
        120,
        9.739768981933594
      ],
      "material": "rubber",
      "rotation": 176.21741383844986,
      "shape": "cube",
      "color": "red",
      "size": "large"
    },
    {
      "3d_coords": [
        2.4892680644989014,
        -2.399548053741455,
        0.3499999940395355
      ],
      "pixel_coords": [
        156,
        174,
        8.038140296936035
      ],
      "material": "rubber",
      "rotation": 199.84304647669666,
      "shape": "cube",
      "color": "green",
      "size": "small"
    },
    {
      "3d_coords": [
        -2.8275153636932373,
        2.8223259449005127,
        0.5249999761581421
      ],
      "pixel_coords": [
        164,
        66,
        14.603721618652344
      ],
      "material": "rubber",
      "rotation": 139.87898557672753,
      "shape": "cube",
      "color": "green",
      "size": "medium"
    },
    {
      "3d_coords": [
        -2.993671417236328,
        -1.922061562538147,
        0.3499999940395355
      ],
      "pixel_coords": [
        59,
        99,
        11.943405151367188
      ],
      "material": "rubber",
      "rotation": 195.45367857075232,
      "shape": "cube",
      "color": "green",
      "size": "small"
    },
    {
      "3d_coords": [
        1.552240014076233,
        2.6386706829071045,
        0.3499999940395355
      ],
      "pixel_coords": [
        250,
        102,
        11.681974411010742
      ],
      "material": "rubber",
      "rotation": 101.71239335398525,
      "shape": "cylinder",
      "color": "blue",
      "size": "small"
    }
  ]
}