{
  "relationships": {
    "front": [
      [
        4
      ],
      [
        0,
        2,
        3,
        4,
        5,
        6
      ],
      [
        0,
        4,
        5,
        6
      ],
      [
        0,
        2,
        4,
        5,
        6
      ],
      [],
      [
        0,
        4,
        6
      ],
      [
        0,
        4
      ]
    ],
    "right": [
      [
        3,
        6
      ],
      [
        0,
        2,
        3,
        6
      ],
      [
        0,
        3,
        6
      ],
      [
        6
      ],
      [
        0,
        1,
        2,
        3,
        6
      ],
      [
        0,
        1,
        2,
        3,
        4,
        6
      ],
      []
    ],
    "left": [
      [
        1,
        2,
        4,
        5
      ],
      [
        4,
        5
      ],
      [
        1,
        4,
        5
      ],
      [
        0,
        1,
        2,
        4,
        5
      ],
      [
        5
      ],
      [],
      [
        0,
        1,
        2,
        3,
        4,
        5
      ]
    ],
    "behind": [
      [
        1,
        2,
        3,
        5,
        6
      ],
      [],
      [
        1,
        3
      ],
      [
        1
      ],
      [
        0,
        1,
        2,
        3,
        5,
        6
      ],
      [
        1,
        2,
        3
      ],
      [
        1,
        2,
        3,
        5
      ]
    ]
  },
  "intruder_pos": [
    [
      270,
      104
    ],
    [
      319,
      165
    ]
  ],
  "image_filename": "CLEVR_new_001363.png",
  "directions": {
    "below": [
      -0.0,
      -0.0,
      -1.0
    ],
    "right": [
      0.6563112735748291,
      0.7544902563095093,
      -0.0
    ],
    "behind": [
      -0.754490315914154,
      0.6563112735748291,
      0.0
    ],
    "front": [
      0.754490315914154,
      -0.6563112735748291,
      -0.0
    ],
    "above": [
      0.0,
      0.0,
      1.0
    ],
    "left": [
      -0.6563112735748291,
      -0.7544902563095093,
      0.0
    ]
  },
  "image_index": 1363,
  "split": "new",
  "objects": [
    {
      "3d_coords": [
        2.099242925643921,
        0.9469042420387268,
        0.5249999761581421
      ],
      "pixel_coords": [
        235,
        118,
        9.851791381835938
      ],
      "material": "rubber",
      "rotation": 239.98549099594686,
      "shape": "cube",
      "color": "green",
      "size": "medium"
    },
    {
      "3d_coords": [
        -1.9961291551589966,
        1.0167876482009888,
        0.3499999940395355
      ],
      "pixel_coords": [
        143,
        85,
        12.66332721710205
      ],
      "material": "rubber",
      "rotation": 331.66629969930034,
      "shape": "cube",
      "color": "red",
      "size": "small"
    },
    {
      "3d_coords": [
        -0.3466047942638397,
        0.9342203140258789,
        0.5249999761581421
      ],
      "pixel_coords": [
        174,
        93,
        11.451085090637207
      ],
      "material": "rubber",
      "rotation": 137.5749714911069,
      "shape": "cube",
      "color": "red",
      "size": "medium"
    },
    {
      "3d_coords": [
        0.6413385272026062,
        2.8657448291778564,
        0.699999988079071
      ],
      "pixel_coords": [
        235,
        82,
        11.894658088684082
      ],
      "material": "rubber",
      "rotation": 216.4176878806043,
      "shape": "cube",
      "color": "blue",
      "size": "large"
    },
    {
      "3d_coords": [
        1.669020652770996,
        -2.875845432281494,
        0.699999988079071
      ],
      "pixel_coords": [
        116,
        156,
        7.738328456878662
      ],
      "material": "rubber",
      "rotation": 60.153380880323354,
      "shape": "cube",
      "color": "green",
      "size": "large"
    },
    {
      "3d_coords": [
        -2.109933853149414,
        -2.029226303100586,
        0.699999988079071
      ],
      "pixel_coords": [
        65,
        97,
        10.734500885009766
      ],
      "material": "rubber",
      "rotation": 182.89374340098166,
      "shape": "cube",
      "color": "blue",
      "size": "large"
    },
    {
      "3d_coords": [
        2.9871253967285156,
        2.757429599761963,
        0.699999988079071
      ],
      "pixel_coords": [
        298,
        104,
        10.287745475769043
      ],
      "material": "rubber",
      "rotation": 189.38332582392707,
      "shape": "cylinder",
      "color": "blue",
      "size": "large"
    }
  ]
}