{
  "image_filename": "CLEVR_new_001573.png",
  "directions": {
    "left": [
      -0.6563112735748291,
      -0.7544902563095093,
      0.0
    ],
    "right": [
      0.6563112735748291,
      0.7544902563095093,
      -0.0
    ],
    "front": [
      0.754490315914154,
      -0.6563112735748291,
      -0.0
    ],
    "behind": [
      -0.754490315914154,
      0.6563112735748291,
      0.0
    ],
    "below": [
      -0.0,
      -0.0,
      -1.0
    ],
    "above": [
      0.0,
      0.0,
      1.0
    ]
  },
  "intruder_pos": [
    [
      108,
      24
    ],
    [
      179,
      109
    ]
  ],
  "image_index": 1573,
  "split": "new",
  "relationships": {
    "left": [
      [
        2,
        3,
        4,
        5,
        7
      ],
      [
        0,
        2,
        3,
        4,
        5,
        7
      ],
      [
        3
      ],
      [],
      [
        2,
        3,
        5
      ],
      [
        2,
        3
      ],
      [
        0,
        1,
        2,
        3,
        4,
        5,
        7
      ],
      [
        2,
        3,
        4,
        5
      ]
    ],
    "right": [
      [
        1,
        6
      ],
      [
        6
      ],
      [
        0,
        1,
        4,
        5,
        6,
        7
      ],
      [
        0,
        1,
        2,
        4,
        5,
        6,
        7
      ],
      [
        0,
        1,
        6,
        7
      ],
      [
        0,
        1,
        4,
        6,
        7
      ],
      [],
      [
        0,
        1,
        6
      ]
    ],
    "front": [
      [
        1,
        2,
        3,
        4,
        6,
        7
      ],
      [
        4,
        7
      ],
      [
        1,
        3,
        4,
        7
      ],
      [
        1,
        4,
        7
      ],
      [
        7
      ],
      [
        0,
        1,
        2,
        3,
        4,
        6,
        7
      ],
      [
        1,
        2,
        3,
        4,
        7
      ],
      []
    ],
    "behind": [
      [
        5
      ],
      [
        0,
        2,
        3,
        5,
        6
      ],
      [
        0,
        5,
        6
      ],
      [
        0,
        2,
        5,
        6
      ],
      [
        0,
        1,
        2,
        3,
        5,
        6
      ],
      [],
      [
        0,
        5
      ],
      [
        0,
        1,
        2,
        3,
        4,
        5,
        6
      ]
    ]
  },
  "objects": [
    {
      "color": "red",
      "material": "rubber",
      "pixel_coords": [
        171,
        79,
        13.13693618774414
      ],
      "3d_coords": [
        -1.332854986190796,
        1.6211230754852295,
        0.699999988079071
      ],
      "size": "large",
      "rotation": 321.3619820555805,
      "shape": "cylinder"
    },
    {
      "color": "red",
      "material": "rubber",
      "pixel_coords": [
        223,
        117,
        10.631966590881348
      ],
      "3d_coords": [
        1.869410514831543,
        0.9413345456123352,
        0.5249999761581421
      ],
      "size": "medium",
      "rotation": 199.3903225110008,
      "shape": "cube"
    },
    {
      "color": "red",
      "material": "rubber",
      "pixel_coords": [
        110,
        98,
        12.362448692321777
      ],
      "3d_coords": [
        -1.9126278162002563,
        -0.7151303291320801,
        0.3499999940395355
      ],
      "size": "small",
      "rotation": 87.35040242281461,
      "shape": "cube"
    },
    {
      "color": "red",
      "material": "rubber",
      "pixel_coords": [
        73,
        104,
        11.516032218933105
      ],
      "3d_coords": [
        -1.9435027837753296,
        -2.099289894104004,
        0.5249999761581421
      ],
      "size": "medium",
      "rotation": 121.66229129436026,
      "shape": "cube"
    },
    {
      "color": "red",
      "material": "rubber",
      "pixel_coords": [
        135,
        134,
        9.70603084564209
      ],
      "3d_coords": [
        0.9934613704681396,
        -1.739424228668213,
        0.5249999761581421
      ],
      "size": "medium",
      "rotation": 52.267204232180575,
      "shape": "cylinder"
    },
    {
      "color": "red",
      "material": "rubber",
      "pixel_coords": [
        134,
        78,
        13.728288650512695
      ],
      "3d_coords": [
        -2.6782166957855225,
        0.8997516632080078,
        0.5249999761581421
      ],
      "size": "medium",
      "rotation": 154.27530490155158,
      "shape": "sphere"
    },
    {
      "color": "red",
      "material": "rubber",
      "pixel_coords": [
        227,
        84,
        12.627339363098145
      ],
      "3d_coords": [
        0.40415582060813904,
        2.818711519241333,
        0.699999988079071
      ],
      "size": "large",
      "rotation": 87.90382076406073,
      "shape": "cylinder"
    },
    {
      "color": "blue",
      "material": "rubber",
      "pixel_coords": [
        146,
        171,
        7.818870544433594
      ],
      "3d_coords": [
        2.8084096908569336,
        -2.7274539470672607,
        0.699999988079071
      ],
      "size": "large",
      "rotation": 68.31902661949123,
      "shape": "cube"
    }
  ]
}