{
  "image_filename": "CLEVR_new_001473.png",
  "directions": {
    "left": [
      -0.6563112735748291,
      -0.7544902563095093,
      0.0
    ],
    "right": [
      0.6563112735748291,
      0.7544902563095093,
      -0.0
    ],
    "front": [
      0.754490315914154,
      -0.6563112735748291,
      -0.0
    ],
    "behind": [
      -0.754490315914154,
      0.6563112735748291,
      0.0
    ],
    "below": [
      -0.0,
      -0.0,
      -1.0
    ],
    "above": [
      0.0,
      0.0,
      1.0
    ]
  },
  "intruder_pos": [
    [
      156,
      161
    ],
    [
      188,
      193
    ]
  ],
  "image_index": 1473,
  "split": "new",
  "relationships": {
    "left": [
      [
        3,
        5
      ],
      [
        0,
        2,
        3,
        5
      ],
      [
        0,
        3,
        5
      ],
      [],
      [
        0,
        1,
        2,
        3,
        5,
        7
      ],
      [
        3
      ],
      [
        0,
        1,
        2,
        3,
        4,
        5,
        7
      ],
      [
        0,
        1,
        2,
        3,
        5
      ]
    ],
    "right": [
      [
        1,
        2,
        4,
        6,
        7
      ],
      [
        4,
        6,
        7
      ],
      [
        1,
        4,
        6,
        7
      ],
      [
        0,
        1,
        2,
        4,
        5,
        6,
        7
      ],
      [
        6
      ],
      [
        0,
        1,
        2,
        4,
        6,
        7
      ],
      [],
      [
        4,
        6
      ]
    ],
    "front": [
      [
        1,
        2,
        3,
        4,
        5,
        6
      ],
      [
        2,
        4,
        6
      ],
      [
        4
      ],
      [
        1,
        2,
        4,
        6
      ],
      [],
      [
        1,
        2,
        3,
        4,
        6
      ],
      [
        2,
        4
      ],
      [
        0,
        1,
        2,
        3,
        4,
        5,
        6
      ]
    ],
    "behind": [
      [
        7
      ],
      [
        0,
        3,
        5,
        7
      ],
      [
        0,
        1,
        3,
        5,
        6,
        7
      ],
      [
        0,
        5,
        7
      ],
      [
        0,
        1,
        2,
        3,
        5,
        6,
        7
      ],
      [
        0,
        7
      ],
      [
        0,
        1,
        3,
        5,
        7
      ],
      []
    ]
  },
  "objects": [
    {
      "color": "green",
      "material": "rubber",
      "pixel_coords": [
        124,
        84,
        13.175215721130371
      ],
      "3d_coords": [
        -2.3174920082092285,
        0.23500165343284607,
        0.5249999761581421
      ],
      "size": "medium",
      "rotation": 34.794115485091176,
      "shape": "sphere"
    },
    {
      "color": "green",
      "material": "rubber",
      "pixel_coords": [
        158,
        118,
        11.139915466308594
      ],
      "3d_coords": [
        0.3638190031051636,
        -0.39314794540405273,
        0.3499999940395355
      ],
      "size": "small",
      "rotation": 353.81175057420705,
      "shape": "cylinder"
    },
    {
      "color": "green",
      "material": "rubber",
      "pixel_coords": [
        131,
        132,
        9.702630043029785
      ],
      "3d_coords": [
        0.9500223398208618,
        -1.9127815961837769,
        0.699999988079071
      ],
      "size": "large",
      "rotation": 7.16426891958537,
      "shape": "cube"
    },
    {
      "color": "green",
      "material": "rubber",
      "pixel_coords": [
        48,
        102,
        11.356316566467285
      ],
      "3d_coords": [
        -2.3519012928009033,
        -2.782294988632202,
        0.699999988079071
      ],
      "size": "large",
      "rotation": 153.47795455700745,
      "shape": "cube"
    },
    {
      "color": "green",
      "material": "rubber",
      "pixel_coords": [
        202,
        164,
        9.01210880279541
      ],
      "3d_coords": [
        2.9238696098327637,
        -1.1713184118270874,
        0.3499999940395355
      ],
      "size": "small",
      "rotation": 61.862531934453116,
      "shape": "cylinder"
    },
    {
      "color": "green",
      "material": "rubber",
      "pixel_coords": [
        88,
        94,
        12.770343780517578
      ],
      "3d_coords": [
        -2.7334675788879395,
        -1.0727077722549438,
        0.3499999940395355
      ],
      "size": "small",
      "rotation": 281.96329658880126,
      "shape": "cube"
    },
    {
      "color": "green",
      "material": "rubber",
      "pixel_coords": [
        249,
        115,
        10.580676078796387
      ],
      "3d_coords": [
        2.515667200088501,
        1.354044795036316,
        0.699999988079071
      ],
      "size": "large",
      "rotation": 258.099744141327,
      "shape": "sphere"
    },
    {
      "color": "red",
      "material": "rubber",
      "pixel_coords": [
        173,
        63,
        14.707673072814941
      ],
      "3d_coords": [
        -2.4365580081939697,
        2.8781023025512695,
        0.699999988079071
      ],
      "size": "large",
      "rotation": 260.9392162432045,
      "shape": "sphere"
    }
  ]
}