{
  "image_filename": "CLEVR_new_001551.png",
  "directions": {
    "left": [
      -0.6563112735748291,
      -0.7544902563095093,
      0.0
    ],
    "right": [
      0.6563112735748291,
      0.7544902563095093,
      -0.0
    ],
    "front": [
      0.754490315914154,
      -0.6563112735748291,
      -0.0
    ],
    "behind": [
      -0.754490315914154,
      0.6563112735748291,
      0.0
    ],
    "below": [
      -0.0,
      -0.0,
      -1.0
    ],
    "above": [
      0.0,
      0.0,
      1.0
    ]
  },
  "intruder_pos": [
    [
      189,
      153
    ],
    [
      216,
      178
    ]
  ],
  "image_index": 1551,
  "split": "new",
  "relationships": {
    "left": [
      [
        1,
        2,
        3,
        4,
        5,
        6,
        7
      ],
      [
        5
      ],
      [
        1,
        5
      ],
      [
        1,
        2,
        5
      ],
      [
        1,
        2,
        3,
        5,
        6
      ],
      [],
      [
        1,
        2,
        3,
        5
      ],
      [
        1,
        2,
        3,
        4,
        5,
        6
      ]
    ],
    "right": [
      [],
      [
        0,
        2,
        3,
        4,
        6,
        7
      ],
      [
        0,
        3,
        4,
        6,
        7
      ],
      [
        0,
        4,
        6,
        7
      ],
      [
        0,
        7
      ],
      [
        0,
        1,
        2,
        3,
        4,
        6,
        7
      ],
      [
        0,
        4,
        7
      ],
      [
        0
      ]
    ],
    "front": [
      [
        3
      ],
      [
        0,
        3
      ],
      [
        0,
        1,
        3,
        4,
        5
      ],
      [],
      [
        0,
        1,
        3
      ],
      [
        0,
        1,
        3,
        4
      ],
      [
        0,
        1,
        2,
        3,
        4,
        5,
        7
      ],
      [
        0,
        1,
        2,
        3,
        4,
        5
      ]
    ],
    "behind": [
      [
        1,
        2,
        4,
        5,
        6,
        7
      ],
      [
        2,
        4,
        5,
        6,
        7
      ],
      [
        6,
        7
      ],
      [
        0,
        1,
        2,
        4,
        5,
        6,
        7
      ],
      [
        2,
        5,
        6,
        7
      ],
      [
        2,
        6,
        7
      ],
      [],
      [
        6
      ]
    ]
  },
  "objects": [
    {
      "color": "green",
      "material": "rubber",
      "pixel_coords": [
        256,
        127,
        9.997556686401367
      ],
      "3d_coords": [
        2.914384365081787,
        1.0828254222869873,
        0.5249999761581421
      ],
      "size": "medium",
      "rotation": 18.96739382614717,
      "shape": "sphere"
    },
    {
      "color": "red",
      "material": "rubber",
      "pixel_coords": [
        69,
        124,
        10.547327041625977
      ],
      "3d_coords": [
        -1.0769903659820557,
        -2.694209575653076,
        0.3499999940395355
      ],
      "size": "small",
      "rotation": 301.99400103800934,
      "shape": "sphere"
    },
    {
      "color": "red",
      "material": "rubber",
      "pixel_coords": [
        139,
        88,
        13.17859935760498
      ],
      "3d_coords": [
        -2.019375801086426,
        0.6961931586265564,
        0.3499999940395355
      ],
      "size": "small",
      "rotation": 173.76526117424174,
      "shape": "sphere"
    },
    {
      "color": "green",
      "material": "rubber",
      "pixel_coords": [
        168,
        135,
        9.55695915222168
      ],
      "3d_coords": [
        1.6264917850494385,
        -1.1434073448181152,
        0.5249999761581421
      ],
      "size": "medium",
      "rotation": 127.65901537795521,
      "shape": "sphere"
    },
    {
      "color": "green",
      "material": "rubber",
      "pixel_coords": [
        197,
        100,
        11.260746002197266
      ],
      "3d_coords": [
        0.7688362002372742,
        0.9003771543502808,
        0.699999988079071
      ],
      "size": "large",
      "rotation": 220.84710627951642,
      "shape": "sphere"
    },
    {
      "color": "blue",
      "material": "rubber",
      "pixel_coords": [
        65,
        100,
        12.185713768005371
      ],
      "3d_coords": [
        -2.837667226791382,
        -1.9298521280288696,
        0.3499999940395355
      ],
      "size": "small",
      "rotation": 272.7204437064961,
      "shape": "sphere"
    },
    {
      "color": "green",
      "material": "rubber",
      "pixel_coords": [
        177,
        69,
        14.64316177368164
      ],
      "3d_coords": [
        -2.313485622406006,
        2.9799551963806152,
        0.5249999761581421
      ],
      "size": "medium",
      "rotation": 320.5653825934101,
      "shape": "sphere"
    },
    {
      "color": "red",
      "material": "rubber",
      "pixel_coords": [
        202,
        78,
        13.667902946472168
      ],
      "3d_coords": [
        -0.8838895559310913,
        2.9626805782318115,
        0.5249999761581421
      ],
      "size": "medium",
      "rotation": 158.5412983963257,
      "shape": "cylinder"
    }
  ]
}