{
  "relationships": {
    "front": [
      [],
      [
        0,
        3,
        4
      ],
      [
        0,
        1,
        3,
        4,
        6
      ],
      [
        0,
        4
      ],
      [
        0
      ],
      [
        0,
        1,
        2,
        3,
        4,
        6
      ],
      [
        0,
        1,
        3,
        4
      ]
    ],
    "right": [
      [
        2,
        6
      ],
      [
        0,
        2,
        4,
        5,
        6
      ],
      [
        6
      ],
      [
        0,
        1,
        2,
        4,
        5,
        6
      ],
      [
        0,
        2,
        5,
        6
      ],
      [
        0,
        2,
        6
      ],
      []
    ],
    "left": [
      [
        1,
        3,
        4,
        5
      ],
      [
        3
      ],
      [
        0,
        1,
        3,
        4,
        5
      ],
      [],
      [
        1,
        3
      ],
      [
        1,
        3,
        4
      ],
      [
        0,
        1,
        2,
        3,
        4,
        5
      ]
    ],
    "behind": [
      [
        1,
        2,
        3,
        4,
        5,
        6
      ],
      [
        2,
        5,
        6
      ],
      [
        5
      ],
      [
        1,
        2,
        5,
        6
      ],
      [
        1,
        2,
        3,
        5,
        6
      ],
      [],
      [
        2,
        5
      ]
    ]
  },
  "intruder_pos": [
    [
      214,
      126
    ],
    [
      236,
      152
    ]
  ],
  "image_filename": "CLEVR_new_001351.png",
  "directions": {
    "below": [
      -0.0,
      -0.0,
      -1.0
    ],
    "right": [
      0.6563112735748291,
      0.7544902563095093,
      -0.0
    ],
    "behind": [
      -0.754490315914154,
      0.6563112735748291,
      0.0
    ],
    "front": [
      0.754490315914154,
      -0.6563112735748291,
      -0.0
    ],
    "above": [
      0.0,
      0.0,
      1.0
    ],
    "left": [
      -0.6563112735748291,
      -0.7544902563095093,
      0.0
    ]
  },
  "image_index": 1351,
  "split": "new",
  "objects": [
    {
      "3d_coords": [
        2.618039131164551,
        -1.7350300550460815,
        0.699999988079071
      ],
      "pixel_coords": [
        177,
        153,
        7.944939613342285
      ],
      "material": "rubber",
      "rotation": 22.7767115730391,
      "shape": "cylinder",
      "color": "red",
      "size": "large"
    },
    {
      "3d_coords": [
        -1.6252697706222534,
        -1.3489489555358887,
        0.5249999761581421
      ],
      "pixel_coords": [
        95,
        100,
        11.143420219421387
      ],
      "material": "rubber",
      "rotation": 247.89886676432724,
      "shape": "sphere",
      "color": "red",
      "size": "medium"
    },
    {
      "3d_coords": [
        -0.4707796573638916,
        2.6281685829162598,
        0.699999988079071
      ],
      "pixel_coords": [
        207,
        77,
        12.601914405822754
      ],
      "material": "rubber",
      "rotation": 122.89491914410742,
      "shape": "cylinder",
      "color": "red",
      "size": "large"
    },
    {
      "3d_coords": [
        -1.1668728590011597,
        -2.8340249061584473,
        0.5249999761581421
      ],
      "pixel_coords": [
        58,
        118,
        9.963027954101562
      ],
      "material": "rubber",
      "rotation": 159.02582609070328,
      "shape": "sphere",
      "color": "red",
      "size": "medium"
    },
    {
      "3d_coords": [
        0.24438489973545074,
        -1.843743920326233,
        0.5249999761581421
      ],
      "pixel_coords": [
        115,
        125,
        9.578329086303711
      ],
      "material": "rubber",
      "rotation": 187.56691087618825,
      "shape": "cube",
      "color": "red",
      "size": "medium"
    },
    {
      "3d_coords": [
        -2.72713303565979,
        2.1796934604644775,
        0.3499999940395355
      ],
      "pixel_coords": [
        157,
        74,
        14.033635139465332
      ],
      "material": "rubber",
      "rotation": 70.47217679976696,
      "shape": "cube",
      "color": "red",
      "size": "small"
    },
    {
      "3d_coords": [
        0.8368661999702454,
        2.1400859355926514,
        0.3499999940395355
      ],
      "pixel_coords": [
        226,
        100,
        11.57805347442627
      ],
      "material": "rubber",
      "rotation": 228.96876408413164,
      "shape": "cylinder",
      "color": "blue",
      "size": "small"
    }
  ]
}