{
  "split": "new",
  "intruder_pos": [
    [
      98,
      85
    ],
    [
      135,
      122
    ]
  ],
  "relationships": {
    "front": [
      [
        5,
        6
      ],
      [
        0,
        5,
        6
      ],
      [
        0,
        1,
        5,
        6
      ],
      [
        0,
        1,
        2,
        4,
        5,
        6
      ],
      [
        0,
        1,
        2,
        5,
        6
      ],
      [],
      [
        5
      ]
    ],
    "left": [
      [
        1,
        2,
        3,
        5,
        6
      ],
      [],
      [
        1,
        6
      ],
      [
        1,
        2,
        5,
        6
      ],
      [
        0,
        1,
        2,
        3,
        5,
        6
      ],
      [
        1,
        2,
        6
      ],
      [
        1
      ]
    ],
    "behind": [
      [
        1,
        2,
        3,
        4
      ],
      [
        2,
        3,
        4
      ],
      [
        3,
        4
      ],
      [],
      [
        3
      ],
      [
        0,
        1,
        2,
        3,
        4,
        6
      ],
      [
        0,
        1,
        2,
        3,
        4
      ]
    ],
    "right": [
      [
        4
      ],
      [
        0,
        2,
        3,
        4,
        5,
        6
      ],
      [
        0,
        3,
        4,
        5
      ],
      [
        0,
        4
      ],
      [],
      [
        0,
        3,
        4
      ],
      [
        0,
        2,
        3,
        4,
        5
      ]
    ]
  },
  "directions": {
    "front": [
      0.754490315914154,
      -0.6563112735748291,
      -0.0
    ],
    "above": [
      0.0,
      0.0,
      1.0
    ],
    "behind": [
      -0.754490315914154,
      0.6563112735748291,
      0.0
    ],
    "below": [
      -0.0,
      -0.0,
      -1.0
    ],
    "right": [
      0.6563112735748291,
      0.7544902563095093,
      -0.0
    ],
    "left": [
      -0.6563112735748291,
      -0.7544902563095093,
      0.0
    ]
  },
  "image_index": 9,
  "image_filename": "CLEVR_new_000009.png",
  "objects": [
    {
      "pixel_coords": [
        199,
        121,
        10.374739646911621
      ],
      "rotation": 347.95523658119674,
      "material": "rubber",
      "size": "medium",
      "shape": "cube",
      "color": "green",
      "3d_coords": [
        1.5699564218521118,
        0.1428104192018509,
        0.5249999761581421
      ]
    },
    {
      "pixel_coords": [
        95,
        113,
        10.879788398742676
      ],
      "rotation": 80.21929123954739,
      "material": "rubber",
      "size": "medium",
      "shape": "cylinder",
      "color": "green",
      "3d_coords": [
        -0.9475434422492981,
        -1.8621424436569214,
        0.5249999761581421
      ]
    },
    {
      "pixel_coords": [
        150,
        100,
        11.714037895202637
      ],
      "rotation": 214.5121039983443,
      "material": "rubber",
      "size": "medium",
      "shape": "sphere",
      "color": "green",
      "3d_coords": [
        -0.5496525764465332,
        0.016745179891586304,
        0.5249999761581421
      ]
    },
    {
      "pixel_coords": [
        174,
        78,
        14.10782527923584
      ],
      "rotation": 320.19422899656087,
      "material": "rubber",
      "size": "small",
      "shape": "sphere",
      "color": "green",
      "3d_coords": [
        -1.9136220216751099,
        2.4154269695281982,
        0.3499999940395355
      ]
    },
    {
      "pixel_coords": [
        208,
        82,
        12.690898895263672
      ],
      "rotation": 187.95486325254,
      "material": "rubber",
      "size": "large",
      "shape": "cube",
      "color": "green",
      "3d_coords": [
        -0.06705720722675323,
        2.373882293701172,
        0.699999988079071
      ]
    },
    {
      "pixel_coords": [
        163,
        175,
        8.022937774658203
      ],
      "rotation": 337.49081915381913,
      "material": "rubber",
      "size": "medium",
      "shape": "cube",
      "color": "green",
      "3d_coords": [
        2.854552745819092,
        -2.412600040435791,
        0.5249999761581421
      ]
    },
    {
      "pixel_coords": [
        117,
        136,
        9.615446090698242
      ],
      "rotation": 30.347798464585377,
      "material": "rubber",
      "size": "medium",
      "shape": "sphere",
      "color": "blue",
      "3d_coords": [
        0.6820330023765564,
        -2.166248083114624,
        0.5249999761581421
      ]
    }
  ]
}