{
  "split": "new",
  "intruder_pos": [
    [
      92,
      74
    ],
    [
      132,
      114
    ]
  ],
  "relationships": {
    "front": [
      [
        2,
        4,
        7
      ],
      [
        0,
        2,
        3,
        4,
        6,
        7
      ],
      [
        7
      ],
      [
        0,
        2,
        4,
        7
      ],
      [
        2,
        7
      ],
      [
        0,
        1,
        2,
        3,
        4,
        6,
        7
      ],
      [
        0,
        2,
        3,
        4,
        7
      ],
      []
    ],
    "left": [
      [
        1,
        6,
        7
      ],
      [
        6
      ],
      [
        0,
        1,
        5,
        6,
        7
      ],
      [
        0,
        1,
        2,
        4,
        5,
        6,
        7
      ],
      [
        0,
        1,
        2,
        5,
        6,
        7
      ],
      [
        0,
        1,
        6,
        7
      ],
      [],
      [
        1,
        6
      ]
    ],
    "behind": [
      [
        1,
        3,
        5,
        6
      ],
      [
        5
      ],
      [
        0,
        1,
        3,
        4,
        5,
        6
      ],
      [
        1,
        5,
        6
      ],
      [
        0,
        1,
        3,
        5,
        6
      ],
      [],
      [
        1,
        5
      ],
      [
        0,
        1,
        2,
        3,
        4,
        5,
        6
      ]
    ],
    "right": [
      [
        2,
        3,
        4,
        5
      ],
      [
        0,
        2,
        3,
        4,
        5,
        7
      ],
      [
        3,
        4
      ],
      [],
      [
        3
      ],
      [
        2,
        3,
        4
      ],
      [
        0,
        1,
        2,
        3,
        4,
        5,
        7
      ],
      [
        0,
        2,
        3,
        4,
        5
      ]
    ]
  },
  "directions": {
    "front": [
      0.754490315914154,
      -0.6563112735748291,
      -0.0
    ],
    "above": [
      0.0,
      0.0,
      1.0
    ],
    "behind": [
      -0.754490315914154,
      0.6563112735748291,
      0.0
    ],
    "below": [
      -0.0,
      -0.0,
      -1.0
    ],
    "right": [
      0.6563112735748291,
      0.7544902563095093,
      -0.0
    ],
    "left": [
      -0.6563112735748291,
      -0.7544902563095093,
      0.0
    ]
  },
  "image_index": 133,
  "image_filename": "CLEVR_new_000133.png",
  "objects": [
    {
      "pixel_coords": [
        141,
        107,
        10.738651275634766
      ],
      "rotation": 231.9781234508774,
      "material": "rubber",
      "size": "large",
      "shape": "cylinder",
      "color": "blue",
      "3d_coords": [
        0.017678294330835342,
        -0.7766828536987305,
        0.699999988079071
      ]
    },
    {
      "pixel_coords": [
        103,
        84,
        12.492260932922363
      ],
      "rotation": 304.16748159175063,
      "material": "rubber",
      "size": "large",
      "shape": "cylinder",
      "color": "red",
      "3d_coords": [
        -2.427644729614258,
        -0.650794267654419,
        0.699999988079071
      ]
    },
    {
      "pixel_coords": [
        188,
        141,
        9.608357429504395
      ],
      "rotation": 357.76563949810776,
      "material": "rubber",
      "size": "small",
      "shape": "cylinder",
      "color": "red",
      "3d_coords": [
        1.9888352155685425,
        -0.6585126519203186,
        0.3499999940395355
      ]
    },
    {
      "pixel_coords": [
        273,
        106,
        11.24634838104248
      ],
      "rotation": 351.6778890600594,
      "material": "rubber",
      "size": "medium",
      "shape": "cylinder",
      "color": "red",
      "3d_coords": [
        2.331223726272583,
        2.791429042816162,
        0.5249999761581421
      ]
    },
    {
      "pixel_coords": [
        258,
        130,
        10.19190502166748
      ],
      "rotation": 330.92593751640067,
      "material": "rubber",
      "size": "small",
      "shape": "cylinder",
      "color": "blue",
      "3d_coords": [
        2.8197898864746094,
        1.3821673393249512,
        0.3499999940395355
      ]
    },
    {
      "pixel_coords": [
        166,
        70,
        14.40965747833252
      ],
      "rotation": 129.3701312119408,
      "material": "rubber",
      "size": "medium",
      "shape": "cylinder",
      "color": "green",
      "3d_coords": [
        -2.5689425468444824,
        2.424128770828247,
        0.5249999761581421
      ]
    },
    {
      "pixel_coords": [
        47,
        98,
        11.830366134643555
      ],
      "rotation": 56.37731596093093,
      "material": "rubber",
      "size": "medium",
      "shape": "cylinder",
      "color": "blue",
      "3d_coords": [
        -2.9082953929901123,
        -2.544523000717163,
        0.5249999761581421
      ]
    },
    {
      "pixel_coords": [
        113,
        146,
        9.057343482971191
      ],
      "rotation": 243.8983495634264,
      "material": "rubber",
      "size": "medium",
      "shape": "sphere",
      "color": "blue",
      "3d_coords": [
        1.141300916671753,
        -2.5214946269989014,
        0.5249999761581421
      ]
    }
  ]
}