{
  "image_filename": "CLEVR_new_001500.png",
  "directions": {
    "left": [
      -0.6563112735748291,
      -0.7544902563095093,
      0.0
    ],
    "right": [
      0.6563112735748291,
      0.7544902563095093,
      -0.0
    ],
    "front": [
      0.754490315914154,
      -0.6563112735748291,
      -0.0
    ],
    "behind": [
      -0.754490315914154,
      0.6563112735748291,
      0.0
    ],
    "below": [
      -0.0,
      -0.0,
      -1.0
    ],
    "above": [
      0.0,
      0.0,
      1.0
    ]
  },
  "intruder_pos": [
    [
      176,
      145
    ],
    [
      191,
      163
    ]
  ],
  "image_index": 1500,
  "split": "new",
  "relationships": {
    "left": [
      [
        1,
        4
      ],
      [],
      [
        0,
        1,
        4
      ],
      [
        0,
        1,
        2,
        4,
        6
      ],
      [
        1
      ],
      [
        0,
        1,
        2,
        3,
        4,
        6
      ],
      [
        0,
        1,
        2,
        4
      ]
    ],
    "right": [
      [
        2,
        3,
        5,
        6
      ],
      [
        0,
        2,
        3,
        4,
        5,
        6
      ],
      [
        3,
        5,
        6
      ],
      [
        5
      ],
      [
        0,
        2,
        3,
        5,
        6
      ],
      [],
      [
        3,
        5
      ]
    ],
    "front": [
      [
        1,
        2
      ],
      [
        2
      ],
      [],
      [
        0,
        1,
        2,
        5
      ],
      [
        0,
        1,
        2,
        3,
        5
      ],
      [
        0,
        1,
        2
      ],
      [
        0,
        1,
        2,
        3,
        4,
        5
      ]
    ],
    "behind": [
      [
        3,
        4,
        5,
        6
      ],
      [
        0,
        3,
        4,
        5,
        6
      ],
      [
        0,
        1,
        3,
        4,
        5,
        6
      ],
      [
        4,
        6
      ],
      [
        6
      ],
      [
        3,
        4,
        6
      ],
      []
    ]
  },
  "objects": [
    {
      "color": "red",
      "material": "rubber",
      "pixel_coords": [
        152,
        99,
        11.095398902893066
      ],
      "3d_coords": [
        -0.25405341386795044,
        -0.11466490477323532,
        0.699999988079071
      ],
      "size": "large",
      "rotation": 4.461189451814285,
      "shape": "cylinder"
    },
    {
      "color": "green",
      "material": "rubber",
      "pixel_coords": [
        77,
        113,
        10.62453556060791
      ],
      "3d_coords": [
        -1.1556334495544434,
        -2.310178756713867,
        0.5249999761581421
      ],
      "size": "medium",
      "rotation": 128.59373936806205,
      "shape": "cylinder"
    },
    {
      "color": "red",
      "material": "rubber",
      "pixel_coords": [
        171,
        138,
        9.022150993347168
      ],
      "3d_coords": [
        1.932716965675354,
        -1.1470999717712402,
        0.699999988079071
      ],
      "size": "large",
      "rotation": 257.9427935723035,
      "shape": "cylinder"
    },
    {
      "color": "green",
      "material": "rubber",
      "pixel_coords": [
        213,
        88,
        11.846652030944824
      ],
      "3d_coords": [
        0.3103981614112854,
        2.011314868927002,
        0.699999988079071
      ],
      "size": "large",
      "rotation": 301.7284866687588,
      "shape": "cylinder"
    },
    {
      "color": "blue",
      "material": "rubber",
      "pixel_coords": [
        127,
        85,
        12.55235767364502
      ],
      "3d_coords": [
        -2.0542664527893066,
        0.11495552957057953,
        0.5249999761581421
      ],
      "size": "medium",
      "rotation": 33.58747151147883,
      "shape": "cylinder"
    },
    {
      "color": "green",
      "material": "rubber",
      "pixel_coords": [
        258,
        105,
        11.512481689453125
      ],
      "3d_coords": [
        1.6371910572052002,
        2.7914373874664307,
        0.3499999940395355
      ],
      "size": "small",
      "rotation": 291.8639966402838,
      "shape": "cylinder"
    },
    {
      "color": "red",
      "material": "rubber",
      "pixel_coords": [
        186,
        86,
        12.91327953338623
      ],
      "3d_coords": [
        -1.0074360370635986,
        1.9820823669433594,
        0.3499999940395355
      ],
      "size": "small",
      "rotation": 36.31355774806917,
      "shape": "sphere"
    }
  ]
}