{
  "relationships": {
    "front": [
      [],
      [
        0,
        3,
        4
      ],
      [
        0,
        1,
        3,
        4
      ],
      [
        0,
        4
      ],
      [
        0
      ],
      [
        0,
        1,
        2,
        3,
        4
      ],
      [
        0,
        1,
        2,
        3,
        4,
        5
      ],
      [
        0,
        1,
        2,
        3,
        4,
        5,
        6
      ]
    ],
    "right": [
      [
        1,
        5
      ],
      [
        5
      ],
      [
        0,
        1,
        3,
        4,
        5,
        6,
        7
      ],
      [
        0,
        1,
        4,
        5,
        6,
        7
      ],
      [
        0,
        1,
        5,
        7
      ],
      [],
      [
        0,
        1,
        4,
        5,
        7
      ],
      [
        0,
        1,
        5
      ]
    ],
    "left": [
      [
        2,
        3,
        4,
        6,
        7
      ],
      [
        0,
        2,
        3,
        4,
        6,
        7
      ],
      [],
      [
        2
      ],
      [
        2,
        3,
        6
      ],
      [
        0,
        1,
        2,
        3,
        4,
        6,
        7
      ],
      [
        2,
        3
      ],
      [
        2,
        3,
        4,
        6
      ]
    ],
    "behind": [
      [
        1,
        2,
        3,
        4,
        5,
        6,
        7
      ],
      [
        2,
        5,
        6,
        7
      ],
      [
        5,
        6,
        7
      ],
      [
        1,
        2,
        5,
        6,
        7
      ],
      [
        1,
        2,
        3,
        5,
        6,
        7
      ],
      [
        6,
        7
      ],
      [
        7
      ],
      []
    ]
  },
  "intruder_pos": [
    [
      131,
      160
    ],
    [
      164,
      195
    ]
  ],
  "image_filename": "CLEVR_new_001306.png",
  "directions": {
    "below": [
      -0.0,
      -0.0,
      -1.0
    ],
    "right": [
      0.6563112735748291,
      0.7544902563095093,
      -0.0
    ],
    "behind": [
      -0.754490315914154,
      0.6563112735748291,
      0.0
    ],
    "front": [
      0.754490315914154,
      -0.6563112735748291,
      -0.0
    ],
    "above": [
      0.0,
      0.0,
      1.0
    ],
    "left": [
      -0.6563112735748291,
      -0.7544902563095093,
      0.0
    ]
  },
  "image_index": 1306,
  "split": "new",
  "objects": [
    {
      "3d_coords": [
        2.4199295043945312,
        -1.9972726106643677,
        0.699999988079071
      ],
      "pixel_coords": [
        165,
        158,
        8.157028198242188
      ],
      "material": "rubber",
      "rotation": 304.91167934982815,
      "shape": "cube",
      "color": "green",
      "size": "large"
    },
    {
      "3d_coords": [
        0.7640339136123657,
        0.4486476480960846,
        0.5249999761581421
      ],
      "pixel_coords": [
        187,
        109,
        10.753710746765137
      ],
      "material": "rubber",
      "rotation": 119.70287994630964,
      "shape": "cube",
      "color": "green",
      "size": "medium"
    },
    {
      "3d_coords": [
        -2.7501556873321533,
        -2.38496470451355,
        0.699999988079071
      ],
      "pixel_coords": [
        48,
        94,
        11.322996139526367
      ],
      "material": "rubber",
      "rotation": 226.27839390293656,
      "shape": "sphere",
      "color": "green",
      "size": "large"
    },
    {
      "3d_coords": [
        -0.7721117734909058,
        -2.6143345832824707,
        0.3499999940395355
      ],
      "pixel_coords": [
        74,
        129,
        10.059090614318848
      ],
      "material": "rubber",
      "rotation": 84.96608389550306,
      "shape": "cube",
      "color": "green",
      "size": "small"
    },
    {
      "3d_coords": [
        0.7120223641395569,
        -1.898306131362915,
        0.699999988079071
      ],
      "pixel_coords": [
        125,
        129,
        9.33529281616211
      ],
      "material": "rubber",
      "rotation": 77.41127343986797,
      "shape": "cylinder",
      "color": "green",
      "size": "large"
    },
    {
      "3d_coords": [
        0.02356872707605362,
        2.2503304481506348,
        0.5249999761581421
      ],
      "pixel_coords": [
        208,
        87,
        12.29024887084961
      ],
      "material": "rubber",
      "rotation": 81.24931041026528,
      "shape": "sphere",
      "color": "green",
      "size": "medium"
    },
    {
      "3d_coords": [
        -2.818140983581543,
        -0.06731082499027252,
        0.699999988079071
      ],
      "pixel_coords": [
        107,
        76,
        12.719232559204102
      ],
      "material": "rubber",
      "rotation": 252.49363349697677,
      "shape": "cylinder",
      "color": "green",
      "size": "large"
    },
    {
      "3d_coords": [
        -2.98183274269104,
        2.0101051330566406,
        0.699999988079071
      ],
      "pixel_coords": [
        148,
        62,
        14.038158416748047
      ],
      "material": "rubber",
      "rotation": 34.3424536683602,
      "shape": "sphere",
      "color": "blue",
      "size": "large"
    }
  ]
}