{
  "split": "new",
  "intruder_pos": [
    [
      232,
      115
    ],
    [
      279,
      171
    ]
  ],
  "relationships": {
    "front": [
      [
        1,
        2,
        3,
        4,
        6
      ],
      [
        2,
        4
      ],
      [],
      [
        1,
        2,
        4
      ],
      [
        2
      ],
      [
        0,
        1,
        2,
        3,
        4,
        6
      ],
      [
        1,
        2,
        3,
        4
      ]
    ],
    "left": [
      [
        2,
        4,
        5
      ],
      [
        0,
        2,
        3,
        4,
        5
      ],
      [
        4,
        5
      ],
      [
        0,
        2,
        4,
        5
      ],
      [],
      [
        4
      ],
      [
        0,
        1,
        2,
        3,
        4,
        5
      ]
    ],
    "behind": [
      [
        5
      ],
      [
        0,
        3,
        5,
        6
      ],
      [
        0,
        1,
        3,
        4,
        5,
        6
      ],
      [
        0,
        5,
        6
      ],
      [
        0,
        1,
        3,
        5,
        6
      ],
      [],
      [
        0,
        5
      ]
    ],
    "right": [
      [
        1,
        3,
        6
      ],
      [
        6
      ],
      [
        0,
        1,
        3,
        6
      ],
      [
        1,
        6
      ],
      [
        0,
        1,
        2,
        3,
        5,
        6
      ],
      [
        0,
        1,
        2,
        3,
        6
      ],
      []
    ]
  },
  "directions": {
    "front": [
      0.754490315914154,
      -0.6563112735748291,
      -0.0
    ],
    "above": [
      0.0,
      0.0,
      1.0
    ],
    "behind": [
      -0.754490315914154,
      0.6563112735748291,
      0.0
    ],
    "below": [
      -0.0,
      -0.0,
      -1.0
    ],
    "right": [
      0.6563112735748291,
      0.7544902563095093,
      -0.0
    ],
    "left": [
      -0.6563112735748291,
      -0.7544902563095093,
      0.0
    ]
  },
  "image_index": 386,
  "image_filename": "CLEVR_new_000386.png",
  "objects": [
    {
      "pixel_coords": [
        150,
        92,
        11.811701774597168
      ],
      "rotation": 290.9126799301409,
      "material": "rubber",
      "size": "medium",
      "shape": "cylinder",
      "color": "green",
      "3d_coords": [
        -1.0147383213043213,
        0.40525519847869873,
        0.5249999761581421
      ]
    },
    {
      "pixel_coords": [
        216,
        110,
        10.20998764038086
      ],
      "rotation": 326.3443388499415,
      "material": "rubber",
      "size": "large",
      "shape": "cube",
      "color": "green",
      "3d_coords": [
        1.5648425817489624,
        0.8187739253044128,
        0.699999988079071
      ]
    },
    {
      "pixel_coords": [
        108,
        138,
        8.783830642700195
      ],
      "rotation": 272.4314103870361,
      "material": "rubber",
      "size": "large",
      "shape": "cube",
      "color": "green",
      "3d_coords": [
        0.936922013759613,
        -2.469820261001587,
        0.699999988079071
      ]
    },
    {
      "pixel_coords": [
        172,
        110,
        10.957167625427246
      ],
      "rotation": 280.00532900695544,
      "material": "rubber",
      "size": "small",
      "shape": "cube",
      "color": "green",
      "3d_coords": [
        0.2507134974002838,
        0.26829296350479126,
        0.3499999940395355
      ]
    },
    {
      "pixel_coords": [
        65,
        122,
        9.92540454864502
      ],
      "rotation": 357.91581171901487,
      "material": "rubber",
      "size": "medium",
      "shape": "sphere",
      "color": "green",
      "3d_coords": [
        -0.8746238350868225,
        -2.773979663848877,
        0.5249999761581421
      ]
    },
    {
      "pixel_coords": [
        113,
        75,
        12.709826469421387
      ],
      "rotation": 123.8897002810076,
      "material": "rubber",
      "size": "large",
      "shape": "cylinder",
      "color": "green",
      "3d_coords": [
        -2.7437074184417725,
        0.060674164444208145,
        0.699999988079071
      ]
    },
    {
      "pixel_coords": [
        254,
        96,
        11.099894523620605
      ],
      "rotation": 146.64731296772067,
      "material": "rubber",
      "size": "large",
      "shape": "cylinder",
      "color": "red",
      "3d_coords": [
        1.6438624858856201,
        2.4936466217041016,
        0.699999988079071
      ]
    }
  ]
}