{
  "split": "new",
  "intruder_pos": [
    [
      28,
      99
    ],
    [
      71,
      148
    ]
  ],
  "relationships": {
    "front": [
      [
        2,
        3,
        4,
        5,
        6
      ],
      [
        0,
        2,
        3,
        4,
        5,
        6
      ],
      [
        3,
        4
      ],
      [],
      [
        3
      ],
      [
        2,
        3,
        4,
        6
      ],
      [
        2,
        3,
        4
      ]
    ],
    "left": [
      [
        2,
        3,
        6
      ],
      [
        0,
        2,
        3,
        6
      ],
      [
        6
      ],
      [
        2,
        6
      ],
      [
        0,
        1,
        2,
        3,
        6
      ],
      [
        0,
        1,
        2,
        3,
        4,
        6
      ],
      []
    ],
    "behind": [
      [
        1
      ],
      [],
      [
        0,
        1,
        5,
        6
      ],
      [
        0,
        1,
        2,
        4,
        5,
        6
      ],
      [
        0,
        1,
        2,
        5,
        6
      ],
      [
        0,
        1
      ],
      [
        0,
        1,
        5
      ]
    ],
    "right": [
      [
        1,
        4,
        5
      ],
      [
        4,
        5
      ],
      [
        0,
        1,
        3,
        4,
        5
      ],
      [
        0,
        1,
        4,
        5
      ],
      [
        5
      ],
      [],
      [
        0,
        1,
        2,
        3,
        4,
        5
      ]
    ]
  },
  "directions": {
    "front": [
      0.754490315914154,
      -0.6563112735748291,
      -0.0
    ],
    "above": [
      0.0,
      0.0,
      1.0
    ],
    "behind": [
      -0.754490315914154,
      0.6563112735748291,
      0.0
    ],
    "below": [
      -0.0,
      -0.0,
      -1.0
    ],
    "right": [
      0.6563112735748291,
      0.7544902563095093,
      -0.0
    ],
    "left": [
      -0.6563112735748291,
      -0.7544902563095093,
      0.0
    ]
  },
  "image_index": 372,
  "image_filename": "CLEVR_new_000372.png",
  "objects": [
    {
      "pixel_coords": [
        158,
        83,
        12.313214302062988
      ],
      "rotation": 333.3498070534778,
      "material": "rubber",
      "size": "small",
      "shape": "sphere",
      "color": "blue",
      "3d_coords": [
        -1.605165719985962,
        1.267887830734253,
        0.3499999940395355
      ]
    },
    {
      "pixel_coords": [
        182,
        64,
        13.000494003295898
      ],
      "rotation": 167.98957577479698,
      "material": "rubber",
      "size": "large",
      "shape": "sphere",
      "color": "blue",
      "3d_coords": [
        -1.7685670852661133,
        2.5952892303466797,
        0.699999988079071
      ]
    },
    {
      "pixel_coords": [
        86,
        135,
        9.284454345703125
      ],
      "rotation": 7.047369806218491,
      "material": "rubber",
      "size": "small",
      "shape": "sphere",
      "color": "green",
      "3d_coords": [
        -0.1762431114912033,
        -2.412630319595337,
        0.3499999940395355
      ]
    },
    {
      "pixel_coords": [
        106,
        170,
        7.976846218109131
      ],
      "rotation": 282.7342668235079,
      "material": "rubber",
      "size": "small",
      "shape": "sphere",
      "color": "blue",
      "3d_coords": [
        1.4310089349746704,
        -2.8382556438446045,
        0.3499999940395355
      ]
    },
    {
      "pixel_coords": [
        211,
        154,
        8.50886344909668
      ],
      "rotation": 296.21247204144686,
      "material": "rubber",
      "size": "small",
      "shape": "sphere",
      "color": "red",
      "3d_coords": [
        2.563952922821045,
        -0.5660228133201599,
        0.3499999940395355
      ]
    },
    {
      "pixel_coords": [
        236,
        94,
        11.090108871459961
      ],
      "rotation": 284.291061048919,
      "material": "rubber",
      "size": "medium",
      "shape": "sphere",
      "color": "red",
      "3d_coords": [
        1.00682532787323,
        2.323697805404663,
        0.5249999761581421
      ]
    },
    {
      "pixel_coords": [
        51,
        115,
        9.858386993408203
      ],
      "rotation": 144.03918020721503,
      "material": "rubber",
      "size": "medium",
      "shape": "cylinder",
      "color": "red",
      "3d_coords": [
        -1.4818264245986938,
        -2.779158353805542,
        0.5249999761581421
      ]
    }
  ]
}