{
  "image_filename": "CLEVR_new_001532.png",
  "directions": {
    "left": [
      -0.6563112735748291,
      -0.7544902563095093,
      0.0
    ],
    "right": [
      0.6563112735748291,
      0.7544902563095093,
      -0.0
    ],
    "front": [
      0.754490315914154,
      -0.6563112735748291,
      -0.0
    ],
    "behind": [
      -0.754490315914154,
      0.6563112735748291,
      0.0
    ],
    "below": [
      -0.0,
      -0.0,
      -1.0
    ],
    "above": [
      0.0,
      0.0,
      1.0
    ]
  },
  "intruder_pos": [
    [
      204,
      86
    ],
    [
      229,
      118
    ]
  ],
  "image_index": 1532,
  "split": "new",
  "relationships": {
    "left": [
      [
        4,
        5
      ],
      [
        0,
        3,
        4,
        5
      ],
      [
        0,
        1,
        3,
        4,
        5,
        6
      ],
      [
        0,
        4,
        5
      ],
      [
        5
      ],
      [],
      [
        0,
        1,
        3,
        4,
        5
      ]
    ],
    "right": [
      [
        1,
        2,
        3,
        6
      ],
      [
        2,
        6
      ],
      [],
      [
        1,
        2,
        6
      ],
      [
        0,
        1,
        2,
        3,
        6
      ],
      [
        0,
        1,
        2,
        3,
        4,
        6
      ],
      [
        2
      ]
    ],
    "front": [
      [
        3,
        5,
        6
      ],
      [
        0,
        2,
        3,
        4,
        5,
        6
      ],
      [
        0,
        3,
        5,
        6
      ],
      [],
      [
        0,
        2,
        3,
        5,
        6
      ],
      [
        3,
        6
      ],
      [
        3
      ]
    ],
    "behind": [
      [
        1,
        2,
        4
      ],
      [],
      [
        1,
        4
      ],
      [
        0,
        1,
        2,
        4,
        5,
        6
      ],
      [
        1
      ],
      [
        0,
        1,
        2,
        4
      ],
      [
        0,
        1,
        2,
        4,
        5
      ]
    ]
  },
  "objects": [
    {
      "color": "blue",
      "material": "rubber",
      "pixel_coords": [
        118,
        97,
        11.511470794677734
      ],
      "3d_coords": [
        -1.1282979249954224,
        -0.8444198369979858,
        0.699999988079071
      ],
      "size": "large",
      "rotation": 305.8205383736862,
      "shape": "sphere"
    },
    {
      "color": "blue",
      "material": "rubber",
      "pixel_coords": [
        187,
        76,
        13.127835273742676
      ],
      "3d_coords": [
        -0.9083328247070312,
        2.1809303760528564,
        0.699999988079071
      ],
      "size": "large",
      "rotation": 78.41094577482511,
      "shape": "sphere"
    },
    {
      "color": "blue",
      "material": "rubber",
      "pixel_coords": [
        220,
        96,
        12.385479927062988
      ],
      "3d_coords": [
        0.6123092770576477,
        2.2919921875,
        0.3499999940395355
      ],
      "size": "small",
      "rotation": 234.75209647255127,
      "shape": "cube"
    },
    {
      "color": "blue",
      "material": "rubber",
      "pixel_coords": [
        168,
        167,
        8.280014038085938
      ],
      "3d_coords": [
        2.6825263500213623,
        -2.176126718521118,
        0.699999988079071
      ],
      "size": "large",
      "rotation": 325.43476904690596,
      "shape": "cylinder"
    },
    {
      "color": "blue",
      "material": "rubber",
      "pixel_coords": [
        88,
        85,
        12.78944206237793
      ],
      "3d_coords": [
        -2.974438428878784,
        -0.8434394001960754,
        0.5249999761581421
      ],
      "size": "medium",
      "rotation": 64.13953428235628,
      "shape": "cylinder"
    },
    {
      "color": "blue",
      "material": "rubber",
      "pixel_coords": [
        59,
        126,
        10.614616394042969
      ],
      "3d_coords": [
        -1.336685061454773,
        -2.9178006649017334,
        0.3499999940395355
      ],
      "size": "small",
      "rotation": 88.89799743999296,
      "shape": "cylinder"
    },
    {
      "color": "green",
      "material": "rubber",
      "pixel_coords": [
        217,
        137,
        10.054466247558594
      ],
      "3d_coords": [
        2.282956600189209,
        0.13484695553779602,
        0.3499999940395355
      ],
      "size": "small",
      "rotation": 33.59119667938306,
      "shape": "cylinder"
    }
  ]
}