{
  "split": "new",
  "intruder_pos": [
    [
      86,
      48
    ],
    [
      168,
      136
    ]
  ],
  "relationships": {
    "front": [
      [
        2,
        3,
        7
      ],
      [
        0,
        2,
        3,
        5,
        6,
        7
      ],
      [
        3,
        7
      ],
      [],
      [
        0,
        1,
        2,
        3,
        5,
        6,
        7
      ],
      [
        0,
        2,
        3,
        6,
        7
      ],
      [
        0,
        2,
        3,
        7
      ],
      [
        3
      ]
    ],
    "left": [
      [
        2,
        3,
        4,
        5,
        7
      ],
      [
        0,
        2,
        3,
        4,
        5,
        7
      ],
      [
        5
      ],
      [
        2,
        4,
        5,
        7
      ],
      [
        2,
        5,
        7
      ],
      [],
      [
        0,
        1,
        2,
        3,
        4,
        5,
        7
      ],
      [
        2,
        5
      ]
    ],
    "behind": [
      [
        1,
        4,
        5,
        6
      ],
      [
        4
      ],
      [
        0,
        1,
        4,
        5,
        6
      ],
      [
        0,
        1,
        2,
        4,
        5,
        6,
        7
      ],
      [],
      [
        1,
        4
      ],
      [
        1,
        4,
        5
      ],
      [
        0,
        1,
        2,
        4,
        5,
        6
      ]
    ],
    "right": [
      [
        1,
        6
      ],
      [
        6
      ],
      [
        0,
        1,
        3,
        4,
        6,
        7
      ],
      [
        0,
        1,
        6
      ],
      [
        0,
        1,
        3,
        6
      ],
      [
        0,
        1,
        2,
        3,
        4,
        6,
        7
      ],
      [],
      [
        0,
        1,
        3,
        4,
        6
      ]
    ]
  },
  "directions": {
    "front": [
      0.754490315914154,
      -0.6563112735748291,
      -0.0
    ],
    "above": [
      0.0,
      0.0,
      1.0
    ],
    "behind": [
      -0.754490315914154,
      0.6563112735748291,
      0.0
    ],
    "below": [
      -0.0,
      -0.0,
      -1.0
    ],
    "right": [
      0.6563112735748291,
      0.7544902563095093,
      -0.0
    ],
    "left": [
      -0.6563112735748291,
      -0.7544902563095093,
      0.0
    ]
  },
  "image_index": 112,
  "image_filename": "CLEVR_new_000112.png",
  "objects": [
    {
      "pixel_coords": [
        206,
        114,
        9.935613632202148
      ],
      "rotation": 80.05252496714209,
      "material": "rubber",
      "size": "medium",
      "shape": "cube",
      "color": "red",
      "3d_coords": [
        1.3363019227981567,
        0.5530924201011658,
        0.5249999761581421
      ]
    },
    {
      "pixel_coords": [
        212,
        87,
        11.662042617797852
      ],
      "rotation": 137.58962655582872,
      "material": "rubber",
      "size": "medium",
      "shape": "sphere",
      "color": "red",
      "3d_coords": [
        0.14455777406692505,
        2.1733338832855225,
        0.5249999761581421
      ]
    },
    {
      "pixel_coords": [
        83,
        144,
        8.879932403564453
      ],
      "rotation": 221.9075036218178,
      "material": "rubber",
      "size": "small",
      "shape": "cylinder",
      "color": "red",
      "3d_coords": [
        0.13906049728393555,
        -2.752101182937622,
        0.3499999940395355
      ]
    },
    {
      "pixel_coords": [
        196,
        161,
        7.943639278411865
      ],
      "rotation": 189.89298731995825,
      "material": "rubber",
      "size": "medium",
      "shape": "sphere",
      "color": "red",
      "3d_coords": [
        2.706592321395874,
        -1.321723222732544,
        0.5249999761581421
      ]
    },
    {
      "pixel_coords": [
        154,
        65,
        13.079991340637207
      ],
      "rotation": 349.17829001523876,
      "material": "rubber",
      "size": "large",
      "shape": "cube",
      "color": "red",
      "3d_coords": [
        -2.4360110759735107,
        1.8427854776382446,
        0.699999988079071
      ]
    },
    {
      "pixel_coords": [
        41,
        104,
        10.94401741027832
      ],
      "rotation": 311.21013241763785,
      "material": "rubber",
      "size": "small",
      "shape": "cylinder",
      "color": "red",
      "3d_coords": [
        -2.7806694507598877,
        -2.4997141361236572,
        0.3499999940395355
      ]
    },
    {
      "pixel_coords": [
        299,
        101,
        10.277177810668945
      ],
      "rotation": 328.08007057746926,
      "material": "rubber",
      "size": "large",
      "shape": "cylinder",
      "color": "red",
      "3d_coords": [
        2.8117895126342773,
        2.946122884750366,
        0.699999988079071
      ]
    },
    {
      "pixel_coords": [
        129,
        145,
        8.212448120117188
      ],
      "rotation": 15.895221778947741,
      "material": "rubber",
      "size": "large",
      "shape": "cube",
      "color": "blue",
      "3d_coords": [
        1.3886505365371704,
        -2.201742172241211,
        0.699999988079071
      ]
    }
  ]
}