{
  "relationships": {
    "front": [
      [
        1,
        2,
        3,
        4,
        5,
        6,
        7
      ],
      [
        2,
        3,
        4,
        5,
        6,
        7
      ],
      [
        3,
        5,
        6
      ],
      [
        6
      ],
      [
        2,
        3,
        5,
        6
      ],
      [
        3,
        6
      ],
      [],
      [
        2,
        3,
        4,
        5,
        6
      ]
    ],
    "right": [
      [
        5
      ],
      [
        0,
        3,
        4,
        5
      ],
      [
        0,
        1,
        3,
        4,
        5
      ],
      [
        0,
        4,
        5
      ],
      [
        0,
        5
      ],
      [],
      [
        0,
        1,
        2,
        3,
        4,
        5
      ],
      [
        0,
        1,
        2,
        3,
        4,
        5,
        6
      ]
    ],
    "left": [
      [
        1,
        2,
        3,
        4,
        6,
        7
      ],
      [
        2,
        6,
        7
      ],
      [
        6,
        7
      ],
      [
        1,
        2,
        6,
        7
      ],
      [
        1,
        2,
        3,
        6,
        7
      ],
      [
        0,
        1,
        2,
        3,
        4,
        6,
        7
      ],
      [
        7
      ],
      []
    ],
    "behind": [
      [],
      [
        0
      ],
      [
        0,
        1,
        4,
        7
      ],
      [
        0,
        1,
        2,
        4,
        5,
        7
      ],
      [
        0,
        1,
        7
      ],
      [
        0,
        1,
        2,
        4,
        7
      ],
      [
        0,
        1,
        2,
        3,
        4,
        5,
        7
      ],
      [
        0,
        1
      ]
    ]
  },
  "intruder_pos": [
    [
      25,
      123
    ],
    [
      51,
      152
    ]
  ],
  "image_filename": "CLEVR_new_001294.png",
  "directions": {
    "below": [
      -0.0,
      -0.0,
      -1.0
    ],
    "right": [
      0.6563112735748291,
      0.7544902563095093,
      -0.0
    ],
    "behind": [
      -0.754490315914154,
      0.6563112735748291,
      0.0
    ],
    "front": [
      0.754490315914154,
      -0.6563112735748291,
      -0.0
    ],
    "above": [
      0.0,
      0.0,
      1.0
    ],
    "left": [
      -0.6563112735748291,
      -0.7544902563095093,
      0.0
    ]
  },
  "image_index": 1294,
  "split": "new",
  "objects": [
    {
      "3d_coords": [
        -0.4687980115413666,
        2.6542649269104004,
        0.699999988079071
      ],
      "pixel_coords": [
        209,
        73,
        12.279019355773926
      ],
      "material": "rubber",
      "rotation": 315.878275023618,
      "shape": "sphere",
      "color": "blue",
      "size": "large"
    },
    {
      "3d_coords": [
        -1.0879285335540771,
        1.2824658155441284,
        0.5249999761581421
      ],
      "pixel_coords": [
        168,
        82,
        12.004924774169922
      ],
      "material": "rubber",
      "rotation": 184.7069514975304,
      "shape": "sphere",
      "color": "green",
      "size": "medium"
    },
    {
      "3d_coords": [
        -0.0622706413269043,
        -0.6712705492973328,
        0.3499999940395355
      ],
      "pixel_coords": [
        141,
        116,
        10.329099655151367
      ],
      "material": "rubber",
      "rotation": 103.45202523174724,
      "shape": "sphere",
      "color": "red",
      "size": "small"
    },
    {
      "3d_coords": [
        1.8702572584152222,
        -0.7342053055763245,
        0.5249999761581421
      ],
      "pixel_coords": [
        186,
        140,
        8.940749168395996
      ],
      "material": "rubber",
      "rotation": 289.0764698657984,
      "shape": "sphere",
      "color": "red",
      "size": "medium"
    },
    {
      "3d_coords": [
        0.6748248338699341,
        0.9302446246147156,
        0.5249999761581421
      ],
      "pixel_coords": [
        198,
        104,
        10.654650688171387
      ],
      "material": "rubber",
      "rotation": 61.639285696388995,
      "shape": "sphere",
      "color": "blue",
      "size": "medium"
    },
    {
      "3d_coords": [
        2.3536386489868164,
        1.1854714155197144,
        0.3499999940395355
      ],
      "pixel_coords": [
        247,
        128,
        9.788394927978516
      ],
      "material": "rubber",
      "rotation": 85.62150270315799,
      "shape": "sphere",
      "color": "blue",
      "size": "small"
    },
    {
      "3d_coords": [
        0.6315799355506897,
        -2.843785285949707,
        0.3499999940395355
      ],
      "pixel_coords": [
        89,
        156,
        8.65882682800293
      ],
      "material": "rubber",
      "rotation": 354.7152155136711,
      "shape": "sphere",
      "color": "green",
      "size": "small"
    },
    {
      "3d_coords": [
        -2.9127471446990967,
        -2.570279359817505,
        0.3499999940395355
      ],
      "pixel_coords": [
        39,
        102,
        11.130401611328125
      ],
      "material": "rubber",
      "rotation": 102.72970186526273,
      "shape": "cylinder",
      "color": "red",
      "size": "small"
    }
  ]
}