{
  "split": "new",
  "intruder_pos": [
    [
      66,
      106
    ],
    [
      99,
      138
    ]
  ],
  "relationships": {
    "front": [
      [
        1,
        3,
        4,
        5,
        6
      ],
      [
        3,
        4,
        5,
        6
      ],
      [
        0,
        1,
        3,
        4,
        5,
        6
      ],
      [],
      [
        3,
        5,
        6
      ],
      [
        3
      ],
      [
        3,
        5
      ]
    ],
    "left": [
      [
        1,
        3,
        6
      ],
      [
        6
      ],
      [
        0,
        1,
        3,
        5,
        6
      ],
      [
        1,
        6
      ],
      [
        0,
        1,
        2,
        3,
        5,
        6
      ],
      [
        0,
        1,
        3,
        6
      ],
      []
    ],
    "behind": [
      [
        2
      ],
      [
        0,
        2
      ],
      [],
      [
        0,
        1,
        2,
        4,
        5,
        6
      ],
      [
        0,
        1,
        2
      ],
      [
        0,
        1,
        2,
        4,
        6
      ],
      [
        0,
        1,
        2,
        4
      ]
    ],
    "right": [
      [
        2,
        4,
        5
      ],
      [
        0,
        2,
        3,
        4,
        5
      ],
      [
        4
      ],
      [
        0,
        2,
        4,
        5
      ],
      [],
      [
        2,
        4
      ],
      [
        0,
        1,
        2,
        3,
        4,
        5
      ]
    ]
  },
  "directions": {
    "front": [
      0.754490315914154,
      -0.6563112735748291,
      -0.0
    ],
    "above": [
      0.0,
      0.0,
      1.0
    ],
    "behind": [
      -0.754490315914154,
      0.6563112735748291,
      0.0
    ],
    "below": [
      -0.0,
      -0.0,
      -1.0
    ],
    "right": [
      0.6563112735748291,
      0.7544902563095093,
      -0.0
    ],
    "left": [
      -0.6563112735748291,
      -0.7544902563095093,
      0.0
    ]
  },
  "image_index": 149,
  "image_filename": "CLEVR_new_000149.png",
  "objects": [
    {
      "pixel_coords": [
        171,
        86,
        12.05502700805664
      ],
      "rotation": 103.05979643259981,
      "material": "rubber",
      "size": "medium",
      "shape": "cube",
      "color": "red",
      "3d_coords": [
        -0.8545353412628174,
        1.260216236114502,
        0.5249999761581421
      ]
    },
    {
      "pixel_coords": [
        108,
        91,
        11.704307556152344
      ],
      "rotation": 190.7903564111072,
      "material": "rubber",
      "size": "medium",
      "shape": "cube",
      "color": "red",
      "3d_coords": [
        -1.9441344738006592,
        -0.6040709614753723,
        0.5249999761581421
      ]
    },
    {
      "pixel_coords": [
        214,
        74,
        12.478153228759766
      ],
      "rotation": 274.014439902611,
      "material": "rubber",
      "size": "large",
      "shape": "cube",
      "color": "red",
      "3d_coords": [
        -0.2923274338245392,
        2.7967848777770996,
        0.699999988079071
      ]
    },
    {
      "pixel_coords": [
        106,
        155,
        8.485569953918457
      ],
      "rotation": 24.06561537002116,
      "material": "rubber",
      "size": "medium",
      "shape": "sphere",
      "color": "red",
      "3d_coords": [
        1.1219260692596436,
        -2.7165496349334717,
        0.5249999761581421
      ]
    },
    {
      "pixel_coords": [
        260,
        109,
        10.954262733459473
      ],
      "rotation": 193.4329084845149,
      "material": "rubber",
      "size": "small",
      "shape": "cylinder",
      "color": "red",
      "3d_coords": [
        1.9658910036087036,
        2.42060923576355,
        0.3499999940395355
      ]
    },
    {
      "pixel_coords": [
        208,
        129,
        9.869487762451172
      ],
      "rotation": 268.1422693084142,
      "material": "rubber",
      "size": "small",
      "shape": "cube",
      "color": "red",
      "3d_coords": [
        1.7514963150024414,
        0.27653229236602783,
        0.3499999940395355
      ]
    },
    {
      "pixel_coords": [
        83,
        117,
        10.474089622497559
      ],
      "rotation": 199.81030692150824,
      "material": "rubber",
      "size": "small",
      "shape": "cube",
      "color": "blue",
      "3d_coords": [
        -1.1742480993270874,
        -2.0237975120544434,
        0.3499999940395355
      ]
    }
  ]
}