{
  "relationships": {
    "front": [
      [
        1,
        2,
        3,
        4,
        5,
        7
      ],
      [
        4
      ],
      [
        1,
        4,
        5,
        7
      ],
      [
        1,
        2,
        4,
        5,
        7
      ],
      [],
      [
        1,
        4
      ],
      [
        0,
        1,
        2,
        3,
        4,
        5,
        7
      ],
      [
        1,
        4,
        5
      ]
    ],
    "right": [
      [
        1,
        2,
        4,
        5,
        6
      ],
      [
        2,
        4,
        5,
        6
      ],
      [
        5
      ],
      [
        0,
        1,
        2,
        4,
        5,
        6
      ],
      [
        2,
        5
      ],
      [],
      [
        2,
        4,
        5
      ],
      [
        0,
        1,
        2,
        3,
        4,
        5,
        6
      ]
    ],
    "left": [
      [
        3,
        7
      ],
      [
        0,
        3,
        7
      ],
      [
        0,
        1,
        3,
        4,
        6,
        7
      ],
      [
        7
      ],
      [
        0,
        1,
        3,
        6,
        7
      ],
      [
        0,
        1,
        2,
        3,
        4,
        6,
        7
      ],
      [
        0,
        1,
        3,
        7
      ],
      []
    ],
    "behind": [
      [
        6
      ],
      [
        0,
        2,
        3,
        5,
        6,
        7
      ],
      [
        0,
        3,
        6
      ],
      [
        0,
        6
      ],
      [
        0,
        1,
        2,
        3,
        5,
        6,
        7
      ],
      [
        0,
        2,
        3,
        6,
        7
      ],
      [],
      [
        0,
        2,
        3,
        6
      ]
    ]
  },
  "intruder_pos": [
    [
      46,
      110
    ],
    [
      97,
      169
    ]
  ],
  "image_filename": "CLEVR_new_001293.png",
  "directions": {
    "below": [
      -0.0,
      -0.0,
      -1.0
    ],
    "right": [
      0.6563112735748291,
      0.7544902563095093,
      -0.0
    ],
    "behind": [
      -0.754490315914154,
      0.6563112735748291,
      0.0
    ],
    "front": [
      0.754490315914154,
      -0.6563112735748291,
      -0.0
    ],
    "above": [
      0.0,
      0.0,
      1.0
    ],
    "left": [
      -0.6563112735748291,
      -0.7544902563095093,
      0.0
    ]
  },
  "image_index": 1293,
  "split": "new",
  "objects": [
    {
      "3d_coords": [
        -1.8920490741729736,
        0.9077945351600647,
        0.3499999940395355
      ],
      "pixel_coords": [
        145,
        84,
        12.73266315460205
      ],
      "material": "rubber",
      "rotation": 277.4455262631262,
      "shape": "sphere",
      "color": "blue",
      "size": "small"
    },
    {
      "3d_coords": [
        1.4437956809997559,
        -0.5305913090705872,
        0.3499999940395355
      ],
      "pixel_coords": [
        180,
        134,
        9.720141410827637
      ],
      "material": "rubber",
      "rotation": 339.30613436837876,
      "shape": "cylinder",
      "color": "blue",
      "size": "small"
    },
    {
      "3d_coords": [
        0.612960696220398,
        1.9447755813598633,
        0.5249999761581421
      ],
      "pixel_coords": [
        216,
        94,
        11.599407196044922
      ],
      "material": "rubber",
      "rotation": 329.03063984280504,
      "shape": "sphere",
      "color": "blue",
      "size": "medium"
    },
    {
      "3d_coords": [
        -2.334244966506958,
        -0.3532840609550476,
        0.699999988079071
      ],
      "pixel_coords": [
        108,
        81,
        12.127189636230469
      ],
      "material": "rubber",
      "rotation": 257.45136984237365,
      "shape": "cylinder",
      "color": "blue",
      "size": "large"
    },
    {
      "3d_coords": [
        2.994558095932007,
        -0.748252809047699,
        0.5249999761581421
      ],
      "pixel_coords": [
        218,
        157,
        8.492600440979004
      ],
      "material": "rubber",
      "rotation": 100.7427945651391,
      "shape": "cylinder",
      "color": "blue",
      "size": "medium"
    },
    {
      "3d_coords": [
        2.89961576461792,
        2.5087690353393555,
        0.5249999761581421
      ],
      "pixel_coords": [
        288,
        113,
        10.42379093170166
      ],
      "material": "rubber",
      "rotation": 37.71726832036917,
      "shape": "cube",
      "color": "blue",
      "size": "medium"
    },
    {
      "3d_coords": [
        -1.1924124956130981,
        2.328965663909912,
        0.699999988079071
      ],
      "pixel_coords": [
        186,
        71,
        12.917672157287598
      ],
      "material": "rubber",
      "rotation": 166.94116603571396,
      "shape": "cube",
      "color": "blue",
      "size": "large"
    },
    {
      "3d_coords": [
        -1.8134995698928833,
        -1.9896626472473145,
        0.699999988079071
      ],
      "pixel_coords": [
        73,
        99,
        10.846776962280273
      ],
      "material": "rubber",
      "rotation": 243.32918270301113,
      "shape": "cylinder",
      "color": "green",
      "size": "large"
    }
  ]
}