{
  "split": "new",
  "intruder_pos": [
    [
      186,
      99
    ],
    [
      222,
      134
    ]
  ],
  "relationships": {
    "front": [
      [],
      [
        0
      ],
      [
        0,
        1,
        3,
        4,
        5,
        6
      ],
      [
        0,
        1,
        4,
        6
      ],
      [
        0,
        1,
        6
      ],
      [
        0,
        1,
        3,
        4,
        6
      ],
      [
        0,
        1
      ]
    ],
    "left": [
      [
        1,
        5
      ],
      [
        5
      ],
      [
        0,
        1,
        4,
        5
      ],
      [
        0,
        1,
        2,
        4,
        5,
        6
      ],
      [
        0,
        1,
        5
      ],
      [],
      [
        0,
        1,
        2,
        4,
        5
      ]
    ],
    "behind": [
      [
        1,
        2,
        3,
        4,
        5,
        6
      ],
      [
        2,
        3,
        4,
        5,
        6
      ],
      [],
      [
        2,
        5
      ],
      [
        2,
        3,
        5
      ],
      [
        2
      ],
      [
        2,
        3,
        4,
        5
      ]
    ],
    "right": [
      [
        2,
        3,
        4,
        6
      ],
      [
        0,
        2,
        3,
        4,
        6
      ],
      [
        3,
        6
      ],
      [],
      [
        2,
        3,
        6
      ],
      [
        0,
        1,
        2,
        3,
        4,
        6
      ],
      [
        3
      ]
    ]
  },
  "directions": {
    "front": [
      0.754490315914154,
      -0.6563112735748291,
      -0.0
    ],
    "above": [
      0.0,
      0.0,
      1.0
    ],
    "behind": [
      -0.754490315914154,
      0.6563112735748291,
      0.0
    ],
    "below": [
      -0.0,
      -0.0,
      -1.0
    ],
    "right": [
      0.6563112735748291,
      0.7544902563095093,
      -0.0
    ],
    "left": [
      -0.6563112735748291,
      -0.7544902563095093,
      0.0
    ]
  },
  "image_index": 105,
  "image_filename": "CLEVR_new_000105.png",
  "objects": [
    {
      "pixel_coords": [
        148,
        157,
        8.956652641296387
      ],
      "rotation": 158.21757275508182,
      "material": "rubber",
      "size": "small",
      "shape": "cylinder",
      "color": "green",
      "3d_coords": [
        1.586059331893921,
        -2.022035837173462,
        0.3499999940395355
      ]
    },
    {
      "pixel_coords": [
        114,
        140,
        9.656123161315918
      ],
      "rotation": 74.81107791247184,
      "material": "rubber",
      "size": "small",
      "shape": "cylinder",
      "color": "blue",
      "3d_coords": [
        0.339363157749176,
        -2.1357643604278564,
        0.3499999940395355
      ]
    },
    {
      "pixel_coords": [
        174,
        76,
        12.77518081665039
      ],
      "rotation": 119.0115231054148,
      "material": "rubber",
      "size": "large",
      "shape": "cylinder",
      "color": "green",
      "3d_coords": [
        -1.074247121810913,
        1.7895606756210327,
        0.699999988079071
      ]
    },
    {
      "pixel_coords": [
        230,
        93,
        11.93586254119873
      ],
      "rotation": 178.69907822404846,
      "material": "rubber",
      "size": "medium",
      "shape": "cylinder",
      "color": "red",
      "3d_coords": [
        1.009132981300354,
        2.375619649887085,
        0.5249999761581421
      ]
    },
    {
      "pixel_coords": [
        164,
        119,
        10.672494888305664
      ],
      "rotation": 310.4967410216987,
      "material": "rubber",
      "size": "small",
      "shape": "cylinder",
      "color": "green",
      "3d_coords": [
        0.49179795384407043,
        -0.3329390287399292,
        0.3499999940395355
      ]
    },
    {
      "pixel_coords": [
        99,
        91,
        12.063706398010254
      ],
      "rotation": 120.29538002752847,
      "material": "rubber",
      "size": "medium",
      "shape": "cylinder",
      "color": "red",
      "3d_coords": [
        -2.2774131298065186,
        -0.710273265838623,
        0.5249999761581421
      ]
    },
    {
      "pixel_coords": [
        204,
        123,
        10.117494583129883
      ],
      "rotation": 121.22475785936095,
      "material": "rubber",
      "size": "medium",
      "shape": "sphere",
      "color": "blue",
      "3d_coords": [
        1.6945908069610596,
        0.11041054129600525,
        0.5249999761581421
      ]
    }
  ]
}