{
  "relationships": {
    "front": [
      [
        2,
        3,
        6,
        7
      ],
      [
        0,
        2,
        3,
        5,
        6,
        7
      ],
      [
        3,
        7
      ],
      [
        7
      ],
      [
        0,
        1,
        2,
        3,
        5,
        6,
        7
      ],
      [
        0,
        2,
        3,
        6,
        7
      ],
      [
        2,
        3,
        7
      ],
      []
    ],
    "right": [
      [],
      [
        0,
        2,
        3,
        4,
        5,
        6,
        7
      ],
      [
        0
      ],
      [
        0,
        2,
        5
      ],
      [
        0,
        2,
        3,
        5,
        6,
        7
      ],
      [
        0,
        2
      ],
      [
        0,
        2,
        3,
        5
      ],
      [
        0,
        2,
        3,
        5,
        6
      ]
    ],
    "left": [
      [
        1,
        2,
        3,
        4,
        5,
        6,
        7
      ],
      [],
      [
        1,
        3,
        4,
        5,
        6,
        7
      ],
      [
        1,
        4,
        6,
        7
      ],
      [
        1
      ],
      [
        1,
        3,
        4,
        6,
        7
      ],
      [
        1,
        4,
        7
      ],
      [
        1,
        4
      ]
    ],
    "behind": [
      [
        1,
        4,
        5
      ],
      [
        4
      ],
      [
        0,
        1,
        4,
        5,
        6
      ],
      [
        0,
        1,
        2,
        4,
        5,
        6
      ],
      [],
      [
        1,
        4
      ],
      [
        0,
        1,
        4,
        5
      ],
      [
        0,
        1,
        2,
        3,
        4,
        5,
        6
      ]
    ]
  },
  "intruder_pos": [
    [
      113,
      70
    ],
    [
      138,
      95
    ]
  ],
  "image_filename": "CLEVR_new_001210.png",
  "directions": {
    "below": [
      -0.0,
      -0.0,
      -1.0
    ],
    "right": [
      0.6563112735748291,
      0.7544902563095093,
      -0.0
    ],
    "behind": [
      -0.754490315914154,
      0.6563112735748291,
      0.0
    ],
    "front": [
      0.754490315914154,
      -0.6563112735748291,
      -0.0
    ],
    "above": [
      0.0,
      0.0,
      1.0
    ],
    "left": [
      -0.6563112735748291,
      -0.7544902563095093,
      0.0
    ]
  },
  "image_index": 1210,
  "split": "new",
  "objects": [
    {
      "3d_coords": [
        2.698134660720825,
        2.2828688621520996,
        0.5249999761581421
      ],
      "pixel_coords": [
        271,
        114,
        11.017350196838379
      ],
      "material": "rubber",
      "rotation": 314.55190390904033,
      "shape": "cylinder",
      "color": "green",
      "size": "medium"
    },
    {
      "3d_coords": [
        -2.957846164703369,
        -1.3337031602859497,
        0.5249999761581421
      ],
      "pixel_coords": [
        79,
        89,
        12.684228897094727
      ],
      "material": "rubber",
      "rotation": 60.137320213196325,
      "shape": "cube",
      "color": "green",
      "size": "medium"
    },
    {
      "3d_coords": [
        1.9488893747329712,
        -0.39553090929985046,
        0.3499999940395355
      ],
      "pixel_coords": [
        194,
        139,
        10.07275390625
      ],
      "material": "rubber",
      "rotation": 215.8590839267156,
      "shape": "cylinder",
      "color": "green",
      "size": "small"
    },
    {
      "3d_coords": [
        1.5817667245864868,
        -1.4406715631484985,
        0.3499999940395355
      ],
      "pixel_coords": [
        158,
        147,
        9.719776153564453
      ],
      "material": "rubber",
      "rotation": 254.6982703738987,
      "shape": "sphere",
      "color": "green",
      "size": "small"
    },
    {
      "3d_coords": [
        -2.4385480880737305,
        -0.11464795470237732,
        0.5249999761581421
      ],
      "pixel_coords": [
        115,
        84,
        13.035955429077148
      ],
      "material": "rubber",
      "rotation": 75.8395662502747,
      "shape": "cube",
      "color": "green",
      "size": "medium"
    },
    {
      "3d_coords": [
        0.2727440297603607,
        0.3413625657558441,
        0.699999988079071
      ],
      "pixel_coords": [
        173,
        101,
        11.423666954040527
      ],
      "material": "rubber",
      "rotation": 298.08988148580204,
      "shape": "cube",
      "color": "green",
      "size": "large"
    },
    {
      "3d_coords": [
        0.5040600299835205,
        -1.04860520362854,
        0.3499999940395355
      ],
      "pixel_coords": [
        145,
        127,
        10.652656555175781
      ],
      "material": "rubber",
      "rotation": 44.25718666837581,
      "shape": "cylinder",
      "color": "green",
      "size": "small"
    },
    {
      "3d_coords": [
        1.3887501955032349,
        -2.3834922313690186,
        0.3499999940395355
      ],
      "pixel_coords": [
        126,
        157,
        9.3103609085083
      ],
      "material": "rubber",
      "rotation": 246.1803849107367,
      "shape": "sphere",
      "color": "red",
      "size": "small"
    }
  ]
}