{
  "image_filename": "CLEVR_new_001470.png",
  "directions": {
    "left": [
      -0.6563112735748291,
      -0.7544902563095093,
      0.0
    ],
    "right": [
      0.6563112735748291,
      0.7544902563095093,
      -0.0
    ],
    "front": [
      0.754490315914154,
      -0.6563112735748291,
      -0.0
    ],
    "behind": [
      -0.754490315914154,
      0.6563112735748291,
      0.0
    ],
    "below": [
      -0.0,
      -0.0,
      -1.0
    ],
    "above": [
      0.0,
      0.0,
      1.0
    ]
  },
  "intruder_pos": [
    [
      159,
      82
    ],
    [
      185,
      107
    ]
  ],
  "image_index": 1470,
  "split": "new",
  "relationships": {
    "left": [
      [],
      [
        0
      ],
      [
        0,
        1,
        3
      ],
      [
        0,
        1
      ],
      [
        0,
        1,
        2,
        3,
        5,
        6
      ],
      [
        0,
        1,
        2,
        3,
        6
      ],
      [
        0,
        1,
        2,
        3
      ]
    ],
    "right": [
      [
        1,
        2,
        3,
        4,
        5,
        6
      ],
      [
        2,
        3,
        4,
        5,
        6
      ],
      [
        4,
        5,
        6
      ],
      [
        2,
        4,
        5,
        6
      ],
      [],
      [
        4
      ],
      [
        4,
        5
      ]
    ],
    "front": [
      [
        1,
        3,
        4,
        6
      ],
      [
        3,
        4,
        6
      ],
      [
        0,
        1,
        3,
        4,
        5,
        6
      ],
      [],
      [
        3,
        6
      ],
      [
        0,
        1,
        3,
        4,
        6
      ],
      [
        3
      ]
    ],
    "behind": [
      [
        2,
        5
      ],
      [
        0,
        2,
        5
      ],
      [],
      [
        0,
        1,
        2,
        4,
        5,
        6
      ],
      [
        0,
        1,
        2,
        5
      ],
      [
        2
      ],
      [
        0,
        1,
        2,
        4,
        5
      ]
    ]
  },
  "objects": [
    {
      "color": "red",
      "material": "rubber",
      "pixel_coords": [
        36,
        106,
        11.219181060791016
      ],
      "3d_coords": [
        -2.8005599975585938,
        -2.8307504653930664,
        0.3499999940395355
      ],
      "size": "small",
      "rotation": 233.64777849508502,
      "shape": "cylinder"
    },
    {
      "color": "red",
      "material": "rubber",
      "pixel_coords": [
        63,
        115,
        10.323740005493164
      ],
      "3d_coords": [
        -1.370362401008606,
        -2.587669610977173,
        0.5249999761581421
      ],
      "size": "medium",
      "rotation": 41.73553457738535,
      "shape": "sphere"
    },
    {
      "color": "red",
      "material": "rubber",
      "pixel_coords": [
        151,
        64,
        13.601824760437012
      ],
      "3d_coords": [
        -2.667886257171631,
        1.826965093612671,
        0.699999988079071
      ],
      "size": "large",
      "rotation": 110.86991856862994,
      "shape": "cube"
    },
    {
      "color": "red",
      "material": "rubber",
      "pixel_coords": [
        101,
        156,
        8.505108833312988
      ],
      "3d_coords": [
        1.1441690921783447,
        -2.856332540512085,
        0.5249999761581421
      ],
      "size": "medium",
      "rotation": 246.49947745103742,
      "shape": "cube"
    },
    {
      "color": "red",
      "material": "rubber",
      "pixel_coords": [
        228,
        122,
        9.609490394592285
      ],
      "3d_coords": [
        2.249314069747925,
        0.5329135656356812,
        0.699999988079071
      ],
      "size": "large",
      "rotation": 119.66914022164582,
      "shape": "cube"
    },
    {
      "color": "red",
      "material": "rubber",
      "pixel_coords": [
        200,
        96,
        11.8872709274292
      ],
      "3d_coords": [
        0.08566372096538544,
        1.7192442417144775,
        0.3499999940395355
      ],
      "size": "small",
      "rotation": 308.15675475967913,
      "shape": "cylinder"
    },
    {
      "color": "blue",
      "material": "rubber",
      "pixel_coords": [
        172,
        145,
        9.253789901733398
      ],
      "3d_coords": [
        1.7085820436477661,
        -1.027799129486084,
        0.3499999940395355
      ],
      "size": "small",
      "rotation": 258.29872493656507,
      "shape": "sphere"
    }
  ]
}