{
  "relationships": {
    "front": [
      [
        1,
        2,
        3,
        4,
        5,
        6
      ],
      [
        2,
        3,
        4,
        5,
        6
      ],
      [
        3,
        4,
        6
      ],
      [
        4,
        6
      ],
      [],
      [
        2,
        3,
        4,
        6
      ],
      [
        4
      ]
    ],
    "right": [
      [
        3,
        5
      ],
      [
        0,
        3,
        4,
        5
      ],
      [
        0,
        1,
        3,
        4,
        5,
        6
      ],
      [
        5
      ],
      [
        0,
        3,
        5
      ],
      [],
      [
        0,
        1,
        3,
        4,
        5
      ]
    ],
    "left": [
      [
        1,
        2,
        4,
        6
      ],
      [
        2,
        6
      ],
      [],
      [
        0,
        1,
        2,
        4,
        6
      ],
      [
        1,
        2,
        6
      ],
      [
        0,
        1,
        2,
        3,
        4,
        6
      ],
      [
        2
      ]
    ],
    "behind": [
      [],
      [
        0
      ],
      [
        0,
        1,
        5
      ],
      [
        0,
        1,
        2,
        5
      ],
      [
        0,
        1,
        2,
        3,
        5,
        6
      ],
      [
        0,
        1
      ],
      [
        0,
        1,
        2,
        3,
        5
      ]
    ]
  },
  "intruder_pos": [
    [
      49,
      86
    ],
    [
      104,
      139
    ]
  ],
  "image_filename": "CLEVR_new_001000.png",
  "directions": {
    "below": [
      -0.0,
      -0.0,
      -1.0
    ],
    "right": [
      0.6563112735748291,
      0.7544902563095093,
      -0.0
    ],
    "behind": [
      -0.754490315914154,
      0.6563112735748291,
      0.0
    ],
    "front": [
      0.754490315914154,
      -0.6563112735748291,
      -0.0
    ],
    "above": [
      0.0,
      0.0,
      1.0
    ],
    "left": [
      -0.6563112735748291,
      -0.7544902563095093,
      0.0
    ]
  },
  "image_index": 1000,
  "split": "new",
  "objects": [
    {
      "3d_coords": [
        -2.0955262184143066,
        1.3553212881088257,
        0.3499999940395355
      ],
      "pixel_coords": [
        148,
        80,
        12.895074844360352
      ],
      "material": "rubber",
      "rotation": 81.8283969773361,
      "shape": "cylinder",
      "color": "blue",
      "size": "small"
    },
    {
      "3d_coords": [
        -2.4688339233398438,
        -0.10231445729732513,
        0.699999988079071
      ],
      "pixel_coords": [
        109,
        79,
        12.093610763549805
      ],
      "material": "rubber",
      "rotation": 210.94365439153097,
      "shape": "cylinder",
      "color": "green",
      "size": "large"
    },
    {
      "3d_coords": [
        -2.671217918395996,
        -2.7009735107421875,
        0.699999988079071
      ],
      "pixel_coords": [
        35,
        98,
        10.656658172607422
      ],
      "material": "rubber",
      "rotation": 307.77021994852964,
      "shape": "cylinder",
      "color": "green",
      "size": "large"
    },
    {
      "3d_coords": [
        1.5758413076400757,
        1.0472283363342285,
        0.3499999940395355
      ],
      "pixel_coords": [
        222,
        116,
        10.335493087768555
      ],
      "material": "rubber",
      "rotation": 159.85211872466175,
      "shape": "cylinder",
      "color": "red",
      "size": "small"
    },
    {
      "3d_coords": [
        1.5369184017181396,
        -2.3744137287139893,
        0.5249999761581421
      ],
      "pixel_coords": [
        131,
        155,
        8.214632034301758
      ],
      "material": "rubber",
      "rotation": 31.343329391511965,
      "shape": "cylinder",
      "color": "green",
      "size": "medium"
    },
    {
      "3d_coords": [
        0.6980186700820923,
        2.819497585296631,
        0.699999988079071
      ],
      "pixel_coords": [
        235,
        82,
        11.808863639831543
      ],
      "material": "rubber",
      "rotation": 74.86306344920185,
      "shape": "cylinder",
      "color": "red",
      "size": "large"
    },
    {
      "3d_coords": [
        -0.2147730439901352,
        -2.7111387252807617,
        0.699999988079071
      ],
      "pixel_coords": [
        78,
        127,
        9.062321662902832
      ],
      "material": "rubber",
      "rotation": 112.99203494354856,
      "shape": "sphere",
      "color": "red",
      "size": "large"
    }
  ]
}