{
  "image_filename": "CLEVR_new_001569.png",
  "directions": {
    "left": [
      -0.6563112735748291,
      -0.7544902563095093,
      0.0
    ],
    "right": [
      0.6563112735748291,
      0.7544902563095093,
      -0.0
    ],
    "front": [
      0.754490315914154,
      -0.6563112735748291,
      -0.0
    ],
    "behind": [
      -0.754490315914154,
      0.6563112735748291,
      0.0
    ],
    "below": [
      -0.0,
      -0.0,
      -1.0
    ],
    "above": [
      0.0,
      0.0,
      1.0
    ]
  },
  "intruder_pos": [
    [
      125,
      81
    ],
    [
      168,
      134
    ]
  ],
  "image_index": 1569,
  "split": "new",
  "relationships": {
    "left": [
      [
        3,
        4,
        5,
        7
      ],
      [
        0,
        2,
        3,
        4,
        5,
        6,
        7
      ],
      [
        0,
        3,
        4,
        5,
        6,
        7
      ],
      [
        4,
        5
      ],
      [],
      [
        4
      ],
      [
        0,
        3,
        4,
        5,
        7
      ],
      [
        3,
        4,
        5
      ]
    ],
    "right": [
      [
        1,
        2,
        6
      ],
      [],
      [
        1
      ],
      [
        0,
        1,
        2,
        6,
        7
      ],
      [
        0,
        1,
        2,
        3,
        5,
        6,
        7
      ],
      [
        0,
        1,
        2,
        3,
        6,
        7
      ],
      [
        1,
        2
      ],
      [
        0,
        1,
        2,
        6
      ]
    ],
    "front": [
      [],
      [
        0,
        5,
        7
      ],
      [
        0,
        1,
        4,
        5,
        7
      ],
      [
        0,
        1,
        2,
        4,
        5,
        7
      ],
      [
        0,
        1,
        5,
        7
      ],
      [
        0,
        7
      ],
      [
        0,
        1,
        2,
        3,
        4,
        5,
        7
      ],
      [
        0
      ]
    ],
    "behind": [
      [
        1,
        2,
        3,
        4,
        5,
        6,
        7
      ],
      [
        2,
        3,
        4,
        6
      ],
      [
        3,
        6
      ],
      [
        6
      ],
      [
        2,
        3,
        6
      ],
      [
        1,
        2,
        3,
        4,
        6
      ],
      [],
      [
        1,
        2,
        3,
        4,
        5,
        6
      ]
    ]
  },
  "objects": [
    {
      "color": "blue",
      "material": "rubber",
      "pixel_coords": [
        186,
        148,
        9.038113594055176
      ],
      "3d_coords": [
        2.553208112716675,
        -1.328263282775879,
        0.699999988079071
      ],
      "size": "large",
      "rotation": 341.3210054790757,
      "shape": "cylinder"
    },
    {
      "color": "blue",
      "material": "rubber",
      "pixel_coords": [
        267,
        120,
        11.120474815368652
      ],
      "3d_coords": [
        2.7001779079437256,
        2.180520534515381,
        0.3499999940395355
      ],
      "size": "small",
      "rotation": 112.75766293993287,
      "shape": "sphere"
    },
    {
      "color": "blue",
      "material": "rubber",
      "pixel_coords": [
        233,
        87,
        12.54957389831543
      ],
      "3d_coords": [
        0.8164392709732056,
        2.772186517715454,
        0.699999988079071
      ],
      "size": "large",
      "rotation": 232.2167168148206,
      "shape": "cube"
    },
    {
      "color": "blue",
      "material": "rubber",
      "pixel_coords": [
        135,
        84,
        13.25568675994873
      ],
      "3d_coords": [
        -2.049607753753662,
        0.5283184051513672,
        0.5249999761581421
      ],
      "size": "medium",
      "rotation": 334.4749316105696,
      "shape": "cylinder"
    },
    {
      "color": "blue",
      "material": "rubber",
      "pixel_coords": [
        52,
        107,
        11.905637741088867
      ],
      "3d_coords": [
        -2.6089882850646973,
        -2.618527412414551,
        0.3499999940395355
      ],
      "size": "small",
      "rotation": 262.14592327207123,
      "shape": "cube"
    },
    {
      "color": "blue",
      "material": "rubber",
      "pixel_coords": [
        87,
        129,
        10.60936164855957
      ],
      "3d_coords": [
        -0.5366171598434448,
        -2.469748020172119,
        0.3499999940395355
      ],
      "size": "small",
      "rotation": 108.17285344350837,
      "shape": "cylinder"
    },
    {
      "color": "blue",
      "material": "rubber",
      "pixel_coords": [
        201,
        78,
        13.783935546875
      ],
      "3d_coords": [
        -0.845278799533844,
        2.8475797176361084,
        0.5249999761581421
      ],
      "size": "medium",
      "rotation": 157.82774078275716,
      "shape": "sphere"
    },
    {
      "color": "red",
      "material": "rubber",
      "pixel_coords": [
        150,
        131,
        10.131274223327637
      ],
      "3d_coords": [
        1.063575029373169,
        -1.2989884614944458,
        0.5249999761581421
      ],
      "size": "medium",
      "rotation": 267.1282898657648,
      "shape": "cube"
    }
  ]
}