{
  "relationships": {
    "front": [
      [
        1,
        2,
        3,
        4,
        5,
        6
      ],
      [
        2
      ],
      [],
      [
        1,
        2,
        5,
        6
      ],
      [
        1,
        2,
        3,
        5,
        6
      ],
      [
        1,
        2,
        6
      ],
      [
        1,
        2
      ],
      [
        0,
        1,
        2,
        3,
        4,
        5,
        6
      ]
    ],
    "right": [
      [
        3,
        5
      ],
      [
        0,
        2,
        3,
        4,
        5,
        6,
        7
      ],
      [
        0,
        3,
        5,
        6,
        7
      ],
      [
        5
      ],
      [
        0,
        2,
        3,
        5,
        6,
        7
      ],
      [],
      [
        0,
        3,
        5
      ],
      [
        0,
        3,
        5,
        6
      ]
    ],
    "left": [
      [
        1,
        2,
        4,
        6,
        7
      ],
      [],
      [
        1,
        4
      ],
      [
        0,
        1,
        2,
        4,
        6,
        7
      ],
      [
        1
      ],
      [
        0,
        1,
        2,
        3,
        4,
        6,
        7
      ],
      [
        1,
        2,
        4,
        7
      ],
      [
        1,
        2,
        4
      ]
    ],
    "behind": [
      [
        7
      ],
      [
        0,
        3,
        4,
        5,
        6,
        7
      ],
      [
        0,
        1,
        3,
        4,
        5,
        6,
        7
      ],
      [
        0,
        4,
        7
      ],
      [
        0,
        7
      ],
      [
        0,
        3,
        4,
        7
      ],
      [
        0,
        3,
        4,
        5,
        7
      ],
      []
    ]
  },
  "intruder_pos": [
    [
      159,
      162
    ],
    [
      184,
      194
    ]
  ],
  "image_filename": "CLEVR_new_001311.png",
  "directions": {
    "below": [
      -0.0,
      -0.0,
      -1.0
    ],
    "right": [
      0.6563112735748291,
      0.7544902563095093,
      -0.0
    ],
    "behind": [
      -0.754490315914154,
      0.6563112735748291,
      0.0
    ],
    "front": [
      0.754490315914154,
      -0.6563112735748291,
      -0.0
    ],
    "above": [
      0.0,
      0.0,
      1.0
    ],
    "left": [
      -0.6563112735748291,
      -0.7544902563095093,
      0.0
    ]
  },
  "image_index": 1311,
  "split": "new",
  "objects": [
    {
      "3d_coords": [
        -0.9725220203399658,
        2.943166971206665,
        0.699999988079071
      ],
      "pixel_coords": [
        204,
        69,
        12.720417976379395
      ],
      "material": "rubber",
      "rotation": 44.37577955491624,
      "shape": "sphere",
      "color": "blue",
      "size": "large"
    },
    {
      "3d_coords": [
        0.009772646240890026,
        -2.6072683334350586,
        0.699999988079071
      ],
      "pixel_coords": [
        82,
        127,
        8.890351295471191
      ],
      "material": "rubber",
      "rotation": 173.0928566997755,
      "shape": "sphere",
      "color": "green",
      "size": "large"
    },
    {
      "3d_coords": [
        1.8548880815505981,
        -2.198817491531372,
        0.3499999940395355
      ],
      "pixel_coords": [
        139,
        165,
        8.04883861541748
      ],
      "material": "rubber",
      "rotation": 285.85861829503574,
      "shape": "sphere",
      "color": "red",
      "size": "small"
    },
    {
      "3d_coords": [
        0.8989982008934021,
        2.6031253337860107,
        0.3499999940395355
      ],
      "pixel_coords": [
        239,
        96,
        11.433675765991211
      ],
      "material": "rubber",
      "rotation": 213.59592411639156,
      "shape": "sphere",
      "color": "blue",
      "size": "small"
    },
    {
      "3d_coords": [
        -2.261190891265869,
        0.7621012330055237,
        0.5249999761581421
      ],
      "pixel_coords": [
        135,
        78,
        12.423169136047363
      ],
      "material": "rubber",
      "rotation": 136.42271863517828,
      "shape": "sphere",
      "color": "blue",
      "size": "medium"
    },
    {
      "3d_coords": [
        2.3338406085968018,
        2.825777292251587,
        0.699999988079071
      ],
      "pixel_coords": [
        283,
        98,
        10.431684494018555
      ],
      "material": "rubber",
      "rotation": 225.32048275049783,
      "shape": "sphere",
      "color": "red",
      "size": "large"
    },
    {
      "3d_coords": [
        1.3829327821731567,
        -0.055390629917383194,
        0.5249999761581421
      ],
      "pixel_coords": [
        191,
        122,
        9.507630348205566
      ],
      "material": "rubber",
      "rotation": 24.781374582345336,
      "shape": "sphere",
      "color": "blue",
      "size": "medium"
    },
    {
      "3d_coords": [
        -2.7704918384552,
        2.9832122325897217,
        0.5249999761581421
      ],
      "pixel_coords": [
        172,
        61,
        14.033933639526367
      ],
      "material": "rubber",
      "rotation": 64.30831942190555,
      "shape": "cylinder",
      "color": "green",
      "size": "medium"
    }
  ]
}