{
  "split": "new",
  "intruder_pos": [
    [
      43,
      129
    ],
    [
      82,
      167
    ]
  ],
  "relationships": {
    "front": [
      [],
      [
        0,
        2,
        3,
        4,
        5,
        6,
        7
      ],
      [
        0,
        3,
        4,
        5,
        6,
        7
      ],
      [
        0
      ],
      [
        0,
        3,
        5
      ],
      [
        0,
        3
      ],
      [
        0,
        3,
        4,
        5
      ],
      [
        0,
        3,
        4,
        5,
        6
      ]
    ],
    "left": [
      [
        3,
        6,
        7
      ],
      [
        0,
        3,
        6,
        7
      ],
      [
        0,
        1,
        3,
        5,
        6,
        7
      ],
      [
        6,
        7
      ],
      [
        0,
        1,
        2,
        3,
        5,
        6,
        7
      ],
      [
        0,
        1,
        3,
        6,
        7
      ],
      [
        7
      ],
      []
    ],
    "behind": [
      [
        1,
        2,
        3,
        4,
        5,
        6,
        7
      ],
      [],
      [
        1
      ],
      [
        1,
        2,
        4,
        5,
        6,
        7
      ],
      [
        1,
        2,
        6,
        7
      ],
      [
        1,
        2,
        4,
        6,
        7
      ],
      [
        1,
        2,
        7
      ],
      [
        1,
        2
      ]
    ],
    "right": [
      [
        1,
        2,
        4,
        5
      ],
      [
        2,
        4,
        5
      ],
      [
        4
      ],
      [
        0,
        1,
        2,
        4,
        5
      ],
      [],
      [
        2,
        4
      ],
      [
        0,
        1,
        2,
        3,
        4,
        5
      ],
      [
        0,
        1,
        2,
        3,
        4,
        5,
        6
      ]
    ]
  },
  "directions": {
    "front": [
      0.754490315914154,
      -0.6563112735748291,
      -0.0
    ],
    "above": [
      0.0,
      0.0,
      1.0
    ],
    "behind": [
      -0.754490315914154,
      0.6563112735748291,
      0.0
    ],
    "below": [
      -0.0,
      -0.0,
      -1.0
    ],
    "right": [
      0.6563112735748291,
      0.7544902563095093,
      -0.0
    ],
    "left": [
      -0.6563112735748291,
      -0.7544902563095093,
      0.0
    ]
  },
  "image_index": 412,
  "image_filename": "CLEVR_new_000412.png",
  "objects": [
    {
      "pixel_coords": [
        127,
        157,
        7.816953659057617
      ],
      "rotation": 220.76090315812905,
      "material": "rubber",
      "size": "large",
      "shape": "cube",
      "color": "blue",
      "3d_coords": [
        2.0086543560028076,
        -2.6335952281951904,
        0.699999988079071
      ]
    },
    {
      "pixel_coords": [
        164,
        73,
        14.015854835510254
      ],
      "rotation": 283.4631411810516,
      "material": "rubber",
      "size": "small",
      "shape": "sphere",
      "color": "blue",
      "3d_coords": [
        -2.5889527797698975,
        2.397136926651001,
        0.3499999940395355
      ]
    },
    {
      "pixel_coords": [
        202,
        74,
        12.79828929901123
      ],
      "rotation": 251.10918189754082,
      "material": "rubber",
      "size": "large",
      "shape": "cylinder",
      "color": "blue",
      "3d_coords": [
        -0.8026068210601807,
        2.6804959774017334,
        0.699999988079071
      ]
    },
    {
      "pixel_coords": [
        105,
        128,
        9.40959358215332
      ],
      "rotation": 59.53865781141274,
      "material": "rubber",
      "size": "medium",
      "shape": "cube",
      "color": "blue",
      "3d_coords": [
        0.23438680171966553,
        -2.1140263080596924,
        0.5249999761581421
      ]
    },
    {
      "pixel_coords": [
        250,
        108,
        10.120895385742188
      ],
      "rotation": 286.5233181072597,
      "material": "rubber",
      "size": "large",
      "shape": "cylinder",
      "color": "blue",
      "3d_coords": [
        2.1784658432006836,
        1.576216459274292,
        0.699999988079071
      ]
    },
    {
      "pixel_coords": [
        189,
        115,
        9.760453224182129
      ],
      "rotation": 53.80240742856891,
      "material": "rubber",
      "size": "large",
      "shape": "sphere",
      "color": "blue",
      "3d_coords": [
        1.3221755027770996,
        -0.07122521847486496,
        0.699999988079071
      ]
    },
    {
      "pixel_coords": [
        87,
        105,
        10.748699188232422
      ],
      "rotation": 167.54244181436437,
      "material": "rubber",
      "size": "medium",
      "shape": "cube",
      "color": "blue",
      "3d_coords": [
        -1.4046865701675415,
        -1.738197922706604,
        0.5249999761581421
      ]
    },
    {
      "pixel_coords": [
        65,
        91,
        11.775185585021973
      ],
      "rotation": 315.0026594282967,
      "material": "rubber",
      "size": "medium",
      "shape": "cube",
      "color": "red",
      "3d_coords": [
        -2.908398151397705,
        -1.7448134422302246,
        0.5249999761581421
      ]
    }
  ]
}