{
  "split": "new",
  "intruder_pos": [
    [
      72,
      134
    ],
    [
      95,
      159
    ]
  ],
  "relationships": {
    "front": [
      [
        1,
        2,
        3,
        4,
        5,
        6,
        7
      ],
      [
        5,
        6
      ],
      [
        1,
        4,
        5,
        6
      ],
      [
        1,
        2,
        4,
        5,
        6
      ],
      [
        1,
        5,
        6
      ],
      [
        6
      ],
      [],
      [
        1,
        2,
        3,
        4,
        5,
        6
      ]
    ],
    "left": [
      [
        1,
        3,
        4,
        6,
        7
      ],
      [
        4,
        7
      ],
      [
        0,
        1,
        3,
        4,
        5,
        6,
        7
      ],
      [
        1,
        4,
        7
      ],
      [],
      [
        0,
        1,
        3,
        4,
        6,
        7
      ],
      [
        1,
        3,
        4,
        7
      ],
      [
        4
      ]
    ],
    "behind": [
      [],
      [
        0,
        2,
        3,
        4,
        7
      ],
      [
        0,
        3,
        7
      ],
      [
        0,
        7
      ],
      [
        0,
        2,
        3,
        7
      ],
      [
        0,
        1,
        2,
        3,
        4,
        7
      ],
      [
        0,
        1,
        2,
        3,
        4,
        5,
        7
      ],
      [
        0
      ]
    ],
    "right": [
      [
        2,
        5
      ],
      [
        0,
        2,
        3,
        5,
        6
      ],
      [],
      [
        0,
        2,
        5,
        6
      ],
      [
        0,
        1,
        2,
        3,
        5,
        6,
        7
      ],
      [
        2
      ],
      [
        0,
        2,
        5
      ],
      [
        0,
        1,
        2,
        3,
        5,
        6
      ]
    ]
  },
  "directions": {
    "front": [
      0.754490315914154,
      -0.6563112735748291,
      -0.0
    ],
    "above": [
      0.0,
      0.0,
      1.0
    ],
    "behind": [
      -0.754490315914154,
      0.6563112735748291,
      0.0
    ],
    "below": [
      -0.0,
      -0.0,
      -1.0
    ],
    "right": [
      0.6563112735748291,
      0.7544902563095093,
      -0.0
    ],
    "left": [
      -0.6563112735748291,
      -0.7544902563095093,
      0.0
    ]
  },
  "image_index": 375,
  "image_filename": "CLEVR_new_000375.png",
  "objects": [
    {
      "pixel_coords": [
        186,
        81,
        13.381665229797363
      ],
      "rotation": 268.24527034344226,
      "material": "rubber",
      "size": "medium",
      "shape": "cylinder",
      "color": "green",
      "3d_coords": [
        -0.9712464809417725,
        2.2447001934051514,
        0.5249999761581421
      ]
    },
    {
      "pixel_coords": [
        118,
        115,
        10.819629669189453
      ],
      "rotation": 281.5480098100452,
      "material": "rubber",
      "size": "medium",
      "shape": "cylinder",
      "color": "green",
      "3d_coords": [
        -0.385042279958725,
        -1.3915294408798218,
        0.5249999761581421
      ]
    },
    {
      "pixel_coords": [
        226,
        96,
        11.630058288574219
      ],
      "rotation": 74.11247307483421,
      "material": "rubber",
      "size": "large",
      "shape": "cylinder",
      "color": "green",
      "3d_coords": [
        1.233945608139038,
        1.8592363595962524,
        0.699999988079071
      ]
    },
    {
      "pixel_coords": [
        148,
        88,
        12.246057510375977
      ],
      "rotation": 350.6825073962093,
      "material": "rubber",
      "size": "large",
      "shape": "cylinder",
      "color": "blue",
      "3d_coords": [
        -1.0471535921096802,
        0.4025757610797882,
        0.699999988079071
      ]
    },
    {
      "pixel_coords": [
        45,
        110,
        11.135239601135254
      ],
      "rotation": 254.18076983597973,
      "material": "rubber",
      "size": "medium",
      "shape": "cylinder",
      "color": "blue",
      "3d_coords": [
        -2.258850336074829,
        -2.905785083770752,
        0.5249999761581421
      ]
    },
    {
      "pixel_coords": [
        215,
        134,
        10.115494728088379
      ],
      "rotation": 102.92589952188361,
      "material": "rubber",
      "size": "small",
      "shape": "cylinder",
      "color": "red",
      "3d_coords": [
        2.218996286392212,
        0.13452395796775818,
        0.3499999940395355
      ]
    },
    {
      "pixel_coords": [
        189,
        173,
        8.45414924621582
      ],
      "rotation": 197.0871340626945,
      "material": "rubber",
      "size": "small",
      "shape": "cylinder",
      "color": "blue",
      "3d_coords": [
        2.9975857734680176,
        -1.7893933057785034,
        0.3499999940395355
      ]
    },
    {
      "pixel_coords": [
        84,
        93,
        12.77044677734375
      ],
      "rotation": 211.7802044590524,
      "material": "rubber",
      "size": "small",
      "shape": "cube",
      "color": "blue",
      "3d_coords": [
        -2.9459121227264404,
        -1.0610709190368652,
        0.3499999940395355
      ]
    }
  ]
}