{
  "image_filename": "CLEVR_new_001404.png",
  "directions": {
    "left": [
      -0.6563112735748291,
      -0.7544902563095093,
      0.0
    ],
    "right": [
      0.6563112735748291,
      0.7544902563095093,
      -0.0
    ],
    "front": [
      0.754490315914154,
      -0.6563112735748291,
      -0.0
    ],
    "behind": [
      -0.754490315914154,
      0.6563112735748291,
      0.0
    ],
    "below": [
      -0.0,
      -0.0,
      -1.0
    ],
    "above": [
      0.0,
      0.0,
      1.0
    ]
  },
  "intruder_pos": [
    [
      93,
      72
    ],
    [
      132,
      111
    ]
  ],
  "image_index": 1404,
  "split": "new",
  "relationships": {
    "left": [
      [
        1,
        2,
        3,
        5,
        6,
        7
      ],
      [
        2,
        5,
        6,
        7
      ],
      [
        6
      ],
      [
        1,
        2,
        5,
        6,
        7
      ],
      [
        0,
        1,
        2,
        3,
        5,
        6,
        7
      ],
      [
        2,
        6,
        7
      ],
      [],
      [
        2,
        6
      ]
    ],
    "right": [
      [
        4
      ],
      [
        0,
        3,
        4
      ],
      [
        0,
        1,
        3,
        4,
        5,
        7
      ],
      [
        0,
        4
      ],
      [],
      [
        0,
        1,
        3,
        4
      ],
      [
        0,
        1,
        2,
        3,
        4,
        5,
        7
      ],
      [
        0,
        1,
        3,
        4,
        5
      ]
    ],
    "front": [
      [
        1,
        7
      ],
      [],
      [
        0,
        1,
        7
      ],
      [
        0,
        1,
        2,
        4,
        5,
        6,
        7
      ],
      [
        0,
        1,
        2,
        5,
        7
      ],
      [
        0,
        1,
        2,
        7
      ],
      [
        0,
        1,
        2,
        4,
        5,
        7
      ],
      [
        1
      ]
    ],
    "behind": [
      [
        2,
        3,
        4,
        5,
        6
      ],
      [
        0,
        2,
        3,
        4,
        5,
        6,
        7
      ],
      [
        3,
        4,
        5,
        6
      ],
      [],
      [
        3,
        6
      ],
      [
        3,
        4,
        6
      ],
      [
        3
      ],
      [
        0,
        2,
        3,
        4,
        5,
        6
      ]
    ]
  },
  "objects": [
    {
      "color": "red",
      "material": "rubber",
      "pixel_coords": [
        209,
        133,
        9.84557819366455
      ],
      "3d_coords": [
        2.1927595138549805,
        -0.06386322528123856,
        0.5249999761581421
      ],
      "size": "medium",
      "rotation": 264.4591228007733,
      "shape": "cylinder"
    },
    {
      "color": "blue",
      "material": "rubber",
      "pixel_coords": [
        159,
        182,
        8.234552383422852
      ],
      "3d_coords": [
        2.7648491859436035,
        -2.379725694656372,
        0.3499999940395355
      ],
      "size": "small",
      "rotation": 259.84656644179546,
      "shape": "cylinder"
    },
    {
      "color": "blue",
      "material": "rubber",
      "pixel_coords": [
        99,
        112,
        10.973184585571289
      ],
      "3d_coords": [
        -0.9178736805915833,
        -1.7352573871612549,
        0.5249999761581421
      ],
      "size": "medium",
      "rotation": 295.66162906728437,
      "shape": "cylinder"
    },
    {
      "color": "blue",
      "material": "rubber",
      "pixel_coords": [
        180,
        86,
        13.200969696044922
      ],
      "3d_coords": [
        -1.0501269102096558,
        1.8874797821044922,
        0.3499999940395355
      ],
      "size": "small",
      "rotation": 102.67532798249307,
      "shape": "cylinder"
    },
    {
      "color": "red",
      "material": "rubber",
      "pixel_coords": [
        244,
        90,
        11.98682689666748
      ],
      "3d_coords": [
        1.2323211431503296,
        2.7298576831817627,
        0.699999988079071
      ],
      "size": "large",
      "rotation": 148.80601682394598,
      "shape": "cylinder"
    },
    {
      "color": "red",
      "material": "rubber",
      "pixel_coords": [
        144,
        108,
        11.568794250488281
      ],
      "3d_coords": [
        -0.4606093168258667,
        -0.2962849736213684,
        0.3499999940395355
      ],
      "size": "small",
      "rotation": 81.49636691910122,
      "shape": "cylinder"
    },
    {
      "color": "green",
      "material": "rubber",
      "pixel_coords": [
        81,
        89,
        12.532010078430176
      ],
      "3d_coords": [
        -2.8742196559906006,
        -1.288653016090393,
        0.5249999761581421
      ],
      "size": "medium",
      "rotation": 151.05870073447608,
      "shape": "cylinder"
    },
    {
      "color": "blue",
      "material": "rubber",
      "pixel_coords": [
        113,
        148,
        9.181136131286621
      ],
      "3d_coords": [
        1.0831482410430908,
        -2.540437936782837,
        0.5249999761581421
      ],
      "size": "medium",
      "rotation": 10.944771107120669,
      "shape": "sphere"
    }
  ]
}