{
  "relationships": {
    "front": [
      [
        2
      ],
      [
        0,
        2,
        6
      ],
      [],
      [
        0,
        1,
        2,
        4,
        5,
        6,
        7
      ],
      [
        0,
        1,
        2,
        6,
        7
      ],
      [
        0,
        1,
        2,
        4,
        6,
        7
      ],
      [
        0,
        2
      ],
      [
        0,
        1,
        2,
        6
      ]
    ],
    "right": [
      [
        1,
        2,
        3,
        4,
        5,
        6,
        7
      ],
      [
        6,
        7
      ],
      [
        1,
        3,
        4,
        6,
        7
      ],
      [
        1,
        4,
        6,
        7
      ],
      [
        1,
        6,
        7
      ],
      [
        1,
        2,
        3,
        4,
        6,
        7
      ],
      [
        7
      ],
      []
    ],
    "left": [
      [],
      [
        0,
        2,
        3,
        4,
        5
      ],
      [
        0,
        5
      ],
      [
        0,
        2,
        5
      ],
      [
        0,
        2,
        3,
        5
      ],
      [
        0
      ],
      [
        0,
        1,
        2,
        3,
        4,
        5
      ],
      [
        0,
        1,
        2,
        3,
        4,
        5,
        6
      ]
    ],
    "behind": [
      [
        1,
        3,
        4,
        5,
        6,
        7
      ],
      [
        3,
        4,
        5,
        7
      ],
      [
        0,
        1,
        3,
        4,
        5,
        6,
        7
      ],
      [],
      [
        3,
        5
      ],
      [
        3
      ],
      [
        1,
        3,
        4,
        5,
        7
      ],
      [
        3,
        4,
        5
      ]
    ]
  },
  "intruder_pos": [
    [
      233,
      131
    ],
    [
      256,
      156
    ]
  ],
  "image_filename": "CLEVR_new_001314.png",
  "directions": {
    "below": [
      -0.0,
      -0.0,
      -1.0
    ],
    "right": [
      0.6563112735748291,
      0.7544902563095093,
      -0.0
    ],
    "behind": [
      -0.754490315914154,
      0.6563112735748291,
      0.0
    ],
    "front": [
      0.754490315914154,
      -0.6563112735748291,
      -0.0
    ],
    "above": [
      0.0,
      0.0,
      1.0
    ],
    "left": [
      -0.6563112735748291,
      -0.7544902563095093,
      0.0
    ]
  },
  "image_index": 1314,
  "split": "new",
  "objects": [
    {
      "3d_coords": [
        -0.9060213565826416,
        -2.238865613937378,
        0.5249999761581421
      ],
      "pixel_coords": [
        80,
        117,
        9.968682289123535
      ],
      "material": "rubber",
      "rotation": 101.29345174987819,
      "shape": "sphere",
      "color": "green",
      "size": "medium"
    },
    {
      "3d_coords": [
        0.6895564794540405,
        1.6472194194793701,
        0.3499999940395355
      ],
      "pixel_coords": [
        212,
        102,
        11.312681198120117
      ],
      "material": "rubber",
      "rotation": 234.08578654091406,
      "shape": "sphere",
      "color": "green",
      "size": "small"
    },
    {
      "3d_coords": [
        1.4361873865127563,
        -2.486191987991333,
        0.699999988079071
      ],
      "pixel_coords": [
        122,
        146,
        8.189225196838379
      ],
      "material": "rubber",
      "rotation": 268.6161484505343,
      "shape": "cylinder",
      "color": "green",
      "size": "large"
    },
    {
      "3d_coords": [
        -2.966522693634033,
        2.493425130844116,
        0.3499999940395355
      ],
      "pixel_coords": [
        157,
        69,
        14.242232322692871
      ],
      "material": "rubber",
      "rotation": 245.72722649540606,
      "shape": "cube",
      "color": "green",
      "size": "small"
    },
    {
      "3d_coords": [
        -0.707781970500946,
        1.4003890752792358,
        0.3499999940395355
      ],
      "pixel_coords": [
        176,
        92,
        12.091484069824219
      ],
      "material": "rubber",
      "rotation": 104.96133768583643,
      "shape": "sphere",
      "color": "green",
      "size": "small"
    },
    {
      "3d_coords": [
        -2.549358367919922,
        -0.06665124744176865,
        0.3499999940395355
      ],
      "pixel_coords": [
        111,
        88,
        12.435418128967285
      ],
      "material": "rubber",
      "rotation": 234.90977163709755,
      "shape": "cube",
      "color": "green",
      "size": "small"
    },
    {
      "3d_coords": [
        1.872254729270935,
        1.5944411754608154,
        0.3499999940395355
      ],
      "pixel_coords": [
        241,
        114,
        10.497082710266113
      ],
      "material": "rubber",
      "rotation": 223.99127995239638,
      "shape": "sphere",
      "color": "green",
      "size": "small"
    },
    {
      "3d_coords": [
        1.1177581548690796,
        2.8178586959838867,
        0.3499999940395355
      ],
      "pixel_coords": [
        245,
        96,
        11.728550910949707
      ],
      "material": "rubber",
      "rotation": 350.9285771485964,
      "shape": "cylinder",
      "color": "red",
      "size": "small"
    }
  ]
}