{
  "image_filename": "CLEVR_new_001457.png",
  "directions": {
    "left": [
      -0.6563112735748291,
      -0.7544902563095093,
      0.0
    ],
    "right": [
      0.6563112735748291,
      0.7544902563095093,
      -0.0
    ],
    "front": [
      0.754490315914154,
      -0.6563112735748291,
      -0.0
    ],
    "behind": [
      -0.754490315914154,
      0.6563112735748291,
      0.0
    ],
    "below": [
      -0.0,
      -0.0,
      -1.0
    ],
    "above": [
      0.0,
      0.0,
      1.0
    ]
  },
  "intruder_pos": [
    [
      200,
      90
    ],
    [
      224,
      114
    ]
  ],
  "image_index": 1457,
  "split": "new",
  "relationships": {
    "left": [
      [
        2
      ],
      [
        0,
        2,
        3,
        5
      ],
      [],
      [
        0,
        2,
        5
      ],
      [
        0,
        1,
        2,
        3,
        5,
        6,
        7
      ],
      [
        0,
        2
      ],
      [
        0,
        1,
        2,
        3,
        5
      ],
      [
        0,
        1,
        2,
        3,
        5,
        6
      ]
    ],
    "right": [
      [
        1,
        3,
        4,
        5,
        6,
        7
      ],
      [
        4,
        6,
        7
      ],
      [
        0,
        1,
        3,
        4,
        5,
        6,
        7
      ],
      [
        1,
        4,
        6,
        7
      ],
      [],
      [
        1,
        3,
        4,
        6,
        7
      ],
      [
        4,
        7
      ],
      [
        4
      ]
    ],
    "front": [
      [
        2,
        5,
        6,
        7
      ],
      [
        0,
        2,
        5,
        6,
        7
      ],
      [
        5,
        6,
        7
      ],
      [
        0,
        1,
        2,
        4,
        5,
        6,
        7
      ],
      [
        0,
        1,
        2,
        5,
        6,
        7
      ],
      [
        6
      ],
      [],
      [
        5,
        6
      ]
    ],
    "behind": [
      [
        1,
        3,
        4
      ],
      [
        3,
        4
      ],
      [
        0,
        1,
        3,
        4
      ],
      [],
      [
        3
      ],
      [
        0,
        1,
        2,
        3,
        4,
        7
      ],
      [
        0,
        1,
        2,
        3,
        4,
        5,
        7
      ],
      [
        0,
        1,
        2,
        3,
        4
      ]
    ]
  },
  "objects": [
    {
      "color": "green",
      "material": "rubber",
      "pixel_coords": [
        108,
        106,
        10.939176559448242
      ],
      "3d_coords": [
        -0.7351899147033691,
        -1.5216624736785889,
        0.699999988079071
      ],
      "size": "large",
      "rotation": 254.58526881130467,
      "shape": "cube"
    },
    {
      "color": "green",
      "material": "rubber",
      "pixel_coords": [
        159,
        100,
        11.801392555236816
      ],
      "3d_coords": [
        -0.35913994908332825,
        0.26716354489326477,
        0.5249999761581421
      ],
      "size": "medium",
      "rotation": 254.2176786518671,
      "shape": "cube"
    },
    {
      "color": "green",
      "material": "rubber",
      "pixel_coords": [
        69,
        130,
        10.201106071472168
      ],
      "3d_coords": [
        -0.6410478949546814,
        -2.9363582134246826,
        0.3499999940395355
      ],
      "size": "small",
      "rotation": 329.24689472263265,
      "shape": "cube"
    },
    {
      "color": "green",
      "material": "rubber",
      "pixel_coords": [
        142,
        72,
        13.985919952392578
      ],
      "3d_coords": [
        -2.707494020462036,
        1.3809922933578491,
        0.699999988079071
      ],
      "size": "large",
      "rotation": 120.63357741031572,
      "shape": "sphere"
    },
    {
      "color": "green",
      "material": "rubber",
      "pixel_coords": [
        227,
        86,
        12.584903717041016
      ],
      "3d_coords": [
        0.4923210144042969,
        2.7404983043670654,
        0.699999988079071
      ],
      "size": "large",
      "rotation": 239.5157640242991,
      "shape": "cube"
    },
    {
      "color": "green",
      "material": "rubber",
      "pixel_coords": [
        113,
        148,
        9.29444408416748
      ],
      "3d_coords": [
        1.0309836864471436,
        -2.525075674057007,
        0.3499999940395355
      ],
      "size": "small",
      "rotation": 49.75315398523856,
      "shape": "cube"
    },
    {
      "color": "green",
      "material": "rubber",
      "pixel_coords": [
        187,
        161,
        8.725125312805176
      ],
      "3d_coords": [
        2.761946201324463,
        -1.4665470123291016,
        0.3499999940395355
      ],
      "size": "small",
      "rotation": 135.02527913715008,
      "shape": "cylinder"
    },
    {
      "color": "blue",
      "material": "rubber",
      "pixel_coords": [
        213,
        138,
        9.789941787719727
      ],
      "3d_coords": [
        2.377704620361328,
        -0.0936184898018837,
        0.3499999940395355
      ],
      "size": "small",
      "rotation": 261.23115874887486,
      "shape": "sphere"
    }
  ]
}