{
  "split": "new",
  "intruder_pos": [
    [
      264,
      120
    ],
    [
      300,
      153
    ]
  ],
  "relationships": {
    "front": [
      [
        2,
        3,
        4,
        5,
        6,
        7
      ],
      [
        0,
        2,
        3,
        4,
        5,
        6,
        7
      ],
      [
        3,
        4,
        5,
        6
      ],
      [
        4,
        5
      ],
      [],
      [
        4
      ],
      [
        3,
        4,
        5
      ],
      [
        2,
        3,
        4,
        5,
        6
      ]
    ],
    "left": [
      [
        1,
        2,
        3,
        4,
        5
      ],
      [
        2,
        4
      ],
      [],
      [
        1,
        2,
        4
      ],
      [
        2
      ],
      [
        1,
        2,
        3,
        4
      ],
      [
        0,
        1,
        2,
        3,
        4,
        5
      ],
      [
        0,
        1,
        2,
        3,
        4,
        5,
        6
      ]
    ],
    "behind": [
      [
        1
      ],
      [],
      [
        0,
        1,
        7
      ],
      [
        0,
        1,
        2,
        6,
        7
      ],
      [
        0,
        1,
        2,
        3,
        5,
        6,
        7
      ],
      [
        0,
        1,
        2,
        3,
        6,
        7
      ],
      [
        0,
        1,
        2,
        7
      ],
      [
        0,
        1
      ]
    ],
    "right": [
      [
        6,
        7
      ],
      [
        0,
        3,
        5,
        6,
        7
      ],
      [
        0,
        1,
        3,
        4,
        5,
        6,
        7
      ],
      [
        0,
        5,
        6,
        7
      ],
      [
        0,
        1,
        3,
        5,
        6,
        7
      ],
      [
        0,
        6,
        7
      ],
      [
        7
      ],
      []
    ]
  },
  "directions": {
    "front": [
      0.754490315914154,
      -0.6563112735748291,
      -0.0
    ],
    "above": [
      0.0,
      0.0,
      1.0
    ],
    "behind": [
      -0.754490315914154,
      0.6563112735748291,
      0.0
    ],
    "below": [
      -0.0,
      -0.0,
      -1.0
    ],
    "right": [
      0.6563112735748291,
      0.7544902563095093,
      -0.0
    ],
    "left": [
      -0.6563112735748291,
      -0.7544902563095093,
      0.0
    ]
  },
  "image_index": 279,
  "image_filename": "CLEVR_new_000279.png",
  "objects": [
    {
      "pixel_coords": [
        212,
        86,
        11.343060493469238
      ],
      "rotation": 59.25599869862398,
      "material": "rubber",
      "size": "large",
      "shape": "cylinder",
      "color": "green",
      "3d_coords": [
        0.2927152216434479,
        1.9619483947753906,
        0.699999988079071
      ]
    },
    {
      "pixel_coords": [
        147,
        63,
        13.44918441772461
      ],
      "rotation": 115.07799716146079,
      "material": "rubber",
      "size": "large",
      "shape": "cylinder",
      "color": "green",
      "3d_coords": [
        -2.9303884506225586,
        1.8072707653045654,
        0.699999988079071
      ]
    },
    {
      "pixel_coords": [
        77,
        113,
        10.36026668548584
      ],
      "rotation": 174.44728743115428,
      "material": "rubber",
      "size": "small",
      "shape": "cylinder",
      "color": "red",
      "3d_coords": [
        -1.3936163187026978,
        -2.0408246517181396,
        0.3499999940395355
      ]
    },
    {
      "pixel_coords": [
        168,
        133,
        9.283185958862305
      ],
      "rotation": 64.44297650068359,
      "material": "rubber",
      "size": "small",
      "shape": "cylinder",
      "color": "blue",
      "3d_coords": [
        1.2580097913742065,
        -0.7680841088294983,
        0.3499999940395355
      ]
    },
    {
      "pixel_coords": [
        100,
        161,
        7.795353889465332
      ],
      "rotation": 286.3782294368203,
      "material": "rubber",
      "size": "medium",
      "shape": "cylinder",
      "color": "green",
      "3d_coords": [
        1.470852255821228,
        -2.974701166152954,
        0.5249999761581421
      ]
    },
    {
      "pixel_coords": [
        200,
        154,
        8.40511703491211
      ],
      "rotation": 213.82739999279818,
      "material": "rubber",
      "size": "small",
      "shape": "cylinder",
      "color": "blue",
      "3d_coords": [
        2.4846692085266113,
        -0.842901885509491,
        0.3499999940395355
      ]
    },
    {
      "pixel_coords": [
        235,
        116,
        9.792105674743652
      ],
      "rotation": 273.82906857091814,
      "material": "rubber",
      "size": "medium",
      "shape": "cylinder",
      "color": "red",
      "3d_coords": [
        1.9553238153457642,
        1.0903990268707275,
        0.5249999761581421
      ]
    },
    {
      "pixel_coords": [
        282,
        103,
        10.591010093688965
      ],
      "rotation": 72.77975998514358,
      "material": "rubber",
      "size": "medium",
      "shape": "sphere",
      "color": "blue",
      "3d_coords": [
        2.30491042137146,
        2.9021458625793457,
        0.5249999761581421
      ]
    }
  ]
}