{
  "split": "new",
  "intruder_pos": [
    [
      120,
      153
    ],
    [
      155,
      189
    ]
  ],
  "relationships": {
    "front": [
      [],
      [
        0,
        2,
        3,
        4,
        5
      ],
      [
        0,
        3,
        5
      ],
      [
        0
      ],
      [
        0,
        2,
        3,
        5
      ],
      [
        0,
        3
      ],
      [
        0,
        1,
        2,
        3,
        4,
        5
      ]
    ],
    "left": [
      [
        3,
        4,
        5,
        6
      ],
      [
        0,
        3,
        4,
        5,
        6
      ],
      [
        0,
        1,
        3,
        4,
        5,
        6
      ],
      [
        4
      ],
      [],
      [
        3,
        4,
        6
      ],
      [
        3,
        4
      ]
    ],
    "behind": [
      [
        1,
        2,
        3,
        4,
        5,
        6
      ],
      [
        6
      ],
      [
        1,
        4,
        6
      ],
      [
        1,
        2,
        4,
        5,
        6
      ],
      [
        1,
        6
      ],
      [
        1,
        2,
        4,
        6
      ],
      []
    ],
    "right": [
      [
        1,
        2
      ],
      [
        2
      ],
      [],
      [
        0,
        1,
        2,
        5,
        6
      ],
      [
        0,
        1,
        2,
        3,
        5,
        6
      ],
      [
        0,
        1,
        2
      ],
      [
        0,
        1,
        2,
        5
      ]
    ]
  },
  "directions": {
    "front": [
      0.754490315914154,
      -0.6563112735748291,
      -0.0
    ],
    "above": [
      0.0,
      0.0,
      1.0
    ],
    "behind": [
      -0.754490315914154,
      0.6563112735748291,
      0.0
    ],
    "below": [
      -0.0,
      -0.0,
      -1.0
    ],
    "right": [
      0.6563112735748291,
      0.7544902563095093,
      -0.0
    ],
    "left": [
      -0.6563112735748291,
      -0.7544902563095093,
      0.0
    ]
  },
  "image_index": 15,
  "image_filename": "CLEVR_new_000015.png",
  "objects": [
    {
      "pixel_coords": [
        177,
        149,
        8.947070121765137
      ],
      "rotation": 92.48499369586747,
      "material": "rubber",
      "size": "medium",
      "shape": "sphere",
      "color": "green",
      "3d_coords": [
        2.1431729793548584,
        -1.394486427307129,
        0.5249999761581421
      ]
    },
    {
      "pixel_coords": [
        210,
        79,
        12.710538864135742
      ],
      "rotation": 327.81186053177186,
      "material": "rubber",
      "size": "large",
      "shape": "cylinder",
      "color": "green",
      "3d_coords": [
        -0.11417757719755173,
        2.5969624519348145,
        0.699999988079071
      ]
    },
    {
      "pixel_coords": [
        270,
        106,
        11.53445053100586
      ],
      "rotation": 89.40130553646073,
      "material": "rubber",
      "size": "small",
      "shape": "cube",
      "color": "green",
      "3d_coords": [
        2.2354981899261475,
        2.887533187866211,
        0.3499999940395355
      ]
    },
    {
      "pixel_coords": [
        93,
        124,
        9.74016284942627
      ],
      "rotation": 137.98140145566302,
      "material": "rubber",
      "size": "large",
      "shape": "cylinder",
      "color": "green",
      "3d_coords": [
        -0.1578492671251297,
        -2.4109444618225098,
        0.699999988079071
      ]
    },
    {
      "pixel_coords": [
        76,
        89,
        11.91491413116455
      ],
      "rotation": 228.5787603243011,
      "material": "rubber",
      "size": "large",
      "shape": "cylinder",
      "color": "green",
      "3d_coords": [
        -2.649723529815674,
        -1.4642314910888672,
        0.699999988079071
      ]
    },
    {
      "pixel_coords": [
        150,
        110,
        10.481815338134766
      ],
      "rotation": 67.18899126408621,
      "material": "rubber",
      "size": "large",
      "shape": "sphere",
      "color": "green",
      "3d_coords": [
        0.30309078097343445,
        -0.675576388835907,
        0.699999988079071
      ]
    },
    {
      "pixel_coords": [
        139,
        69,
        13.661995887756348
      ],
      "rotation": 191.44277575515602,
      "material": "rubber",
      "size": "large",
      "shape": "sphere",
      "color": "red",
      "3d_coords": [
        -2.719024896621704,
        1.3789007663726807,
        0.699999988079071
      ]
    }
  ]
}