{
  "relationships": {
    "front": [
      [
        1,
        2,
        3,
        4,
        5,
        6
      ],
      [
        2,
        3,
        4,
        6
      ],
      [
        4
      ],
      [
        2,
        4
      ],
      [],
      [
        1,
        2,
        3,
        4,
        6
      ],
      [
        2,
        3,
        4
      ],
      [
        0,
        1,
        2,
        3,
        4,
        5,
        6
      ]
    ],
    "right": [
      [
        2,
        3
      ],
      [
        0,
        2,
        3,
        4,
        6,
        7
      ],
      [
        3
      ],
      [],
      [
        0,
        2,
        3,
        6
      ],
      [
        0,
        1,
        2,
        3,
        4,
        6,
        7
      ],
      [
        0,
        2,
        3
      ],
      [
        0,
        2,
        3,
        4,
        6
      ]
    ],
    "left": [
      [
        1,
        4,
        5,
        6,
        7
      ],
      [
        5
      ],
      [
        0,
        1,
        4,
        5,
        6,
        7
      ],
      [
        0,
        1,
        2,
        4,
        5,
        6,
        7
      ],
      [
        1,
        5,
        7
      ],
      [],
      [
        1,
        4,
        5,
        7
      ],
      [
        1,
        5
      ]
    ],
    "behind": [
      [
        7
      ],
      [
        0,
        5,
        7
      ],
      [
        0,
        1,
        3,
        5,
        6,
        7
      ],
      [
        0,
        1,
        5,
        6,
        7
      ],
      [
        0,
        1,
        2,
        3,
        5,
        6,
        7
      ],
      [
        0,
        7
      ],
      [
        0,
        1,
        5,
        7
      ],
      []
    ]
  },
  "intruder_pos": [
    [
      114,
      140
    ],
    [
      133,
      163
    ]
  ],
  "image_filename": "CLEVR_new_001036.png",
  "directions": {
    "below": [
      -0.0,
      -0.0,
      -1.0
    ],
    "right": [
      0.6563112735748291,
      0.7544902563095093,
      -0.0
    ],
    "behind": [
      -0.754490315914154,
      0.6563112735748291,
      0.0
    ],
    "front": [
      0.754490315914154,
      -0.6563112735748291,
      -0.0
    ],
    "above": [
      0.0,
      0.0,
      1.0
    ],
    "left": [
      -0.6563112735748291,
      -0.7544902563095093,
      0.0
    ]
  },
  "image_index": 1036,
  "split": "new",
  "objects": [
    {
      "3d_coords": [
        -0.6230994462966919,
        1.0487620830535889,
        0.5249999761581421
      ],
      "pixel_coords": [
        170,
        91,
        12.255875587463379
      ],
      "material": "rubber",
      "rotation": 24.372900886704947,
      "shape": "sphere",
      "color": "blue",
      "size": "medium"
    },
    {
      "3d_coords": [
        -1.0373185873031616,
        -1.6490052938461304,
        0.3499999940395355
      ],
      "pixel_coords": [
        99,
        115,
        10.990041732788086
      ],
      "material": "rubber",
      "rotation": 271.8542230074238,
      "shape": "sphere",
      "color": "blue",
      "size": "small"
    },
    {
      "3d_coords": [
        2.9287822246551514,
        0.0381033681333065,
        0.699999988079071
      ],
      "pixel_coords": [
        236,
        134,
        9.252912521362305
      ],
      "material": "rubber",
      "rotation": 308.25434932223715,
      "shape": "cube",
      "color": "blue",
      "size": "large"
    },
    {
      "3d_coords": [
        2.9430863857269287,
        1.5527268648147583,
        0.3499999940395355
      ],
      "pixel_coords": [
        266,
        127,
        10.314009666442871
      ],
      "material": "rubber",
      "rotation": 333.36211890576686,
      "shape": "cube",
      "color": "blue",
      "size": "small"
    },
    {
      "3d_coords": [
        2.2326595783233643,
        -2.816232204437256,
        0.699999988079071
      ],
      "pixel_coords": [
        135,
        165,
        7.995783805847168
      ],
      "material": "rubber",
      "rotation": 74.21390407294368,
      "shape": "cube",
      "color": "blue",
      "size": "large"
    },
    {
      "3d_coords": [
        -2.757232666015625,
        -2.9142813682556152,
        0.5249999761581421
      ],
      "pixel_coords": [
        35,
        105,
        11.271745681762695
      ],
      "material": "rubber",
      "rotation": 237.16710142971604,
      "shape": "cylinder",
      "color": "blue",
      "size": "medium"
    },
    {
      "3d_coords": [
        0.4558615982532501,
        -0.6616708636283875,
        0.3499999940395355
      ],
      "pixel_coords": [
        154,
        122,
        10.608314514160156
      ],
      "material": "rubber",
      "rotation": 121.10578865702587,
      "shape": "cube",
      "color": "blue",
      "size": "small"
    },
    {
      "3d_coords": [
        -2.3027114868164062,
        0.3068448305130005,
        0.3499999940395355
      ],
      "pixel_coords": [
        124,
        88,
        12.987519264221191
      ],
      "material": "rubber",
      "rotation": 233.45283673863207,
      "shape": "cube",
      "color": "red",
      "size": "small"
    }
  ]
}