{
  "split": "new",
  "intruder_pos": [
    [
      181,
      156
    ],
    [
      199,
      174
    ]
  ],
  "relationships": {
    "front": [
      [
        3,
        4,
        5
      ],
      [
        0,
        2,
        3,
        4,
        5
      ],
      [
        0,
        3,
        4,
        5
      ],
      [],
      [
        3
      ],
      [
        3,
        4
      ],
      [
        0,
        1,
        2,
        3,
        4,
        5
      ]
    ],
    "left": [
      [
        1,
        2,
        3,
        4,
        5,
        6
      ],
      [
        2,
        3,
        4,
        5
      ],
      [],
      [
        2,
        4,
        5
      ],
      [
        2
      ],
      [
        2,
        4
      ],
      [
        1,
        2,
        3,
        4,
        5
      ]
    ],
    "behind": [
      [
        1,
        2,
        6
      ],
      [
        6
      ],
      [
        1,
        6
      ],
      [
        0,
        1,
        2,
        4,
        5,
        6
      ],
      [
        0,
        1,
        2,
        5,
        6
      ],
      [
        0,
        1,
        2,
        6
      ],
      []
    ],
    "right": [
      [],
      [
        0,
        6
      ],
      [
        0,
        1,
        3,
        4,
        5,
        6
      ],
      [
        0,
        1,
        6
      ],
      [
        0,
        1,
        3,
        5,
        6
      ],
      [
        0,
        1,
        3,
        6
      ],
      [
        0
      ]
    ]
  },
  "directions": {
    "front": [
      0.754490315914154,
      -0.6563112735748291,
      -0.0
    ],
    "above": [
      0.0,
      0.0,
      1.0
    ],
    "behind": [
      -0.754490315914154,
      0.6563112735748291,
      0.0
    ],
    "below": [
      -0.0,
      -0.0,
      -1.0
    ],
    "right": [
      0.6563112735748291,
      0.7544902563095093,
      -0.0
    ],
    "left": [
      -0.6563112735748291,
      -0.7544902563095093,
      0.0
    ]
  },
  "image_index": 191,
  "image_filename": "CLEVR_new_000191.png",
  "objects": [
    {
      "pixel_coords": [
        276,
        113,
        10.327677726745605
      ],
      "rotation": 12.761439925446938,
      "material": "rubber",
      "size": "small",
      "shape": "cylinder",
      "color": "green",
      "3d_coords": [
        2.38676381111145,
        2.463118553161621,
        0.3499999940395355
      ]
    },
    {
      "pixel_coords": [
        168,
        91,
        11.772130966186523
      ],
      "rotation": 54.016326896629835,
      "material": "rubber",
      "size": "small",
      "shape": "cube",
      "color": "green",
      "3d_coords": [
        -0.9087998270988464,
        1.1305240392684937,
        0.3499999940395355
      ]
    },
    {
      "pixel_coords": [
        72,
        94,
        11.131688117980957
      ],
      "rotation": 330.3349289781098,
      "material": "rubber",
      "size": "medium",
      "shape": "sphere",
      "color": "green",
      "3d_coords": [
        -2.4326183795928955,
        -1.6127349138259888,
        0.5249999761581421
      ]
    },
    {
      "pixel_coords": [
        142,
        186,
        6.742061138153076
      ],
      "rotation": 178.22341137749055,
      "material": "rubber",
      "size": "large",
      "shape": "cylinder",
      "color": "green",
      "3d_coords": [
        2.8581526279449463,
        -2.9220638275146484,
        0.699999988079071
      ]
    },
    {
      "pixel_coords": [
        95,
        142,
        8.524991989135742
      ],
      "rotation": 75.14224564232786,
      "material": "rubber",
      "size": "medium",
      "shape": "cube",
      "color": "green",
      "3d_coords": [
        0.5934070944786072,
        -2.6088602542877197,
        0.5249999761581421
      ]
    },
    {
      "pixel_coords": [
        127,
        119,
        9.955041885375977
      ],
      "rotation": 329.15481017714023,
      "material": "rubber",
      "size": "small",
      "shape": "sphere",
      "color": "green",
      "3d_coords": [
        -0.13695603609085083,
        -1.1210664510726929,
        0.3499999940395355
      ]
    },
    {
      "pixel_coords": [
        190,
        74,
        13.204797744750977
      ],
      "rotation": 99.66849823469708,
      "material": "rubber",
      "size": "small",
      "shape": "sphere",
      "color": "red",
      "3d_coords": [
        -1.5658478736877441,
        2.849311113357544,
        0.3499999940395355
      ]
    }
  ]
}