{
  "image_filename": "CLEVR_new_001418.png",
  "directions": {
    "left": [
      -0.6563112735748291,
      -0.7544902563095093,
      0.0
    ],
    "right": [
      0.6563112735748291,
      0.7544902563095093,
      -0.0
    ],
    "front": [
      0.754490315914154,
      -0.6563112735748291,
      -0.0
    ],
    "behind": [
      -0.754490315914154,
      0.6563112735748291,
      0.0
    ],
    "below": [
      -0.0,
      -0.0,
      -1.0
    ],
    "above": [
      0.0,
      0.0,
      1.0
    ]
  },
  "intruder_pos": [
    [
      111,
      42
    ],
    [
      175,
      120
    ]
  ],
  "image_index": 1418,
  "split": "new",
  "relationships": {
    "left": [
      [
        1,
        2,
        3,
        4,
        6
      ],
      [
        2,
        3,
        4,
        6
      ],
      [
        3,
        4,
        6
      ],
      [],
      [
        3,
        6
      ],
      [
        0,
        1,
        2,
        3,
        4,
        6
      ],
      [
        3
      ]
    ],
    "right": [
      [
        5
      ],
      [
        0,
        5
      ],
      [
        0,
        1,
        5
      ],
      [
        0,
        1,
        2,
        4,
        5,
        6
      ],
      [
        0,
        1,
        2,
        5
      ],
      [],
      [
        0,
        1,
        2,
        4,
        5
      ]
    ],
    "front": [
      [
        1,
        3,
        5,
        6
      ],
      [
        6
      ],
      [
        0,
        1,
        3,
        5,
        6
      ],
      [
        1,
        6
      ],
      [
        0,
        1,
        2,
        3,
        5,
        6
      ],
      [
        1,
        3,
        6
      ],
      []
    ],
    "behind": [
      [
        2,
        4
      ],
      [
        0,
        2,
        3,
        4,
        5
      ],
      [
        4
      ],
      [
        0,
        2,
        4,
        5
      ],
      [],
      [
        0,
        2,
        4
      ],
      [
        0,
        1,
        2,
        3,
        4,
        5
      ]
    ]
  },
  "objects": [
    {
      "color": "green",
      "material": "rubber",
      "pixel_coords": [
        238,
        88,
        11.86074447631836
      ],
      "3d_coords": [
        1.0463483333587646,
        2.613929033279419,
        0.699999988079071
      ],
      "size": "large",
      "rotation": 302.89268463973076,
      "shape": "cylinder"
    },
    {
      "color": "blue",
      "material": "rubber",
      "pixel_coords": [
        229,
        145,
        9.4052152633667
      ],
      "3d_coords": [
        2.735424280166626,
        0.007882773876190186,
        0.3499999940395355
      ],
      "size": "small",
      "rotation": 253.19795198907116,
      "shape": "cylinder"
    },
    {
      "color": "green",
      "material": "rubber",
      "pixel_coords": [
        184,
        80,
        12.408146858215332
      ],
      "3d_coords": [
        -0.6142727732658386,
        1.739651083946228,
        0.699999988079071
      ],
      "size": "large",
      "rotation": 191.45932020093915,
      "shape": "cylinder"
    },
    {
      "color": "red",
      "material": "rubber",
      "pixel_coords": [
        95,
        129,
        9.789756774902344
      ],
      "3d_coords": [
        -0.16249486804008484,
        -2.337493419647217,
        0.5249999761581421
      ],
      "size": "medium",
      "rotation": 194.76887620957703,
      "shape": "cylinder"
    },
    {
      "color": "green",
      "material": "rubber",
      "pixel_coords": [
        169,
        59,
        14.39383602142334
      ],
      "3d_coords": [
        -2.6087701320648193,
        2.9328925609588623,
        0.699999988079071
      ],
      "size": "large",
      "rotation": 18.872682821548395,
      "shape": "cylinder"
    },
    {
      "color": "blue",
      "material": "rubber",
      "pixel_coords": [
        293,
        104,
        10.743660926818848
      ],
      "3d_coords": [
        2.9674880504608154,
        2.80824875831604,
        0.699999988079071
      ],
      "size": "large",
      "rotation": 262.40743508653117,
      "shape": "cylinder"
    },
    {
      "color": "green",
      "material": "rubber",
      "pixel_coords": [
        146,
        157,
        8.311450958251953
      ],
      "3d_coords": [
        2.0171287059783936,
        -2.3290441036224365,
        0.699999988079071
      ],
      "size": "large",
      "rotation": 357.3644504324636,
      "shape": "cube"
    }
  ]
}