{
  "relationships": {
    "front": [
      [
        3,
        5,
        6
      ],
      [
        0,
        3,
        5,
        6
      ],
      [
        0,
        1,
        3,
        4,
        5,
        6,
        7
      ],
      [
        5,
        6
      ],
      [
        0,
        1,
        3,
        5,
        6
      ],
      [
        6
      ],
      [],
      [
        0,
        1,
        3,
        4,
        5,
        6
      ]
    ],
    "right": [
      [],
      [
        0,
        2,
        3,
        4,
        5,
        6,
        7
      ],
      [
        0,
        3,
        7
      ],
      [
        0,
        7
      ],
      [
        0,
        2,
        3,
        6,
        7
      ],
      [
        0,
        2,
        3,
        4,
        6,
        7
      ],
      [
        0,
        2,
        3,
        7
      ],
      [
        0
      ]
    ],
    "left": [
      [
        1,
        2,
        3,
        4,
        5,
        6,
        7
      ],
      [],
      [
        1,
        4,
        5,
        6
      ],
      [
        1,
        2,
        4,
        5,
        6
      ],
      [
        1,
        5
      ],
      [
        1
      ],
      [
        1,
        4,
        5
      ],
      [
        1,
        2,
        3,
        4,
        5,
        6
      ]
    ],
    "behind": [
      [
        1,
        2,
        4,
        7
      ],
      [
        2,
        4,
        7
      ],
      [],
      [
        0,
        1,
        2,
        4,
        7
      ],
      [
        2,
        7
      ],
      [
        0,
        1,
        2,
        3,
        4,
        7
      ],
      [
        0,
        1,
        2,
        3,
        4,
        5,
        7
      ],
      [
        2
      ]
    ]
  },
  "intruder_pos": [
    [
      190,
      139
    ],
    [
      213,
      163
    ]
  ],
  "image_filename": "CLEVR_new_001206.png",
  "directions": {
    "below": [
      -0.0,
      -0.0,
      -1.0
    ],
    "right": [
      0.6563112735748291,
      0.7544902563095093,
      -0.0
    ],
    "behind": [
      -0.754490315914154,
      0.6563112735748291,
      0.0
    ],
    "front": [
      0.754490315914154,
      -0.6563112735748291,
      -0.0
    ],
    "above": [
      0.0,
      0.0,
      1.0
    ],
    "left": [
      -0.6563112735748291,
      -0.7544902563095093,
      0.0
    ]
  },
  "image_index": 1206,
  "split": "new",
  "objects": [
    {
      "3d_coords": [
        2.218778371810913,
        2.212073564529419,
        0.5249999761581421
      ],
      "pixel_coords": [
        257,
        108,
        11.265217781066895
      ],
      "material": "rubber",
      "rotation": 226.72063314990152,
      "shape": "cylinder",
      "color": "red",
      "size": "medium"
    },
    {
      "3d_coords": [
        -2.727700710296631,
        -2.8342390060424805,
        0.699999988079071
      ],
      "pixel_coords": [
        41,
        99,
        11.524399757385254
      ],
      "material": "rubber",
      "rotation": 221.22966754898465,
      "shape": "cylinder",
      "color": "red",
      "size": "large"
    },
    {
      "3d_coords": [
        -2.123565673828125,
        1.8546808958053589,
        0.699999988079071
      ],
      "pixel_coords": [
        160,
        72,
        13.875052452087402
      ],
      "material": "rubber",
      "rotation": 181.46105224932126,
      "shape": "sphere",
      "color": "red",
      "size": "large"
    },
    {
      "3d_coords": [
        1.2797179222106934,
        -0.20973075926303864,
        0.5249999761581421
      ],
      "pixel_coords": [
        183,
        121,
        10.469839096069336
      ],
      "material": "rubber",
      "rotation": 29.199646881301046,
      "shape": "cube",
      "color": "red",
      "size": "medium"
    },
    {
      "3d_coords": [
        -2.0898427963256836,
        -0.5279387831687927,
        0.699999988079071
      ],
      "pixel_coords": [
        110,
        87,
        12.453075408935547
      ],
      "material": "rubber",
      "rotation": 169.22207013377647,
      "shape": "cube",
      "color": "red",
      "size": "large"
    },
    {
      "3d_coords": [
        -0.29028433561325073,
        -2.7760636806488037,
        0.699999988079071
      ],
      "pixel_coords": [
        80,
        124,
        9.930890083312988
      ],
      "material": "rubber",
      "rotation": 141.71743978512418,
      "shape": "cube",
      "color": "red",
      "size": "large"
    },
    {
      "3d_coords": [
        1.466094970703125,
        -1.8512240648269653,
        0.3499999940395355
      ],
      "pixel_coords": [
        144,
        148,
        9.461246490478516
      ],
      "material": "rubber",
      "rotation": 344.9148908245432,
      "shape": "cylinder",
      "color": "red",
      "size": "small"
    },
    {
      "3d_coords": [
        -0.4319410026073456,
        2.5243782997131348,
        0.3499999940395355
      ],
      "pixel_coords": [
        202,
        88,
        13.29879093170166
      ],
      "material": "rubber",
      "rotation": 8.180583162504437,
      "shape": "cube",
      "color": "green",
      "size": "small"
    }
  ]
}