{
  "split": "new",
  "intruder_pos": [
    [
      118,
      50
    ],
    [
      175,
      113
    ]
  ],
  "relationships": {
    "front": [
      [
        6
      ],
      [
        0,
        4,
        6
      ],
      [
        0,
        1,
        3,
        4,
        5,
        6
      ],
      [
        0,
        1,
        4,
        5,
        6
      ],
      [
        0,
        6
      ],
      [
        0,
        1,
        4,
        6
      ],
      []
    ],
    "left": [
      [
        3,
        4
      ],
      [
        0,
        2,
        3,
        4,
        5,
        6
      ],
      [
        0,
        3,
        4,
        5,
        6
      ],
      [
        4
      ],
      [],
      [
        0,
        3,
        4,
        6
      ],
      [
        0,
        3,
        4
      ]
    ],
    "behind": [
      [
        1,
        2,
        3,
        4,
        5
      ],
      [
        2,
        3,
        5
      ],
      [],
      [
        2
      ],
      [
        1,
        2,
        3,
        5
      ],
      [
        2,
        3
      ],
      [
        0,
        1,
        2,
        3,
        4,
        5
      ]
    ],
    "right": [
      [
        1,
        2,
        5,
        6
      ],
      [],
      [
        1
      ],
      [
        0,
        1,
        2,
        5,
        6
      ],
      [
        0,
        1,
        2,
        3,
        5,
        6
      ],
      [
        1,
        2
      ],
      [
        1,
        2,
        5
      ]
    ]
  },
  "directions": {
    "front": [
      0.754490315914154,
      -0.6563112735748291,
      -0.0
    ],
    "above": [
      0.0,
      0.0,
      1.0
    ],
    "behind": [
      -0.754490315914154,
      0.6563112735748291,
      0.0
    ],
    "below": [
      -0.0,
      -0.0,
      -1.0
    ],
    "right": [
      0.6563112735748291,
      0.7544902563095093,
      -0.0
    ],
    "left": [
      -0.6563112735748291,
      -0.7544902563095093,
      0.0
    ]
  },
  "image_index": 353,
  "image_filename": "CLEVR_new_000353.png",
  "objects": [
    {
      "pixel_coords": [
        108,
        115,
        10.115144729614258
      ],
      "rotation": 103.24277991352426,
      "material": "rubber",
      "size": "large",
      "shape": "sphere",
      "color": "red",
      "3d_coords": [
        -0.09716075658798218,
        -1.8661433458328247,
        0.699999988079071
      ]
    },
    {
      "pixel_coords": [
        235,
        95,
        11.522526741027832
      ],
      "rotation": 96.6628816032377,
      "material": "rubber",
      "size": "large",
      "shape": "sphere",
      "color": "red",
      "3d_coords": [
        1.2334364652633667,
        2.1672489643096924,
        0.699999988079071
      ]
    },
    {
      "pixel_coords": [
        190,
        83,
        13.591631889343262
      ],
      "rotation": 40.36447515813756,
      "material": "rubber",
      "size": "small",
      "shape": "cylinder",
      "color": "red",
      "3d_coords": [
        -1.2248929738998413,
        2.5555660724639893,
        0.3499999940395355
      ]
    },
    {
      "pixel_coords": [
        94,
        80,
        12.801236152648926
      ],
      "rotation": 304.17344862999283,
      "material": "rubber",
      "size": "large",
      "shape": "sphere",
      "color": "red",
      "3d_coords": [
        -2.9840426445007324,
        -0.64955735206604,
        0.699999988079071
      ]
    },
    {
      "pixel_coords": [
        47,
        111,
        10.820069313049316
      ],
      "rotation": 217.15522056799875,
      "material": "rubber",
      "size": "medium",
      "shape": "cube",
      "color": "red",
      "3d_coords": [
        -1.924033284187317,
        -2.9583404064178467,
        0.5249999761581421
      ]
    },
    {
      "pixel_coords": [
        181,
        93,
        12.134342193603516
      ],
      "rotation": 132.55857700461087,
      "material": "rubber",
      "size": "medium",
      "shape": "sphere",
      "color": "red",
      "3d_coords": [
        -0.3283740282058716,
        1.2299506664276123,
        0.5249999761581421
      ]
    },
    {
      "pixel_coords": [
        148,
        156,
        8.456751823425293
      ],
      "rotation": 110.35791438452657,
      "material": "rubber",
      "size": "medium",
      "shape": "cube",
      "color": "blue",
      "3d_coords": [
        2.1582229137420654,
        -2.186607599258423,
        0.5249999761581421
      ]
    }
  ]
}