{
  "split": "new",
  "intruder_pos": [
    [
      197,
      74
    ],
    [
      252,
      129
    ]
  ],
  "relationships": {
    "front": [
      [
        1,
        2,
        3,
        4,
        5,
        6
      ],
      [
        2,
        3,
        4,
        6
      ],
      [
        4,
        6
      ],
      [
        2,
        4,
        6
      ],
      [],
      [
        1,
        2,
        3,
        4,
        6
      ],
      [
        4
      ]
    ],
    "left": [
      [
        1,
        4,
        5
      ],
      [],
      [
        0,
        1,
        4,
        5,
        6
      ],
      [
        0,
        1,
        2,
        4,
        5,
        6
      ],
      [
        1,
        5
      ],
      [
        1
      ],
      [
        0,
        1,
        4,
        5
      ]
    ],
    "behind": [
      [],
      [
        0,
        5
      ],
      [
        0,
        1,
        3,
        5
      ],
      [
        0,
        1,
        5
      ],
      [
        0,
        1,
        2,
        3,
        5,
        6
      ],
      [
        0
      ],
      [
        0,
        1,
        2,
        3,
        5
      ]
    ],
    "right": [
      [
        2,
        3,
        6
      ],
      [
        0,
        2,
        3,
        4,
        5,
        6
      ],
      [
        3
      ],
      [],
      [
        0,
        2,
        3,
        6
      ],
      [
        0,
        2,
        3,
        4,
        6
      ],
      [
        2,
        3
      ]
    ]
  },
  "directions": {
    "front": [
      0.754490315914154,
      -0.6563112735748291,
      -0.0
    ],
    "above": [
      0.0,
      0.0,
      1.0
    ],
    "behind": [
      -0.754490315914154,
      0.6563112735748291,
      0.0
    ],
    "below": [
      -0.0,
      -0.0,
      -1.0
    ],
    "right": [
      0.6563112735748291,
      0.7544902563095093,
      -0.0
    ],
    "left": [
      -0.6563112735748291,
      -0.7544902563095093,
      0.0
    ]
  },
  "image_index": 132,
  "image_filename": "CLEVR_new_000132.png",
  "objects": [
    {
      "pixel_coords": [
        190,
        69,
        13.954171180725098
      ],
      "rotation": 192.60035080004542,
      "material": "rubber",
      "size": "large",
      "shape": "sphere",
      "color": "red",
      "3d_coords": [
        -1.7248647212982178,
        2.9204375743865967,
        0.699999988079071
      ]
    },
    {
      "pixel_coords": [
        49,
        104,
        11.69214153289795
      ],
      "rotation": 172.14665328602226,
      "material": "rubber",
      "size": "small",
      "shape": "sphere",
      "color": "red",
      "3d_coords": [
        -2.7081644535064697,
        -2.5834765434265137,
        0.3499999940395355
      ]
    },
    {
      "pixel_coords": [
        257,
        125,
        9.970792770385742
      ],
      "rotation": 71.65040659493432,
      "material": "rubber",
      "size": "medium",
      "shape": "cube",
      "color": "red",
      "3d_coords": [
        2.798893928527832,
        1.3050017356872559,
        0.5249999761581421
      ]
    },
    {
      "pixel_coords": [
        293,
        105,
        10.80119800567627
      ],
      "rotation": 147.85767473614357,
      "material": "rubber",
      "size": "large",
      "shape": "cube",
      "color": "red",
      "3d_coords": [
        2.843540906906128,
        2.9713196754455566,
        0.699999988079071
      ]
    },
    {
      "pixel_coords": [
        156,
        168,
        7.709615707397461
      ],
      "rotation": 127.20157179026717,
      "material": "rubber",
      "size": "large",
      "shape": "cylinder",
      "color": "red",
      "3d_coords": [
        2.889232635498047,
        -2.4571352005004883,
        0.699999988079071
      ]
    },
    {
      "pixel_coords": [
        116,
        88,
        12.103191375732422
      ],
      "rotation": 12.884219197564292,
      "material": "rubber",
      "size": "large",
      "shape": "cylinder",
      "color": "red",
      "3d_coords": [
        -1.8289554119110107,
        -0.49208155274391174,
        0.699999988079071
      ]
    },
    {
      "pixel_coords": [
        225,
        138,
        8.920610427856445
      ],
      "rotation": 9.637805274704704,
      "material": "rubber",
      "size": "large",
      "shape": "sphere",
      "color": "green",
      "3d_coords": [
        2.932133436203003,
        -0.2556488513946533,
        0.699999988079071
      ]
    }
  ]
}