{
  "relationships": {
    "front": [
      [
        3
      ],
      [
        0,
        3,
        5
      ],
      [
        0,
        1,
        3,
        4,
        5,
        6
      ],
      [],
      [
        0,
        1,
        3,
        5
      ],
      [
        0,
        3
      ],
      [
        0,
        1,
        3,
        4,
        5
      ]
    ],
    "right": [
      [
        2,
        3,
        4,
        5,
        6
      ],
      [
        0,
        2,
        3,
        4,
        5,
        6
      ],
      [
        3,
        4,
        5,
        6
      ],
      [
        4,
        5
      ],
      [
        5
      ],
      [],
      [
        3,
        4,
        5
      ]
    ],
    "left": [
      [
        1
      ],
      [],
      [
        0,
        1
      ],
      [
        0,
        1,
        2,
        6
      ],
      [
        0,
        1,
        2,
        3,
        6
      ],
      [
        0,
        1,
        2,
        3,
        4,
        6
      ],
      [
        0,
        1,
        2
      ]
    ],
    "behind": [
      [
        1,
        2,
        4,
        5,
        6
      ],
      [
        2,
        4,
        6
      ],
      [],
      [
        0,
        1,
        2,
        4,
        5,
        6
      ],
      [
        2,
        6
      ],
      [
        1,
        2,
        4,
        6
      ],
      [
        2
      ]
    ]
  },
  "intruder_pos": [
    [
      160,
      135
    ],
    [
      182,
      161
    ]
  ],
  "image_filename": "CLEVR_new_001157.png",
  "directions": {
    "below": [
      -0.0,
      -0.0,
      -1.0
    ],
    "right": [
      0.6563112735748291,
      0.7544902563095093,
      -0.0
    ],
    "behind": [
      -0.754490315914154,
      0.6563112735748291,
      0.0
    ],
    "front": [
      0.754490315914154,
      -0.6563112735748291,
      -0.0
    ],
    "above": [
      0.0,
      0.0,
      1.0
    ],
    "left": [
      -0.6563112735748291,
      -0.7544902563095093,
      0.0
    ]
  },
  "image_index": 1157,
  "split": "new",
  "objects": [
    {
      "3d_coords": [
        1.1003305912017822,
        -2.183727264404297,
        0.699999988079071
      ],
      "pixel_coords": [
        120,
        140,
        8.749271392822266
      ],
      "material": "rubber",
      "rotation": 182.30234390279978,
      "shape": "cylinder",
      "color": "blue",
      "size": "large"
    },
    {
      "3d_coords": [
        -1.3874435424804688,
        -1.653220772743225,
        0.3499999940395355
      ],
      "pixel_coords": [
        91,
        110,
        10.895390510559082
      ],
      "material": "rubber",
      "rotation": 129.40154340773074,
      "shape": "cylinder",
      "color": "blue",
      "size": "small"
    },
    {
      "3d_coords": [
        -2.2965290546417236,
        1.8658266067504883,
        0.3499999940395355
      ],
      "pixel_coords": [
        160,
        74,
        13.428255081176758
      ],
      "material": "rubber",
      "rotation": 10.513554389402113,
      "shape": "cylinder",
      "color": "blue",
      "size": "small"
    },
    {
      "3d_coords": [
        2.97945237159729,
        -0.8591554760932922,
        0.5249999761581421
      ],
      "pixel_coords": [
        211,
        161,
        8.285804748535156
      ],
      "material": "rubber",
      "rotation": 297.04219478857283,
      "shape": "sphere",
      "color": "blue",
      "size": "medium"
    },
    {
      "3d_coords": [
        0.8836553692817688,
        1.906952977180481,
        0.5249999761581421
      ],
      "pixel_coords": [
        224,
        98,
        11.211591720581055
      ],
      "material": "rubber",
      "rotation": 64.50217623540041,
      "shape": "cylinder",
      "color": "blue",
      "size": "medium"
    },
    {
      "3d_coords": [
        2.8564233779907227,
        1.6837419271469116,
        0.3499999940395355
      ],
      "pixel_coords": [
        270,
        130,
        9.841340065002441
      ],
      "material": "rubber",
      "rotation": 7.265543435304109,
      "shape": "cube",
      "color": "blue",
      "size": "small"
    },
    {
      "3d_coords": [
        -0.8480363488197327,
        1.1917051076889038,
        0.3499999940395355
      ],
      "pixel_coords": [
        171,
        91,
        12.080530166625977
      ],
      "material": "rubber",
      "rotation": 291.6433722056107,
      "shape": "cube",
      "color": "green",
      "size": "small"
    }
  ]
}