{
  "relationships": {
    "front": [
      [
        4,
        6
      ],
      [
        0,
        3,
        4,
        6
      ],
      [
        0,
        1,
        3,
        4,
        5,
        6
      ],
      [
        0,
        4,
        6
      ],
      [],
      [
        0,
        1,
        3,
        4,
        6
      ],
      [
        4
      ]
    ],
    "right": [
      [
        1,
        2,
        3
      ],
      [
        3
      ],
      [
        1,
        3
      ],
      [],
      [
        0,
        1,
        2,
        3
      ],
      [
        0,
        1,
        2,
        3,
        4
      ],
      [
        0,
        1,
        2,
        3,
        4,
        5
      ]
    ],
    "left": [
      [
        4,
        5,
        6
      ],
      [
        0,
        2,
        4,
        5,
        6
      ],
      [
        0,
        4,
        5,
        6
      ],
      [
        0,
        1,
        2,
        4,
        5,
        6
      ],
      [
        5,
        6
      ],
      [
        6
      ],
      []
    ],
    "behind": [
      [
        1,
        2,
        3,
        5
      ],
      [
        2,
        5
      ],
      [],
      [
        1,
        2,
        5
      ],
      [
        0,
        1,
        2,
        3,
        5,
        6
      ],
      [
        2
      ],
      [
        0,
        1,
        2,
        3,
        5
      ]
    ]
  },
  "intruder_pos": [
    [
      54,
      91
    ],
    [
      80,
      116
    ]
  ],
  "image_filename": "CLEVR_new_001380.png",
  "directions": {
    "below": [
      -0.0,
      -0.0,
      -1.0
    ],
    "right": [
      0.6563112735748291,
      0.7544902563095093,
      -0.0
    ],
    "behind": [
      -0.754490315914154,
      0.6563112735748291,
      0.0
    ],
    "front": [
      0.754490315914154,
      -0.6563112735748291,
      -0.0
    ],
    "above": [
      0.0,
      0.0,
      1.0
    ],
    "left": [
      -0.6563112735748291,
      -0.7544902563095093,
      0.0
    ]
  },
  "image_index": 1380,
  "split": "new",
  "objects": [
    {
      "3d_coords": [
        0.8769245147705078,
        0.10408787429332733,
        0.3499999940395355
      ],
      "pixel_coords": [
        183,
        118,
        10.344038963317871
      ],
      "material": "rubber",
      "rotation": 204.27596225517777,
      "shape": "cylinder",
      "color": "green",
      "size": "small"
    },
    {
      "3d_coords": [
        0.7989628314971924,
        2.6491267681121826,
        0.699999988079071
      ],
      "pixel_coords": [
        234,
        85,
        11.790552139282227
      ],
      "material": "rubber",
      "rotation": 104.1564929769069,
      "shape": "cylinder",
      "color": "red",
      "size": "large"
    },
    {
      "3d_coords": [
        -1.0659695863723755,
        2.9482555389404297,
        0.5249999761581421
      ],
      "pixel_coords": [
        198,
        74,
        13.267913818359375
      ],
      "material": "rubber",
      "rotation": 350.6615640181711,
      "shape": "cylinder",
      "color": "blue",
      "size": "medium"
    },
    {
      "3d_coords": [
        2.549506664276123,
        2.87955641746521,
        0.3499999940395355
      ],
      "pixel_coords": [
        283,
        108,
        10.947124481201172
      ],
      "material": "rubber",
      "rotation": 0.21016933107877556,
      "shape": "cylinder",
      "color": "green",
      "size": "small"
    },
    {
      "3d_coords": [
        1.1457371711730957,
        -2.5231542587280273,
        0.5249999761581421
      ],
      "pixel_coords": [
        116,
        148,
        8.486734390258789
      ],
      "material": "rubber",
      "rotation": 31.577496790395013,
      "shape": "cylinder",
      "color": "green",
      "size": "medium"
    },
    {
      "3d_coords": [
        -2.5615882873535156,
        -0.2638527452945709,
        0.3499999940395355
      ],
      "pixel_coords": [
        105,
        90,
        12.36169719696045
      ],
      "material": "rubber",
      "rotation": 230.5575979270714,
      "shape": "cylinder",
      "color": "blue",
      "size": "small"
    },
    {
      "3d_coords": [
        -0.5174388885498047,
        -2.9312078952789307,
        0.3499999940395355
      ],
      "pixel_coords": [
        67,
        136,
        9.400971412658691
      ],
      "material": "rubber",
      "rotation": 62.74076278697342,
      "shape": "sphere",
      "color": "blue",
      "size": "small"
    }
  ]
}