{
  "split": "new",
  "intruder_pos": [
    [
      78,
      83
    ],
    [
      112,
      117
    ]
  ],
  "relationships": {
    "front": [
      [
        1,
        2,
        5,
        7
      ],
      [
        2
      ],
      [],
      [
        0,
        1,
        2,
        4,
        5,
        6,
        7
      ],
      [
        0,
        1,
        2,
        5,
        7
      ],
      [
        1,
        2,
        7
      ],
      [
        0,
        1,
        2,
        4,
        5,
        7
      ],
      [
        1,
        2
      ]
    ],
    "left": [
      [],
      [
        0,
        2,
        3,
        4,
        7
      ],
      [
        0,
        3,
        4,
        7
      ],
      [
        0,
        7
      ],
      [
        0,
        3,
        7
      ],
      [
        0,
        1,
        2,
        3,
        4,
        7
      ],
      [
        0,
        1,
        2,
        3,
        4,
        5,
        7
      ],
      [
        0
      ]
    ],
    "behind": [
      [
        3,
        4,
        6
      ],
      [
        0,
        3,
        4,
        5,
        6,
        7
      ],
      [
        0,
        1,
        3,
        4,
        5,
        6,
        7
      ],
      [],
      [
        3,
        6
      ],
      [
        0,
        3,
        4,
        6
      ],
      [
        3
      ],
      [
        0,
        3,
        4,
        5,
        6
      ]
    ],
    "right": [
      [
        1,
        2,
        3,
        4,
        5,
        6,
        7
      ],
      [
        5,
        6
      ],
      [
        1,
        5,
        6
      ],
      [
        1,
        2,
        4,
        5,
        6
      ],
      [
        1,
        2,
        5,
        6
      ],
      [
        6
      ],
      [],
      [
        1,
        2,
        3,
        4,
        5,
        6
      ]
    ]
  },
  "directions": {
    "front": [
      0.754490315914154,
      -0.6563112735748291,
      -0.0
    ],
    "above": [
      0.0,
      0.0,
      1.0
    ],
    "behind": [
      -0.754490315914154,
      0.6563112735748291,
      0.0
    ],
    "below": [
      -0.0,
      -0.0,
      -1.0
    ],
    "right": [
      0.6563112735748291,
      0.7544902563095093,
      -0.0
    ],
    "left": [
      -0.6563112735748291,
      -0.7544902563095093,
      0.0
    ]
  },
  "image_index": 415,
  "image_filename": "CLEVR_new_000415.png",
  "objects": [
    {
      "pixel_coords": [
        76,
        117,
        10.484933853149414
      ],
      "rotation": 353.55475017887414,
      "material": "rubber",
      "size": "small",
      "shape": "cube",
      "color": "blue",
      "3d_coords": [
        -1.3746252059936523,
        -2.146860361099243,
        0.3499999940395355
      ]
    },
    {
      "pixel_coords": [
        191,
        133,
        8.845647811889648
      ],
      "rotation": 88.17148804246345,
      "material": "rubber",
      "size": "large",
      "shape": "cylinder",
      "color": "blue",
      "3d_coords": [
        2.0919299125671387,
        -0.9081302285194397,
        0.699999988079071
      ]
    },
    {
      "pixel_coords": [
        174,
        179,
        7.680098056793213
      ],
      "rotation": 187.3379373641476,
      "material": "rubber",
      "size": "small",
      "shape": "sphere",
      "color": "blue",
      "3d_coords": [
        2.8347339630126953,
        -2.266622304916382,
        0.3499999940395355
      ]
    },
    {
      "pixel_coords": [
        125,
        78,
        13.062297821044922
      ],
      "rotation": 332.49503302290714,
      "material": "rubber",
      "size": "medium",
      "shape": "cube",
      "color": "blue",
      "3d_coords": [
        -2.696150779724121,
        0.7633964419364929,
        0.5249999761581421
      ]
    },
    {
      "pixel_coords": [
        139,
        103,
        10.939048767089844
      ],
      "rotation": 47.69154048276107,
      "material": "rubber",
      "size": "medium",
      "shape": "cylinder",
      "color": "blue",
      "3d_coords": [
        -0.5278229713439941,
        -0.3965212404727936,
        0.5249999761581421
      ]
    },
    {
      "pixel_coords": [
        225,
        120,
        9.895153045654297
      ],
      "rotation": 39.77613504470781,
      "material": "rubber",
      "size": "medium",
      "shape": "cylinder",
      "color": "blue",
      "3d_coords": [
        2.030021905899048,
        0.5998919606208801,
        0.5249999761581421
      ]
    },
    {
      "pixel_coords": [
        224,
        94,
        12.123823165893555
      ],
      "rotation": 316.59912824880644,
      "material": "rubber",
      "size": "small",
      "shape": "cylinder",
      "color": "blue",
      "3d_coords": [
        0.5660151243209839,
        2.5442492961883545,
        0.3499999940395355
      ]
    },
    {
      "pixel_coords": [
        96,
        139,
        9.265018463134766
      ],
      "rotation": 82.32260508039181,
      "material": "rubber",
      "size": "small",
      "shape": "cube",
      "color": "red",
      "3d_coords": [
        0.17170308530330658,
        -2.497692108154297,
        0.3499999940395355
      ]
    }
  ]
}