{
  "relationships": {
    "front": [
      [
        2
      ],
      [
        0,
        2,
        7
      ],
      [],
      [
        0,
        1,
        2,
        5,
        6,
        7
      ],
      [
        0,
        1,
        2,
        3,
        5,
        6,
        7
      ],
      [
        0,
        1,
        2,
        7
      ],
      [
        0,
        1,
        2,
        5,
        7
      ],
      [
        0,
        2
      ]
    ],
    "right": [
      [
        5,
        7
      ],
      [
        0,
        2,
        3,
        4,
        5,
        7
      ],
      [
        0,
        3,
        5,
        7
      ],
      [
        0,
        5,
        7
      ],
      [
        0,
        2,
        3,
        5,
        7
      ],
      [
        7
      ],
      [
        0,
        1,
        2,
        3,
        4,
        5,
        7
      ],
      []
    ],
    "left": [
      [
        1,
        2,
        3,
        4,
        6
      ],
      [
        6
      ],
      [
        1,
        4,
        6
      ],
      [
        1,
        2,
        4,
        6
      ],
      [
        1,
        6
      ],
      [
        0,
        1,
        2,
        3,
        4,
        6
      ],
      [],
      [
        0,
        1,
        2,
        3,
        4,
        5,
        6
      ]
    ],
    "behind": [
      [
        1,
        3,
        4,
        5,
        6,
        7
      ],
      [
        3,
        4,
        5,
        6
      ],
      [
        0,
        1,
        3,
        4,
        5,
        6,
        7
      ],
      [
        4
      ],
      [],
      [
        3,
        4,
        6
      ],
      [
        3,
        4
      ],
      [
        1,
        3,
        4,
        5,
        6
      ]
    ]
  },
  "intruder_pos": [
    [
      275,
      107
    ],
    [
      318,
      152
    ]
  ],
  "image_filename": "CLEVR_new_001021.png",
  "directions": {
    "below": [
      -0.0,
      -0.0,
      -1.0
    ],
    "right": [
      0.6563112735748291,
      0.7544902563095093,
      -0.0
    ],
    "behind": [
      -0.754490315914154,
      0.6563112735748291,
      0.0
    ],
    "front": [
      0.754490315914154,
      -0.6563112735748291,
      -0.0
    ],
    "above": [
      0.0,
      0.0,
      1.0
    ],
    "left": [
      -0.6563112735748291,
      -0.7544902563095093,
      0.0
    ]
  },
  "image_index": 1021,
  "split": "new",
  "objects": [
    {
      "3d_coords": [
        2.275512933731079,
        0.8630246520042419,
        0.5249999761581421
      ],
      "pixel_coords": [
        236,
        126,
        9.696565628051758
      ],
      "material": "rubber",
      "rotation": 252.85187048083174,
      "shape": "cube",
      "color": "blue",
      "size": "medium"
    },
    {
      "3d_coords": [
        -1.6783636808395386,
        -1.193256139755249,
        0.3499999940395355
      ],
      "pixel_coords": [
        98,
        102,
        11.290074348449707
      ],
      "material": "rubber",
      "rotation": 199.86200089090838,
      "shape": "cube",
      "color": "green",
      "size": "small"
    },
    {
      "3d_coords": [
        2.245300531387329,
        -2.580569267272949,
        0.699999988079071
      ],
      "pixel_coords": [
        134,
        170,
        7.742762088775635
      ],
      "material": "rubber",
      "rotation": 49.07375631135233,
      "shape": "cube",
      "color": "green",
      "size": "large"
    },
    {
      "3d_coords": [
        -1.0199123620986938,
        2.465940237045288,
        0.5249999761581421
      ],
      "pixel_coords": [
        194,
        75,
        12.766261100769043
      ],
      "material": "rubber",
      "rotation": 220.32963013760818,
      "shape": "cube",
      "color": "red",
      "size": "medium"
    },
    {
      "3d_coords": [
        -2.919386148452759,
        1.361911654472351,
        0.699999988079071
      ],
      "pixel_coords": [
        139,
        63,
        13.33665943145752
      ],
      "material": "rubber",
      "rotation": 163.36662060262267,
      "shape": "cube",
      "color": "blue",
      "size": "large"
    },
    {
      "3d_coords": [
        1.4019355773925781,
        2.975278377532959,
        0.5249999761581421
      ],
      "pixel_coords": [
        258,
        94,
        11.433966636657715
      ],
      "material": "rubber",
      "rotation": 319.71286616951596,
      "shape": "cube",
      "color": "red",
      "size": "medium"
    },
    {
      "3d_coords": [
        -2.955247402191162,
        -0.659299373626709,
        0.5249999761581421
      ],
      "pixel_coords": [
        92,
        80,
        12.342945098876953
      ],
      "material": "rubber",
      "rotation": 74.39674877245278,
      "shape": "cube",
      "color": "red",
      "size": "medium"
    },
    {
      "3d_coords": [
        2.8060691356658936,
        2.975677967071533,
        0.5249999761581421
      ],
      "pixel_coords": [
        296,
        110,
        10.500099182128906
      ],
      "material": "rubber",
      "rotation": 84.54320991699413,
      "shape": "cylinder",
      "color": "green",
      "size": "medium"
    }
  ]
}