{
  "split": "new",
  "intruder_pos": [
    [
      96,
      39
    ],
    [
      148,
      101
    ]
  ],
  "relationships": {
    "front": [
      [
        1,
        2,
        4,
        5,
        6
      ],
      [
        5,
        6
      ],
      [
        1,
        5,
        6
      ],
      [
        0,
        1,
        2,
        4,
        5,
        6
      ],
      [
        1,
        2,
        5,
        6
      ],
      [
        6
      ],
      []
    ],
    "left": [
      [
        1,
        4,
        5,
        6
      ],
      [
        4,
        5,
        6
      ],
      [
        0,
        1,
        3,
        4,
        5,
        6
      ],
      [
        0,
        1,
        4,
        5,
        6
      ],
      [],
      [
        4
      ],
      [
        4,
        5
      ]
    ],
    "behind": [
      [
        3
      ],
      [
        0,
        2,
        3,
        4
      ],
      [
        0,
        3,
        4
      ],
      [],
      [
        0,
        3
      ],
      [
        0,
        1,
        2,
        3,
        4
      ],
      [
        0,
        1,
        2,
        3,
        4,
        5
      ]
    ],
    "right": [
      [
        2,
        3
      ],
      [
        0,
        2,
        3
      ],
      [],
      [
        2
      ],
      [
        0,
        1,
        2,
        3,
        5,
        6
      ],
      [
        0,
        1,
        2,
        3,
        6
      ],
      [
        0,
        1,
        2,
        3
      ]
    ]
  },
  "directions": {
    "front": [
      0.754490315914154,
      -0.6563112735748291,
      -0.0
    ],
    "above": [
      0.0,
      0.0,
      1.0
    ],
    "behind": [
      -0.754490315914154,
      0.6563112735748291,
      0.0
    ],
    "below": [
      -0.0,
      -0.0,
      -1.0
    ],
    "right": [
      0.6563112735748291,
      0.7544902563095093,
      -0.0
    ],
    "left": [
      -0.6563112735748291,
      -0.7544902563095093,
      0.0
    ]
  },
  "image_index": 270,
  "image_filename": "CLEVR_new_000270.png",
  "objects": [
    {
      "pixel_coords": [
        174,
        94,
        11.697294235229492
      ],
      "rotation": 108.48095595358333,
      "material": "rubber",
      "size": "medium",
      "shape": "cylinder",
      "color": "blue",
      "3d_coords": [
        -0.41379427909851074,
        0.9338449835777283,
        0.5249999761581421
      ]
    },
    {
      "pixel_coords": [
        154,
        113,
        9.98624324798584
      ],
      "rotation": 293.6031106365378,
      "material": "rubber",
      "size": "large",
      "shape": "cylinder",
      "color": "green",
      "3d_coords": [
        0.6220327019691467,
        -0.7133297324180603,
        0.699999988079071
      ]
    },
    {
      "pixel_coords": [
        228,
        108,
        10.305694580078125
      ],
      "rotation": 145.74348902541033,
      "material": "rubber",
      "size": "large",
      "shape": "cylinder",
      "color": "red",
      "3d_coords": [
        1.6911033391952515,
        1.2055531740188599,
        0.699999988079071
      ]
    },
    {
      "pixel_coords": [
        185,
        70,
        13.75033950805664
      ],
      "rotation": 60.90517516666222,
      "material": "rubber",
      "size": "medium",
      "shape": "cylinder",
      "color": "green",
      "3d_coords": [
        -1.8937780857086182,
        2.787379026412964,
        0.5249999761581421
      ]
    },
    {
      "pixel_coords": [
        70,
        109,
        11.061985969543457
      ],
      "rotation": 43.09905256680916,
      "material": "rubber",
      "size": "small",
      "shape": "cylinder",
      "color": "blue",
      "3d_coords": [
        -1.8522744178771973,
        -2.1650497913360596,
        0.3499999940395355
      ]
    },
    {
      "pixel_coords": [
        81,
        133,
        9.304290771484375
      ],
      "rotation": 259.3252792781014,
      "material": "rubber",
      "size": "medium",
      "shape": "cylinder",
      "color": "green",
      "3d_coords": [
        0.09015309810638428,
        -2.7588953971862793,
        0.5249999761581421
      ]
    },
    {
      "pixel_coords": [
        124,
        169,
        7.877750873565674
      ],
      "rotation": 118.70083430984423,
      "material": "rubber",
      "size": "medium",
      "shape": "cube",
      "color": "green",
      "3d_coords": [
        2.1558308601379395,
        -2.7451364994049072,
        0.5249999761581421
      ]
    }
  ]
}