{
  "split": "new",
  "intruder_pos": [
    [
      190,
      110
    ],
    [
      238,
      157
    ]
  ],
  "relationships": {
    "front": [
      [
        1,
        2,
        3,
        4,
        6
      ],
      [
        2,
        3,
        4,
        6
      ],
      [],
      [
        2,
        4
      ],
      [
        2
      ],
      [
        0,
        1,
        2,
        3,
        4,
        6
      ],
      [
        2,
        3,
        4
      ]
    ],
    "left": [
      [],
      [
        0,
        2,
        3,
        4,
        5,
        6
      ],
      [
        0,
        3,
        4
      ],
      [
        0
      ],
      [
        0,
        3
      ],
      [
        0,
        2,
        3,
        4
      ],
      [
        0,
        2,
        3,
        4,
        5
      ]
    ],
    "behind": [
      [
        5
      ],
      [
        0,
        5
      ],
      [
        0,
        1,
        3,
        4,
        5,
        6
      ],
      [
        0,
        1,
        5,
        6
      ],
      [
        0,
        1,
        3,
        5,
        6
      ],
      [],
      [
        0,
        1,
        5
      ]
    ],
    "right": [
      [
        1,
        2,
        3,
        4,
        5,
        6
      ],
      [],
      [
        1,
        5,
        6
      ],
      [
        1,
        2,
        4,
        5,
        6
      ],
      [
        1,
        2,
        5,
        6
      ],
      [
        1,
        6
      ],
      [
        1
      ]
    ]
  },
  "directions": {
    "front": [
      0.754490315914154,
      -0.6563112735748291,
      -0.0
    ],
    "above": [
      0.0,
      0.0,
      1.0
    ],
    "behind": [
      -0.754490315914154,
      0.6563112735748291,
      0.0
    ],
    "below": [
      -0.0,
      -0.0,
      -1.0
    ],
    "right": [
      0.6563112735748291,
      0.7544902563095093,
      -0.0
    ],
    "left": [
      -0.6563112735748291,
      -0.7544902563095093,
      0.0
    ]
  },
  "image_index": 241,
  "image_filename": "CLEVR_new_000241.png",
  "objects": [
    {
      "pixel_coords": [
        78,
        97,
        11.446240425109863
      ],
      "rotation": 173.05623581740605,
      "material": "rubber",
      "size": "small",
      "shape": "cylinder",
      "color": "green",
      "3d_coords": [
        -2.4562618732452393,
        -1.4341427087783813,
        0.3499999940395355
      ]
    },
    {
      "pixel_coords": [
        264,
        98,
        10.969947814941406
      ],
      "rotation": 217.43331941980244,
      "material": "rubber",
      "size": "medium",
      "shape": "cube",
      "color": "green",
      "3d_coords": [
        1.7831398248672485,
        2.787499189376831,
        0.5249999761581421
      ]
    },
    {
      "pixel_coords": [
        165,
        180,
        7.474951267242432
      ],
      "rotation": 265.5663634314939,
      "material": "rubber",
      "size": "medium",
      "shape": "sphere",
      "color": "green",
      "3d_coords": [
        2.7461462020874023,
        -2.2335808277130127,
        0.5249999761581421
      ]
    },
    {
      "pixel_coords": [
        87,
        127,
        9.771995544433594
      ],
      "rotation": 330.56116338082154,
      "material": "rubber",
      "size": "small",
      "shape": "cylinder",
      "color": "green",
      "3d_coords": [
        -0.5736313462257385,
        -2.19429874420166,
        0.3499999940395355
      ]
    },
    {
      "pixel_coords": [
        129,
        152,
        8.706889152526855
      ],
      "rotation": 108.78105212935692,
      "material": "rubber",
      "size": "small",
      "shape": "cube",
      "color": "green",
      "3d_coords": [
        1.1719999313354492,
        -2.043637275695801,
        0.3499999940395355
      ]
    },
    {
      "pixel_coords": [
        182,
        82,
        11.66522216796875
      ],
      "rotation": 196.20486169200046,
      "material": "rubber",
      "size": "large",
      "shape": "cylinder",
      "color": "green",
      "3d_coords": [
        -0.5482804775238037,
        1.4603017568588257,
        0.699999988079071
      ]
    },
    {
      "pixel_coords": [
        214,
        106,
        10.104836463928223
      ],
      "rotation": 295.3584404968115,
      "material": "rubber",
      "size": "large",
      "shape": "sphere",
      "color": "blue",
      "3d_coords": [
        1.3376097679138184,
        0.9038076400756836,
        0.699999988079071
      ]
    }
  ]
}