{
  "image_filename": "CLEVR_new_001523.png",
  "directions": {
    "left": [
      -0.6563112735748291,
      -0.7544902563095093,
      0.0
    ],
    "right": [
      0.6563112735748291,
      0.7544902563095093,
      -0.0
    ],
    "front": [
      0.754490315914154,
      -0.6563112735748291,
      -0.0
    ],
    "behind": [
      -0.754490315914154,
      0.6563112735748291,
      0.0
    ],
    "below": [
      -0.0,
      -0.0,
      -1.0
    ],
    "above": [
      0.0,
      0.0,
      1.0
    ]
  },
  "intruder_pos": [
    [
      104,
      130
    ],
    [
      143,
      170
    ]
  ],
  "image_index": 1523,
  "split": "new",
  "relationships": {
    "left": [
      [],
      [
        0,
        3,
        6
      ],
      [
        0,
        1,
        3,
        6
      ],
      [
        0
      ],
      [
        0,
        1,
        2,
        3,
        5,
        6
      ],
      [
        0,
        1,
        2,
        3,
        6
      ],
      [
        0,
        3
      ]
    ],
    "right": [
      [
        1,
        2,
        3,
        4,
        5,
        6
      ],
      [
        2,
        4,
        5
      ],
      [
        4,
        5
      ],
      [
        1,
        2,
        4,
        5,
        6
      ],
      [],
      [
        4
      ],
      [
        1,
        2,
        4,
        5
      ]
    ],
    "front": [
      [
        1,
        3,
        4,
        5
      ],
      [],
      [
        0,
        1,
        3,
        4,
        5,
        6
      ],
      [
        1,
        5
      ],
      [
        1,
        3,
        5
      ],
      [
        1
      ],
      [
        0,
        1,
        3,
        4,
        5
      ]
    ],
    "behind": [
      [
        2,
        6
      ],
      [
        0,
        2,
        3,
        4,
        5,
        6
      ],
      [],
      [
        0,
        2,
        4,
        6
      ],
      [
        0,
        2,
        6
      ],
      [
        0,
        2,
        3,
        4,
        6
      ],
      [
        2
      ]
    ]
  },
  "objects": [
    {
      "color": "green",
      "material": "rubber",
      "pixel_coords": [
        55,
        97,
        11.703320503234863
      ],
      "3d_coords": [
        -2.68757963180542,
        -2.35579776763916,
        0.5249999761581421
      ],
      "size": "medium",
      "rotation": 106.47731319266848,
      "shape": "sphere"
    },
    {
      "color": "green",
      "material": "rubber",
      "pixel_coords": [
        140,
        184,
        7.37661600112915
      ],
      "3d_coords": [
        2.999236583709717,
        -2.9335885047912598,
        0.699999988079071
      ],
      "size": "large",
      "rotation": 247.88010635421392,
      "shape": "sphere"
    },
    {
      "color": "green",
      "material": "rubber",
      "pixel_coords": [
        174,
        74,
        13.105164527893066
      ],
      "3d_coords": [
        -1.4874763488769531,
        1.857783555984497,
        0.699999988079071
      ],
      "size": "large",
      "rotation": 167.2492661504462,
      "shape": "cube"
    },
    {
      "color": "green",
      "material": "rubber",
      "pixel_coords": [
        95,
        133,
        9.935907363891602
      ],
      "3d_coords": [
        -0.011385010555386543,
        -2.3589677810668945,
        0.3499999940395355
      ],
      "size": "small",
      "rotation": 50.20178060354195,
      "shape": "cylinder"
    },
    {
      "color": "green",
      "material": "rubber",
      "pixel_coords": [
        268,
        106,
        10.715030670166016
      ],
      "3d_coords": [
        2.353128433227539,
        2.3351633548736572,
        0.699999988079071
      ],
      "size": "large",
      "rotation": 211.90107485275806,
      "shape": "sphere"
    },
    {
      "color": "green",
      "material": "rubber",
      "pixel_coords": [
        194,
        152,
        8.777454376220703
      ],
      "3d_coords": [
        2.6266822814941406,
        -1.0005024671554565,
        0.5249999761581421
      ],
      "size": "medium",
      "rotation": 110.94794487253426,
      "shape": "cube"
    },
    {
      "color": "red",
      "material": "rubber",
      "pixel_coords": [
        125,
        89,
        12.303598403930664
      ],
      "3d_coords": [
        -1.8021048307418823,
        -0.1483546793460846,
        0.5249999761581421
      ],
      "size": "medium",
      "rotation": 127.70573553892505,
      "shape": "cube"
    }
  ]
}