{
  "split": "new",
  "intruder_pos": [
    [
      44,
      116
    ],
    [
      70,
      144
    ]
  ],
  "relationships": {
    "front": [
      [
        4,
        5
      ],
      [
        0,
        3,
        4,
        5,
        6
      ],
      [
        0,
        1,
        3,
        4,
        5,
        6
      ],
      [
        0,
        4,
        5
      ],
      [],
      [
        4
      ],
      [
        0,
        3,
        4,
        5
      ]
    ],
    "left": [
      [
        2,
        3,
        4,
        5,
        6
      ],
      [
        0,
        2,
        3,
        4,
        5,
        6
      ],
      [
        3,
        4,
        5,
        6
      ],
      [
        4,
        6
      ],
      [
        6
      ],
      [
        3,
        4,
        6
      ],
      []
    ],
    "behind": [
      [
        1,
        2,
        3,
        6
      ],
      [
        2
      ],
      [],
      [
        1,
        2,
        6
      ],
      [
        0,
        1,
        2,
        3,
        5,
        6
      ],
      [
        0,
        1,
        2,
        3,
        6
      ],
      [
        1,
        2
      ]
    ],
    "right": [
      [
        1
      ],
      [],
      [
        0,
        1
      ],
      [
        0,
        1,
        2,
        5
      ],
      [
        0,
        1,
        2,
        3,
        5
      ],
      [
        0,
        1,
        2
      ],
      [
        0,
        1,
        2,
        3,
        4,
        5
      ]
    ]
  },
  "directions": {
    "front": [
      0.754490315914154,
      -0.6563112735748291,
      -0.0
    ],
    "above": [
      0.0,
      0.0,
      1.0
    ],
    "behind": [
      -0.754490315914154,
      0.6563112735748291,
      0.0
    ],
    "below": [
      -0.0,
      -0.0,
      -1.0
    ],
    "right": [
      0.6563112735748291,
      0.7544902563095093,
      -0.0
    ],
    "left": [
      -0.6563112735748291,
      -0.7544902563095093,
      0.0
    ]
  },
  "image_index": 404,
  "image_filename": "CLEVR_new_000404.png",
  "objects": [
    {
      "pixel_coords": [
        219,
        115,
        10.222064018249512
      ],
      "rotation": 42.00293980390868,
      "material": "rubber",
      "size": "large",
      "shape": "cylinder",
      "color": "green",
      "3d_coords": [
        1.9076714515686035,
        0.5806119441986084,
        0.699999988079071
      ]
    },
    {
      "pixel_coords": [
        223,
        86,
        12.081586837768555
      ],
      "rotation": 183.78878148813513,
      "material": "rubber",
      "size": "large",
      "shape": "cylinder",
      "color": "blue",
      "3d_coords": [
        0.6624302864074707,
        2.360861301422119,
        0.699999988079071
      ]
    },
    {
      "pixel_coords": [
        178,
        80,
        13.052412033081055
      ],
      "rotation": 3.2255404716167257,
      "material": "rubber",
      "size": "medium",
      "shape": "cylinder",
      "color": "blue",
      "3d_coords": [
        -1.1083098649978638,
        1.9628936052322388,
        0.5249999761581421
      ]
    },
    {
      "pixel_coords": [
        134,
        109,
        10.560633659362793
      ],
      "rotation": 100.96369516385192,
      "material": "rubber",
      "size": "large",
      "shape": "cylinder",
      "color": "green",
      "3d_coords": [
        -0.09717319160699844,
        -0.9766236543655396,
        0.699999988079071
      ]
    },
    {
      "pixel_coords": [
        97,
        149,
        8.98830795288086
      ],
      "rotation": 90.25315661936146,
      "material": "rubber",
      "size": "medium",
      "shape": "cylinder",
      "color": "red",
      "3d_coords": [
        0.7038402557373047,
        -2.8901636600494385,
        0.5249999761581421
      ]
    },
    {
      "pixel_coords": [
        156,
        141,
        9.656805992126465
      ],
      "rotation": 340.80471716618746,
      "material": "rubber",
      "size": "small",
      "shape": "cylinder",
      "color": "blue",
      "3d_coords": [
        1.2443656921386719,
        -1.3463044166564941,
        0.3499999940395355
      ]
    },
    {
      "pixel_coords": [
        58,
        109,
        11.335853576660156
      ],
      "rotation": 186.30385106880956,
      "material": "rubber",
      "size": "small",
      "shape": "cube",
      "color": "red",
      "3d_coords": [
        -2.3308253288269043,
        -2.331956386566162,
        0.3499999940395355
      ]
    }
  ]
}