{
  "relationships": {
    "front": [
      [
        3,
        4,
        5,
        6,
        7
      ],
      [
        0,
        2,
        3,
        4,
        5,
        6,
        7
      ],
      [
        0,
        3,
        4,
        5,
        6,
        7
      ],
      [
        4,
        5,
        6,
        7
      ],
      [
        7
      ],
      [
        4,
        7
      ],
      [
        4,
        5,
        7
      ],
      []
    ],
    "right": [
      [],
      [
        0,
        2,
        3,
        5,
        7
      ],
      [
        0
      ],
      [
        0,
        2
      ],
      [
        0,
        1,
        2,
        3,
        5,
        7
      ],
      [
        0,
        2,
        3,
        7
      ],
      [
        0,
        1,
        2,
        3,
        4,
        5,
        7
      ],
      [
        0,
        2,
        3
      ]
    ],
    "left": [
      [
        1,
        2,
        3,
        4,
        5,
        6,
        7
      ],
      [
        4,
        6
      ],
      [
        1,
        3,
        4,
        5,
        6,
        7
      ],
      [
        1,
        4,
        5,
        6,
        7
      ],
      [
        6
      ],
      [
        1,
        4,
        6
      ],
      [],
      [
        1,
        4,
        5,
        6
      ]
    ],
    "behind": [
      [
        1,
        2
      ],
      [],
      [
        1
      ],
      [
        0,
        1,
        2
      ],
      [
        0,
        1,
        2,
        3,
        5,
        6
      ],
      [
        0,
        1,
        2,
        3,
        6
      ],
      [
        0,
        1,
        2,
        3
      ],
      [
        0,
        1,
        2,
        3,
        4,
        5,
        6
      ]
    ]
  },
  "intruder_pos": [
    [
      138,
      39
    ],
    [
      199,
      120
    ]
  ],
  "image_filename": "CLEVR_new_001276.png",
  "directions": {
    "below": [
      -0.0,
      -0.0,
      -1.0
    ],
    "right": [
      0.6563112735748291,
      0.7544902563095093,
      -0.0
    ],
    "behind": [
      -0.754490315914154,
      0.6563112735748291,
      0.0
    ],
    "front": [
      0.754490315914154,
      -0.6563112735748291,
      -0.0
    ],
    "above": [
      0.0,
      0.0,
      1.0
    ],
    "left": [
      -0.6563112735748291,
      -0.7544902563095093,
      0.0
    ]
  },
  "image_index": 1276,
  "split": "new",
  "objects": [
    {
      "3d_coords": [
        1.1612329483032227,
        2.2186782360076904,
        0.5249999761581421
      ],
      "pixel_coords": [
        233,
        97,
        11.609082221984863
      ],
      "material": "rubber",
      "rotation": 194.99007970025875,
      "shape": "cube",
      "color": "red",
      "size": "medium"
    },
    {
      "3d_coords": [
        -2.9454185962677,
        1.4533557891845703,
        0.3499999940395355
      ],
      "pixel_coords": [
        138,
        74,
        13.918183326721191
      ],
      "material": "rubber",
      "rotation": 180.35774045118356,
      "shape": "sphere",
      "color": "red",
      "size": "small"
    },
    {
      "3d_coords": [
        -0.42104867100715637,
        2.0763440132141113,
        0.699999988079071
      ],
      "pixel_coords": [
        195,
        80,
        12.471445083618164
      ],
      "material": "rubber",
      "rotation": 127.08125060904739,
      "shape": "sphere",
      "color": "red",
      "size": "large"
    },
    {
      "3d_coords": [
        0.5901219844818115,
        0.41392484307289124,
        0.5249999761581421
      ],
      "pixel_coords": [
        183,
        108,
        10.922379493713379
      ],
      "material": "rubber",
      "rotation": 82.90468287817852,
      "shape": "cube",
      "color": "red",
      "size": "medium"
    },
    {
      "3d_coords": [
        0.4676714241504669,
        -2.678959369659424,
        0.3499999940395355
      ],
      "pixel_coords": [
        97,
        147,
        9.272367477416992
      ],
      "material": "rubber",
      "rotation": 94.75125012990846,
      "shape": "cylinder",
      "color": "red",
      "size": "small"
    },
    {
      "3d_coords": [
        0.9228503108024597,
        -1.236274003982544,
        0.5249999761581421
      ],
      "pixel_coords": [
        149,
        130,
        9.737874984741211
      ],
      "material": "rubber",
      "rotation": 288.12337500743394,
      "shape": "sphere",
      "color": "red",
      "size": "medium"
    },
    {
      "3d_coords": [
        -1.0428378582000732,
        -2.4983508586883545,
        0.699999988079071
      ],
      "pixel_coords": [
        72,
        114,
        10.193103790283203
      ],
      "material": "rubber",
      "rotation": 230.9368783452976,
      "shape": "cylinder",
      "color": "red",
      "size": "large"
    },
    {
      "3d_coords": [
        2.4741175174713135,
        -1.951366662979126,
        0.699999988079071
      ],
      "pixel_coords": [
        169,
        158,
        8.224180221557617
      ],
      "material": "rubber",
      "rotation": 33.657830057561796,
      "shape": "cylinder",
      "color": "green",
      "size": "large"
    }
  ]
}