{
  "image_filename": "CLEVR_new_001548.png",
  "directions": {
    "left": [
      -0.6563112735748291,
      -0.7544902563095093,
      0.0
    ],
    "right": [
      0.6563112735748291,
      0.7544902563095093,
      -0.0
    ],
    "front": [
      0.754490315914154,
      -0.6563112735748291,
      -0.0
    ],
    "behind": [
      -0.754490315914154,
      0.6563112735748291,
      0.0
    ],
    "below": [
      -0.0,
      -0.0,
      -1.0
    ],
    "above": [
      0.0,
      0.0,
      1.0
    ]
  },
  "intruder_pos": [
    [
      128,
      106
    ],
    [
      164,
      141
    ]
  ],
  "image_index": 1548,
  "split": "new",
  "relationships": {
    "left": [
      [
        3,
        5
      ],
      [
        0,
        2,
        3,
        4,
        5,
        6,
        7
      ],
      [
        0,
        3,
        4,
        5,
        7
      ],
      [],
      [
        0,
        3,
        5,
        7
      ],
      [
        3
      ],
      [
        0,
        2,
        3,
        4,
        5,
        7
      ],
      [
        0,
        3,
        5
      ]
    ],
    "right": [
      [
        1,
        2,
        4,
        6,
        7
      ],
      [],
      [
        1,
        6
      ],
      [
        0,
        1,
        2,
        4,
        5,
        6,
        7
      ],
      [
        1,
        2,
        6
      ],
      [
        0,
        1,
        2,
        4,
        6,
        7
      ],
      [
        1
      ],
      [
        1,
        2,
        4,
        6
      ]
    ],
    "front": [
      [],
      [
        0,
        2,
        7
      ],
      [
        0
      ],
      [
        0,
        1,
        2,
        7
      ],
      [
        0,
        1,
        2,
        3,
        5,
        6,
        7
      ],
      [
        0,
        1,
        2,
        3,
        7
      ],
      [
        0,
        1,
        2,
        3,
        5,
        7
      ],
      [
        0,
        2
      ]
    ],
    "behind": [
      [
        1,
        2,
        3,
        4,
        5,
        6,
        7
      ],
      [
        3,
        4,
        5,
        6
      ],
      [
        1,
        3,
        4,
        5,
        6,
        7
      ],
      [
        4,
        5,
        6
      ],
      [],
      [
        4,
        6
      ],
      [
        4
      ],
      [
        1,
        3,
        4,
        5,
        6
      ]
    ]
  },
  "objects": [
    {
      "color": "red",
      "material": "rubber",
      "pixel_coords": [
        122,
        169,
        7.779109477996826
      ],
      "3d_coords": [
        2.0332915782928467,
        -2.818721055984497,
        0.5249999761581421
      ],
      "size": "medium",
      "rotation": 39.72791900873318,
      "shape": "sphere"
    },
    {
      "color": "red",
      "material": "rubber",
      "pixel_coords": [
        233,
        105,
        10.375550270080566
      ],
      "3d_coords": [
        1.6684026718139648,
        1.4283740520477295,
        0.699999988079071
      ],
      "size": "large",
      "rotation": 121.31752690536003,
      "shape": "sphere"
    },
    {
      "color": "red",
      "material": "rubber",
      "pixel_coords": [
        187,
        156,
        8.549652099609375
      ],
      "3d_coords": [
        2.4120473861694336,
        -1.1632072925567627,
        0.3499999940395355
      ],
      "size": "small",
      "rotation": 263.867346076855,
      "shape": "cube"
    },
    {
      "color": "red",
      "material": "rubber",
      "pixel_coords": [
        81,
        97,
        10.86109733581543
      ],
      "3d_coords": [
        -1.724139928817749,
        -1.7479166984558105,
        0.699999988079071
      ],
      "size": "large",
      "rotation": 33.08852628747502,
      "shape": "cylinder"
    },
    {
      "color": "red",
      "material": "rubber",
      "pixel_coords": [
        162,
        65,
        14.152998924255371
      ],
      "3d_coords": [
        -2.85198974609375,
        2.5279033184051514,
        0.5249999761581421
      ],
      "size": "medium",
      "rotation": 296.5324758780588,
      "shape": "cylinder"
    },
    {
      "color": "red",
      "material": "rubber",
      "pixel_coords": [
        122,
        90,
        12.284653663635254
      ],
      "3d_coords": [
        -2.088315725326538,
        0.026808245107531548,
        0.3499999940395355
      ],
      "size": "small",
      "rotation": 133.9113652384289,
      "shape": "cylinder"
    },
    {
      "color": "red",
      "material": "rubber",
      "pixel_coords": [
        194,
        74,
        13.227945327758789
      ],
      "3d_coords": [
        -1.2920962572097778,
        2.761481285095215,
        0.5249999761581421
      ],
      "size": "medium",
      "rotation": 352.3468807765277,
      "shape": "sphere"
    },
    {
      "color": "blue",
      "material": "rubber",
      "pixel_coords": [
        147,
        116,
        10.082185745239258
      ],
      "3d_coords": [
        0.34352466464042664,
        -0.7973306775093079,
        0.5249999761581421
      ],
      "size": "medium",
      "rotation": 211.06876086249648,
      "shape": "sphere"
    }
  ]
}