{
  "image_filename": "CLEVR_new_001541.png",
  "directions": {
    "left": [
      -0.6563112735748291,
      -0.7544902563095093,
      0.0
    ],
    "right": [
      0.6563112735748291,
      0.7544902563095093,
      -0.0
    ],
    "front": [
      0.754490315914154,
      -0.6563112735748291,
      -0.0
    ],
    "behind": [
      -0.754490315914154,
      0.6563112735748291,
      0.0
    ],
    "below": [
      -0.0,
      -0.0,
      -1.0
    ],
    "above": [
      0.0,
      0.0,
      1.0
    ]
  },
  "intruder_pos": [
    [
      85,
      141
    ],
    [
      113,
      154
    ]
  ],
  "image_index": 1541,
  "split": "new",
  "relationships": {
    "left": [
      [
        3,
        6
      ],
      [
        0,
        2,
        3,
        4,
        6
      ],
      [
        0,
        3,
        4,
        6
      ],
      [
        6
      ],
      [
        0,
        3,
        6
      ],
      [
        0,
        1,
        2,
        3,
        4,
        6
      ],
      []
    ],
    "right": [
      [
        1,
        2,
        4,
        5
      ],
      [
        5
      ],
      [
        1,
        5
      ],
      [
        0,
        1,
        2,
        4,
        5
      ],
      [
        1,
        2,
        5
      ],
      [],
      [
        0,
        1,
        2,
        3,
        4,
        5
      ]
    ],
    "front": [
      [
        1,
        2,
        3,
        4,
        5,
        6
      ],
      [
        4
      ],
      [
        1,
        3,
        4,
        5,
        6
      ],
      [
        1,
        4
      ],
      [],
      [
        1,
        3,
        4
      ],
      [
        1,
        3,
        4,
        5
      ]
    ],
    "behind": [
      [],
      [
        0,
        2,
        3,
        5,
        6
      ],
      [
        0
      ],
      [
        0,
        2,
        5,
        6
      ],
      [
        0,
        1,
        2,
        3,
        5,
        6
      ],
      [
        0,
        2,
        6
      ],
      [
        0,
        2
      ]
    ]
  },
  "objects": [
    {
      "color": "green",
      "material": "rubber",
      "pixel_coords": [
        146,
        76,
        13.912288665771484
      ],
      "3d_coords": [
        -2.464092493057251,
        1.4732996225357056,
        0.5249999761581421
      ],
      "size": "medium",
      "rotation": 33.82513816098634,
      "shape": "cylinder"
    },
    {
      "color": "green",
      "material": "rubber",
      "pixel_coords": [
        229,
        137,
        9.549699783325195
      ],
      "3d_coords": [
        2.800896406173706,
        -0.0016960836946964264,
        0.5249999761581421
      ],
      "size": "medium",
      "rotation": 163.84337514751388,
      "shape": "cylinder"
    },
    {
      "color": "green",
      "material": "rubber",
      "pixel_coords": [
        187,
        93,
        12.80148696899414
      ],
      "3d_coords": [
        -0.42589855194091797,
        1.7337708473205566,
        0.3499999940395355
      ],
      "size": "small",
      "rotation": 101.30182099952621,
      "shape": "cylinder"
    },
    {
      "color": "blue",
      "material": "rubber",
      "pixel_coords": [
        108,
        126,
        9.775018692016602
      ],
      "3d_coords": [
        0.30819979310035706,
        -2.2373642921447754,
        0.699999988079071
      ],
      "size": "large",
      "rotation": 123.44100374572955,
      "shape": "cylinder"
    },
    {
      "color": "blue",
      "material": "rubber",
      "pixel_coords": [
        167,
        148,
        9.064083099365234
      ],
      "3d_coords": [
        2.052276372909546,
        -1.6343481540679932,
        0.5249999761581421
      ],
      "size": "medium",
      "rotation": 220.47451012668142,
      "shape": "cylinder"
    },
    {
      "color": "red",
      "material": "rubber",
      "pixel_coords": [
        237,
        111,
        11.042773246765137
      ],
      "3d_coords": [
        1.928107500076294,
        1.5253690481185913,
        0.5249999761581421
      ],
      "size": "medium",
      "rotation": 222.7270244355553,
      "shape": "cylinder"
    },
    {
      "color": "green",
      "material": "rubber",
      "pixel_coords": [
        100,
        101,
        11.757464408874512
      ],
      "3d_coords": [
        -1.6409094333648682,
        -1.210763931274414,
        0.5249999761581421
      ],
      "size": "medium",
      "rotation": 36.96048707842096,
      "shape": "sphere"
    }
  ]
}