{
  "split": "new",
  "intruder_pos": [
    [
      32,
      125
    ],
    [
      46,
      145
    ]
  ],
  "relationships": {
    "front": [
      [
        1,
        2,
        3,
        4,
        5,
        6
      ],
      [
        2,
        3,
        4,
        5,
        6
      ],
      [],
      [
        2,
        4,
        6
      ],
      [
        2
      ],
      [
        2,
        3,
        4,
        6
      ],
      [
        2,
        4
      ]
    ],
    "left": [
      [
        1,
        2,
        4,
        6
      ],
      [
        2,
        6
      ],
      [
        6
      ],
      [
        0,
        1,
        2,
        4,
        6
      ],
      [
        1,
        2,
        6
      ],
      [
        0,
        1,
        2,
        3,
        4,
        6
      ],
      []
    ],
    "behind": [
      [],
      [
        0
      ],
      [
        0,
        1,
        3,
        4,
        5,
        6
      ],
      [
        0,
        1,
        5
      ],
      [
        0,
        1,
        3,
        5,
        6
      ],
      [
        0,
        1
      ],
      [
        0,
        1,
        3,
        5
      ]
    ],
    "right": [
      [
        3,
        5
      ],
      [
        0,
        3,
        4,
        5
      ],
      [
        0,
        1,
        3,
        4,
        5
      ],
      [
        5
      ],
      [
        0,
        3,
        5
      ],
      [],
      [
        0,
        1,
        2,
        3,
        4,
        5
      ]
    ]
  },
  "directions": {
    "front": [
      0.754490315914154,
      -0.6563112735748291,
      -0.0
    ],
    "above": [
      0.0,
      0.0,
      1.0
    ],
    "behind": [
      -0.754490315914154,
      0.6563112735748291,
      0.0
    ],
    "below": [
      -0.0,
      -0.0,
      -1.0
    ],
    "right": [
      0.6563112735748291,
      0.7544902563095093,
      -0.0
    ],
    "left": [
      -0.6563112735748291,
      -0.7544902563095093,
      0.0
    ]
  },
  "image_index": 190,
  "image_filename": "CLEVR_new_000190.png",
  "objects": [
    {
      "pixel_coords": [
        172,
        63,
        14.240409851074219
      ],
      "rotation": 142.81379033918947,
      "material": "rubber",
      "size": "large",
      "shape": "cylinder",
      "color": "blue",
      "3d_coords": [
        -2.3093128204345703,
        2.679781913757324,
        0.699999988079071
      ]
    },
    {
      "pixel_coords": [
        125,
        70,
        13.53034782409668
      ],
      "rotation": 25.414002275835745,
      "material": "rubber",
      "size": "large",
      "shape": "cube",
      "color": "blue",
      "3d_coords": [
        -2.9262709617614746,
        0.7387890219688416,
        0.699999988079071
      ]
    },
    {
      "pixel_coords": [
        72,
        120,
        10.082114219665527
      ],
      "rotation": 42.31908217253316,
      "material": "rubber",
      "size": "large",
      "shape": "cylinder",
      "color": "blue",
      "3d_coords": [
        -0.7232683897018433,
        -2.749812364578247,
        0.699999988079071
      ]
    },
    {
      "pixel_coords": [
        187,
        94,
        12.052799224853516
      ],
      "rotation": 16.254359033458773,
      "material": "rubber",
      "size": "medium",
      "shape": "cube",
      "color": "blue",
      "3d_coords": [
        -0.06999130547046661,
        1.2784663438796997,
        0.5249999761581421
      ]
    },
    {
      "pixel_coords": [
        160,
        112,
        11.252248764038086
      ],
      "rotation": 83.73380634322882,
      "material": "rubber",
      "size": "small",
      "shape": "sphere",
      "color": "blue",
      "3d_coords": [
        0.08955781161785126,
        -0.08264273405075073,
        0.3499999940395355
      ]
    },
    {
      "pixel_coords": [
        211,
        85,
        13.171318054199219
      ],
      "rotation": 279.8974238507466,
      "material": "rubber",
      "size": "small",
      "shape": "sphere",
      "color": "blue",
      "3d_coords": [
        -0.29299330711364746,
        2.8221638202667236,
        0.3499999940395355
      ]
    },
    {
      "pixel_coords": [
        43,
        104,
        11.761088371276855
      ],
      "rotation": 37.4167194289624,
      "material": "rubber",
      "size": "small",
      "shape": "sphere",
      "color": "red",
      "3d_coords": [
        -2.938424825668335,
        -2.654529333114624,
        0.3499999940395355
      ]
    }
  ]
}