{
  "image_filename": "CLEVR_new_001586.png",
  "directions": {
    "left": [
      -0.6563112735748291,
      -0.7544902563095093,
      0.0
    ],
    "right": [
      0.6563112735748291,
      0.7544902563095093,
      -0.0
    ],
    "front": [
      0.754490315914154,
      -0.6563112735748291,
      -0.0
    ],
    "behind": [
      -0.754490315914154,
      0.6563112735748291,
      0.0
    ],
    "below": [
      -0.0,
      -0.0,
      -1.0
    ],
    "above": [
      0.0,
      0.0,
      1.0
    ]
  },
  "intruder_pos": [
    [
      70,
      85
    ],
    [
      110,
      124
    ]
  ],
  "image_index": 1586,
  "split": "new",
  "relationships": {
    "left": [
      [],
      [
        0,
        3,
        5,
        7
      ],
      [
        0,
        1,
        3,
        5,
        7
      ],
      [
        0,
        7
      ],
      [
        0,
        1,
        2,
        3,
        5,
        7
      ],
      [
        0,
        3,
        7
      ],
      [
        0,
        1,
        2,
        3,
        4,
        5,
        7
      ],
      [
        0
      ]
    ],
    "right": [
      [
        1,
        2,
        3,
        4,
        5,
        6,
        7
      ],
      [
        2,
        4,
        6
      ],
      [
        4,
        6
      ],
      [
        1,
        2,
        4,
        5,
        6
      ],
      [
        6
      ],
      [
        1,
        2,
        4,
        6
      ],
      [],
      [
        1,
        2,
        3,
        4,
        5,
        6
      ]
    ],
    "front": [
      [
        2,
        5,
        6,
        7
      ],
      [
        0,
        2,
        3,
        4,
        5,
        6,
        7
      ],
      [
        5,
        7
      ],
      [
        0,
        2,
        5,
        6,
        7
      ],
      [
        0,
        2,
        3,
        5,
        6,
        7
      ],
      [],
      [
        2,
        5,
        7
      ],
      [
        5
      ]
    ],
    "behind": [
      [
        1,
        3,
        4
      ],
      [],
      [
        0,
        1,
        3,
        4,
        6
      ],
      [
        1,
        4
      ],
      [
        1
      ],
      [
        0,
        1,
        2,
        3,
        4,
        6,
        7
      ],
      [
        0,
        1,
        3,
        4
      ],
      [
        0,
        1,
        2,
        3,
        4,
        6
      ]
    ]
  },
  "objects": [
    {
      "color": "blue",
      "material": "rubber",
      "pixel_coords": [
        49,
        105,
        10.68263053894043
      ],
      "3d_coords": [
        -2.30730938911438,
        -2.4881820678710938,
        0.5249999761581421
      ],
      "size": "medium",
      "rotation": 81.66513791855213,
      "shape": "cylinder"
    },
    {
      "color": "blue",
      "material": "rubber",
      "pixel_coords": [
        167,
        67,
        14.205652236938477
      ],
      "3d_coords": [
        -2.6191861629486084,
        2.8581457138061523,
        0.3499999940395355
      ],
      "size": "small",
      "rotation": 42.399498882501774,
      "shape": "sphere"
    },
    {
      "color": "blue",
      "material": "rubber",
      "pixel_coords": [
        197,
        129,
        9.768365859985352
      ],
      "3d_coords": [
        1.5699248313903809,
        -0.050404421985149384,
        0.3499999940395355
      ],
      "size": "small",
      "rotation": 170.34686507571556,
      "shape": "cylinder"
    },
    {
      "color": "blue",
      "material": "rubber",
      "pixel_coords": [
        116,
        83,
        11.800063133239746
      ],
      "3d_coords": [
        -1.9715137481689453,
        -0.15427353978157043,
        0.699999988079071
      ],
      "size": "large",
      "rotation": 288.1470711478247,
      "shape": "cylinder"
    },
    {
      "color": "blue",
      "material": "rubber",
      "pixel_coords": [
        216,
        79,
        12.606982231140137
      ],
      "3d_coords": [
        -0.15636125206947327,
        2.951350688934326,
        0.5249999761581421
      ],
      "size": "medium",
      "rotation": 309.78560305857764,
      "shape": "cube"
    },
    {
      "color": "blue",
      "material": "rubber",
      "pixel_coords": [
        166,
        173,
        7.415510654449463
      ],
      "3d_coords": [
        2.735098123550415,
        -2.4308769702911377,
        0.699999988079071
      ],
      "size": "large",
      "rotation": 250.32060605329846,
      "shape": "cube"
    },
    {
      "color": "blue",
      "material": "rubber",
      "pixel_coords": [
        271,
        108,
        10.513760566711426
      ],
      "3d_coords": [
        2.471555709838867,
        2.265631914138794,
        0.5249999761581421
      ],
      "size": "medium",
      "rotation": 196.86075120461592,
      "shape": "cube"
    },
    {
      "color": "red",
      "material": "rubber",
      "pixel_coords": [
        91,
        135,
        9.144801139831543
      ],
      "3d_coords": [
        0.05005676671862602,
        -2.542612075805664,
        0.5249999761581421
      ],
      "size": "medium",
      "rotation": 359.35718230401415,
      "shape": "sphere"
    }
  ]
}