{
  "split": "new",
  "intruder_pos": [
    [
      203,
      101
    ],
    [
      241,
      147
    ]
  ],
  "relationships": {
    "front": [
      [
        1,
        2,
        3,
        4,
        6
      ],
      [],
      [
        1
      ],
      [
        1,
        2,
        6
      ],
      [
        1,
        2,
        3,
        6
      ],
      [
        0,
        1,
        2,
        3,
        4,
        6
      ],
      [
        1,
        2
      ]
    ],
    "left": [
      [],
      [
        0,
        2,
        4,
        5
      ],
      [
        0,
        4,
        5
      ],
      [
        0,
        1,
        2,
        4,
        5,
        6
      ],
      [
        0
      ],
      [
        0,
        4
      ],
      [
        0,
        1,
        2,
        4,
        5
      ]
    ],
    "behind": [
      [
        5
      ],
      [
        0,
        2,
        3,
        4,
        5,
        6
      ],
      [
        0,
        3,
        4,
        5,
        6
      ],
      [
        0,
        4,
        5
      ],
      [
        0,
        5
      ],
      [],
      [
        0,
        3,
        4,
        5
      ]
    ],
    "right": [
      [
        1,
        2,
        3,
        4,
        5,
        6
      ],
      [
        3,
        6
      ],
      [
        1,
        3,
        6
      ],
      [],
      [
        1,
        2,
        3,
        5,
        6
      ],
      [
        1,
        2,
        3,
        6
      ],
      [
        3
      ]
    ]
  },
  "directions": {
    "front": [
      0.754490315914154,
      -0.6563112735748291,
      -0.0
    ],
    "above": [
      0.0,
      0.0,
      1.0
    ],
    "behind": [
      -0.754490315914154,
      0.6563112735748291,
      0.0
    ],
    "below": [
      -0.0,
      -0.0,
      -1.0
    ],
    "right": [
      0.6563112735748291,
      0.7544902563095093,
      -0.0
    ],
    "left": [
      -0.6563112735748291,
      -0.7544902563095093,
      0.0
    ]
  },
  "image_index": 129,
  "image_filename": "CLEVR_new_000129.png",
  "objects": [
    {
      "pixel_coords": [
        52,
        92,
        11.479683876037598
      ],
      "rotation": 170.46302093736205,
      "material": "rubber",
      "size": "large",
      "shape": "cube",
      "color": "blue",
      "3d_coords": [
        -2.8910138607025146,
        -2.1645145416259766,
        0.699999988079071
      ]
    },
    {
      "pixel_coords": [
        196,
        164,
        8.36624526977539
      ],
      "rotation": 207.01098331656695,
      "material": "rubber",
      "size": "small",
      "shape": "cube",
      "color": "green",
      "3d_coords": [
        2.802736282348633,
        -1.4108951091766357,
        0.3499999940395355
      ]
    },
    {
      "pixel_coords": [
        156,
        149,
        8.943506240844727
      ],
      "rotation": 161.4061946786536,
      "material": "rubber",
      "size": "small",
      "shape": "cube",
      "color": "red",
      "3d_coords": [
        1.6619319915771484,
        -1.6905187368392944,
        0.3499999940395355
      ]
    },
    {
      "pixel_coords": [
        284,
        103,
        10.678411483764648
      ],
      "rotation": 29.154331325400943,
      "material": "rubber",
      "size": "large",
      "shape": "cube",
      "color": "red",
      "3d_coords": [
        2.7486748695373535,
        2.597979784011841,
        0.699999988079071
      ]
    },
    {
      "pixel_coords": [
        113,
        107,
        11.244073867797852
      ],
      "rotation": 220.49045426889074,
      "material": "rubber",
      "size": "small",
      "shape": "cube",
      "color": "red",
      "3d_coords": [
        -1.1718595027923584,
        -0.9578813314437866,
        0.3499999940395355
      ]
    },
    {
      "pixel_coords": [
        132,
        74,
        13.60793685913086
      ],
      "rotation": 306.48086831123953,
      "material": "rubber",
      "size": "medium",
      "shape": "cube",
      "color": "red",
      "3d_coords": [
        -2.904118061065674,
        1.1966140270233154,
        0.5249999761581421
      ]
    },
    {
      "pixel_coords": [
        222,
        115,
        10.340717315673828
      ],
      "rotation": 82.03608770933366,
      "material": "rubber",
      "size": "medium",
      "shape": "cylinder",
      "color": "red",
      "3d_coords": [
        1.7636429071426392,
        0.8498656749725342,
        0.5249999761581421
      ]
    }
  ]
}