{
  "relationships": {
    "front": [
      [
        3,
        5
      ],
      [
        0,
        2,
        3,
        4,
        5,
        6
      ],
      [
        0,
        3,
        5
      ],
      [
        5
      ],
      [
        0,
        2,
        3,
        5,
        6
      ],
      [],
      [
        0,
        2,
        3,
        5
      ]
    ],
    "right": [
      [
        6
      ],
      [
        0,
        3,
        6
      ],
      [
        0,
        1,
        3,
        4,
        5,
        6
      ],
      [
        0,
        6
      ],
      [
        0,
        1,
        3,
        5,
        6
      ],
      [
        0,
        1,
        3,
        6
      ],
      []
    ],
    "left": [
      [
        1,
        2,
        3,
        4,
        5
      ],
      [
        2,
        4,
        5
      ],
      [],
      [
        1,
        2,
        4,
        5
      ],
      [
        2
      ],
      [
        2,
        4
      ],
      [
        0,
        1,
        2,
        3,
        4,
        5
      ]
    ],
    "behind": [
      [
        1,
        2,
        4,
        6
      ],
      [],
      [
        1,
        4,
        6
      ],
      [
        0,
        1,
        2,
        4,
        6
      ],
      [
        1
      ],
      [
        0,
        1,
        2,
        3,
        4,
        6
      ],
      [
        1,
        4
      ]
    ]
  },
  "intruder_pos": [
    [
      228,
      128
    ],
    [
      248,
      153
    ]
  ],
  "image_filename": "CLEVR_new_001382.png",
  "directions": {
    "below": [
      -0.0,
      -0.0,
      -1.0
    ],
    "right": [
      0.6563112735748291,
      0.7544902563095093,
      -0.0
    ],
    "behind": [
      -0.754490315914154,
      0.6563112735748291,
      0.0
    ],
    "front": [
      0.754490315914154,
      -0.6563112735748291,
      -0.0
    ],
    "above": [
      0.0,
      0.0,
      1.0
    ],
    "left": [
      -0.6563112735748291,
      -0.7544902563095093,
      0.0
    ]
  },
  "image_index": 1382,
  "split": "new",
  "objects": [
    {
      "3d_coords": [
        1.3823139667510986,
        1.2267935276031494,
        0.5249999761581421
      ],
      "pixel_coords": [
        219,
        108,
        10.959826469421387
      ],
      "material": "rubber",
      "rotation": 63.87824780632495,
      "shape": "sphere",
      "color": "green",
      "size": "medium"
    },
    {
      "3d_coords": [
        -2.580373525619507,
        2.4814224243164062,
        0.3499999940395355
      ],
      "pixel_coords": [
        163,
        73,
        14.409080505371094
      ],
      "material": "rubber",
      "rotation": 324.61614909229496,
      "shape": "cylinder",
      "color": "green",
      "size": "small"
    },
    {
      "3d_coords": [
        -1.044168472290039,
        -0.9278420805931091,
        0.699999988079071
      ],
      "pixel_coords": [
        117,
        98,
        11.198019981384277
      ],
      "material": "rubber",
      "rotation": 258.7997210571022,
      "shape": "cylinder",
      "color": "green",
      "size": "large"
    },
    {
      "3d_coords": [
        2.8637149333953857,
        -1.4285160303115845,
        0.5249999761581421
      ],
      "pixel_coords": [
        196,
        159,
        8.39417839050293
      ],
      "material": "rubber",
      "rotation": 209.48465884168277,
      "shape": "cube",
      "color": "green",
      "size": "medium"
    },
    {
      "3d_coords": [
        -2.39499831199646,
        1.1375455856323242,
        0.5249999761581421
      ],
      "pixel_coords": [
        140,
        78,
        13.404376029968262
      ],
      "material": "rubber",
      "rotation": 354.3281552737699,
      "shape": "cube",
      "color": "green",
      "size": "medium"
    },
    {
      "3d_coords": [
        2.737809658050537,
        -2.730376958847046,
        0.3499999940395355
      ],
      "pixel_coords": [
        151,
        185,
        7.779245376586914
      ],
      "material": "rubber",
      "rotation": 187.61250869524167,
      "shape": "cube",
      "color": "green",
      "size": "small"
    },
    {
      "3d_coords": [
        1.1104148626327515,
        2.5854785442352295,
        0.3499999940395355
      ],
      "pixel_coords": [
        237,
        99,
        12.03059196472168
      ],
      "material": "rubber",
      "rotation": 231.46348899689107,
      "shape": "cylinder",
      "color": "blue",
      "size": "small"
    }
  ]
}