{
  "relationships": {
    "front": [
      [
        2,
        4,
        5,
        6,
        7
      ],
      [
        0,
        2,
        3,
        4,
        5,
        6,
        7
      ],
      [],
      [
        0,
        2,
        4,
        5,
        6,
        7
      ],
      [
        2,
        5,
        6
      ],
      [
        2
      ],
      [
        2,
        5
      ],
      [
        2,
        4,
        5,
        6
      ]
    ],
    "right": [
      [
        7
      ],
      [
        0,
        5,
        7
      ],
      [
        0,
        1,
        4,
        5,
        7
      ],
      [
        0,
        1,
        2,
        4,
        5,
        7
      ],
      [
        0,
        1,
        5,
        7
      ],
      [
        0,
        7
      ],
      [
        0,
        1,
        2,
        3,
        4,
        5,
        7
      ],
      []
    ],
    "left": [
      [
        1,
        2,
        3,
        4,
        5,
        6
      ],
      [
        2,
        3,
        4,
        6
      ],
      [
        3,
        6
      ],
      [
        6
      ],
      [
        2,
        3,
        6
      ],
      [
        1,
        2,
        3,
        4,
        6
      ],
      [],
      [
        0,
        1,
        2,
        3,
        4,
        5,
        6
      ]
    ],
    "behind": [
      [
        1,
        3
      ],
      [],
      [
        0,
        1,
        3,
        4,
        5,
        6,
        7
      ],
      [
        1
      ],
      [
        0,
        1,
        3,
        7
      ],
      [
        0,
        1,
        3,
        4,
        6,
        7
      ],
      [
        0,
        1,
        3,
        4,
        7
      ],
      [
        0,
        1,
        3
      ]
    ]
  },
  "intruder_pos": [
    [
      244,
      115
    ],
    [
      268,
      142
    ]
  ],
  "image_filename": "CLEVR_new_001053.png",
  "directions": {
    "below": [
      -0.0,
      -0.0,
      -1.0
    ],
    "right": [
      0.6563112735748291,
      0.7544902563095093,
      -0.0
    ],
    "behind": [
      -0.754490315914154,
      0.6563112735748291,
      0.0
    ],
    "front": [
      0.754490315914154,
      -0.6563112735748291,
      -0.0
    ],
    "above": [
      0.0,
      0.0,
      1.0
    ],
    "left": [
      -0.6563112735748291,
      -0.7544902563095093,
      0.0
    ]
  },
  "image_index": 1053,
  "split": "new",
  "objects": [
    {
      "3d_coords": [
        1.0455174446105957,
        2.5978622436523438,
        0.5249999761581421
      ],
      "pixel_coords": [
        234,
        93,
        12.3534574508667
      ],
      "material": "rubber",
      "rotation": 154.08219818994013,
      "shape": "cube",
      "color": "blue",
      "size": "medium"
    },
    {
      "3d_coords": [
        -1.8992609977722168,
        2.961143732070923,
        0.3499999940395355
      ],
      "pixel_coords": [
        181,
        73,
        14.541876792907715
      ],
      "material": "rubber",
      "rotation": 206.57612148915558,
      "shape": "cube",
      "color": "blue",
      "size": "small"
    },
    {
      "3d_coords": [
        1.834450602531433,
        -2.8583831787109375,
        0.699999988079071
      ],
      "pixel_coords": [
        125,
        161,
        8.53111743927002
      ],
      "material": "rubber",
      "rotation": 234.02620151760794,
      "shape": "cube",
      "color": "blue",
      "size": "large"
    },
    {
      "3d_coords": [
        -2.6002516746520996,
        -0.4482859969139099,
        0.699999988079071
      ],
      "pixel_coords": [
        103,
        82,
        12.80137825012207
      ],
      "material": "rubber",
      "rotation": 130.09134130700295,
      "shape": "cylinder",
      "color": "blue",
      "size": "large"
    },
    {
      "3d_coords": [
        0.9015824198722839,
        -0.017939891666173935,
        0.699999988079071
      ],
      "pixel_coords": [
        179,
        111,
        10.811248779296875
      ],
      "material": "rubber",
      "rotation": 185.50485888622615,
      "shape": "cylinder",
      "color": "blue",
      "size": "large"
    },
    {
      "3d_coords": [
        2.8763434886932373,
        -0.6242214441299438,
        0.699999988079071
      ],
      "pixel_coords": [
        217,
        144,
        9.186223030090332
      ],
      "material": "rubber",
      "rotation": 177.29007077972352,
      "shape": "sphere",
      "color": "blue",
      "size": "large"
    },
    {
      "3d_coords": [
        -0.43353497982025146,
        -2.9689486026763916,
        0.3499999940395355
      ],
      "pixel_coords": [
        74,
        138,
        10.090478897094727
      ],
      "material": "rubber",
      "rotation": 167.41278069114793,
      "shape": "sphere",
      "color": "blue",
      "size": "small"
    },
    {
      "3d_coords": [
        2.1623127460479736,
        2.331315517425537,
        0.3499999940395355
      ],
      "pixel_coords": [
        256,
        111,
        11.565080642700195
      ],
      "material": "rubber",
      "rotation": 80.59450502816594,
      "shape": "cylinder",
      "color": "green",
      "size": "small"
    }
  ]
}