{
  "split": "new",
  "intruder_pos": [
    [
      276,
      107
    ],
    [
      318,
      153
    ]
  ],
  "relationships": {
    "front": [
      [
        1,
        3,
        4,
        6,
        7
      ],
      [
        3,
        4,
        6,
        7
      ],
      [
        0,
        1,
        3,
        4,
        5,
        6,
        7
      ],
      [
        4,
        6
      ],
      [],
      [
        0,
        1,
        3,
        4,
        6,
        7
      ],
      [
        4
      ],
      [
        3,
        4,
        6
      ]
    ],
    "left": [
      [],
      [
        0,
        4,
        5,
        6
      ],
      [
        0,
        1,
        3,
        4,
        5,
        6
      ],
      [
        0,
        1,
        4,
        5,
        6
      ],
      [
        0,
        5,
        6
      ],
      [
        0,
        6
      ],
      [
        0
      ],
      [
        0,
        1,
        2,
        3,
        4,
        5,
        6
      ]
    ],
    "behind": [
      [
        2,
        5
      ],
      [
        0,
        2,
        5
      ],
      [],
      [
        0,
        1,
        2,
        5,
        7
      ],
      [
        0,
        1,
        2,
        3,
        5,
        6,
        7
      ],
      [
        2
      ],
      [
        0,
        1,
        2,
        3,
        5,
        7
      ],
      [
        0,
        1,
        2,
        5
      ]
    ],
    "right": [
      [
        1,
        2,
        3,
        4,
        5,
        6,
        7
      ],
      [
        2,
        3,
        7
      ],
      [
        7
      ],
      [
        2,
        7
      ],
      [
        1,
        2,
        3,
        7
      ],
      [
        1,
        2,
        3,
        4,
        7
      ],
      [
        1,
        2,
        3,
        4,
        5,
        7
      ],
      []
    ]
  },
  "directions": {
    "front": [
      0.754490315914154,
      -0.6563112735748291,
      -0.0
    ],
    "above": [
      0.0,
      0.0,
      1.0
    ],
    "behind": [
      -0.754490315914154,
      0.6563112735748291,
      0.0
    ],
    "below": [
      -0.0,
      -0.0,
      -1.0
    ],
    "right": [
      0.6563112735748291,
      0.7544902563095093,
      -0.0
    ],
    "left": [
      -0.6563112735748291,
      -0.7544902563095093,
      0.0
    ]
  },
  "image_index": 371,
  "image_filename": "CLEVR_new_000371.png",
  "objects": [
    {
      "pixel_coords": [
        96,
        98,
        11.495341300964355
      ],
      "rotation": 317.64351572845754,
      "material": "rubber",
      "size": "small",
      "shape": "cube",
      "color": "green",
      "3d_coords": [
        -1.944852352142334,
        -1.1002912521362305,
        0.3499999940395355
      ]
    },
    {
      "pixel_coords": [
        176,
        101,
        10.9805326461792
      ],
      "rotation": 32.257681738601505,
      "material": "rubber",
      "size": "medium",
      "shape": "cube",
      "color": "blue",
      "3d_coords": [
        0.0957653746008873,
        0.5582024455070496,
        0.5249999761581421
      ]
    },
    {
      "pixel_coords": [
        212,
        69,
        12.690328598022461
      ],
      "rotation": 305.47443891699874,
      "material": "rubber",
      "size": "large",
      "shape": "cube",
      "color": "blue",
      "3d_coords": [
        -0.6402157545089722,
        2.9836952686309814,
        0.699999988079071
      ]
    },
    {
      "pixel_coords": [
        201,
        136,
        9.659472465515137
      ],
      "rotation": 60.913102727892124,
      "material": "rubber",
      "size": "small",
      "shape": "cube",
      "color": "red",
      "3d_coords": [
        1.7798911333084106,
        -0.0246713999658823,
        0.3499999940395355
      ]
    },
    {
      "pixel_coords": [
        139,
        206,
        7.421937942504883
      ],
      "rotation": 81.26990608279947,
      "material": "rubber",
      "size": "small",
      "shape": "cube",
      "color": "green",
      "3d_coords": [
        2.7850747108459473,
        -2.9269587993621826,
        0.3499999940395355
      ]
    },
    {
      "pixel_coords": [
        137,
        88,
        11.726677894592285
      ],
      "rotation": 36.948475616334925,
      "material": "rubber",
      "size": "medium",
      "shape": "cube",
      "color": "green",
      "3d_coords": [
        -1.3908686637878418,
        0.15346476435661316,
        0.5249999761581421
      ]
    },
    {
      "pixel_coords": [
        92,
        152,
        8.736454963684082
      ],
      "rotation": 176.90745021873698,
      "material": "rubber",
      "size": "medium",
      "shape": "cube",
      "color": "green",
      "3d_coords": [
        0.7074444890022278,
        -2.8251469135284424,
        0.5249999761581421
      ]
    },
    {
      "pixel_coords": [
        297,
        109,
        10.535402297973633
      ],
      "rotation": 142.92039128779948,
      "material": "rubber",
      "size": "medium",
      "shape": "cylinder",
      "color": "blue",
      "3d_coords": [
        2.824540615081787,
        2.9952569007873535,
        0.5249999761581421
      ]
    }
  ]
}