{
  "relationships": {
    "front": [
      [
        1,
        2,
        3,
        4,
        5
      ],
      [],
      [
        1,
        4,
        5
      ],
      [
        1,
        2,
        4,
        5
      ],
      [
        1,
        5
      ],
      [
        1
      ],
      [
        0,
        1,
        2,
        3,
        4,
        5
      ]
    ],
    "right": [
      [
        3
      ],
      [
        0,
        2,
        3,
        5
      ],
      [
        0,
        3,
        5
      ],
      [],
      [
        0,
        1,
        2,
        3,
        5,
        6
      ],
      [
        0,
        3
      ],
      [
        0,
        1,
        2,
        3,
        5
      ]
    ],
    "left": [
      [
        1,
        2,
        4,
        5,
        6
      ],
      [
        4,
        6
      ],
      [
        1,
        4,
        6
      ],
      [
        0,
        1,
        2,
        4,
        5,
        6
      ],
      [],
      [
        1,
        2,
        4,
        6
      ],
      [
        4
      ]
    ],
    "behind": [
      [
        6
      ],
      [
        0,
        2,
        3,
        4,
        5,
        6
      ],
      [
        0,
        3,
        6
      ],
      [
        0,
        6
      ],
      [
        0,
        2,
        3,
        6
      ],
      [
        0,
        2,
        3,
        4,
        6
      ],
      []
    ]
  },
  "intruder_pos": [
    [
      109,
      141
    ],
    [
      137,
      175
    ]
  ],
  "image_filename": "CLEVR_new_001288.png",
  "directions": {
    "below": [
      -0.0,
      -0.0,
      -1.0
    ],
    "right": [
      0.6563112735748291,
      0.7544902563095093,
      -0.0
    ],
    "behind": [
      -0.754490315914154,
      0.6563112735748291,
      0.0
    ],
    "front": [
      0.754490315914154,
      -0.6563112735748291,
      -0.0
    ],
    "above": [
      0.0,
      0.0,
      1.0
    ],
    "left": [
      -0.6563112735748291,
      -0.7544902563095093,
      0.0
    ]
  },
  "image_index": 1288,
  "split": "new",
  "objects": [
    {
      "3d_coords": [
        0.7538230419158936,
        2.2100722789764404,
        0.5249999761581421
      ],
      "pixel_coords": [
        221,
        95,
        12.297981262207031
      ],
      "material": "rubber",
      "rotation": 136.86874186520447,
      "shape": "cylinder",
      "color": "green",
      "size": "medium"
    },
    {
      "3d_coords": [
        2.07670259475708,
        -2.327846050262451,
        0.699999988079071
      ],
      "pixel_coords": [
        145,
        155,
        8.70579719543457
      ],
      "material": "rubber",
      "rotation": 195.9574265204485,
      "shape": "sphere",
      "color": "green",
      "size": "large"
    },
    {
      "3d_coords": [
        1.1985968351364136,
        -0.09474033862352371,
        0.3499999940395355
      ],
      "pixel_coords": [
        183,
        125,
        10.749177932739258
      ],
      "material": "rubber",
      "rotation": 358.35208049997726,
      "shape": "cylinder",
      "color": "green",
      "size": "small"
    },
    {
      "3d_coords": [
        2.8144078254699707,
        2.9422595500946045,
        0.699999988079071
      ],
      "pixel_coords": [
        286,
        103,
        11.281024932861328
      ],
      "material": "rubber",
      "rotation": 322.68504111952876,
      "shape": "sphere",
      "color": "green",
      "size": "large"
    },
    {
      "3d_coords": [
        0.13343888521194458,
        -2.445387840270996,
        0.699999988079071
      ],
      "pixel_coords": [
        98,
        127,
        9.918975830078125
      ],
      "material": "rubber",
      "rotation": 163.40554255224623,
      "shape": "cube",
      "color": "green",
      "size": "large"
    },
    {
      "3d_coords": [
        2.9985103607177734,
        -0.48973044753074646,
        0.5249999761581421
      ],
      "pixel_coords": [
        221,
        149,
        9.24927806854248
      ],
      "material": "rubber",
      "rotation": 351.6656811023242,
      "shape": "cylinder",
      "color": "green",
      "size": "medium"
    },
    {
      "3d_coords": [
        -2.493612766265869,
        0.37792903184890747,
        0.5249999761581421
      ],
      "pixel_coords": [
        124,
        81,
        13.375075340270996
      ],
      "material": "rubber",
      "rotation": 27.613858922461397,
      "shape": "cube",
      "color": "red",
      "size": "medium"
    }
  ]
}