{
  "relationships": {
    "front": [
      [
        1,
        4,
        5,
        7
      ],
      [
        5,
        7
      ],
      [
        0,
        1,
        3,
        4,
        5,
        7
      ],
      [
        0,
        1,
        4,
        5,
        7
      ],
      [
        1,
        5,
        7
      ],
      [],
      [
        0,
        1,
        2,
        3,
        4,
        5,
        7
      ],
      [
        5
      ]
    ],
    "right": [
      [],
      [
        0,
        2,
        4,
        5,
        7
      ],
      [
        0,
        7
      ],
      [
        0,
        1,
        2,
        4,
        5,
        6,
        7
      ],
      [
        0,
        2,
        7
      ],
      [
        0,
        2,
        4,
        7
      ],
      [
        0,
        1,
        2,
        4,
        5,
        7
      ],
      [
        0
      ]
    ],
    "left": [
      [
        1,
        2,
        3,
        4,
        5,
        6,
        7
      ],
      [
        3,
        6
      ],
      [
        1,
        3,
        4,
        5,
        6
      ],
      [],
      [
        1,
        3,
        5,
        6
      ],
      [
        1,
        3,
        6
      ],
      [
        3
      ],
      [
        1,
        2,
        3,
        4,
        5,
        6
      ]
    ],
    "behind": [
      [
        2,
        3,
        6
      ],
      [
        0,
        2,
        3,
        4,
        6
      ],
      [
        6
      ],
      [
        2,
        6
      ],
      [
        0,
        2,
        3,
        6
      ],
      [
        0,
        1,
        2,
        3,
        4,
        6,
        7
      ],
      [],
      [
        0,
        1,
        2,
        3,
        4,
        6
      ]
    ]
  },
  "intruder_pos": [
    [
      207,
      80
    ],
    [
      247,
      130
    ]
  ],
  "image_filename": "CLEVR_new_001111.png",
  "directions": {
    "below": [
      -0.0,
      -0.0,
      -1.0
    ],
    "right": [
      0.6563112735748291,
      0.7544902563095093,
      -0.0
    ],
    "behind": [
      -0.754490315914154,
      0.6563112735748291,
      0.0
    ],
    "front": [
      0.754490315914154,
      -0.6563112735748291,
      -0.0
    ],
    "above": [
      0.0,
      0.0,
      1.0
    ],
    "left": [
      -0.6563112735748291,
      -0.7544902563095093,
      0.0
    ]
  },
  "image_index": 1111,
  "split": "new",
  "objects": [
    {
      "3d_coords": [
        2.314988374710083,
        2.3317298889160156,
        0.5249999761581421
      ],
      "pixel_coords": [
        263,
        109,
        11.139995574951172
      ],
      "material": "rubber",
      "rotation": 2.009642675450869,
      "shape": "sphere",
      "color": "blue",
      "size": "medium"
    },
    {
      "3d_coords": [
        0.8295692205429077,
        -1.3045276403427124,
        0.3499999940395355
      ],
      "pixel_coords": [
        144,
        131,
        10.11957836151123
      ],
      "material": "rubber",
      "rotation": 275.9030153409068,
      "shape": "sphere",
      "color": "green",
      "size": "small"
    },
    {
      "3d_coords": [
        0.31893599033355713,
        1.5687280893325806,
        0.699999988079071
      ],
      "pixel_coords": [
        201,
        92,
        11.992566108703613
      ],
      "material": "rubber",
      "rotation": 303.86554139012236,
      "shape": "sphere",
      "color": "blue",
      "size": "large"
    },
    {
      "3d_coords": [
        -1.2657289505004883,
        -1.0911545753479004,
        0.699999988079071
      ],
      "pixel_coords": [
        110,
        97,
        11.53324031829834
      ],
      "material": "rubber",
      "rotation": 132.7096668677691,
      "shape": "sphere",
      "color": "red",
      "size": "large"
    },
    {
      "3d_coords": [
        0.9678534865379333,
        0.023642251268029213,
        0.5249999761581421
      ],
      "pixel_coords": [
        181,
        115,
        10.72220230102539
      ],
      "material": "rubber",
      "rotation": 182.29810292393807,
      "shape": "sphere",
      "color": "green",
      "size": "medium"
    },
    {
      "3d_coords": [
        2.4130454063415527,
        -2.052798271179199,
        0.5249999761581421
      ],
      "pixel_coords": [
        160,
        157,
        8.518888473510742
      ],
      "material": "rubber",
      "rotation": 200.90625516966375,
      "shape": "sphere",
      "color": "blue",
      "size": "medium"
    },
    {
      "3d_coords": [
        -2.875394582748413,
        0.8566914796829224,
        0.5249999761581421
      ],
      "pixel_coords": [
        130,
        78,
        13.850606918334961
      ],
      "material": "rubber",
      "rotation": 219.2487575195204,
      "shape": "sphere",
      "color": "red",
      "size": "medium"
    },
    {
      "3d_coords": [
        2.6744155883789062,
        0.14075732231140137,
        0.5249999761581421
      ],
      "pixel_coords": [
        227,
        134,
        9.616715431213379
      ],
      "material": "rubber",
      "rotation": 294.90530673055025,
      "shape": "cylinder",
      "color": "blue",
      "size": "medium"
    }
  ]
}