{
  "relationships": {
    "front": [
      [
        3,
        4,
        5,
        6
      ],
      [
        0,
        2,
        3,
        4,
        5,
        6
      ],
      [
        0,
        3,
        4,
        5,
        6
      ],
      [
        4
      ],
      [],
      [
        3,
        4,
        6
      ],
      [
        3,
        4
      ]
    ],
    "right": [
      [],
      [
        0,
        6
      ],
      [
        0,
        1,
        6
      ],
      [
        0,
        1,
        2,
        4,
        6
      ],
      [
        0,
        1,
        2,
        6
      ],
      [
        0,
        1,
        2,
        3,
        4,
        6
      ],
      [
        0
      ]
    ],
    "left": [
      [
        1,
        2,
        3,
        4,
        5,
        6
      ],
      [
        2,
        3,
        4,
        5
      ],
      [
        3,
        4,
        5
      ],
      [
        5
      ],
      [
        3,
        5
      ],
      [],
      [
        1,
        2,
        3,
        4,
        5
      ]
    ],
    "behind": [
      [
        1,
        2
      ],
      [],
      [
        1
      ],
      [
        0,
        1,
        2,
        5,
        6
      ],
      [
        0,
        1,
        2,
        3,
        5,
        6
      ],
      [
        0,
        1,
        2
      ],
      [
        0,
        1,
        2,
        5
      ]
    ]
  },
  "intruder_pos": [
    [
      199,
      98
    ],
    [
      236,
      144
    ]
  ],
  "image_filename": "CLEVR_new_001287.png",
  "directions": {
    "below": [
      -0.0,
      -0.0,
      -1.0
    ],
    "right": [
      0.6563112735748291,
      0.7544902563095093,
      -0.0
    ],
    "behind": [
      -0.754490315914154,
      0.6563112735748291,
      0.0
    ],
    "front": [
      0.754490315914154,
      -0.6563112735748291,
      -0.0
    ],
    "above": [
      0.0,
      0.0,
      1.0
    ],
    "left": [
      -0.6563112735748291,
      -0.7544902563095093,
      0.0
    ]
  },
  "image_index": 1287,
  "split": "new",
  "objects": [
    {
      "3d_coords": [
        2.264134407043457,
        2.8496665954589844,
        0.699999988079071
      ],
      "pixel_coords": [
        272,
        96,
        11.283552169799805
      ],
      "material": "rubber",
      "rotation": 77.12037680372185,
      "shape": "sphere",
      "color": "blue",
      "size": "large"
    },
    {
      "3d_coords": [
        -1.5707731246948242,
        2.546865701675415,
        0.5249999761581421
      ],
      "pixel_coords": [
        179,
        75,
        13.647811889648438
      ],
      "material": "rubber",
      "rotation": 249.5595874720012,
      "shape": "cube",
      "color": "blue",
      "size": "medium"
    },
    {
      "3d_coords": [
        -0.4213741421699524,
        0.985374927520752,
        0.3499999940395355
      ],
      "pixel_coords": [
        172,
        98,
        12.021101951599121
      ],
      "material": "rubber",
      "rotation": 155.50539251024492,
      "shape": "cylinder",
      "color": "blue",
      "size": "small"
    },
    {
      "3d_coords": [
        0.3332836925983429,
        -2.0230512619018555,
        0.5249999761581421
      ],
      "pixel_coords": [
        115,
        130,
        9.597554206848145
      ],
      "material": "rubber",
      "rotation": 279.17131657074736,
      "shape": "sphere",
      "color": "blue",
      "size": "medium"
    },
    {
      "3d_coords": [
        2.6525399684906006,
        -2.3669817447662354,
        0.3499999940395355
      ],
      "pixel_coords": [
        166,
        177,
        7.968642711639404
      ],
      "material": "rubber",
      "rotation": 56.66871754611894,
      "shape": "sphere",
      "color": "blue",
      "size": "small"
    },
    {
      "3d_coords": [
        -1.3351919651031494,
        -2.140242099761963,
        0.5249999761581421
      ],
      "pixel_coords": [
        78,
        112,
        10.600884437561035
      ],
      "material": "rubber",
      "rotation": 173.0299368593676,
      "shape": "cylinder",
      "color": "blue",
      "size": "medium"
    },
    {
      "3d_coords": [
        1.810271978378296,
        0.5978963375091553,
        0.5249999761581421
      ],
      "pixel_coords": [
        217,
        118,
        10.264153480529785
      ],
      "material": "rubber",
      "rotation": 130.81071841296335,
      "shape": "cylinder",
      "color": "green",
      "size": "medium"
    }
  ]
}