{
  "relationships": {
    "front": [
      [
        3,
        5
      ],
      [
        0,
        3,
        5
      ],
      [
        0,
        1,
        3,
        4,
        5
      ],
      [
        5
      ],
      [
        0,
        1,
        3,
        5
      ],
      [],
      [
        0,
        1,
        2,
        3,
        4,
        5
      ]
    ],
    "right": [
      [
        4,
        6
      ],
      [
        0,
        2,
        3,
        4,
        5,
        6
      ],
      [
        0,
        3,
        4,
        6
      ],
      [
        0,
        4,
        6
      ],
      [],
      [
        0,
        2,
        3,
        4,
        6
      ],
      [
        4
      ]
    ],
    "left": [
      [
        1,
        2,
        3,
        5
      ],
      [],
      [
        1,
        5
      ],
      [
        1,
        2,
        5
      ],
      [
        0,
        1,
        2,
        3,
        5,
        6
      ],
      [
        1
      ],
      [
        0,
        1,
        2,
        3,
        5
      ]
    ],
    "behind": [
      [
        1,
        2,
        4,
        6
      ],
      [
        2,
        4,
        6
      ],
      [
        6
      ],
      [
        0,
        1,
        2,
        4,
        6
      ],
      [
        2,
        6
      ],
      [
        0,
        1,
        2,
        3,
        4,
        6
      ],
      []
    ]
  },
  "intruder_pos": [
    [
      190,
      144
    ],
    [
      208,
      166
    ]
  ],
  "image_filename": "CLEVR_new_001090.png",
  "directions": {
    "below": [
      -0.0,
      -0.0,
      -1.0
    ],
    "right": [
      0.6563112735748291,
      0.7544902563095093,
      -0.0
    ],
    "behind": [
      -0.754490315914154,
      0.6563112735748291,
      0.0
    ],
    "front": [
      0.754490315914154,
      -0.6563112735748291,
      -0.0
    ],
    "above": [
      0.0,
      0.0,
      1.0
    ],
    "left": [
      -0.6563112735748291,
      -0.7544902563095093,
      0.0
    ]
  },
  "image_index": 1090,
  "split": "new",
  "objects": [
    {
      "3d_coords": [
        1.3599921464920044,
        0.21457549929618835,
        0.5249999761581421
      ],
      "pixel_coords": [
        194,
        118,
        10.76892375946045
      ],
      "material": "rubber",
      "rotation": 238.45598627029904,
      "shape": "cube",
      "color": "green",
      "size": "medium"
    },
    {
      "3d_coords": [
        -1.3087058067321777,
        -1.8823193311691284,
        0.5249999761581421
      ],
      "pixel_coords": [
        90,
        109,
        11.320967674255371
      ],
      "material": "rubber",
      "rotation": 44.763773823082815,
      "shape": "cylinder",
      "color": "green",
      "size": "medium"
    },
    {
      "3d_coords": [
        -1.5166033506393433,
        0.6509250402450562,
        0.5249999761581421
      ],
      "pixel_coords": [
        146,
        87,
        12.932695388793945
      ],
      "material": "rubber",
      "rotation": 56.345230650786576,
      "shape": "cylinder",
      "color": "green",
      "size": "medium"
    },
    {
      "3d_coords": [
        2.2110135555267334,
        -1.18927001953125,
        0.699999988079071
      ],
      "pixel_coords": [
        181,
        140,
        9.304988861083984
      ],
      "material": "rubber",
      "rotation": 33.46325392814823,
      "shape": "cylinder",
      "color": "green",
      "size": "large"
    },
    {
      "3d_coords": [
        1.5170551538467407,
        2.7171695232391357,
        0.699999988079071
      ],
      "pixel_coords": [
        248,
        93,
        12.03828239440918
      ],
      "material": "rubber",
      "rotation": 92.59754879976418,
      "shape": "cylinder",
      "color": "green",
      "size": "large"
    },
    {
      "3d_coords": [
        1.8211930990219116,
        -2.8192033767700195,
        0.3499999940395355
      ],
      "pixel_coords": [
        123,
        168,
        8.78005313873291
      ],
      "material": "rubber",
      "rotation": 162.45018596047586,
      "shape": "sphere",
      "color": "green",
      "size": "small"
    },
    {
      "3d_coords": [
        -0.6881325840950012,
        2.6228201389312744,
        0.3499999940395355
      ],
      "pixel_coords": [
        199,
        85,
        13.611981391906738
      ],
      "material": "rubber",
      "rotation": 248.46161470426532,
      "shape": "cylinder",
      "color": "blue",
      "size": "small"
    }
  ]
}