{
  "relationships": {
    "front": [
      [
        3,
        4
      ],
      [
        0,
        2,
        3,
        4,
        6
      ],
      [
        0,
        3,
        4,
        6
      ],
      [],
      [
        3
      ],
      [
        0,
        1,
        2,
        3,
        4,
        6,
        7
      ],
      [
        0,
        3,
        4
      ],
      [
        0,
        1,
        2,
        3,
        4,
        6
      ]
    ],
    "right": [
      [],
      [
        0
      ],
      [
        0,
        1,
        5
      ],
      [
        0,
        1,
        2,
        4,
        5,
        7
      ],
      [
        0,
        1,
        2,
        5
      ],
      [
        0,
        1
      ],
      [
        0,
        1,
        2,
        3,
        4,
        5,
        7
      ],
      [
        0,
        1,
        2,
        4,
        5
      ]
    ],
    "left": [
      [
        1,
        2,
        3,
        4,
        5,
        6,
        7
      ],
      [
        2,
        3,
        4,
        5,
        6,
        7
      ],
      [
        3,
        4,
        6,
        7
      ],
      [
        6
      ],
      [
        3,
        6,
        7
      ],
      [
        2,
        3,
        4,
        6,
        7
      ],
      [],
      [
        3,
        6
      ]
    ],
    "behind": [
      [
        1,
        2,
        5,
        6,
        7
      ],
      [
        5,
        7
      ],
      [
        1,
        5,
        7
      ],
      [
        0,
        1,
        2,
        4,
        5,
        6,
        7
      ],
      [
        0,
        1,
        2,
        5,
        6,
        7
      ],
      [],
      [
        1,
        2,
        5,
        7
      ],
      [
        5
      ]
    ]
  },
  "intruder_pos": [
    [
      106,
      135
    ],
    [
      151,
      184
    ]
  ],
  "image_filename": "CLEVR_new_001005.png",
  "directions": {
    "below": [
      -0.0,
      -0.0,
      -1.0
    ],
    "right": [
      0.6563112735748291,
      0.7544902563095093,
      -0.0
    ],
    "behind": [
      -0.754490315914154,
      0.6563112735748291,
      0.0
    ],
    "front": [
      0.754490315914154,
      -0.6563112735748291,
      -0.0
    ],
    "above": [
      0.0,
      0.0,
      1.0
    ],
    "left": [
      -0.6563112735748291,
      -0.7544902563095093,
      0.0
    ]
  },
  "image_index": 1005,
  "split": "new",
  "objects": [
    {
      "3d_coords": [
        2.5604066848754883,
        2.6774442195892334,
        0.699999988079071
      ],
      "pixel_coords": [
        277,
        103,
        11.060653686523438
      ],
      "material": "rubber",
      "rotation": 230.50160833788135,
      "shape": "cube",
      "color": "blue",
      "size": "large"
    },
    {
      "3d_coords": [
        0.7990853786468506,
        2.8957302570343018,
        0.699999988079071
      ],
      "pixel_coords": [
        237,
        85,
        12.341893196105957
      ],
      "material": "rubber",
      "rotation": 202.48134622571246,
      "shape": "sphere",
      "color": "blue",
      "size": "large"
    },
    {
      "3d_coords": [
        -0.44444313645362854,
        0.7606428265571594,
        0.3499999940395355
      ],
      "pixel_coords": [
        168,
        99,
        12.111096382141113
      ],
      "material": "rubber",
      "rotation": 83.49123171128976,
      "shape": "cube",
      "color": "blue",
      "size": "small"
    },
    {
      "3d_coords": [
        0.4637191593647003,
        -2.931335926055908,
        0.5249999761581421
      ],
      "pixel_coords": [
        88,
        145,
        9.319507598876953
      ],
      "material": "rubber",
      "rotation": 235.57453386062818,
      "shape": "cylinder",
      "color": "blue",
      "size": "medium"
    },
    {
      "3d_coords": [
        1.1447081565856934,
        -1.365882158279419,
        0.699999988079071
      ],
      "pixel_coords": [
        150,
        129,
        9.68045425415039
      ],
      "material": "rubber",
      "rotation": 267.4788668810626,
      "shape": "cube",
      "color": "blue",
      "size": "large"
    },
    {
      "3d_coords": [
        -1.918662667274475,
        2.6327402591705322,
        0.5249999761581421
      ],
      "pixel_coords": [
        178,
        70,
        14.062397003173828
      ],
      "material": "rubber",
      "rotation": 243.5969867351585,
      "shape": "cylinder",
      "color": "blue",
      "size": "medium"
    },
    {
      "3d_coords": [
        -2.0244247913360596,
        -1.693806767463684,
        0.699999988079071
      ],
      "pixel_coords": [
        81,
        95,
        11.574080467224121
      ],
      "material": "rubber",
      "rotation": 2.0192998712078225,
      "shape": "sphere",
      "color": "blue",
      "size": "large"
    },
    {
      "3d_coords": [
        -1.9866234064102173,
        0.3111846446990967,
        0.699999988079071
      ],
      "pixel_coords": [
        131,
        80,
        12.694631576538086
      ],
      "material": "rubber",
      "rotation": 289.7402925101871,
      "shape": "cube",
      "color": "red",
      "size": "large"
    }
  ]
}