{
  "image_filename": "CLEVR_new_001534.png",
  "directions": {
    "left": [
      -0.6563112735748291,
      -0.7544902563095093,
      0.0
    ],
    "right": [
      0.6563112735748291,
      0.7544902563095093,
      -0.0
    ],
    "front": [
      0.754490315914154,
      -0.6563112735748291,
      -0.0
    ],
    "behind": [
      -0.754490315914154,
      0.6563112735748291,
      0.0
    ],
    "below": [
      -0.0,
      -0.0,
      -1.0
    ],
    "above": [
      0.0,
      0.0,
      1.0
    ]
  },
  "intruder_pos": [
    [
      64,
      131
    ],
    [
      107,
      181
    ]
  ],
  "image_index": 1534,
  "split": "new",
  "relationships": {
    "left": [
      [
        2,
        4,
        5,
        7
      ],
      [
        0,
        2,
        4,
        5,
        7
      ],
      [
        4,
        5,
        7
      ],
      [
        0,
        1,
        2,
        4,
        5,
        6,
        7
      ],
      [],
      [
        4,
        7
      ],
      [
        0,
        1,
        2,
        4,
        5,
        7
      ],
      [
        4
      ]
    ],
    "right": [
      [
        1,
        3,
        6
      ],
      [
        3,
        6
      ],
      [
        0,
        1,
        3,
        6
      ],
      [],
      [
        0,
        1,
        2,
        3,
        5,
        6,
        7
      ],
      [
        0,
        1,
        2,
        3,
        6
      ],
      [
        3
      ],
      [
        0,
        1,
        2,
        3,
        5,
        6
      ]
    ],
    "front": [
      [
        1,
        2,
        3,
        4,
        5,
        6
      ],
      [],
      [
        1
      ],
      [
        1,
        2,
        4,
        5,
        6
      ],
      [
        1,
        2,
        5,
        6
      ],
      [
        1,
        2
      ],
      [
        1,
        2,
        5
      ],
      [
        0,
        1,
        2,
        3,
        4,
        5,
        6
      ]
    ],
    "behind": [
      [
        7
      ],
      [
        0,
        2,
        3,
        4,
        5,
        6,
        7
      ],
      [
        0,
        3,
        4,
        5,
        6,
        7
      ],
      [
        0,
        7
      ],
      [
        0,
        3,
        7
      ],
      [
        0,
        3,
        4,
        6,
        7
      ],
      [
        0,
        3,
        4,
        7
      ],
      []
    ]
  },
  "objects": [
    {
      "color": "green",
      "material": "rubber",
      "pixel_coords": [
        164,
        88,
        12.056388854980469
      ],
      "3d_coords": [
        -0.6588777303695679,
        0.8035016655921936,
        0.699999988079071
      ],
      "size": "large",
      "rotation": 93.17581034351099,
      "shape": "cube"
    },
    {
      "color": "green",
      "material": "rubber",
      "pixel_coords": [
        193,
        161,
        8.189967155456543
      ],
      "3d_coords": [
        2.968865156173706,
        -1.7356011867523193,
        0.699999988079071
      ],
      "size": "large",
      "rotation": 269.5578328859066,
      "shape": "cube"
    },
    {
      "color": "green",
      "material": "rubber",
      "pixel_coords": [
        122,
        153,
        9.135795593261719
      ],
      "3d_coords": [
        1.1204756498336792,
        -2.4149177074432373,
        0.3499999940395355
      ],
      "size": "small",
      "rotation": 269.0125545039921,
      "shape": "cylinder"
    },
    {
      "color": "green",
      "material": "rubber",
      "pixel_coords": [
        241,
        100,
        11.575678825378418
      ],
      "3d_coords": [
        1.5426658391952515,
        2.2213990688323975,
        0.5249999761581421
      ],
      "size": "medium",
      "rotation": 1.6113070551118591,
      "shape": "sphere"
    },
    {
      "color": "green",
      "material": "rubber",
      "pixel_coords": [
        62,
        118,
        10.486472129821777
      ],
      "3d_coords": [
        -1.3974360227584839,
        -2.7273662090301514,
        0.5249999761581421
      ],
      "size": "medium",
      "rotation": 143.0742858166579,
      "shape": "cylinder"
    },
    {
      "color": "green",
      "material": "rubber",
      "pixel_coords": [
        83,
        139,
        9.410058975219727
      ],
      "3d_coords": [
        0.09213319420814514,
        -2.9217958450317383,
        0.5249999761581421
      ],
      "size": "medium",
      "rotation": 59.87337915601494,
      "shape": "cylinder"
    },
    {
      "color": "green",
      "material": "rubber",
      "pixel_coords": [
        216,
        121,
        9.946257591247559
      ],
      "3d_coords": [
        2.074716329574585,
        0.22312031686306,
        0.699999988079071
      ],
      "size": "large",
      "rotation": 116.23380860420387,
      "shape": "cube"
    },
    {
      "color": "blue",
      "material": "rubber",
      "pixel_coords": [
        87,
        83,
        12.431410789489746
      ],
      "3d_coords": [
        -2.8400845527648926,
        -0.9048652648925781,
        0.699999988079071
      ],
      "size": "large",
      "rotation": 284.1564817613889,
      "shape": "cylinder"
    }
  ]
}