{
  "relationships": {
    "front": [
      [
        2,
        5
      ],
      [
        0,
        2,
        3,
        5
      ],
      [],
      [
        0,
        2,
        5
      ],
      [
        0,
        1,
        2,
        3,
        5
      ],
      [
        2
      ],
      [
        0,
        1,
        2,
        3,
        4,
        5
      ]
    ],
    "right": [
      [],
      [
        0,
        5
      ],
      [
        0,
        1,
        5,
        6
      ],
      [
        0,
        1,
        2,
        4,
        5,
        6
      ],
      [
        0,
        1,
        2,
        5,
        6
      ],
      [
        0
      ],
      [
        0,
        1,
        5
      ]
    ],
    "left": [
      [
        1,
        2,
        3,
        4,
        5,
        6
      ],
      [
        2,
        3,
        4,
        6
      ],
      [
        3,
        4
      ],
      [],
      [
        3
      ],
      [
        1,
        2,
        3,
        4,
        6
      ],
      [
        2,
        3,
        4
      ]
    ],
    "behind": [
      [
        1,
        3,
        4,
        6
      ],
      [
        4,
        6
      ],
      [
        0,
        1,
        3,
        4,
        5,
        6
      ],
      [
        1,
        4,
        6
      ],
      [
        6
      ],
      [
        0,
        1,
        3,
        4,
        6
      ],
      []
    ]
  },
  "intruder_pos": [
    [
      162,
      159
    ],
    [
      179,
      180
    ]
  ],
  "image_filename": "CLEVR_new_001234.png",
  "directions": {
    "below": [
      -0.0,
      -0.0,
      -1.0
    ],
    "right": [
      0.6563112735748291,
      0.7544902563095093,
      -0.0
    ],
    "behind": [
      -0.754490315914154,
      0.6563112735748291,
      0.0
    ],
    "front": [
      0.754490315914154,
      -0.6563112735748291,
      -0.0
    ],
    "above": [
      0.0,
      0.0,
      1.0
    ],
    "left": [
      -0.6563112735748291,
      -0.7544902563095093,
      0.0
    ]
  },
  "image_index": 1234,
  "split": "new",
  "objects": [
    {
      "3d_coords": [
        2.703517436981201,
        2.053774118423462,
        0.3499999940395355
      ],
      "pixel_coords": [
        269,
        118,
        10.78055191040039
      ],
      "material": "rubber",
      "rotation": 277.92427735649534,
      "shape": "cube",
      "color": "green",
      "size": "small"
    },
    {
      "3d_coords": [
        -0.023126425221562386,
        2.1670498847961426,
        0.5249999761581421
      ],
      "pixel_coords": [
        203,
        87,
        12.507733345031738
      ],
      "material": "rubber",
      "rotation": 118.0649730932493,
      "shape": "cube",
      "color": "green",
      "size": "medium"
    },
    {
      "3d_coords": [
        1.991140365600586,
        -2.065410614013672,
        0.699999988079071
      ],
      "pixel_coords": [
        156,
        149,
        8.542611122131348
      ],
      "material": "rubber",
      "rotation": 12.088219971406984,
      "shape": "sphere",
      "color": "green",
      "size": "large"
    },
    {
      "3d_coords": [
        -1.3807326555252075,
        -0.8945931792259216,
        0.3499999940395355
      ],
      "pixel_coords": [
        112,
        105,
        11.574806213378906
      ],
      "material": "rubber",
      "rotation": 278.9987301925165,
      "shape": "sphere",
      "color": "green",
      "size": "small"
    },
    {
      "3d_coords": [
        -2.2200191020965576,
        1.0506389141082764,
        0.5249999761581421
      ],
      "pixel_coords": [
        139,
        79,
        13.223272323608398
      ],
      "material": "rubber",
      "rotation": 65.54510024977318,
      "shape": "cylinder",
      "color": "green",
      "size": "medium"
    },
    {
      "3d_coords": [
        2.634080410003662,
        1.009450912475586,
        0.3499999940395355
      ],
      "pixel_coords": [
        248,
        128,
        10.183526039123535
      ],
      "material": "rubber",
      "rotation": 32.481989966487866,
      "shape": "sphere",
      "color": "green",
      "size": "small"
    },
    {
      "3d_coords": [
        -2.4474740028381348,
        2.9976420402526855,
        0.3499999940395355
      ],
      "pixel_coords": [
        171,
        70,
        14.645334243774414
      ],
      "material": "rubber",
      "rotation": 187.62366914460088,
      "shape": "cube",
      "color": "red",
      "size": "small"
    }
  ]
}