{
  "relationships": {
    "front": [
      [
        1,
        2,
        4
      ],
      [
        4
      ],
      [
        1,
        4
      ],
      [
        0,
        1,
        2,
        4,
        6
      ],
      [],
      [
        0,
        1,
        2,
        3,
        4,
        6
      ],
      [
        0,
        1,
        2,
        4
      ]
    ],
    "right": [
      [
        1,
        2,
        3,
        4,
        5,
        6
      ],
      [
        2,
        4,
        5,
        6
      ],
      [
        4,
        6
      ],
      [
        1,
        2,
        4,
        5,
        6
      ],
      [
        6
      ],
      [
        2,
        4,
        6
      ],
      []
    ],
    "left": [
      [],
      [
        0,
        3
      ],
      [
        0,
        1,
        3,
        5
      ],
      [
        0
      ],
      [
        0,
        1,
        2,
        3,
        5
      ],
      [
        0,
        1,
        3
      ],
      [
        0,
        1,
        2,
        3,
        4,
        5
      ]
    ],
    "behind": [
      [
        3,
        5,
        6
      ],
      [
        0,
        2,
        3,
        5,
        6
      ],
      [
        0,
        3,
        5,
        6
      ],
      [
        5
      ],
      [
        0,
        1,
        2,
        3,
        5,
        6
      ],
      [],
      [
        3,
        5
      ]
    ]
  },
  "intruder_pos": [
    [
      205,
      120
    ],
    [
      252,
      177
    ]
  ],
  "image_filename": "CLEVR_new_001224.png",
  "directions": {
    "below": [
      -0.0,
      -0.0,
      -1.0
    ],
    "right": [
      0.6563112735748291,
      0.7544902563095093,
      -0.0
    ],
    "behind": [
      -0.754490315914154,
      0.6563112735748291,
      0.0
    ],
    "front": [
      0.754490315914154,
      -0.6563112735748291,
      -0.0
    ],
    "above": [
      0.0,
      0.0,
      1.0
    ],
    "left": [
      -0.6563112735748291,
      -0.7544902563095093,
      0.0
    ]
  },
  "image_index": 1224,
  "split": "new",
  "objects": [
    {
      "3d_coords": [
        -2.3334670066833496,
        -2.413757562637329,
        0.5249999761581421
      ],
      "pixel_coords": [
        50,
        102,
        10.653315544128418
      ],
      "material": "rubber",
      "rotation": 76.90634257128433,
      "shape": "sphere",
      "color": "blue",
      "size": "medium"
    },
    {
      "3d_coords": [
        0.29103270173072815,
        -1.6365519762039185,
        0.3499999940395355
      ],
      "pixel_coords": [
        121,
        131,
        9.430810928344727
      ],
      "material": "rubber",
      "rotation": 123.50000172214087,
      "shape": "cylinder",
      "color": "blue",
      "size": "small"
    },
    {
      "3d_coords": [
        0.6570569276809692,
        0.3979383111000061,
        0.5249999761581421
      ],
      "pixel_coords": [
        185,
        108,
        10.264321327209473
      ],
      "material": "rubber",
      "rotation": 313.1172383461097,
      "shape": "cube",
      "color": "blue",
      "size": "medium"
    },
    {
      "3d_coords": [
        -2.582125186920166,
        -0.46964332461357117,
        0.3499999940395355
      ],
      "pixel_coords": [
        101,
        88,
        12.012773513793945
      ],
      "material": "rubber",
      "rotation": 147.56903825807063,
      "shape": "cube",
      "color": "blue",
      "size": "small"
    },
    {
      "3d_coords": [
        2.1385650634765625,
        -0.3510397672653198,
        0.5249999761581421
      ],
      "pixel_coords": [
        204,
        137,
        8.84889030456543
      ],
      "material": "rubber",
      "rotation": 331.72753800022343,
      "shape": "sphere",
      "color": "blue",
      "size": "medium"
    },
    {
      "3d_coords": [
        -2.48974871635437,
        1.5314706563949585,
        0.699999988079071
      ],
      "pixel_coords": [
        148,
        66,
        12.925863265991211
      ],
      "material": "rubber",
      "rotation": 19.806688863716964,
      "shape": "sphere",
      "color": "blue",
      "size": "large"
    },
    {
      "3d_coords": [
        0.8566399812698364,
        2.0527265071868896,
        0.699999988079071
      ],
      "pixel_coords": [
        227,
        90,
        10.992056846618652
      ],
      "material": "rubber",
      "rotation": 210.10842602435227,
      "shape": "cylinder",
      "color": "green",
      "size": "large"
    }
  ]
}