{
  "split": "new",
  "intruder_pos": [
    [
      247,
      113
    ],
    [
      295,
      160
    ]
  ],
  "relationships": {
    "front": [
      [
        1,
        3,
        4,
        5,
        6
      ],
      [],
      [
        0,
        1,
        3,
        4,
        5,
        6
      ],
      [
        1,
        4,
        6
      ],
      [
        1
      ],
      [
        1,
        3,
        4,
        6
      ],
      [
        1,
        4
      ]
    ],
    "left": [
      [
        1,
        2,
        3,
        4,
        5
      ],
      [
        4,
        5
      ],
      [
        1,
        4,
        5
      ],
      [
        1,
        2,
        4,
        5
      ],
      [
        5
      ],
      [],
      [
        0,
        1,
        2,
        3,
        4,
        5
      ]
    ],
    "behind": [
      [
        2
      ],
      [
        0,
        2,
        3,
        4,
        5,
        6
      ],
      [],
      [
        0,
        2,
        5
      ],
      [
        0,
        2,
        3,
        5,
        6
      ],
      [
        0,
        2
      ],
      [
        0,
        2,
        3,
        5
      ]
    ],
    "right": [
      [
        6
      ],
      [
        0,
        2,
        3,
        6
      ],
      [
        0,
        3,
        6
      ],
      [
        0,
        6
      ],
      [
        0,
        1,
        2,
        3,
        6
      ],
      [
        0,
        1,
        2,
        3,
        4,
        6
      ],
      []
    ]
  },
  "directions": {
    "front": [
      0.754490315914154,
      -0.6563112735748291,
      -0.0
    ],
    "above": [
      0.0,
      0.0,
      1.0
    ],
    "behind": [
      -0.754490315914154,
      0.6563112735748291,
      0.0
    ],
    "below": [
      -0.0,
      -0.0,
      -1.0
    ],
    "right": [
      0.6563112735748291,
      0.7544902563095093,
      -0.0
    ],
    "left": [
      -0.6563112735748291,
      -0.7544902563095093,
      0.0
    ]
  },
  "image_index": 363,
  "image_filename": "CLEVR_new_000363.png",
  "objects": [
    {
      "pixel_coords": [
        218,
        81,
        12.243451118469238
      ],
      "rotation": 222.18705113610667,
      "material": "rubber",
      "size": "medium",
      "shape": "cube",
      "color": "green",
      "3d_coords": [
        -0.07163169980049133,
        2.705570936203003,
        0.5249999761581421
      ]
    },
    {
      "pixel_coords": [
        145,
        181,
        7.864073276519775
      ],
      "rotation": 155.28468570522057,
      "material": "rubber",
      "size": "small",
      "shape": "cylinder",
      "color": "green",
      "3d_coords": [
        2.3398971557617188,
        -2.4230263233184814,
        0.3499999940395355
      ]
    },
    {
      "pixel_coords": [
        170,
        60,
        14.051971435546875
      ],
      "rotation": 322.1491914239789,
      "material": "rubber",
      "size": "medium",
      "shape": "sphere",
      "color": "green",
      "3d_coords": [
        -2.7008416652679443,
        2.842876434326172,
        0.5249999761581421
      ]
    },
    {
      "pixel_coords": [
        199,
        97,
        10.79088020324707
      ],
      "rotation": 187.47895595588224,
      "material": "rubber",
      "size": "large",
      "shape": "cylinder",
      "color": "green",
      "3d_coords": [
        0.5978134274482727,
        1.0595638751983643,
        0.699999988079071
      ]
    },
    {
      "pixel_coords": [
        132,
        123,
        9.41293716430664
      ],
      "rotation": 273.27946894875004,
      "material": "rubber",
      "size": "large",
      "shape": "sphere",
      "color": "green",
      "3d_coords": [
        0.5471324324607849,
        -1.4545345306396484,
        0.699999988079071
      ]
    },
    {
      "pixel_coords": [
        108,
        89,
        11.249375343322754
      ],
      "rotation": 31.236194799428624,
      "material": "rubber",
      "size": "large",
      "shape": "cylinder",
      "color": "green",
      "3d_coords": [
        -1.6573604345321655,
        -0.7692551016807556,
        0.699999988079071
      ]
    },
    {
      "pixel_coords": [
        271,
        103,
        10.411138534545898
      ],
      "rotation": 89.07204904357296,
      "material": "rubber",
      "size": "large",
      "shape": "sphere",
      "color": "blue",
      "3d_coords": [
        2.3036563396453857,
        2.384247303009033,
        0.699999988079071
      ]
    }
  ]
}