{
  "split": "new",
  "intruder_pos": [
    [
      108,
      35
    ],
    [
      151,
      84
    ]
  ],
  "relationships": {
    "front": [
      [
        7
      ],
      [
        0,
        2,
        3,
        4,
        7
      ],
      [
        0,
        4,
        7
      ],
      [
        0,
        2,
        4,
        7
      ],
      [
        0,
        7
      ],
      [
        0,
        1,
        2,
        3,
        4,
        6,
        7
      ],
      [
        0,
        1,
        2,
        3,
        4,
        7
      ],
      []
    ],
    "left": [
      [
        2,
        6
      ],
      [
        0,
        2,
        3,
        4,
        5,
        6,
        7
      ],
      [],
      [
        0,
        2,
        5,
        6,
        7
      ],
      [
        0,
        2,
        3,
        5,
        6,
        7
      ],
      [
        0,
        2,
        6,
        7
      ],
      [
        2
      ],
      [
        0,
        2,
        6
      ]
    ],
    "behind": [
      [
        1,
        2,
        3,
        4,
        5,
        6
      ],
      [
        5,
        6
      ],
      [
        1,
        3,
        5,
        6
      ],
      [
        1,
        5,
        6
      ],
      [
        1,
        2,
        3,
        5,
        6
      ],
      [],
      [
        5
      ],
      [
        0,
        1,
        2,
        3,
        4,
        5,
        6
      ]
    ],
    "right": [
      [
        1,
        3,
        4,
        5,
        7
      ],
      [],
      [
        0,
        1,
        3,
        4,
        5,
        6,
        7
      ],
      [
        1,
        4
      ],
      [
        1
      ],
      [
        1,
        3,
        4
      ],
      [
        0,
        1,
        3,
        4,
        5,
        7
      ],
      [
        1,
        3,
        4,
        5
      ]
    ]
  },
  "directions": {
    "front": [
      0.754490315914154,
      -0.6563112735748291,
      -0.0
    ],
    "above": [
      0.0,
      0.0,
      1.0
    ],
    "behind": [
      -0.754490315914154,
      0.6563112735748291,
      0.0
    ],
    "below": [
      -0.0,
      -0.0,
      -1.0
    ],
    "right": [
      0.6563112735748291,
      0.7544902563095093,
      -0.0
    ],
    "left": [
      -0.6563112735748291,
      -0.7544902563095093,
      0.0
    ]
  },
  "image_index": 185,
  "image_filename": "CLEVR_new_000185.png",
  "objects": [
    {
      "pixel_coords": [
        111,
        137,
        9.015859603881836
      ],
      "rotation": 47.59053948191304,
      "material": "rubber",
      "size": "medium",
      "shape": "sphere",
      "color": "blue",
      "3d_coords": [
        0.6574963927268982,
        -2.33296799659729,
        0.5249999761581421
      ]
    },
    {
      "pixel_coords": [
        235,
        85,
        11.965588569641113
      ],
      "rotation": 27.006756269002885,
      "material": "rubber",
      "size": "large",
      "shape": "sphere",
      "color": "blue",
      "3d_coords": [
        0.803105890750885,
        2.77009916305542,
        0.699999988079071
      ]
    },
    {
      "pixel_coords": [
        57,
        97,
        10.981019973754883
      ],
      "rotation": 211.76651118737425,
      "material": "rubber",
      "size": "large",
      "shape": "sphere",
      "color": "red",
      "3d_coords": [
        -2.365806818008423,
        -2.2307732105255127,
        0.699999988079071
      ]
    },
    {
      "pixel_coords": [
        170,
        100,
        11.628830909729004
      ],
      "rotation": 172.8602606055974,
      "material": "rubber",
      "size": "small",
      "shape": "sphere",
      "color": "blue",
      "3d_coords": [
        -0.322983056306839,
        0.7608698606491089,
        0.3499999940395355
      ]
    },
    {
      "pixel_coords": [
        236,
        110,
        10.119205474853516
      ],
      "rotation": 166.8288120177398,
      "material": "rubber",
      "size": "large",
      "shape": "sphere",
      "color": "blue",
      "3d_coords": [
        2.057995319366455,
        1.0959460735321045,
        0.699999988079071
      ]
    },
    {
      "pixel_coords": [
        151,
        74,
        13.543794631958008
      ],
      "rotation": 186.08683117103016,
      "material": "rubber",
      "size": "medium",
      "shape": "sphere",
      "color": "green",
      "3d_coords": [
        -2.4187920093536377,
        1.773791790008545,
        0.5249999761581421
      ]
    },
    {
      "pixel_coords": [
        95,
        90,
        12.509835243225098
      ],
      "rotation": 354.18966650225036,
      "material": "rubber",
      "size": "small",
      "shape": "sphere",
      "color": "blue",
      "3d_coords": [
        -2.8521642684936523,
        -0.5065507292747498,
        0.3499999940395355
      ]
    },
    {
      "pixel_coords": [
        130,
        179,
        7.687434196472168
      ],
      "rotation": 216.7276702908571,
      "material": "rubber",
      "size": "small",
      "shape": "cube",
      "color": "red",
      "3d_coords": [
        2.2127861976623535,
        -2.9659268856048584,
        0.3499999940395355
      ]
    }
  ]
}