{
  "image_filename": "CLEVR_new_001429.png",
  "directions": {
    "left": [
      -0.6563112735748291,
      -0.7544902563095093,
      0.0
    ],
    "right": [
      0.6563112735748291,
      0.7544902563095093,
      -0.0
    ],
    "front": [
      0.754490315914154,
      -0.6563112735748291,
      -0.0
    ],
    "behind": [
      -0.754490315914154,
      0.6563112735748291,
      0.0
    ],
    "below": [
      -0.0,
      -0.0,
      -1.0
    ],
    "above": [
      0.0,
      0.0,
      1.0
    ]
  },
  "intruder_pos": [
    [
      27,
      130
    ],
    [
      72,
      172
    ]
  ],
  "image_index": 1429,
  "split": "new",
  "relationships": {
    "left": [
      [
        3,
        4,
        6
      ],
      [
        0,
        2,
        3,
        4,
        5,
        6
      ],
      [
        0,
        3,
        4,
        5,
        6
      ],
      [
        4,
        6
      ],
      [
        6
      ],
      [
        0,
        3,
        4,
        6
      ],
      []
    ],
    "right": [
      [
        1,
        2,
        5
      ],
      [],
      [
        1
      ],
      [
        0,
        1,
        2,
        5
      ],
      [
        0,
        1,
        2,
        3,
        5
      ],
      [
        1,
        2
      ],
      [
        0,
        1,
        2,
        3,
        4,
        5
      ]
    ],
    "front": [
      [
        1,
        4,
        5
      ],
      [
        4,
        5
      ],
      [
        0,
        1,
        3,
        4,
        5,
        6
      ],
      [
        0,
        1,
        4,
        5,
        6
      ],
      [
        5
      ],
      [],
      [
        0,
        1,
        4,
        5
      ]
    ],
    "behind": [
      [
        2,
        3,
        6
      ],
      [
        0,
        2,
        3,
        6
      ],
      [],
      [
        2
      ],
      [
        0,
        1,
        2,
        3,
        6
      ],
      [
        0,
        1,
        2,
        3,
        4,
        6
      ],
      [
        2,
        3
      ]
    ]
  },
  "objects": [
    {
      "color": "red",
      "material": "rubber",
      "pixel_coords": [
        147,
        99,
        10.582103729248047
      ],
      "3d_coords": [
        -0.2570986747741699,
        -0.3132041394710541,
        0.699999988079071
      ],
      "size": "large",
      "rotation": 359.57650941973725,
      "shape": "cylinder"
    },
    {
      "color": "red",
      "material": "rubber",
      "pixel_coords": [
        263,
        116,
        9.982104301452637
      ],
      "3d_coords": [
        2.4768588542938232,
        1.7719520330429077,
        0.5249999761581421
      ],
      "size": "medium",
      "rotation": 151.65511535388617,
      "shape": "sphere"
    },
    {
      "color": "red",
      "material": "rubber",
      "pixel_coords": [
        183,
        64,
        13.710159301757812
      ],
      "3d_coords": [
        -2.0973880290985107,
        2.949094772338867,
        0.699999988079071
      ],
      "size": "large",
      "rotation": 148.00940634508083,
      "shape": "sphere"
    },
    {
      "color": "red",
      "material": "rubber",
      "pixel_coords": [
        123,
        85,
        12.12525749206543
      ],
      "3d_coords": [
        -2.082026481628418,
        0.06118512526154518,
        0.5249999761581421
      ],
      "size": "medium",
      "rotation": 86.94355891650864,
      "shape": "cube"
    },
    {
      "color": "red",
      "material": "rubber",
      "pixel_coords": [
        78,
        126,
        9.777168273925781
      ],
      "3d_coords": [
        -0.6395481824874878,
        -2.4524033069610596,
        0.3499999940395355
      ],
      "size": "small",
      "rotation": 158.90027995581403,
      "shape": "sphere"
    },
    {
      "color": "red",
      "material": "rubber",
      "pixel_coords": [
        169,
        156,
        7.7575764656066895
      ],
      "3d_coords": [
        2.5551435947418213,
        -1.8824172019958496,
        0.699999988079071
      ],
      "size": "large",
      "rotation": 167.53938101709605,
      "shape": "cube"
    },
    {
      "color": "green",
      "material": "rubber",
      "pixel_coords": [
        50,
        89,
        11.357832908630371
      ],
      "3d_coords": [
        -2.946648597717285,
        -2.176044464111328,
        0.699999988079071
      ],
      "size": "large",
      "rotation": 38.41184564157668,
      "shape": "sphere"
    }
  ]
}