{
  "split": "new",
  "intruder_pos": [
    [
      231,
      130
    ],
    [
      253,
      157
    ]
  ],
  "relationships": {
    "front": [
      [
        4
      ],
      [
        0,
        2,
        3,
        4,
        5,
        6
      ],
      [
        0,
        4,
        5
      ],
      [
        0,
        2,
        4,
        5,
        6
      ],
      [],
      [
        0,
        4
      ],
      [
        0,
        2,
        4,
        5
      ]
    ],
    "left": [
      [
        2,
        5
      ],
      [
        0,
        2,
        5
      ],
      [
        5
      ],
      [
        0,
        1,
        2,
        4,
        5
      ],
      [
        0,
        1,
        2,
        5
      ],
      [],
      [
        0,
        1,
        2,
        3,
        4,
        5
      ]
    ],
    "behind": [
      [
        1,
        2,
        3,
        5,
        6
      ],
      [],
      [
        1,
        3,
        6
      ],
      [
        1
      ],
      [
        0,
        1,
        2,
        3,
        5,
        6
      ],
      [
        1,
        2,
        3,
        6
      ],
      [
        1,
        3
      ]
    ],
    "right": [
      [
        1,
        3,
        4,
        6
      ],
      [
        3,
        4,
        6
      ],
      [
        0,
        1,
        3,
        4,
        6
      ],
      [
        6
      ],
      [
        3,
        6
      ],
      [
        0,
        1,
        2,
        3,
        4,
        6
      ],
      []
    ]
  },
  "directions": {
    "front": [
      0.754490315914154,
      -0.6563112735748291,
      -0.0
    ],
    "above": [
      0.0,
      0.0,
      1.0
    ],
    "behind": [
      -0.754490315914154,
      0.6563112735748291,
      0.0
    ],
    "below": [
      -0.0,
      -0.0,
      -1.0
    ],
    "right": [
      0.6563112735748291,
      0.7544902563095093,
      -0.0
    ],
    "left": [
      -0.6563112735748291,
      -0.7544902563095093,
      0.0
    ]
  },
  "image_index": 227,
  "image_filename": "CLEVR_new_000227.png",
  "objects": [
    {
      "pixel_coords": [
        135,
        112,
        9.983261108398438
      ],
      "rotation": 74.34395052530749,
      "material": "rubber",
      "size": "medium",
      "shape": "cube",
      "color": "red",
      "3d_coords": [
        -0.03196721151471138,
        -0.8970563411712646,
        0.5249999761581421
      ]
    },
    {
      "pixel_coords": [
        159,
        72,
        13.582551002502441
      ],
      "rotation": 282.43541613703906,
      "material": "rubber",
      "size": "small",
      "shape": "cube",
      "color": "green",
      "3d_coords": [
        -2.6446282863616943,
        2.1519265174865723,
        0.3499999940395355
      ]
    },
    {
      "pixel_coords": [
        111,
        90,
        11.034375190734863
      ],
      "rotation": 5.241564793766718,
      "material": "rubber",
      "size": "large",
      "shape": "cube",
      "color": "blue",
      "3d_coords": [
        -1.5515376329421997,
        -0.7304407954216003,
        0.699999988079071
      ]
    },
    {
      "pixel_coords": [
        213,
        88,
        12.057979583740234
      ],
      "rotation": 9.749341392789797,
      "material": "rubber",
      "size": "small",
      "shape": "cube",
      "color": "blue",
      "3d_coords": [
        -0.13394895195960999,
        2.4816322326660156,
        0.3499999940395355
      ]
    },
    {
      "pixel_coords": [
        196,
        120,
        9.176730155944824
      ],
      "rotation": 20.580195651534943,
      "material": "rubber",
      "size": "large",
      "shape": "cube",
      "color": "green",
      "3d_coords": [
        1.6481534242630005,
        -0.1605011373758316,
        0.699999988079071
      ]
    },
    {
      "pixel_coords": [
        67,
        110,
        10.523876190185547
      ],
      "rotation": 4.62501940840081,
      "material": "rubber",
      "size": "small",
      "shape": "cube",
      "color": "green",
      "3d_coords": [
        -1.7751823663711548,
        -2.1758904457092285,
        0.3499999940395355
      ]
    },
    {
      "pixel_coords": [
        242,
        96,
        11.489421844482422
      ],
      "rotation": 21.091828568355247,
      "material": "rubber",
      "size": "small",
      "shape": "cylinder",
      "color": "green",
      "3d_coords": [
        0.921122670173645,
        2.7467684745788574,
        0.3499999940395355
      ]
    }
  ]
}