{
  "relationships": {
    "front": [
      [
        1,
        2,
        3,
        4,
        5,
        6
      ],
      [
        2
      ],
      [],
      [
        1,
        2,
        6
      ],
      [
        1,
        2,
        3,
        5,
        6
      ],
      [
        1,
        2,
        3,
        6
      ],
      [
        1,
        2
      ]
    ],
    "right": [
      [
        1
      ],
      [],
      [
        0,
        1
      ],
      [
        0,
        1,
        2,
        4,
        5,
        6
      ],
      [
        0,
        1,
        2,
        5,
        6
      ],
      [
        0,
        1,
        2,
        6
      ],
      [
        0,
        1,
        2
      ]
    ],
    "left": [
      [
        2,
        3,
        4,
        5,
        6
      ],
      [
        0,
        2,
        3,
        4,
        5,
        6
      ],
      [
        3,
        4,
        5,
        6
      ],
      [],
      [
        3
      ],
      [
        3,
        4
      ],
      [
        3,
        4,
        5
      ]
    ],
    "behind": [
      [],
      [
        0,
        3,
        4,
        5,
        6
      ],
      [
        0,
        1,
        3,
        4,
        5,
        6
      ],
      [
        0,
        4,
        5
      ],
      [
        0
      ],
      [
        0,
        4
      ],
      [
        0,
        3,
        4,
        5
      ]
    ]
  },
  "intruder_pos": [
    [
      144,
      91
    ],
    [
      172,
      124
    ]
  ],
  "image_filename": "CLEVR_new_001244.png",
  "directions": {
    "below": [
      -0.0,
      -0.0,
      -1.0
    ],
    "right": [
      0.6563112735748291,
      0.7544902563095093,
      -0.0
    ],
    "behind": [
      -0.754490315914154,
      0.6563112735748291,
      0.0
    ],
    "front": [
      0.754490315914154,
      -0.6563112735748291,
      -0.0
    ],
    "above": [
      0.0,
      0.0,
      1.0
    ],
    "left": [
      -0.6563112735748291,
      -0.7544902563095093,
      0.0
    ]
  },
  "image_index": 1244,
  "split": "new",
  "objects": [
    {
      "3d_coords": [
        -1.6487483978271484,
        2.709270715713501,
        0.699999988079071
      ],
      "pixel_coords": [
        180,
        66,
        13.804718017578125
      ],
      "material": "rubber",
      "rotation": 175.86488531294643,
      "shape": "sphere",
      "color": "blue",
      "size": "large"
    },
    {
      "3d_coords": [
        2.860875129699707,
        0.21069873869419098,
        0.699999988079071
      ],
      "pixel_coords": [
        239,
        132,
        9.481975555419922
      ],
      "material": "rubber",
      "rotation": 175.45649495854644,
      "shape": "sphere",
      "color": "blue",
      "size": "large"
    },
    {
      "3d_coords": [
        2.3914637565612793,
        -1.6671192646026611,
        0.699999988079071
      ],
      "pixel_coords": [
        180,
        153,
        8.63007640838623
      ],
      "material": "rubber",
      "rotation": 264.8126751418243,
      "shape": "sphere",
      "color": "green",
      "size": "large"
    },
    {
      "3d_coords": [
        -1.2935566902160645,
        -2.4772439002990723,
        0.5249999761581421
      ],
      "pixel_coords": [
        71,
        118,
        10.512115478515625
      ],
      "material": "rubber",
      "rotation": 58.16555984594096,
      "shape": "sphere",
      "color": "green",
      "size": "medium"
    },
    {
      "3d_coords": [
        -2.089815855026245,
        -0.03139570727944374,
        0.5249999761581421
      ],
      "pixel_coords": [
        118,
        87,
        12.496112823486328
      ],
      "material": "rubber",
      "rotation": 184.3217461947953,
      "shape": "sphere",
      "color": "green",
      "size": "medium"
    },
    {
      "3d_coords": [
        -0.9074369072914124,
        -0.2960517406463623,
        0.3499999940395355
      ],
      "pixel_coords": [
        135,
        104,
        11.686816215515137
      ],
      "material": "rubber",
      "rotation": 311.3394411632547,
      "shape": "sphere",
      "color": "red",
      "size": "small"
    },
    {
      "3d_coords": [
        0.9025601744651794,
        -0.9514176249504089,
        0.3499999940395355
      ],
      "pixel_coords": [
        158,
        132,
        10.16341495513916
      ],
      "material": "rubber",
      "rotation": 169.19696493421833,
      "shape": "cube",
      "color": "red",
      "size": "small"
    }
  ]
}