{
  "split": "new",
  "intruder_pos": [
    [
      182,
      52
    ],
    [
      220,
      95
    ]
  ],
  "relationships": {
    "front": [
      [
        1,
        2,
        4,
        5,
        6,
        7
      ],
      [
        4,
        7
      ],
      [
        1,
        4,
        5,
        7
      ],
      [
        0,
        1,
        2,
        4,
        5,
        6,
        7
      ],
      [
        7
      ],
      [
        1,
        4,
        7
      ],
      [
        1,
        2,
        4,
        5,
        7
      ],
      []
    ],
    "left": [
      [
        1,
        5
      ],
      [
        5
      ],
      [
        0,
        1,
        3,
        5,
        7
      ],
      [
        0,
        1,
        5
      ],
      [
        0,
        1,
        2,
        3,
        5,
        7
      ],
      [],
      [
        0,
        1,
        2,
        3,
        4,
        5,
        7
      ],
      [
        0,
        1,
        3,
        5
      ]
    ],
    "behind": [
      [
        3
      ],
      [
        0,
        2,
        3,
        5,
        6
      ],
      [
        0,
        3,
        6
      ],
      [],
      [
        0,
        1,
        2,
        3,
        5,
        6
      ],
      [
        0,
        2,
        3,
        6
      ],
      [
        0,
        3
      ],
      [
        0,
        1,
        2,
        3,
        4,
        5,
        6
      ]
    ],
    "right": [
      [
        2,
        3,
        4,
        6,
        7
      ],
      [
        0,
        2,
        3,
        4,
        6,
        7
      ],
      [
        4,
        6
      ],
      [
        2,
        4,
        6,
        7
      ],
      [
        6
      ],
      [
        0,
        1,
        2,
        3,
        4,
        6,
        7
      ],
      [],
      [
        2,
        4,
        6
      ]
    ]
  },
  "directions": {
    "front": [
      0.754490315914154,
      -0.6563112735748291,
      -0.0
    ],
    "above": [
      0.0,
      0.0,
      1.0
    ],
    "behind": [
      -0.754490315914154,
      0.6563112735748291,
      0.0
    ],
    "below": [
      -0.0,
      -0.0,
      -1.0
    ],
    "right": [
      0.6563112735748291,
      0.7544902563095093,
      -0.0
    ],
    "left": [
      -0.6563112735748291,
      -0.7544902563095093,
      0.0
    ]
  },
  "image_index": 5,
  "image_filename": "CLEVR_new_000005.png",
  "objects": [
    {
      "pixel_coords": [
        139,
        81,
        12.700796127319336
      ],
      "rotation": 300.15375684615077,
      "material": "rubber",
      "size": "large",
      "shape": "sphere",
      "color": "green",
      "3d_coords": [
        -1.7906333208084106,
        0.6399304866790771,
        0.699999988079071
      ]
    },
    {
      "pixel_coords": [
        114,
        117,
        10.509214401245117
      ],
      "rotation": 351.14455604408033,
      "material": "rubber",
      "size": "medium",
      "shape": "sphere",
      "color": "green",
      "3d_coords": [
        -0.3376075327396393,
        -1.5636217594146729,
        0.5249999761581421
      ]
    },
    {
      "pixel_coords": [
        204,
        93,
        11.728837013244629
      ],
      "rotation": 200.8160243032068,
      "material": "rubber",
      "size": "large",
      "shape": "sphere",
      "color": "blue",
      "3d_coords": [
        0.5382629036903381,
        1.5293362140655518,
        0.699999988079071
      ]
    },
    {
      "pixel_coords": [
        162,
        79,
        13.780701637268066
      ],
      "rotation": 113.21177651812901,
      "material": "rubber",
      "size": "small",
      "shape": "sphere",
      "color": "red",
      "3d_coords": [
        -1.9730470180511475,
        1.9631965160369873,
        0.3499999940395355
      ]
    },
    {
      "pixel_coords": [
        234,
        134,
        9.939011573791504
      ],
      "rotation": 295.3116656493169,
      "material": "rubber",
      "size": "small",
      "shape": "sphere",
      "color": "blue",
      "3d_coords": [
        2.5766189098358154,
        0.4844202697277069,
        0.3499999940395355
      ]
    },
    {
      "pixel_coords": [
        72,
        99,
        11.236382484436035
      ],
      "rotation": 293.7587538129511,
      "material": "rubber",
      "size": "large",
      "shape": "sphere",
      "color": "green",
      "3d_coords": [
        -2.002406358718872,
        -2.0114595890045166,
        0.699999988079071
      ]
    },
    {
      "pixel_coords": [
        242,
        97,
        12.294744491577148
      ],
      "rotation": 252.0476167250641,
      "material": "rubber",
      "size": "small",
      "shape": "sphere",
      "color": "red",
      "3d_coords": [
        1.1445971727371216,
        2.847877264022827,
        0.3499999940395355
      ]
    },
    {
      "pixel_coords": [
        201,
        166,
        8.588373184204102
      ],
      "rotation": 246.5107940119363,
      "material": "rubber",
      "size": "small",
      "shape": "cube",
      "color": "red",
      "3d_coords": [
        2.9379968643188477,
        -1.3637603521347046,
        0.3499999940395355
      ]
    }
  ]
}