{
  "split": "new",
  "intruder_pos": [
    [
      147,
      156
    ],
    [
      188,
      198
    ]
  ],
  "relationships": {
    "front": [
      [
        3,
        4
      ],
      [
        0,
        3,
        4,
        5
      ],
      [
        0,
        1,
        3,
        4,
        5
      ],
      [
        4
      ],
      [],
      [
        0,
        3,
        4
      ],
      [
        0,
        1,
        2,
        3,
        4,
        5
      ]
    ],
    "left": [
      [
        5
      ],
      [
        0,
        2,
        5
      ],
      [
        0,
        5
      ],
      [
        0,
        1,
        2,
        5,
        6
      ],
      [
        0,
        1,
        2,
        3,
        5,
        6
      ],
      [],
      [
        0,
        1,
        2,
        5
      ]
    ],
    "behind": [
      [
        1,
        2,
        5,
        6
      ],
      [
        2,
        6
      ],
      [
        6
      ],
      [
        0,
        1,
        2,
        5,
        6
      ],
      [
        0,
        1,
        2,
        3,
        5,
        6
      ],
      [
        1,
        2,
        6
      ],
      []
    ],
    "right": [
      [
        1,
        2,
        3,
        4,
        6
      ],
      [
        3,
        4,
        6
      ],
      [
        1,
        3,
        4,
        6
      ],
      [
        4
      ],
      [],
      [
        0,
        1,
        2,
        3,
        4,
        6
      ],
      [
        3,
        4
      ]
    ]
  },
  "directions": {
    "front": [
      0.754490315914154,
      -0.6563112735748291,
      -0.0
    ],
    "above": [
      0.0,
      0.0,
      1.0
    ],
    "behind": [
      -0.754490315914154,
      0.6563112735748291,
      0.0
    ],
    "below": [
      -0.0,
      -0.0,
      -1.0
    ],
    "right": [
      0.6563112735748291,
      0.7544902563095093,
      -0.0
    ],
    "left": [
      -0.6563112735748291,
      -0.7544902563095093,
      0.0
    ]
  },
  "image_index": 417,
  "image_filename": "CLEVR_new_000417.png",
  "objects": [
    {
      "pixel_coords": [
        80,
        111,
        11.014923095703125
      ],
      "rotation": 258.656500551665,
      "material": "rubber",
      "size": "small",
      "shape": "sphere",
      "color": "blue",
      "3d_coords": [
        -1.5607471466064453,
        -1.9783178567886353,
        0.3499999940395355
      ]
    },
    {
      "pixel_coords": [
        149,
        96,
        12.157069206237793
      ],
      "rotation": 216.46160165694093,
      "material": "rubber",
      "size": "small",
      "shape": "sphere",
      "color": "green",
      "3d_coords": [
        -1.1652411222457886,
        0.47727343440055847,
        0.3499999940395355
      ]
    },
    {
      "pixel_coords": [
        124,
        91,
        12.56771469116211
      ],
      "rotation": 173.80266345413395,
      "material": "rubber",
      "size": "small",
      "shape": "sphere",
      "color": "red",
      "3d_coords": [
        -2.099123954772949,
        0.07337339222431183,
        0.3499999940395355
      ]
    },
    {
      "pixel_coords": [
        183,
        111,
        10.154780387878418
      ],
      "rotation": 297.2174163344197,
      "material": "rubber",
      "size": "large",
      "shape": "sphere",
      "color": "blue",
      "3d_coords": [
        1.0832254886627197,
        -0.042439889162778854,
        0.699999988079071
      ]
    },
    {
      "pixel_coords": [
        204,
        150,
        8.55346965789795
      ],
      "rotation": 49.63144324062045,
      "material": "rubber",
      "size": "medium",
      "shape": "sphere",
      "color": "green",
      "3d_coords": [
        2.7758326530456543,
        -0.9317904710769653,
        0.5249999761581421
      ]
    },
    {
      "pixel_coords": [
        40,
        94,
        11.359598159790039
      ],
      "rotation": 148.56656419507033,
      "material": "rubber",
      "size": "large",
      "shape": "sphere",
      "color": "green",
      "3d_coords": [
        -2.875706672668457,
        -2.68509840965271,
        0.699999988079071
      ]
    },
    {
      "pixel_coords": [
        168,
        61,
        14.638427734375
      ],
      "rotation": 357.07227636546577,
      "material": "rubber",
      "size": "large",
      "shape": "cube",
      "color": "blue",
      "3d_coords": [
        -2.9474403858184814,
        2.9208245277404785,
        0.699999988079071
      ]
    }
  ]
}