{
  "split": "new",
  "intruder_pos": [
    [
      65,
      97
    ],
    [
      90,
      121
    ]
  ],
  "relationships": {
    "front": [
      [
        4,
        6
      ],
      [
        0,
        4,
        6
      ],
      [
        0,
        1,
        4,
        5,
        6
      ],
      [
        0,
        1,
        2,
        4,
        5,
        6
      ],
      [],
      [
        0,
        1,
        4,
        6
      ],
      [
        4
      ]
    ],
    "left": [
      [
        1,
        2,
        3,
        4,
        5,
        6
      ],
      [],
      [
        1,
        3,
        4,
        5,
        6
      ],
      [
        1,
        4,
        6
      ],
      [
        1,
        6
      ],
      [
        1,
        3,
        4,
        6
      ],
      [
        1
      ]
    ],
    "behind": [
      [
        1,
        2,
        3,
        5
      ],
      [
        2,
        3,
        5
      ],
      [
        3
      ],
      [],
      [
        0,
        1,
        2,
        3,
        5,
        6
      ],
      [
        2,
        3
      ],
      [
        0,
        1,
        2,
        3,
        5
      ]
    ],
    "right": [
      [],
      [
        0,
        2,
        3,
        4,
        5,
        6
      ],
      [
        0
      ],
      [
        0,
        2,
        5
      ],
      [
        0,
        2,
        3,
        5
      ],
      [
        0,
        2
      ],
      [
        0,
        2,
        3,
        4,
        5
      ]
    ]
  },
  "directions": {
    "front": [
      0.754490315914154,
      -0.6563112735748291,
      -0.0
    ],
    "above": [
      0.0,
      0.0,
      1.0
    ],
    "behind": [
      -0.754490315914154,
      0.6563112735748291,
      0.0
    ],
    "below": [
      -0.0,
      -0.0,
      -1.0
    ],
    "right": [
      0.6563112735748291,
      0.7544902563095093,
      -0.0
    ],
    "left": [
      -0.6563112735748291,
      -0.7544902563095093,
      0.0
    ]
  },
  "image_index": 72,
  "image_filename": "CLEVR_new_000072.png",
  "objects": [
    {
      "pixel_coords": [
        289,
        104,
        10.589362144470215
      ],
      "rotation": 21.92877154797296,
      "material": "rubber",
      "size": "large",
      "shape": "cylinder",
      "color": "green",
      "3d_coords": [
        2.8813772201538086,
        2.6332781314849854,
        0.699999988079071
      ]
    },
    {
      "pixel_coords": [
        58,
        107,
        10.774019241333008
      ],
      "rotation": 279.87740474905553,
      "material": "rubber",
      "size": "medium",
      "shape": "cylinder",
      "color": "red",
      "3d_coords": [
        -2.039787769317627,
        -2.375257968902588,
        0.5249999761581421
      ]
    },
    {
      "pixel_coords": [
        215,
        83,
        12.555533409118652
      ],
      "rotation": 162.32035502651138,
      "material": "rubber",
      "size": "medium",
      "shape": "cylinder",
      "color": "blue",
      "3d_coords": [
        0.009998133406043053,
        2.700340986251831,
        0.5249999761581421
      ]
    },
    {
      "pixel_coords": [
        161,
        77,
        13.606616973876953
      ],
      "rotation": 255.47153716911365,
      "material": "rubber",
      "size": "small",
      "shape": "cylinder",
      "color": "blue",
      "3d_coords": [
        -2.1143083572387695,
        2.0542333126068115,
        0.3499999940395355
      ]
    },
    {
      "pixel_coords": [
        122,
        167,
        8.281749725341797
      ],
      "rotation": 204.37975137117544,
      "material": "rubber",
      "size": "small",
      "shape": "cylinder",
      "color": "blue",
      "3d_coords": [
        1.593841552734375,
        -2.768099308013916,
        0.3499999940395355
      ]
    },
    {
      "pixel_coords": [
        182,
        96,
        11.937965393066406
      ],
      "rotation": 285.5217140728419,
      "material": "rubber",
      "size": "small",
      "shape": "cylinder",
      "color": "blue",
      "3d_coords": [
        -0.24723999202251434,
        1.2849233150482178,
        0.3499999940395355
      ]
    },
    {
      "pixel_coords": [
        78,
        130,
        9.839115142822266
      ],
      "rotation": 21.44590477037934,
      "material": "rubber",
      "size": "small",
      "shape": "sphere",
      "color": "red",
      "3d_coords": [
        -0.6364380121231079,
        -2.563293218612671,
        0.3499999940395355
      ]
    }
  ]
}