{
  "split": "new",
  "intruder_pos": [
    [
      253,
      96
    ],
    [
      293,
      141
    ]
  ],
  "relationships": {
    "front": [
      [
        1,
        2,
        3,
        4,
        5,
        6,
        7
      ],
      [],
      [
        1,
        5,
        7
      ],
      [
        1,
        2,
        4,
        5,
        7
      ],
      [
        1,
        2,
        5,
        7
      ],
      [
        1,
        7
      ],
      [
        1,
        2,
        3,
        4,
        5,
        7
      ],
      [
        1
      ]
    ],
    "left": [
      [
        3,
        5
      ],
      [
        0,
        3,
        5
      ],
      [
        0,
        1,
        3,
        5,
        6
      ],
      [],
      [
        0,
        1,
        2,
        3,
        5,
        6
      ],
      [
        3
      ],
      [
        0,
        1,
        3,
        5
      ],
      [
        0,
        1,
        2,
        3,
        4,
        5,
        6
      ]
    ],
    "behind": [
      [],
      [
        0,
        2,
        3,
        4,
        5,
        6,
        7
      ],
      [
        0,
        3,
        4,
        6
      ],
      [
        0,
        6
      ],
      [
        0,
        3,
        6
      ],
      [
        0,
        2,
        3,
        4,
        6
      ],
      [
        0
      ],
      [
        0,
        2,
        3,
        4,
        5,
        6
      ]
    ],
    "right": [
      [
        1,
        2,
        4,
        6,
        7
      ],
      [
        2,
        4,
        6,
        7
      ],
      [
        4,
        7
      ],
      [
        0,
        1,
        2,
        4,
        5,
        6,
        7
      ],
      [
        7
      ],
      [
        0,
        1,
        2,
        4,
        6,
        7
      ],
      [
        2,
        4,
        7
      ],
      []
    ]
  },
  "directions": {
    "front": [
      0.754490315914154,
      -0.6563112735748291,
      -0.0
    ],
    "above": [
      0.0,
      0.0,
      1.0
    ],
    "behind": [
      -0.754490315914154,
      0.6563112735748291,
      0.0
    ],
    "below": [
      -0.0,
      -0.0,
      -1.0
    ],
    "right": [
      0.6563112735748291,
      0.7544902563095093,
      -0.0
    ],
    "left": [
      -0.6563112735748291,
      -0.7544902563095093,
      0.0
    ]
  },
  "image_index": 385,
  "image_filename": "CLEVR_new_000385.png",
  "objects": [
    {
      "pixel_coords": [
        137,
        78,
        13.96440315246582
      ],
      "rotation": 32.51608948254912,
      "material": "rubber",
      "size": "small",
      "shape": "sphere",
      "color": "red",
      "3d_coords": [
        -2.6854300498962402,
        1.0510858297348022,
        0.3499999940395355
      ]
    },
    {
      "pixel_coords": [
        137,
        150,
        9.313703536987305
      ],
      "rotation": 87.59519227759759,
      "material": "rubber",
      "size": "medium",
      "shape": "cube",
      "color": "red",
      "3d_coords": [
        1.5406696796417236,
        -2.0842230319976807,
        0.5249999761581421
      ]
    },
    {
      "pixel_coords": [
        202,
        102,
        12.14177131652832
      ],
      "rotation": 271.786301257323,
      "material": "rubber",
      "size": "small",
      "shape": "sphere",
      "color": "red",
      "3d_coords": [
        0.43791884183883667,
        1.511837124824524,
        0.3499999940395355
      ]
    },
    {
      "pixel_coords": [
        107,
        80,
        12.954594612121582
      ],
      "rotation": 17.309914915419032,
      "material": "rubber",
      "size": "large",
      "shape": "sphere",
      "color": "red",
      "3d_coords": [
        -2.625793695449829,
        -0.3765558898448944,
        0.699999988079071
      ]
    },
    {
      "pixel_coords": [
        233,
        96,
        12.563628196716309
      ],
      "rotation": 144.02299673016628,
      "material": "rubber",
      "size": "small",
      "shape": "cylinder",
      "color": "red",
      "3d_coords": [
        0.8251864910125732,
        2.7296769618988037,
        0.3499999940395355
      ]
    },
    {
      "pixel_coords": [
        117,
        104,
        11.224637985229492
      ],
      "rotation": 343.8975744614868,
      "material": "rubber",
      "size": "large",
      "shape": "sphere",
      "color": "red",
      "3d_coords": [
        -0.715368390083313,
        -1.196821689605713,
        0.699999988079071
      ]
    },
    {
      "pixel_coords": [
        178,
        79,
        13.504094123840332
      ],
      "rotation": 196.31631192754702,
      "material": "rubber",
      "size": "medium",
      "shape": "cube",
      "color": "red",
      "3d_coords": [
        -1.3283709287643433,
        2.0006070137023926,
        0.5249999761581421
      ]
    },
    {
      "pixel_coords": [
        273,
        120,
        10.680364608764648
      ],
      "rotation": 97.90752347592218,
      "material": "rubber",
      "size": "medium",
      "shape": "cylinder",
      "color": "blue",
      "3d_coords": [
        2.9355268478393555,
        2.028459072113037,
        0.5249999761581421
      ]
    }
  ]
}