{
  "split": "new",
  "intruder_pos": [
    [
      127,
      153
    ],
    [
      145,
      176
    ]
  ],
  "relationships": {
    "front": [
      [
        2,
        6
      ],
      [
        0,
        2,
        3,
        4,
        6
      ],
      [
        6
      ],
      [
        0,
        2,
        4,
        6
      ],
      [
        0,
        2,
        6
      ],
      [
        0,
        1,
        2,
        3,
        4,
        6
      ],
      [],
      [
        0,
        1,
        2,
        3,
        4,
        5,
        6
      ]
    ],
    "left": [
      [
        1,
        2,
        3,
        4,
        5,
        6,
        7
      ],
      [
        3,
        5,
        7
      ],
      [
        1,
        3,
        5,
        6,
        7
      ],
      [],
      [
        1,
        2,
        3,
        5,
        6,
        7
      ],
      [
        3
      ],
      [
        1,
        3,
        5,
        7
      ],
      [
        3,
        5
      ]
    ],
    "behind": [
      [
        1,
        3,
        4,
        5,
        7
      ],
      [
        5,
        7
      ],
      [
        0,
        1,
        3,
        4,
        5,
        7
      ],
      [
        1,
        5,
        7
      ],
      [
        1,
        3,
        5,
        7
      ],
      [
        7
      ],
      [
        0,
        1,
        2,
        3,
        4,
        5,
        7
      ],
      []
    ],
    "right": [
      [],
      [
        0,
        2,
        4,
        6
      ],
      [
        0,
        4
      ],
      [
        0,
        1,
        2,
        4,
        5,
        6,
        7
      ],
      [
        0
      ],
      [
        0,
        1,
        2,
        4,
        6,
        7
      ],
      [
        0,
        2,
        4
      ],
      [
        0,
        1,
        2,
        4,
        6
      ]
    ]
  },
  "directions": {
    "front": [
      0.754490315914154,
      -0.6563112735748291,
      -0.0
    ],
    "above": [
      0.0,
      0.0,
      1.0
    ],
    "behind": [
      -0.754490315914154,
      0.6563112735748291,
      0.0
    ],
    "below": [
      -0.0,
      -0.0,
      -1.0
    ],
    "right": [
      0.6563112735748291,
      0.7544902563095093,
      -0.0
    ],
    "left": [
      -0.6563112735748291,
      -0.7544902563095093,
      0.0
    ]
  },
  "image_index": 344,
  "image_filename": "CLEVR_new_000344.png",
  "objects": [
    {
      "pixel_coords": [
        257,
        121,
        9.855114936828613
      ],
      "rotation": 160.240803173132,
      "material": "rubber",
      "size": "medium",
      "shape": "cube",
      "color": "green",
      "3d_coords": [
        2.5678787231445312,
        1.344572901725769,
        0.5249999761581421
      ]
    },
    {
      "pixel_coords": [
        159,
        90,
        12.131710052490234
      ],
      "rotation": 32.328663140114614,
      "material": "rubber",
      "size": "small",
      "shape": "cylinder",
      "color": "green",
      "3d_coords": [
        -1.1418612003326416,
        0.9688237905502319,
        0.3499999940395355
      ]
    },
    {
      "pixel_coords": [
        212,
        142,
        9.208341598510742
      ],
      "rotation": 118.58931332822357,
      "material": "rubber",
      "size": "small",
      "shape": "sphere",
      "color": "green",
      "3d_coords": [
        2.280710220336914,
        -0.21820303797721863,
        0.3499999940395355
      ]
    },
    {
      "pixel_coords": [
        60,
        89,
        11.38974666595459
      ],
      "rotation": 261.47200549472035,
      "material": "rubber",
      "size": "large",
      "shape": "cylinder",
      "color": "green",
      "3d_coords": [
        -2.797656774520874,
        -1.841229796409607,
        0.699999988079071
      ]
    },
    {
      "pixel_coords": [
        227,
        111,
        10.779635429382324
      ],
      "rotation": 299.25553102115344,
      "material": "rubber",
      "size": "small",
      "shape": "cube",
      "color": "green",
      "3d_coords": [
        1.4226503372192383,
        1.506873369216919,
        0.3499999940395355
      ]
    },
    {
      "pixel_coords": [
        115,
        82,
        12.751847267150879
      ],
      "rotation": 212.9173084671044,
      "material": "rubber",
      "size": "small",
      "shape": "cube",
      "color": "green",
      "3d_coords": [
        -2.7289586067199707,
        0.26701393723487854,
        0.3499999940395355
      ]
    },
    {
      "pixel_coords": [
        199,
        162,
        8.418498039245605
      ],
      "rotation": 338.18876334878416,
      "material": "rubber",
      "size": "small",
      "shape": "cylinder",
      "color": "green",
      "3d_coords": [
        2.657386064529419,
        -1.1458672285079956,
        0.3499999940395355
      ]
    },
    {
      "pixel_coords": [
        137,
        75,
        13.396339416503906
      ],
      "rotation": 275.43830246420066,
      "material": "rubber",
      "size": "small",
      "shape": "cylinder",
      "color": "blue",
      "3d_coords": [
        -2.7777793407440186,
        1.310289740562439,
        0.3499999940395355
      ]
    }
  ]
}