{
  "relationships": {
    "front": [
      [
        1,
        2,
        3,
        4,
        6
      ],
      [
        2,
        3,
        4
      ],
      [],
      [
        2,
        4
      ],
      [
        2
      ],
      [
        0,
        1,
        2,
        3,
        4,
        6
      ],
      [
        1,
        2,
        3,
        4
      ]
    ],
    "right": [
      [],
      [
        0,
        2,
        3,
        5
      ],
      [
        0,
        3,
        5
      ],
      [
        0,
        5
      ],
      [
        0,
        1,
        2,
        3,
        5
      ],
      [
        0
      ],
      [
        0,
        1,
        2,
        3,
        4,
        5
      ]
    ],
    "left": [
      [
        1,
        2,
        3,
        4,
        5,
        6
      ],
      [
        4,
        6
      ],
      [
        1,
        4,
        6
      ],
      [
        1,
        2,
        4,
        6
      ],
      [
        6
      ],
      [
        1,
        2,
        3,
        4,
        6
      ],
      []
    ],
    "behind": [
      [
        5
      ],
      [
        0,
        5,
        6
      ],
      [
        0,
        1,
        3,
        4,
        5,
        6
      ],
      [
        0,
        1,
        5,
        6
      ],
      [
        0,
        1,
        3,
        5,
        6
      ],
      [],
      [
        0,
        5
      ]
    ]
  },
  "intruder_pos": [
    [
      14,
      120
    ],
    [
      41,
      149
    ]
  ],
  "image_filename": "CLEVR_new_001088.png",
  "directions": {
    "below": [
      -0.0,
      -0.0,
      -1.0
    ],
    "right": [
      0.6563112735748291,
      0.7544902563095093,
      -0.0
    ],
    "behind": [
      -0.754490315914154,
      0.6563112735748291,
      0.0
    ],
    "front": [
      0.754490315914154,
      -0.6563112735748291,
      -0.0
    ],
    "above": [
      0.0,
      0.0,
      1.0
    ],
    "left": [
      -0.6563112735748291,
      -0.7544902563095093,
      0.0
    ]
  },
  "image_index": 1088,
  "split": "new",
  "objects": [
    {
      "3d_coords": [
        1.1349915266036987,
        2.7383780479431152,
        0.3499999940395355
      ],
      "pixel_coords": [
        246,
        96,
        11.376556396484375
      ],
      "material": "rubber",
      "rotation": 88.02638260555806,
      "shape": "sphere",
      "color": "green",
      "size": "small"
    },
    {
      "3d_coords": [
        -0.21452654898166656,
        -0.34967678785324097,
        0.3499999940395355
      ],
      "pixel_coords": [
        146,
        111,
        10.443748474121094
      ],
      "material": "rubber",
      "rotation": 262.66309459891505,
      "shape": "cube",
      "color": "green",
      "size": "small"
    },
    {
      "3d_coords": [
        2.327075242996216,
        -1.353362798690796,
        0.699999988079071
      ],
      "pixel_coords": [
        184,
        146,
        8.01035213470459
      ],
      "material": "rubber",
      "rotation": 132.09382166940537,
      "shape": "cylinder",
      "color": "green",
      "size": "large"
    },
    {
      "3d_coords": [
        1.4884902238845825,
        0.5543275475502014,
        0.5249999761581421
      ],
      "pixel_coords": [
        210,
        116,
        9.771994590759277
      ],
      "material": "rubber",
      "rotation": 152.15913402994508,
      "shape": "cylinder",
      "color": "green",
      "size": "medium"
    },
    {
      "3d_coords": [
        0.07144676148891449,
        -1.7027722597122192,
        0.699999988079071
      ],
      "pixel_coords": [
        114,
        117,
        9.293392181396484
      ],
      "material": "rubber",
      "rotation": 58.517151597552854,
      "shape": "cylinder",
      "color": "green",
      "size": "large"
    },
    {
      "3d_coords": [
        -0.0524243488907814,
        2.5728352069854736,
        0.3499999940395355
      ],
      "pixel_coords": [
        215,
        87,
        12.062843322753906
      ],
      "material": "rubber",
      "rotation": 8.315286409752751,
      "shape": "sphere",
      "color": "green",
      "size": "small"
    },
    {
      "3d_coords": [
        -2.979602813720703,
        -2.802304744720459,
        0.3499999940395355
      ],
      "pixel_coords": [
        28,
        105,
        10.820951461791992
      ],
      "material": "rubber",
      "rotation": 271.8466118518693,
      "shape": "cylinder",
      "color": "red",
      "size": "small"
    }
  ]
}