{
  "split": "new",
  "intruder_pos": [
    [
      192,
      147
    ],
    [
      231,
      190
    ]
  ],
  "relationships": {
    "front": [
      [
        1,
        2,
        3,
        4,
        5
      ],
      [
        4,
        5
      ],
      [
        1,
        4,
        5
      ],
      [
        1,
        2,
        4,
        5
      ],
      [
        5
      ],
      [],
      [
        0,
        1,
        2,
        3,
        4,
        5
      ],
      [
        0,
        1,
        2,
        3,
        4,
        5,
        6
      ]
    ],
    "left": [
      [
        4,
        5,
        6
      ],
      [
        0,
        3,
        4,
        5,
        6
      ],
      [
        0,
        1,
        3,
        4,
        5,
        6,
        7
      ],
      [
        0,
        4,
        5,
        6
      ],
      [
        6
      ],
      [
        4,
        6
      ],
      [],
      [
        0,
        1,
        3,
        4,
        5,
        6
      ]
    ],
    "behind": [
      [
        6,
        7
      ],
      [
        0,
        2,
        3,
        6,
        7
      ],
      [
        0,
        3,
        6,
        7
      ],
      [
        0,
        6,
        7
      ],
      [
        0,
        1,
        2,
        3,
        6,
        7
      ],
      [
        0,
        1,
        2,
        3,
        4,
        6,
        7
      ],
      [
        7
      ],
      []
    ],
    "right": [
      [
        1,
        2,
        3,
        7
      ],
      [
        2,
        7
      ],
      [],
      [
        1,
        2,
        7
      ],
      [
        0,
        1,
        2,
        3,
        5,
        7
      ],
      [
        0,
        1,
        2,
        3,
        7
      ],
      [
        0,
        1,
        2,
        3,
        4,
        5,
        7
      ],
      [
        2
      ]
    ]
  },
  "directions": {
    "front": [
      0.754490315914154,
      -0.6563112735748291,
      -0.0
    ],
    "above": [
      0.0,
      0.0,
      1.0
    ],
    "behind": [
      -0.754490315914154,
      0.6563112735748291,
      0.0
    ],
    "below": [
      -0.0,
      -0.0,
      -1.0
    ],
    "right": [
      0.6563112735748291,
      0.7544902563095093,
      -0.0
    ],
    "left": [
      -0.6563112735748291,
      -0.7544902563095093,
      0.0
    ]
  },
  "image_index": 213,
  "image_filename": "CLEVR_new_000213.png",
  "objects": [
    {
      "pixel_coords": [
        158,
        98,
        12.103062629699707
      ],
      "rotation": 105.35115673926377,
      "material": "rubber",
      "size": "small",
      "shape": "cylinder",
      "color": "red",
      "3d_coords": [
        -0.751676082611084,
        0.582914412021637,
        0.3499999940395355
      ]
    },
    {
      "pixel_coords": [
        210,
        122,
        9.965282440185547
      ],
      "rotation": 338.01298104647293,
      "material": "rubber",
      "size": "large",
      "shape": "cube",
      "color": "red",
      "3d_coords": [
        1.9296841621398926,
        0.16196446120738983,
        0.699999988079071
      ]
    },
    {
      "pixel_coords": [
        254,
        120,
        10.76222038269043
      ],
      "rotation": 357.778869448102,
      "material": "rubber",
      "size": "small",
      "shape": "sphere",
      "color": "red",
      "3d_coords": [
        2.3876209259033203,
        1.7263911962509155,
        0.3499999940395355
      ]
    },
    {
      "pixel_coords": [
        188,
        103,
        11.330536842346191
      ],
      "rotation": 161.21142413935118,
      "material": "rubber",
      "size": "medium",
      "shape": "cylinder",
      "color": "red",
      "3d_coords": [
        0.4883860647678375,
        0.7683485150337219,
        0.5249999761581421
      ]
    },
    {
      "pixel_coords": [
        117,
        143,
        9.62838363647461
      ],
      "rotation": 9.305659112974126,
      "material": "rubber",
      "size": "small",
      "shape": "cube",
      "color": "red",
      "3d_coords": [
        0.6017769575119019,
        -2.161769151687622,
        0.3499999940395355
      ]
    },
    {
      "pixel_coords": [
        144,
        172,
        8.5394926071167
      ],
      "rotation": 3.151998333811359,
      "material": "rubber",
      "size": "small",
      "shape": "cylinder",
      "color": "red",
      "3d_coords": [
        2.071765184402466,
        -2.4133644104003906,
        0.3499999940395355
      ]
    },
    {
      "pixel_coords": [
        113,
        80,
        12.590054512023926
      ],
      "rotation": 152.66020237640006,
      "material": "rubber",
      "size": "large",
      "shape": "sphere",
      "color": "red",
      "3d_coords": [
        -2.3984434604644775,
        -0.08955666422843933,
        0.699999988079071
      ]
    },
    {
      "pixel_coords": [
        211,
        73,
        13.102109909057617
      ],
      "rotation": 335.3706492746755,
      "material": "rubber",
      "size": "large",
      "shape": "cylinder",
      "color": "green",
      "3d_coords": [
        -0.41118210554122925,
        2.9573886394500732,
        0.699999988079071
      ]
    }
  ]
}