{
  "relationships": {
    "front": [
      [
        1,
        2,
        3,
        4,
        5,
        6
      ],
      [
        2,
        4
      ],
      [],
      [
        1,
        2,
        4,
        5,
        6
      ],
      [
        2
      ],
      [
        1,
        2,
        4
      ],
      [
        1,
        2,
        4,
        5
      ]
    ],
    "right": [
      [
        1,
        3
      ],
      [],
      [
        0,
        1,
        3
      ],
      [
        1
      ],
      [
        0,
        1,
        2,
        3,
        5,
        6
      ],
      [
        0,
        1,
        2,
        3
      ],
      [
        0,
        1,
        2,
        3,
        5
      ]
    ],
    "left": [
      [
        2,
        4,
        5,
        6
      ],
      [
        0,
        2,
        3,
        4,
        5,
        6
      ],
      [
        4,
        5,
        6
      ],
      [
        0,
        2,
        4,
        5,
        6
      ],
      [],
      [
        4,
        6
      ],
      [
        4
      ]
    ],
    "behind": [
      [],
      [
        0,
        3,
        5,
        6
      ],
      [
        0,
        1,
        3,
        4,
        5,
        6
      ],
      [
        0
      ],
      [
        0,
        1,
        3,
        5,
        6
      ],
      [
        0,
        3,
        6
      ],
      [
        0,
        3
      ]
    ]
  },
  "intruder_pos": [
    [
      118,
      143
    ],
    [
      136,
      162
    ]
  ],
  "image_filename": "CLEVR_new_001140.png",
  "directions": {
    "below": [
      -0.0,
      -0.0,
      -1.0
    ],
    "right": [
      0.6563112735748291,
      0.7544902563095093,
      -0.0
    ],
    "behind": [
      -0.754490315914154,
      0.6563112735748291,
      0.0
    ],
    "front": [
      0.754490315914154,
      -0.6563112735748291,
      -0.0
    ],
    "above": [
      0.0,
      0.0,
      1.0
    ],
    "left": [
      -0.6563112735748291,
      -0.7544902563095093,
      0.0
    ]
  },
  "image_index": 1140,
  "split": "new",
  "objects": [
    {
      "3d_coords": [
        -1.9476957321166992,
        2.858750104904175,
        0.5249999761581421
      ],
      "pixel_coords": [
        185,
        65,
        13.721083641052246
      ],
      "material": "rubber",
      "rotation": 129.94674144932006,
      "shape": "cylinder",
      "color": "green",
      "size": "medium"
    },
    {
      "3d_coords": [
        1.7418893575668335,
        1.6261028051376343,
        0.699999988079071
      ],
      "pixel_coords": [
        239,
        105,
        10.522061347961426
      ],
      "material": "rubber",
      "rotation": 248.39244802282062,
      "shape": "cube",
      "color": "green",
      "size": "large"
    },
    {
      "3d_coords": [
        2.5834145545959473,
        -2.2539303302764893,
        0.5249999761581421
      ],
      "pixel_coords": [
        156,
        178,
        7.944399833679199
      ],
      "material": "rubber",
      "rotation": 218.09253288011325,
      "shape": "cylinder",
      "color": "green",
      "size": "medium"
    },
    {
      "3d_coords": [
        -0.5498026609420776,
        2.8577866554260254,
        0.3499999940395355
      ],
      "pixel_coords": [
        210,
        80,
        12.887490272521973
      ],
      "material": "rubber",
      "rotation": 154.57122313624035,
      "shape": "sphere",
      "color": "green",
      "size": "small"
    },
    {
      "3d_coords": [
        -0.9540685415267944,
        -2.1926157474517822,
        0.5249999761581421
      ],
      "pixel_coords": [
        82,
        116,
        10.314841270446777
      ],
      "material": "rubber",
      "rotation": 152.17150190889907,
      "shape": "cylinder",
      "color": "green",
      "size": "medium"
    },
    {
      "3d_coords": [
        -0.9476957321166992,
        0.2573058009147644,
        0.3499999940395355
      ],
      "pixel_coords": [
        148,
        97,
        11.734745979309082
      ],
      "material": "rubber",
      "rotation": 37.97612855266122,
      "shape": "cylinder",
      "color": "green",
      "size": "small"
    },
    {
      "3d_coords": [
        -2.029839515686035,
        0.18098482489585876,
        0.3499999940395355
      ],
      "pixel_coords": [
        128,
        87,
        12.408125877380371
      ],
      "material": "rubber",
      "rotation": 189.11152859957508,
      "shape": "sphere",
      "color": "red",
      "size": "small"
    }
  ]
}