{
  "relationships": {
    "front": [
      [
        1,
        2,
        3,
        4,
        5,
        6
      ],
      [
        2,
        4,
        5,
        6
      ],
      [
        4,
        5
      ],
      [
        1,
        2,
        4,
        5,
        6
      ],
      [],
      [
        4
      ],
      [
        2,
        4,
        5
      ]
    ],
    "right": [
      [
        2,
        3,
        4
      ],
      [
        0,
        2,
        3,
        4,
        5
      ],
      [
        3
      ],
      [],
      [
        2,
        3
      ],
      [
        0,
        2,
        3,
        4
      ],
      [
        0,
        1,
        2,
        3,
        4,
        5
      ]
    ],
    "left": [
      [
        1,
        5,
        6
      ],
      [
        6
      ],
      [
        0,
        1,
        4,
        5,
        6
      ],
      [
        0,
        1,
        2,
        4,
        5,
        6
      ],
      [
        0,
        1,
        5,
        6
      ],
      [
        1,
        6
      ],
      []
    ],
    "behind": [
      [],
      [
        0,
        3
      ],
      [
        0,
        1,
        3,
        6
      ],
      [
        0
      ],
      [
        0,
        1,
        2,
        3,
        5,
        6
      ],
      [
        0,
        1,
        2,
        3,
        6
      ],
      [
        0,
        1,
        3
      ]
    ]
  },
  "intruder_pos": [
    [
      17,
      119
    ],
    [
      52,
      152
    ]
  ],
  "image_filename": "CLEVR_new_001360.png",
  "directions": {
    "below": [
      -0.0,
      -0.0,
      -1.0
    ],
    "right": [
      0.6563112735748291,
      0.7544902563095093,
      -0.0
    ],
    "behind": [
      -0.754490315914154,
      0.6563112735748291,
      0.0
    ],
    "front": [
      0.754490315914154,
      -0.6563112735748291,
      -0.0
    ],
    "above": [
      0.0,
      0.0,
      1.0
    ],
    "left": [
      -0.6563112735748291,
      -0.7544902563095093,
      0.0
    ]
  },
  "image_index": 1360,
  "split": "new",
  "objects": [
    {
      "3d_coords": [
        -2.098778247833252,
        1.3279922008514404,
        0.5249999761581421
      ],
      "pixel_coords": [
        147,
        77,
        13.07192611694336
      ],
      "material": "rubber",
      "rotation": 261.26091158823453,
      "shape": "cylinder",
      "color": "red",
      "size": "medium"
    },
    {
      "3d_coords": [
        -2.1587307453155518,
        -1.1133103370666504,
        0.3499999940395355
      ],
      "pixel_coords": [
        91,
        100,
        11.70322036743164
      ],
      "material": "rubber",
      "rotation": 194.01221657848703,
      "shape": "sphere",
      "color": "red",
      "size": "small"
    },
    {
      "3d_coords": [
        0.84832364320755,
        0.29440876841545105,
        0.699999988079071
      ],
      "pixel_coords": [
        187,
        106,
        10.462190628051758
      ],
      "material": "rubber",
      "rotation": 319.4124248271631,
      "shape": "sphere",
      "color": "red",
      "size": "large"
    },
    {
      "3d_coords": [
        -0.2803761065006256,
        2.486445188522339,
        0.3499999940395355
      ],
      "pixel_coords": [
        205,
        87,
        12.687274932861328
      ],
      "material": "rubber",
      "rotation": 111.6241261570166,
      "shape": "sphere",
      "color": "red",
      "size": "small"
    },
    {
      "3d_coords": [
        2.6022770404815674,
        -2.009965419769287,
        0.5249999761581421
      ],
      "pixel_coords": [
        174,
        166,
        8.008218765258789
      ],
      "material": "rubber",
      "rotation": 51.90693351871157,
      "shape": "cube",
      "color": "red",
      "size": "medium"
    },
    {
      "3d_coords": [
        0.5161359310150146,
        -1.764201045036316,
        0.5249999761581421
      ],
      "pixel_coords": [
        126,
        130,
        9.502169609069824
      ],
      "material": "rubber",
      "rotation": 337.42857017407715,
      "shape": "cube",
      "color": "red",
      "size": "medium"
    },
    {
      "3d_coords": [
        -2.7573509216308594,
        -2.7829976081848145,
        0.5249999761581421
      ],
      "pixel_coords": [
        35,
        104,
        10.990307807922363
      ],
      "material": "rubber",
      "rotation": 145.2540815505997,
      "shape": "sphere",
      "color": "blue",
      "size": "medium"
    }
  ]
}