{
  "relationships": {
    "front": [
      [
        2,
        4,
        5,
        6
      ],
      [
        0,
        2,
        4,
        5,
        6
      ],
      [
        5,
        6
      ],
      [
        0,
        1,
        2,
        4,
        5,
        6
      ],
      [
        2,
        5,
        6
      ],
      [],
      [
        5
      ]
    ],
    "right": [
      [
        6
      ],
      [
        0,
        6
      ],
      [
        0,
        1,
        3,
        4,
        5,
        6
      ],
      [
        0,
        1,
        6
      ],
      [
        0,
        1,
        3,
        6
      ],
      [
        0,
        1,
        3,
        4,
        6
      ],
      []
    ],
    "left": [
      [
        1,
        2,
        3,
        4,
        5
      ],
      [
        2,
        3,
        4,
        5
      ],
      [],
      [
        2,
        4,
        5
      ],
      [
        2,
        5
      ],
      [
        2
      ],
      [
        0,
        1,
        2,
        3,
        4,
        5
      ]
    ],
    "behind": [
      [
        1,
        3
      ],
      [
        3
      ],
      [
        0,
        1,
        3,
        4
      ],
      [],
      [
        0,
        1,
        3
      ],
      [
        0,
        1,
        2,
        3,
        4,
        6
      ],
      [
        0,
        1,
        2,
        3,
        4
      ]
    ]
  },
  "intruder_pos": [
    [
      224,
      98
    ],
    [
      248,
      122
    ]
  ],
  "image_filename": "CLEVR_new_001240.png",
  "directions": {
    "below": [
      -0.0,
      -0.0,
      -1.0
    ],
    "right": [
      0.6563112735748291,
      0.7544902563095093,
      -0.0
    ],
    "behind": [
      -0.754490315914154,
      0.6563112735748291,
      0.0
    ],
    "front": [
      0.754490315914154,
      -0.6563112735748291,
      -0.0
    ],
    "above": [
      0.0,
      0.0,
      1.0
    ],
    "left": [
      -0.6563112735748291,
      -0.7544902563095093,
      0.0
    ]
  },
  "image_index": 1240,
  "split": "new",
  "objects": [
    {
      "3d_coords": [
        0.1674705147743225,
        2.1690289974212646,
        0.3499999940395355
      ],
      "pixel_coords": [
        211,
        94,
        12.13896369934082
      ],
      "material": "rubber",
      "rotation": 154.62624391937996,
      "shape": "sphere",
      "color": "green",
      "size": "small"
    },
    {
      "3d_coords": [
        -1.304895043373108,
        2.5241858959198,
        0.3499999940395355
      ],
      "pixel_coords": [
        188,
        81,
        13.342133522033691
      ],
      "material": "rubber",
      "rotation": 235.26514243930183,
      "shape": "cube",
      "color": "green",
      "size": "small"
    },
    {
      "3d_coords": [
        -1.5906304121017456,
        -1.6946269273757935,
        0.699999988079071
      ],
      "pixel_coords": [
        86,
        99,
        10.924654006958008
      ],
      "material": "rubber",
      "rotation": 353.9867607748376,
      "shape": "cylinder",
      "color": "green",
      "size": "large"
    },
    {
      "3d_coords": [
        -2.609745740890503,
        1.9136728048324585,
        0.699999988079071
      ],
      "pixel_coords": [
        154,
        67,
        13.712468147277832
      ],
      "material": "rubber",
      "rotation": 153.096066962991,
      "shape": "sphere",
      "color": "green",
      "size": "large"
    },
    {
      "3d_coords": [
        -0.895678699016571,
        -0.14860813319683075,
        0.5249999761581421
      ],
      "pixel_coords": [
        139,
        98,
        11.432109832763672
      ],
      "material": "rubber",
      "rotation": 300.14832547901,
      "shape": "cylinder",
      "color": "green",
      "size": "medium"
    },
    {
      "3d_coords": [
        0.9250952005386353,
        -2.4064760208129883,
        0.3499999940395355
      ],
      "pixel_coords": [
        112,
        148,
        8.965799331665039
      ],
      "material": "rubber",
      "rotation": 288.1905459008989,
      "shape": "cylinder",
      "color": "green",
      "size": "small"
    },
    {
      "3d_coords": [
        2.3681066036224365,
        0.8035509586334229,
        0.3499999940395355
      ],
      "pixel_coords": [
        236,
        129,
        9.855387687683105
      ],
      "material": "rubber",
      "rotation": 161.506674015851,
      "shape": "sphere",
      "color": "blue",
      "size": "small"
    }
  ]
}