{
  "split": "new",
  "intruder_pos": [
    [
      76,
      92
    ],
    [
      115,
      140
    ]
  ],
  "relationships": {
    "front": [
      [
        1,
        2,
        7
      ],
      [],
      [
        1
      ],
      [
        0,
        1,
        2,
        4,
        6,
        7
      ],
      [
        0,
        1,
        2,
        6,
        7
      ],
      [
        0,
        1,
        2,
        3,
        4,
        6,
        7
      ],
      [
        0,
        1,
        2,
        7
      ],
      [
        1,
        2
      ]
    ],
    "left": [
      [
        4,
        7
      ],
      [
        0,
        4,
        7
      ],
      [
        0,
        1,
        4,
        5,
        7
      ],
      [
        0,
        1,
        2,
        4,
        5,
        7
      ],
      [],
      [
        0,
        1,
        4,
        7
      ],
      [
        0,
        1,
        2,
        3,
        4,
        5,
        7
      ],
      [
        4
      ]
    ],
    "behind": [
      [
        3,
        4,
        5,
        6
      ],
      [
        0,
        2,
        3,
        4,
        5,
        6,
        7
      ],
      [
        0,
        3,
        4,
        5,
        6,
        7
      ],
      [
        5
      ],
      [
        3,
        5
      ],
      [],
      [
        3,
        4,
        5
      ],
      [
        0,
        3,
        4,
        5,
        6
      ]
    ],
    "right": [
      [
        1,
        2,
        3,
        5,
        6
      ],
      [
        2,
        3,
        5,
        6
      ],
      [
        3,
        6
      ],
      [
        6
      ],
      [
        0,
        1,
        2,
        3,
        5,
        6,
        7
      ],
      [
        2,
        3,
        6
      ],
      [],
      [
        0,
        1,
        2,
        3,
        5,
        6
      ]
    ]
  },
  "directions": {
    "front": [
      0.754490315914154,
      -0.6563112735748291,
      -0.0
    ],
    "above": [
      0.0,
      0.0,
      1.0
    ],
    "behind": [
      -0.754490315914154,
      0.6563112735748291,
      0.0
    ],
    "below": [
      -0.0,
      -0.0,
      -1.0
    ],
    "right": [
      0.6563112735748291,
      0.7544902563095093,
      -0.0
    ],
    "left": [
      -0.6563112735748291,
      -0.7544902563095093,
      0.0
    ]
  },
  "image_index": 123,
  "image_filename": "CLEVR_new_000123.png",
  "objects": [
    {
      "pixel_coords": [
        149,
        109,
        10.743846893310547
      ],
      "rotation": 17.054069287467378,
      "material": "rubber",
      "size": "medium",
      "shape": "sphere",
      "color": "blue",
      "3d_coords": [
        -0.05011802911758423,
        -0.43797674775123596,
        0.5249999761581421
      ]
    },
    {
      "pixel_coords": [
        173,
        154,
        8.894618034362793
      ],
      "rotation": 294.58709273189044,
      "material": "rubber",
      "size": "small",
      "shape": "sphere",
      "color": "red",
      "3d_coords": [
        1.9995453357696533,
        -1.4685313701629639,
        0.3499999940395355
      ]
    },
    {
      "pixel_coords": [
        212,
        134,
        9.402678489685059
      ],
      "rotation": 140.12017002749934,
      "material": "rubber",
      "size": "medium",
      "shape": "sphere",
      "color": "green",
      "3d_coords": [
        2.260298490524292,
        -0.2291070818901062,
        0.5249999761581421
      ]
    },
    {
      "pixel_coords": [
        212,
        81,
        12.342201232910156
      ],
      "rotation": 343.9428745973649,
      "material": "rubber",
      "size": "large",
      "shape": "sphere",
      "color": "blue",
      "3d_coords": [
        0.08243808150291443,
        2.454195499420166,
        0.699999988079071
      ]
    },
    {
      "pixel_coords": [
        78,
        102,
        11.587717056274414
      ],
      "rotation": 33.12296163449811,
      "material": "rubber",
      "size": "small",
      "shape": "sphere",
      "color": "green",
      "3d_coords": [
        -2.311507225036621,
        -1.5460246801376343,
        0.3499999940395355
      ]
    },
    {
      "pixel_coords": [
        176,
        72,
        13.613282203674316
      ],
      "rotation": 92.82593183021216,
      "material": "rubber",
      "size": "medium",
      "shape": "sphere",
      "color": "blue",
      "3d_coords": [
        -1.713697075843811,
        2.5305862426757812,
        0.5249999761581421
      ]
    },
    {
      "pixel_coords": [
        265,
        99,
        11.360245704650879
      ],
      "rotation": 7.171448606819468,
      "material": "rubber",
      "size": "medium",
      "shape": "sphere",
      "color": "green",
      "3d_coords": [
        2.0513269901275635,
        2.760394334793091,
        0.5249999761581421
      ]
    },
    {
      "pixel_coords": [
        96,
        123,
        9.9732666015625
      ],
      "rotation": 73.52882529403944,
      "material": "rubber",
      "size": "medium",
      "shape": "cylinder",
      "color": "green",
      "3d_coords": [
        -0.4320659935474396,
        -2.0982091426849365,
        0.5249999761581421
      ]
    }
  ]
}