{
  "split": "new",
  "intruder_pos": [
    [
      170,
      144
    ],
    [
      188,
      162
    ]
  ],
  "relationships": {
    "front": [
      [
        1,
        2,
        5
      ],
      [
        2,
        5
      ],
      [],
      [
        0,
        1,
        2,
        4,
        5,
        6
      ],
      [
        0,
        1,
        2,
        5
      ],
      [
        2
      ],
      [
        0,
        1,
        2,
        4,
        5
      ]
    ],
    "left": [
      [],
      [
        0,
        2,
        3,
        4,
        5,
        6
      ],
      [
        0,
        3,
        4,
        5,
        6
      ],
      [
        0,
        4,
        5
      ],
      [
        0,
        5
      ],
      [
        0
      ],
      [
        0,
        3,
        4,
        5
      ]
    ],
    "behind": [
      [
        3,
        4,
        6
      ],
      [
        0,
        3,
        4,
        6
      ],
      [
        0,
        1,
        3,
        4,
        5,
        6
      ],
      [],
      [
        3,
        6
      ],
      [
        0,
        1,
        3,
        4,
        6
      ],
      [
        3
      ]
    ],
    "right": [
      [
        1,
        2,
        3,
        4,
        5,
        6
      ],
      [],
      [
        1
      ],
      [
        1,
        2,
        6
      ],
      [
        1,
        2,
        3,
        6
      ],
      [
        1,
        2,
        3,
        4,
        6
      ],
      [
        1,
        2
      ]
    ]
  },
  "directions": {
    "front": [
      0.754490315914154,
      -0.6563112735748291,
      -0.0
    ],
    "above": [
      0.0,
      0.0,
      1.0
    ],
    "behind": [
      -0.754490315914154,
      0.6563112735748291,
      0.0
    ],
    "below": [
      -0.0,
      -0.0,
      -1.0
    ],
    "right": [
      0.6563112735748291,
      0.7544902563095093,
      -0.0
    ],
    "left": [
      -0.6563112735748291,
      -0.7544902563095093,
      0.0
    ]
  },
  "image_index": 257,
  "image_filename": "CLEVR_new_000257.png",
  "objects": [
    {
      "pixel_coords": [
        84,
        101,
        11.416406631469727
      ],
      "rotation": 26.37941999395185,
      "material": "rubber",
      "size": "medium",
      "shape": "cylinder",
      "color": "green",
      "3d_coords": [
        -1.7920076847076416,
        -1.7510968446731567,
        0.5249999761581421
      ]
    },
    {
      "pixel_coords": [
        284,
        120,
        10.699798583984375
      ],
      "rotation": 213.61792081248072,
      "material": "rubber",
      "size": "small",
      "shape": "cylinder",
      "color": "blue",
      "3d_coords": [
        2.861729621887207,
        2.570413112640381,
        0.3499999940395355
      ]
    },
    {
      "pixel_coords": [
        205,
        152,
        8.59749984741211
      ],
      "rotation": 107.4931390427068,
      "material": "rubber",
      "size": "large",
      "shape": "cylinder",
      "color": "green",
      "3d_coords": [
        2.9086101055145264,
        -0.9110217690467834,
        0.699999988079071
      ]
    },
    {
      "pixel_coords": [
        161,
        67,
        14.57558822631836
      ],
      "rotation": 283.8362159663079,
      "material": "rubber",
      "size": "small",
      "shape": "cylinder",
      "color": "red",
      "3d_coords": [
        -2.9671239852905273,
        2.4218568801879883,
        0.3499999940395355
      ]
    },
    {
      "pixel_coords": [
        133,
        88,
        12.3262939453125
      ],
      "rotation": 219.99815880681845,
      "material": "rubber",
      "size": "medium",
      "shape": "cylinder",
      "color": "blue",
      "3d_coords": [
        -1.6391496658325195,
        0.1078706607222557,
        0.5249999761581421
      ]
    },
    {
      "pixel_coords": [
        107,
        127,
        10.311731338500977
      ],
      "rotation": 44.383792869495615,
      "material": "rubber",
      "size": "small",
      "shape": "cylinder",
      "color": "red",
      "3d_coords": [
        -0.1518252044916153,
        -1.892926573753357,
        0.3499999940395355
      ]
    },
    {
      "pixel_coords": [
        179,
        87,
        12.858466148376465
      ],
      "rotation": 145.5699074131853,
      "material": "rubber",
      "size": "small",
      "shape": "sphere",
      "color": "blue",
      "3d_coords": [
        -1.0017123222351074,
        1.719564437866211,
        0.3499999940395355
      ]
    }
  ]
}