{
  "image_filename": "CLEVR_new_001522.png",
  "directions": {
    "left": [
      -0.6563112735748291,
      -0.7544902563095093,
      0.0
    ],
    "right": [
      0.6563112735748291,
      0.7544902563095093,
      -0.0
    ],
    "front": [
      0.754490315914154,
      -0.6563112735748291,
      -0.0
    ],
    "behind": [
      -0.754490315914154,
      0.6563112735748291,
      0.0
    ],
    "below": [
      -0.0,
      -0.0,
      -1.0
    ],
    "above": [
      0.0,
      0.0,
      1.0
    ]
  },
  "intruder_pos": [
    [
      126,
      148
    ],
    [
      144,
      165
    ]
  ],
  "image_index": 1522,
  "split": "new",
  "relationships": {
    "left": [
      [],
      [
        0,
        4,
        6
      ],
      [
        0,
        1,
        3,
        4,
        5,
        6
      ],
      [
        0,
        1,
        4,
        5,
        6
      ],
      [
        0
      ],
      [
        0,
        1,
        4,
        6
      ],
      [
        0,
        4
      ]
    ],
    "right": [
      [
        1,
        2,
        3,
        4,
        5,
        6
      ],
      [
        2,
        3,
        5
      ],
      [],
      [
        2
      ],
      [
        1,
        2,
        3,
        5,
        6
      ],
      [
        2,
        3
      ],
      [
        1,
        2,
        3,
        5
      ]
    ],
    "front": [
      [
        4,
        5
      ],
      [
        0,
        2,
        3,
        4,
        5,
        6
      ],
      [
        0,
        4,
        5
      ],
      [
        0,
        2,
        4,
        5
      ],
      [],
      [
        4
      ],
      [
        0,
        2,
        3,
        4,
        5
      ]
    ],
    "behind": [
      [
        1,
        2,
        3,
        6
      ],
      [],
      [
        1,
        3,
        6
      ],
      [
        1,
        6
      ],
      [
        0,
        1,
        2,
        3,
        5,
        6
      ],
      [
        0,
        1,
        2,
        3,
        6
      ],
      [
        1
      ]
    ]
  },
  "objects": [
    {
      "color": "green",
      "material": "rubber",
      "pixel_coords": [
        47,
        113,
        10.522116661071777
      ],
      "3d_coords": [
        -1.7787277698516846,
        -2.9365222454071045,
        0.5249999761581421
      ],
      "size": "medium",
      "rotation": 51.581161285931316,
      "shape": "cylinder"
    },
    {
      "color": "red",
      "material": "rubber",
      "pixel_coords": [
        164,
        62,
        14.236581802368164
      ],
      "3d_coords": [
        -2.746877670288086,
        2.5284388065338135,
        0.699999988079071
      ],
      "size": "large",
      "rotation": 298.20628584539,
      "shape": "cylinder"
    },
    {
      "color": "red",
      "material": "rubber",
      "pixel_coords": [
        262,
        112,
        10.980284690856934
      ],
      "3d_coords": [
        2.1627817153930664,
        2.3612520694732666,
        0.3499999940395355
      ],
      "size": "small",
      "rotation": 60.78533774644131,
      "shape": "cylinder"
    },
    {
      "color": "green",
      "material": "rubber",
      "pixel_coords": [
        217,
        85,
        12.060273170471191
      ],
      "3d_coords": [
        0.3004065454006195,
        2.3286807537078857,
        0.699999988079071
      ],
      "size": "large",
      "rotation": 85.91603814918886,
      "shape": "cylinder"
    },
    {
      "color": "blue",
      "material": "rubber",
      "pixel_coords": [
        81,
        137,
        9.243041038513184
      ],
      "3d_coords": [
        0.1568978726863861,
        -2.8836116790771484,
        0.5249999761581421
      ],
      "size": "medium",
      "rotation": 202.59237059363463,
      "shape": "cylinder"
    },
    {
      "color": "blue",
      "material": "rubber",
      "pixel_coords": [
        188,
        135,
        9.684558868408203
      ],
      "3d_coords": [
        1.7141697406768799,
        -0.42198610305786133,
        0.3499999940395355
      ],
      "size": "small",
      "rotation": 36.4654529980876,
      "shape": "cylinder"
    },
    {
      "color": "green",
      "material": "rubber",
      "pixel_coords": [
        136,
        83,
        13.181958198547363
      ],
      "3d_coords": [
        -2.3897337913513184,
        0.8329149484634399,
        0.3499999940395355
      ],
      "size": "small",
      "rotation": 134.12803761494615,
      "shape": "sphere"
    }
  ]
}