{
  "image_filename": "CLEVR_new_001484.png",
  "directions": {
    "left": [
      -0.6563112735748291,
      -0.7544902563095093,
      0.0
    ],
    "right": [
      0.6563112735748291,
      0.7544902563095093,
      -0.0
    ],
    "front": [
      0.754490315914154,
      -0.6563112735748291,
      -0.0
    ],
    "behind": [
      -0.754490315914154,
      0.6563112735748291,
      0.0
    ],
    "below": [
      -0.0,
      -0.0,
      -1.0
    ],
    "above": [
      0.0,
      0.0,
      1.0
    ]
  },
  "intruder_pos": [
    [
      34,
      74
    ],
    [
      97,
      145
    ]
  ],
  "image_index": 1484,
  "split": "new",
  "relationships": {
    "left": [
      [
        2,
        3,
        4,
        6,
        7
      ],
      [
        0,
        2,
        3,
        4,
        6,
        7
      ],
      [
        3,
        4,
        7
      ],
      [
        4,
        7
      ],
      [],
      [
        0,
        1,
        2,
        3,
        4,
        6,
        7
      ],
      [
        2,
        3,
        4,
        7
      ],
      [
        4
      ]
    ],
    "right": [
      [
        1,
        5
      ],
      [
        5
      ],
      [
        0,
        1,
        5,
        6
      ],
      [
        0,
        1,
        2,
        5,
        6
      ],
      [
        0,
        1,
        2,
        3,
        5,
        6,
        7
      ],
      [],
      [
        0,
        1,
        5
      ],
      [
        0,
        1,
        2,
        3,
        5,
        6
      ]
    ],
    "front": [
      [
        1,
        2,
        3,
        4,
        5,
        7
      ],
      [
        2,
        7
      ],
      [],
      [
        1,
        2,
        7
      ],
      [
        1,
        2,
        3,
        7
      ],
      [
        1,
        2,
        3,
        4,
        7
      ],
      [
        0,
        1,
        2,
        3,
        4,
        5,
        7
      ],
      [
        2
      ]
    ],
    "behind": [
      [
        6
      ],
      [
        0,
        3,
        4,
        5,
        6
      ],
      [
        0,
        1,
        3,
        4,
        5,
        6,
        7
      ],
      [
        0,
        4,
        5,
        6
      ],
      [
        0,
        5,
        6
      ],
      [
        0,
        6
      ],
      [],
      [
        0,
        1,
        3,
        4,
        5,
        6
      ]
    ]
  },
  "objects": [
    {
      "color": "blue",
      "material": "rubber",
      "pixel_coords": [
        164,
        83,
        12.207977294921875
      ],
      "3d_coords": [
        -1.1422240734100342,
        1.207987666130066,
        0.5249999761581421
      ],
      "size": "medium",
      "rotation": 26.401962837378203,
      "shape": "cylinder"
    },
    {
      "color": "green",
      "material": "rubber",
      "pixel_coords": [
        187,
        122,
        9.858255386352539
      ],
      "3d_coords": [
        1.2862969636917114,
        -0.13991963863372803,
        0.5249999761581421
      ],
      "size": "medium",
      "rotation": 294.9601720354097,
      "shape": "cylinder"
    },
    {
      "color": "green",
      "material": "rubber",
      "pixel_coords": [
        130,
        179,
        7.976149082183838
      ],
      "3d_coords": [
        2.0171282291412354,
        -2.7289187908172607,
        0.3499999940395355
      ],
      "size": "small",
      "rotation": 295.3536306583408,
      "shape": "cylinder"
    },
    {
      "color": "blue",
      "material": "rubber",
      "pixel_coords": [
        119,
        109,
        10.200457572937012
      ],
      "3d_coords": [
        -0.3744499385356903,
        -1.2553373575210571,
        0.699999988079071
      ],
      "size": "large",
      "rotation": 106.41478392493602,
      "shape": "cylinder"
    },
    {
      "color": "red",
      "material": "rubber",
      "pixel_coords": [
        47,
        95,
        10.969627380371094
      ],
      "3d_coords": [
        -2.6003618240356445,
        -2.415076494216919,
        0.699999988079071
      ],
      "size": "large",
      "rotation": 350.36335320212,
      "shape": "cylinder"
    },
    {
      "color": "blue",
      "material": "rubber",
      "pixel_coords": [
        229,
        93,
        11.956884384155273
      ],
      "3d_coords": [
        0.6173757314682007,
        2.591620683670044,
        0.3499999940395355
      ],
      "size": "small",
      "rotation": 338.87535763837553,
      "shape": "cylinder"
    },
    {
      "color": "red",
      "material": "rubber",
      "pixel_coords": [
        152,
        60,
        13.749412536621094
      ],
      "3d_coords": [
        -2.8456692695617676,
        2.1194517612457275,
        0.699999988079071
      ],
      "size": "large",
      "rotation": 88.71068139393985,
      "shape": "cylinder"
    },
    {
      "color": "green",
      "material": "rubber",
      "pixel_coords": [
        69,
        129,
        9.217124938964844
      ],
      "3d_coords": [
        -0.3420942425727844,
        -2.9202871322631836,
        0.699999988079071
      ],
      "size": "large",
      "rotation": 19.840915975077426,
      "shape": "cube"
    }
  ]
}