{
  "relationships": {
    "front": [
      [
        1
      ],
      [],
      [
        0,
        1,
        4,
        5,
        6
      ],
      [
        0,
        1,
        2,
        4,
        5,
        6
      ],
      [
        0,
        1,
        5,
        6
      ],
      [
        0,
        1
      ],
      [
        0,
        1,
        5
      ]
    ],
    "right": [
      [
        1,
        3,
        4,
        6
      ],
      [
        3,
        4,
        6
      ],
      [
        0,
        1,
        3,
        4,
        6
      ],
      [
        4,
        6
      ],
      [],
      [
        0,
        1,
        2,
        3,
        4,
        6
      ],
      [
        4
      ]
    ],
    "left": [
      [
        2,
        5
      ],
      [
        0,
        2,
        5
      ],
      [
        5
      ],
      [
        0,
        1,
        2,
        5
      ],
      [
        0,
        1,
        2,
        3,
        5,
        6
      ],
      [],
      [
        0,
        1,
        2,
        3,
        5
      ]
    ],
    "behind": [
      [
        2,
        3,
        4,
        5,
        6
      ],
      [
        0,
        2,
        3,
        4,
        5,
        6
      ],
      [
        3
      ],
      [],
      [
        2,
        3
      ],
      [
        2,
        3,
        4,
        6
      ],
      [
        2,
        3,
        4
      ]
    ]
  },
  "intruder_pos": [
    [
      186,
      108
    ],
    [
      227,
      151
    ]
  ],
  "image_filename": "CLEVR_new_001189.png",
  "directions": {
    "below": [
      -0.0,
      -0.0,
      -1.0
    ],
    "right": [
      0.6563112735748291,
      0.7544902563095093,
      -0.0
    ],
    "behind": [
      -0.754490315914154,
      0.6563112735748291,
      0.0
    ],
    "front": [
      0.754490315914154,
      -0.6563112735748291,
      -0.0
    ],
    "above": [
      0.0,
      0.0,
      1.0
    ],
    "left": [
      -0.6563112735748291,
      -0.7544902563095093,
      0.0
    ]
  },
  "image_index": 1189,
  "split": "new",
  "objects": [
    {
      "3d_coords": [
        0.26900163292884827,
        -1.5384715795516968,
        0.699999988079071
      ],
      "pixel_coords": [
        127,
        120,
        10.154489517211914
      ],
      "material": "rubber",
      "rotation": 239.53642116744408,
      "shape": "sphere",
      "color": "blue",
      "size": "large"
    },
    {
      "3d_coords": [
        1.6166110038757324,
        -1.3918671607971191,
        0.3499999940395355
      ],
      "pixel_coords": [
        163,
        147,
        9.549041748046875
      ],
      "material": "rubber",
      "rotation": 91.19835568640407,
      "shape": "sphere",
      "color": "green",
      "size": "small"
    },
    {
      "3d_coords": [
        -2.1598639488220215,
        -0.4692843556404114,
        0.699999988079071
      ],
      "pixel_coords": [
        109,
        85,
        12.34192180633545
      ],
      "material": "rubber",
      "rotation": 163.7528823156349,
      "shape": "sphere",
      "color": "blue",
      "size": "large"
    },
    {
      "3d_coords": [
        -1.166080355644226,
        2.1231307983398438,
        0.5249999761581421
      ],
      "pixel_coords": [
        180,
        78,
        13.31952953338623
      ],
      "material": "rubber",
      "rotation": 72.7788990269023,
      "shape": "sphere",
      "color": "green",
      "size": "medium"
    },
    {
      "3d_coords": [
        1.1759241819381714,
        2.3215205669403076,
        0.3499999940395355
      ],
      "pixel_coords": [
        233,
        101,
        12.021207809448242
      ],
      "material": "rubber",
      "rotation": 110.32308970914104,
      "shape": "sphere",
      "color": "green",
      "size": "small"
    },
    {
      "3d_coords": [
        -1.0341874361038208,
        -2.313138008117676,
        0.5249999761581421
      ],
      "pixel_coords": [
        81,
        118,
        10.619046211242676
      ],
      "material": "rubber",
      "rotation": 64.29301237508301,
      "shape": "sphere",
      "color": "red",
      "size": "medium"
    },
    {
      "3d_coords": [
        1.1779370307922363,
        0.9084161520004272,
        0.5249999761581421
      ],
      "pixel_coords": [
        206,
        109,
        11.100674629211426
      ],
      "material": "rubber",
      "rotation": 282.19169439742996,
      "shape": "cube",
      "color": "green",
      "size": "medium"
    }
  ]
}