{
  "image_filename": "CLEVR_new_001588.png",
  "directions": {
    "left": [
      -0.6563112735748291,
      -0.7544902563095093,
      0.0
    ],
    "right": [
      0.6563112735748291,
      0.7544902563095093,
      -0.0
    ],
    "front": [
      0.754490315914154,
      -0.6563112735748291,
      -0.0
    ],
    "behind": [
      -0.754490315914154,
      0.6563112735748291,
      0.0
    ],
    "below": [
      -0.0,
      -0.0,
      -1.0
    ],
    "above": [
      0.0,
      0.0,
      1.0
    ]
  },
  "intruder_pos": [
    [
      247,
      103
    ],
    [
      299,
      161
    ]
  ],
  "image_index": 1588,
  "split": "new",
  "relationships": {
    "left": [
      [
        1,
        2,
        3,
        4
      ],
      [
        3
      ],
      [
        1,
        3
      ],
      [],
      [
        1,
        2,
        3
      ],
      [
        0,
        1,
        2,
        3,
        4
      ],
      [
        0,
        1,
        2,
        3,
        4,
        5
      ]
    ],
    "right": [
      [
        5,
        6
      ],
      [
        0,
        2,
        4,
        5,
        6
      ],
      [
        0,
        4,
        5,
        6
      ],
      [
        0,
        1,
        2,
        4,
        5,
        6
      ],
      [
        0,
        5,
        6
      ],
      [
        6
      ],
      []
    ],
    "front": [
      [
        1,
        2,
        6
      ],
      [
        2,
        6
      ],
      [],
      [
        0,
        1,
        2,
        6
      ],
      [
        0,
        1,
        2,
        3,
        5,
        6
      ],
      [
        0,
        1,
        2,
        3,
        6
      ],
      [
        2
      ]
    ],
    "behind": [
      [
        3,
        4,
        5
      ],
      [
        0,
        3,
        4,
        5
      ],
      [
        0,
        1,
        3,
        4,
        5,
        6
      ],
      [
        4,
        5
      ],
      [],
      [
        4
      ],
      [
        0,
        1,
        3,
        4,
        5
      ]
    ]
  },
  "objects": [
    {
      "color": "blue",
      "material": "rubber",
      "pixel_coords": [
        186,
        97,
        12.050939559936523
      ],
      "3d_coords": [
        0.12968501448631287,
        1.127182960510254,
        0.5249999761581421
      ],
      "size": "medium",
      "rotation": 325.48830173730016,
      "shape": "sphere"
    },
    {
      "color": "blue",
      "material": "rubber",
      "pixel_coords": [
        110,
        106,
        11.455915451049805
      ],
      "3d_coords": [
        -1.1263710260391235,
        -1.2036426067352295,
        0.5249999761581421
      ],
      "size": "medium",
      "rotation": 128.81939358848433,
      "shape": "cylinder"
    },
    {
      "color": "blue",
      "material": "rubber",
      "pixel_coords": [
        139,
        149,
        9.5999174118042
      ],
      "3d_coords": [
        1.2286012172698975,
        -1.9498283863067627,
        0.3499999940395355
      ],
      "size": "small",
      "rotation": 137.23095881297692,
      "shape": "cylinder"
    },
    {
      "color": "blue",
      "material": "rubber",
      "pixel_coords": [
        70,
        89,
        12.191889762878418
      ],
      "3d_coords": [
        -2.824859380722046,
        -1.6340125799179077,
        0.699999988079071
      ],
      "size": "large",
      "rotation": 273.169957359085,
      "shape": "cube"
    },
    {
      "color": "blue",
      "material": "rubber",
      "pixel_coords": [
        166,
        74,
        13.387941360473633
      ],
      "3d_coords": [
        -1.528619408607483,
        1.7453303337097168,
        0.699999988079071
      ],
      "size": "large",
      "rotation": 350.0285701240361,
      "shape": "cube"
    },
    {
      "color": "blue",
      "material": "rubber",
      "pixel_coords": [
        212,
        78,
        13.061851501464844
      ],
      "3d_coords": [
        -0.07113752514123917,
        2.748790740966797,
        0.699999988079071
      ],
      "size": "large",
      "rotation": 170.47242056720947,
      "shape": "cube"
    },
    {
      "color": "red",
      "material": "rubber",
      "pixel_coords": [
        272,
        107,
        11.029928207397461
      ],
      "3d_coords": [
        2.7048325538635254,
        2.2990031242370605,
        0.699999988079071
      ],
      "size": "large",
      "rotation": 37.92366092790153,
      "shape": "cylinder"
    }
  ]
}