{
  "split": "new",
  "intruder_pos": [
    [
      147,
      114
    ],
    [
      180,
      157
    ]
  ],
  "relationships": {
    "front": [
      [
        1,
        2,
        3,
        4,
        5,
        6,
        7
      ],
      [],
      [
        1,
        3,
        4,
        6,
        7
      ],
      [
        1,
        4,
        6
      ],
      [
        1,
        6
      ],
      [
        1,
        2,
        3,
        4,
        6,
        7
      ],
      [
        1
      ],
      [
        1,
        3,
        4,
        6
      ]
    ],
    "left": [
      [
        2
      ],
      [
        0,
        2,
        4
      ],
      [],
      [
        0,
        1,
        2,
        4,
        5,
        6,
        7
      ],
      [
        0,
        2
      ],
      [
        0,
        1,
        2,
        4,
        7
      ],
      [
        0,
        1,
        2,
        4,
        5,
        7
      ],
      [
        0,
        1,
        2,
        4
      ]
    ],
    "behind": [
      [],
      [
        0,
        2,
        3,
        4,
        5,
        6,
        7
      ],
      [
        0,
        5
      ],
      [
        0,
        2,
        5,
        7
      ],
      [
        0,
        2,
        3,
        5,
        7
      ],
      [
        0
      ],
      [
        0,
        2,
        3,
        4,
        5,
        7
      ],
      [
        0,
        2,
        5
      ]
    ],
    "right": [
      [
        1,
        3,
        4,
        5,
        6,
        7
      ],
      [
        3,
        5,
        6,
        7
      ],
      [
        0,
        1,
        3,
        4,
        5,
        6,
        7
      ],
      [],
      [
        1,
        3,
        5,
        6,
        7
      ],
      [
        3,
        6
      ],
      [
        3
      ],
      [
        3,
        5,
        6
      ]
    ]
  },
  "directions": {
    "front": [
      0.754490315914154,
      -0.6563112735748291,
      -0.0
    ],
    "above": [
      0.0,
      0.0,
      1.0
    ],
    "behind": [
      -0.754490315914154,
      0.6563112735748291,
      0.0
    ],
    "below": [
      -0.0,
      -0.0,
      -1.0
    ],
    "right": [
      0.6563112735748291,
      0.7544902563095093,
      -0.0
    ],
    "left": [
      -0.6563112735748291,
      -0.7544902563095093,
      0.0
    ]
  },
  "image_index": 409,
  "image_filename": "CLEVR_new_000409.png",
  "objects": [
    {
      "pixel_coords": [
        109,
        82,
        12.879837989807129
      ],
      "rotation": 354.5173068266086,
      "material": "rubber",
      "size": "small",
      "shape": "sphere",
      "color": "green",
      "3d_coords": [
        -2.9897301197052,
        0.24458271265029907,
        0.3499999940395355
      ]
    },
    {
      "pixel_coords": [
        151,
        182,
        7.100536823272705
      ],
      "rotation": 153.0933677521829,
      "material": "rubber",
      "size": "large",
      "shape": "sphere",
      "color": "green",
      "3d_coords": [
        2.800703525543213,
        -2.872075319290161,
        0.699999988079071
      ]
    },
    {
      "pixel_coords": [
        75,
        103,
        11.235334396362305
      ],
      "rotation": 44.24098804667969,
      "material": "rubber",
      "size": "small",
      "shape": "sphere",
      "color": "green",
      "3d_coords": [
        -2.218987464904785,
        -1.6584665775299072,
        0.3499999940395355
      ]
    },
    {
      "pixel_coords": [
        279,
        115,
        10.501751899719238
      ],
      "rotation": 4.662736798157292,
      "material": "rubber",
      "size": "small",
      "shape": "sphere",
      "color": "blue",
      "3d_coords": [
        2.6848957538604736,
        2.373706340789795,
        0.3499999940395355
      ]
    },
    {
      "pixel_coords": [
        116,
        124,
        9.629295349121094
      ],
      "rotation": 47.335165570584515,
      "material": "rubber",
      "size": "medium",
      "shape": "sphere",
      "color": "red",
      "3d_coords": [
        0.08004369586706161,
        -1.7255812883377075,
        0.5249999761581421
      ]
    },
    {
      "pixel_coords": [
        194,
        78,
        12.261872291564941
      ],
      "rotation": 148.70263953320716,
      "material": "rubber",
      "size": "large",
      "shape": "sphere",
      "color": "blue",
      "3d_coords": [
        -0.5262380838394165,
        2.128859281539917,
        0.699999988079071
      ]
    },
    {
      "pixel_coords": [
        235,
        134,
        9.157106399536133
      ],
      "rotation": 198.01306142419298,
      "material": "rubber",
      "size": "medium",
      "shape": "sphere",
      "color": "green",
      "3d_coords": [
        2.6269021034240723,
        0.21726161241531372,
        0.5249999761581421
      ]
    },
    {
      "pixel_coords": [
        164,
        103,
        10.807915687561035
      ],
      "rotation": 34.22784926299034,
      "material": "rubber",
      "size": "medium",
      "shape": "cylinder",
      "color": "red",
      "3d_coords": [
        0.009676461108028889,
        0.15429790318012238,
        0.5249999761581421
      ]
    }
  ]
}