{
  "relationships": {
    "front": [
      [
        2,
        3,
        5,
        6
      ],
      [
        0,
        2,
        3,
        4,
        5,
        6
      ],
      [
        3,
        5
      ],
      [
        5
      ],
      [
        0,
        2,
        3,
        5,
        6
      ],
      [],
      [
        2,
        3,
        5
      ]
    ],
    "right": [
      [
        1,
        2
      ],
      [
        2
      ],
      [],
      [
        0,
        1,
        2,
        5
      ],
      [
        0,
        1,
        2,
        3,
        5
      ],
      [
        0,
        1,
        2
      ],
      [
        0,
        1,
        2,
        3,
        4,
        5
      ]
    ],
    "left": [
      [
        3,
        4,
        5,
        6
      ],
      [
        0,
        3,
        4,
        5,
        6
      ],
      [
        0,
        1,
        3,
        4,
        5,
        6
      ],
      [
        4,
        6
      ],
      [
        6
      ],
      [
        3,
        4,
        6
      ],
      []
    ],
    "behind": [
      [
        1,
        4
      ],
      [],
      [
        0,
        1,
        4,
        6
      ],
      [
        0,
        1,
        2,
        4,
        6
      ],
      [
        1
      ],
      [
        0,
        1,
        2,
        3,
        4,
        6
      ],
      [
        0,
        1,
        4
      ]
    ]
  },
  "intruder_pos": [
    [
      37,
      120
    ],
    [
      59,
      142
    ]
  ],
  "image_filename": "CLEVR_new_001296.png",
  "directions": {
    "below": [
      -0.0,
      -0.0,
      -1.0
    ],
    "right": [
      0.6563112735748291,
      0.7544902563095093,
      -0.0
    ],
    "behind": [
      -0.754490315914154,
      0.6563112735748291,
      0.0
    ],
    "front": [
      0.754490315914154,
      -0.6563112735748291,
      -0.0
    ],
    "above": [
      0.0,
      0.0,
      1.0
    ],
    "left": [
      -0.6563112735748291,
      -0.7544902563095093,
      0.0
    ]
  },
  "image_index": 1296,
  "split": "new",
  "objects": [
    {
      "3d_coords": [
        -0.4788999855518341,
        0.394692599773407,
        0.699999988079071
      ],
      "pixel_coords": [
        159,
        92,
        11.163015365600586
      ],
      "material": "rubber",
      "rotation": 76.31149650869676,
      "shape": "sphere",
      "color": "blue",
      "size": "large"
    },
    {
      "3d_coords": [
        -1.2288539409637451,
        2.2580883502960205,
        0.3499999940395355
      ],
      "pixel_coords": [
        183,
        82,
        12.936731338500977
      ],
      "material": "rubber",
      "rotation": 56.2286154669308,
      "shape": "cylinder",
      "color": "blue",
      "size": "small"
    },
    {
      "3d_coords": [
        2.2496883869171143,
        2.148569107055664,
        0.5249999761581421
      ],
      "pixel_coords": [
        264,
        108,
        10.485204696655273
      ],
      "material": "rubber",
      "rotation": 206.66172698742614,
      "shape": "sphere",
      "color": "blue",
      "size": "medium"
    },
    {
      "3d_coords": [
        -0.7498495578765869,
        -1.9971848726272583,
        0.3499999940395355
      ],
      "pixel_coords": [
        91,
        121,
        10.060686111450195
      ],
      "material": "rubber",
      "rotation": 78.09420449103325,
      "shape": "cube",
      "color": "blue",
      "size": "small"
    },
    {
      "3d_coords": [
        -2.5347938537597656,
        -1.0785980224609375,
        0.699999988079071
      ],
      "pixel_coords": [
        85,
        86,
        11.641193389892578
      ],
      "material": "rubber",
      "rotation": 63.26469759037138,
      "shape": "cylinder",
      "color": "blue",
      "size": "large"
    },
    {
      "3d_coords": [
        1.4948338270187378,
        -2.0046160221099854,
        0.3499999940395355
      ],
      "pixel_coords": [
        140,
        152,
        8.567054748535156
      ],
      "material": "rubber",
      "rotation": 17.28052009028737,
      "shape": "cylinder",
      "color": "blue",
      "size": "small"
    },
    {
      "3d_coords": [
        -2.384019136428833,
        -2.4921767711639404,
        0.3499999940395355
      ],
      "pixel_coords": [
        49,
        109,
        10.847235679626465
      ],
      "material": "rubber",
      "rotation": 301.1568554672797,
      "shape": "sphere",
      "color": "red",
      "size": "small"
    }
  ]
}