{
  "split": "new",
  "intruder_pos": [
    [
      195,
      70
    ],
    [
      241,
      127
    ]
  ],
  "relationships": {
    "front": [
      [
        1,
        2,
        3,
        4,
        5,
        6
      ],
      [
        3,
        4,
        5,
        6
      ],
      [
        1,
        3,
        4,
        5,
        6
      ],
      [
        4,
        5,
        6
      ],
      [],
      [
        4,
        6
      ],
      [
        4
      ]
    ],
    "left": [
      [
        2,
        5
      ],
      [
        0,
        2,
        3,
        4,
        5,
        6
      ],
      [],
      [
        0,
        2,
        4,
        5,
        6
      ],
      [
        0,
        2,
        5
      ],
      [
        2
      ],
      [
        0,
        2,
        4,
        5
      ]
    ],
    "behind": [
      [],
      [
        0,
        2
      ],
      [
        0
      ],
      [
        0,
        1,
        2
      ],
      [
        0,
        1,
        2,
        3,
        5,
        6
      ],
      [
        0,
        1,
        2,
        3
      ],
      [
        0,
        1,
        2,
        3,
        5
      ]
    ],
    "right": [
      [
        1,
        3,
        4,
        6
      ],
      [],
      [
        0,
        1,
        3,
        4,
        5,
        6
      ],
      [
        1
      ],
      [
        1,
        3,
        6
      ],
      [
        0,
        1,
        3,
        4,
        6
      ],
      [
        1,
        3
      ]
    ]
  },
  "directions": {
    "front": [
      0.754490315914154,
      -0.6563112735748291,
      -0.0
    ],
    "above": [
      0.0,
      0.0,
      1.0
    ],
    "behind": [
      -0.754490315914154,
      0.6563112735748291,
      0.0
    ],
    "below": [
      -0.0,
      -0.0,
      -1.0
    ],
    "right": [
      0.6563112735748291,
      0.7544902563095093,
      -0.0
    ],
    "left": [
      -0.6563112735748291,
      -0.7544902563095093,
      0.0
    ]
  },
  "image_index": 256,
  "image_filename": "CLEVR_new_000256.png",
  "objects": [
    {
      "pixel_coords": [
        161,
        72,
        12.366021156311035
      ],
      "rotation": 102.69488768815756,
      "material": "rubber",
      "size": "large",
      "shape": "sphere",
      "color": "red",
      "3d_coords": [
        -1.68238365650177,
        1.5522005558013916,
        0.699999988079071
      ]
    },
    {
      "pixel_coords": [
        286,
        108,
        10.641386985778809
      ],
      "rotation": 64.48416320688187,
      "material": "rubber",
      "size": "small",
      "shape": "sphere",
      "color": "green",
      "3d_coords": [
        2.4584410190582275,
        2.934035062789917,
        0.3499999940395355
      ]
    },
    {
      "pixel_coords": [
        80,
        85,
        11.325328826904297
      ],
      "rotation": 142.85259633299162,
      "material": "rubber",
      "size": "large",
      "shape": "sphere",
      "color": "blue",
      "3d_coords": [
        -2.5698611736297607,
        -1.1818386316299438,
        0.699999988079071
      ]
    },
    {
      "pixel_coords": [
        235,
        110,
        10.111927032470703
      ],
      "rotation": 351.77240213407083,
      "material": "rubber",
      "size": "medium",
      "shape": "sphere",
      "color": "green",
      "3d_coords": [
        1.725216031074524,
        1.37093985080719,
        0.5249999761581421
      ]
    },
    {
      "pixel_coords": [
        189,
        175,
        7.672155857086182
      ],
      "rotation": 205.8453743394863,
      "material": "rubber",
      "size": "small",
      "shape": "sphere",
      "color": "blue",
      "3d_coords": [
        2.809447765350342,
        -1.6862883567810059,
        0.3499999940395355
      ]
    },
    {
      "pixel_coords": [
        94,
        131,
        9.045495986938477
      ],
      "rotation": 100.95407397933263,
      "material": "rubber",
      "size": "medium",
      "shape": "sphere",
      "color": "green",
      "3d_coords": [
        0.022520778700709343,
        -2.305746555328369,
        0.5249999761581421
      ]
    },
    {
      "pixel_coords": [
        218,
        140,
        8.62744140625
      ],
      "rotation": 299.6077796281678,
      "material": "rubber",
      "size": "medium",
      "shape": "cylinder",
      "color": "blue",
      "3d_coords": [
        2.464911460876465,
        -0.316661536693573,
        0.5249999761581421
      ]
    }
  ]
}