{
  "split": "new",
  "intruder_pos": [
    [
      174,
      155
    ],
    [
      190,
      172
    ]
  ],
  "relationships": {
    "front": [
      [],
      [
        0,
        2,
        3,
        4,
        5
      ],
      [
        0
      ],
      [
        0,
        2
      ],
      [
        0,
        2,
        3,
        5
      ],
      [
        0,
        2,
        3
      ],
      [
        0,
        1,
        2,
        3,
        4,
        5
      ]
    ],
    "left": [
      [
        4,
        5
      ],
      [
        0,
        2,
        3,
        4,
        5,
        6
      ],
      [
        0,
        3,
        4,
        5
      ],
      [
        0,
        4,
        5
      ],
      [
        5
      ],
      [],
      [
        0,
        2,
        3,
        4,
        5
      ]
    ],
    "behind": [
      [
        1,
        2,
        3,
        4,
        5,
        6
      ],
      [
        6
      ],
      [
        1,
        3,
        4,
        5,
        6
      ],
      [
        1,
        4,
        5,
        6
      ],
      [
        1,
        6
      ],
      [
        1,
        4,
        6
      ],
      []
    ],
    "right": [
      [
        1,
        2,
        3,
        6
      ],
      [],
      [
        1,
        6
      ],
      [
        1,
        2,
        6
      ],
      [
        0,
        1,
        2,
        3,
        6
      ],
      [
        0,
        1,
        2,
        3,
        4,
        6
      ],
      [
        1
      ]
    ]
  },
  "directions": {
    "front": [
      0.754490315914154,
      -0.6563112735748291,
      -0.0
    ],
    "above": [
      0.0,
      0.0,
      1.0
    ],
    "behind": [
      -0.754490315914154,
      0.6563112735748291,
      0.0
    ],
    "below": [
      -0.0,
      -0.0,
      -1.0
    ],
    "right": [
      0.6563112735748291,
      0.7544902563095093,
      -0.0
    ],
    "left": [
      -0.6563112735748291,
      -0.7544902563095093,
      0.0
    ]
  },
  "image_index": 117,
  "image_filename": "CLEVR_new_000117.png",
  "objects": [
    {
      "pixel_coords": [
        108,
        153,
        8.26931381225586
      ],
      "rotation": 275.19156169983705,
      "material": "rubber",
      "size": "large",
      "shape": "cube",
      "color": "green",
      "3d_coords": [
        1.552150011062622,
        -2.961684465408325,
        0.699999988079071
      ]
    },
    {
      "pixel_coords": [
        210,
        87,
        12.560989379882812
      ],
      "rotation": 339.67208848831046,
      "material": "rubber",
      "size": "medium",
      "shape": "cube",
      "color": "blue",
      "3d_coords": [
        -0.04426724091172218,
        2.419994831085205,
        0.5249999761581421
      ]
    },
    {
      "pixel_coords": [
        166,
        155,
        8.845658302307129
      ],
      "rotation": 194.821312934759,
      "material": "rubber",
      "size": "small",
      "shape": "cube",
      "color": "red",
      "3d_coords": [
        2.0928406715393066,
        -1.6154245138168335,
        0.3499999940395355
      ]
    },
    {
      "pixel_coords": [
        148,
        115,
        10.092626571655273
      ],
      "rotation": 291.3531295849397,
      "material": "rubber",
      "size": "large",
      "shape": "cube",
      "color": "red",
      "3d_coords": [
        0.5823164582252502,
        -0.9562141299247742,
        0.699999988079071
      ]
    },
    {
      "pixel_coords": [
        81,
        100,
        11.896509170532227
      ],
      "rotation": 228.62665628025167,
      "material": "rubber",
      "size": "small",
      "shape": "cube",
      "color": "green",
      "3d_coords": [
        -2.337876796722412,
        -1.520304560661316,
        0.3499999940395355
      ]
    },
    {
      "pixel_coords": [
        46,
        112,
        11.064757347106934
      ],
      "rotation": 154.26448296731024,
      "material": "rubber",
      "size": "small",
      "shape": "cube",
      "color": "red",
      "3d_coords": [
        -2.2304911613464355,
        -2.824181318283081,
        0.3499999940395355
      ]
    },
    {
      "pixel_coords": [
        183,
        76,
        14.070135116577148
      ],
      "rotation": 269.15182903696626,
      "material": "rubber",
      "size": "small",
      "shape": "sphere",
      "color": "blue",
      "3d_coords": [
        -1.8427895307540894,
        2.787876605987549,
        0.3499999940395355
      ]
    }
  ]
}