{
  "split": "new",
  "intruder_pos": [
    [
      214,
      137
    ],
    [
      254,
      176
    ]
  ],
  "relationships": {
    "front": [
      [
        1,
        3,
        5
      ],
      [],
      [
        0,
        1,
        3,
        4,
        5,
        7
      ],
      [
        1
      ],
      [
        0,
        1,
        3,
        5
      ],
      [
        1,
        3
      ],
      [
        0,
        1,
        2,
        3,
        4,
        5,
        7
      ],
      [
        0,
        1,
        3,
        4,
        5
      ]
    ],
    "left": [
      [],
      [
        0,
        2,
        3,
        6
      ],
      [
        0
      ],
      [
        0,
        2
      ],
      [
        0,
        1,
        2,
        3,
        6
      ],
      [
        0,
        1,
        2,
        3,
        4,
        6,
        7
      ],
      [
        0,
        2,
        3
      ],
      [
        0,
        1,
        2,
        3,
        4,
        6
      ]
    ],
    "behind": [
      [
        2,
        4,
        6,
        7
      ],
      [
        0,
        2,
        3,
        4,
        5,
        6,
        7
      ],
      [
        6
      ],
      [
        0,
        2,
        4,
        5,
        6,
        7
      ],
      [
        2,
        6,
        7
      ],
      [
        0,
        2,
        4,
        6,
        7
      ],
      [],
      [
        2,
        6
      ]
    ],
    "right": [
      [
        1,
        2,
        3,
        4,
        5,
        6,
        7
      ],
      [
        4,
        5,
        7
      ],
      [
        1,
        3,
        4,
        5,
        6,
        7
      ],
      [
        1,
        4,
        5,
        6,
        7
      ],
      [
        5,
        7
      ],
      [],
      [
        1,
        4,
        5,
        7
      ],
      [
        5
      ]
    ]
  },
  "directions": {
    "front": [
      0.754490315914154,
      -0.6563112735748291,
      -0.0
    ],
    "above": [
      0.0,
      0.0,
      1.0
    ],
    "behind": [
      -0.754490315914154,
      0.6563112735748291,
      0.0
    ],
    "below": [
      -0.0,
      -0.0,
      -1.0
    ],
    "right": [
      0.6563112735748291,
      0.7544902563095093,
      -0.0
    ],
    "left": [
      -0.6563112735748291,
      -0.7544902563095093,
      0.0
    ]
  },
  "image_index": 212,
  "image_filename": "CLEVR_new_000212.png",
  "objects": [
    {
      "pixel_coords": [
        93,
        107,
        10.953829765319824
      ],
      "rotation": 183.45086660816892,
      "material": "rubber",
      "size": "medium",
      "shape": "sphere",
      "color": "red",
      "3d_coords": [
        -1.2192490100860596,
        -1.7183021306991577,
        0.5249999761581421
      ]
    },
    {
      "pixel_coords": [
        187,
        166,
        8.39663314819336
      ],
      "rotation": 152.6405506416399,
      "material": "rubber",
      "size": "medium",
      "shape": "cube",
      "color": "red",
      "3d_coords": [
        2.8141427040100098,
        -1.4160147905349731,
        0.5249999761581421
      ]
    },
    {
      "pixel_coords": [
        125,
        76,
        12.643232345581055
      ],
      "rotation": 197.3919933531101,
      "material": "rubber",
      "size": "large",
      "shape": "cube",
      "color": "red",
      "3d_coords": [
        -2.322409152984619,
        0.21057404577732086,
        0.699999988079071
      ]
    },
    {
      "pixel_coords": [
        146,
        126,
        9.985315322875977
      ],
      "rotation": 203.27396076815555,
      "material": "rubber",
      "size": "medium",
      "shape": "cylinder",
      "color": "red",
      "3d_coords": [
        0.7137657403945923,
        -1.0941888093948364,
        0.5249999761581421
      ]
    },
    {
      "pixel_coords": [
        217,
        108,
        11.293208122253418
      ],
      "rotation": 44.41875612783149,
      "material": "rubber",
      "size": "small",
      "shape": "sphere",
      "color": "red",
      "3d_coords": [
        0.9987711906433105,
        1.5370293855667114,
        0.3499999940395355
      ]
    },
    {
      "pixel_coords": [
        257,
        123,
        10.459782600402832
      ],
      "rotation": 212.85438960583934,
      "material": "rubber",
      "size": "small",
      "shape": "sphere",
      "color": "red",
      "3d_coords": [
        2.4286866188049316,
        1.7805864810943604,
        0.3499999940395355
      ]
    },
    {
      "pixel_coords": [
        167,
        59,
        14.069625854492188
      ],
      "rotation": 216.17278860366406,
      "material": "rubber",
      "size": "large",
      "shape": "cube",
      "color": "red",
      "3d_coords": [
        -2.6399316787719727,
        2.4709925651550293,
        0.699999988079071
      ]
    },
    {
      "pixel_coords": [
        234,
        83,
        12.111701965332031
      ],
      "rotation": 263.1846988589118,
      "material": "rubber",
      "size": "large",
      "shape": "sphere",
      "color": "blue",
      "3d_coords": [
        0.561019241809845,
        2.844205617904663,
        0.699999988079071
      ]
    }
  ]
}